--------------------------------------------------------------------------------------------------------
08-30-2026 00:02:39
'.', hexadecimal value 0x00, is an invalid character. Line 69648, position 14.
   at System.Xml.XmlTextReaderImpl.Throw(Exception e)
   at System.Xml.XmlTextReaderImpl.Throw(String res, String[] args)
   at System.Xml.XmlTextReaderImpl.ParseText(Int32& startPos, Int32& endPos, Int32& outOrChars)
   at System.Xml.XmlTextReaderImpl.ParseText()
   at System.Xml.XmlTextReaderImpl.ParseElementContent()
   at System.Xml.XmlTextReaderImpl.Read()
   at System.Xml.XmlLoader.LoadNode(Boolean skipOverWhitespace)
   at System.Xml.XmlLoader.LoadDocSequence(XmlDocument parentDoc)
   at System.Xml.XmlLoader.Load(XmlDocument doc, XmlReader reader, Boolean preserveWhitespace)
   at System.Xml.XmlDocument.Load(XmlReader reader)
   at System.Xml.XmlDocument.Load(String filename)
   at DataAnalyzer.Support.FileManager.WriteInputMessage(InputMessages Message, String FileName) in D:\NEW LIVE PROJECT\Extrnal soures\Extrnal soures\DataAnalyzer\Support\FileManager.cs:line 1102

--------------------------------------------------------------------------------------------------------
08-30-2026 00:03:04
'.', hexadecimal value 0x00, is an invalid character. Line 69648, position 14.
   at System.Xml.XmlTextReaderImpl.Throw(Exception e)
   at System.Xml.XmlTextReaderImpl.Throw(String res, String[] args)
   at System.Xml.XmlTextReaderImpl.ParseText(Int32& startPos, Int32& endPos, Int32& outOrChars)
   at System.Xml.XmlTextReaderImpl.ParseText()
   at System.Xml.XmlTextReaderImpl.ParseElementContent()
   at System.Xml.XmlTextReaderImpl.Read()
   at System.Xml.XmlLoader.LoadNode(Boolean skipOverWhitespace)
   at System.Xml.XmlLoader.LoadDocSequence(XmlDocument parentDoc)
   at System.Xml.XmlLoader.Load(XmlDocument doc, XmlReader reader, Boolean preserveWhitespace)
   at System.Xml.XmlDocument.Load(XmlReader reader)
   at System.Xml.XmlDocument.Load(String filename)
   at DataAnalyzer.Support.FileManager.WriteInputMessage(InputMessages Message, String FileName) in D:\NEW LIVE PROJECT\Extrnal soures\Extrnal soures\DataAnalyzer\Support\FileManager.cs:line 1102

--------------------------------------------------------------------------------------------------------
08-30-2026 00:03:13
'.', hexadecimal value 0x00, is an invalid character. Line 69648, position 14.
   at System.Xml.XmlTextReaderImpl.Throw(Exception e)
   at System.Xml.XmlTextReaderImpl.Throw(String res, String[] args)
   at System.Xml.XmlTextReaderImpl.ParseText(Int32& startPos, Int32& endPos, Int32& outOrChars)
   at System.Xml.XmlTextReaderImpl.ParseText()
   at System.Xml.XmlTextReaderImpl.ParseElementContent()
   at System.Xml.XmlTextReaderImpl.Read()
   at System.Xml.XmlLoader.LoadNode(Boolean skipOverWhitespace)
   at System.Xml.XmlLoader.LoadDocSequence(XmlDocument parentDoc)
   at System.Xml.XmlLoader.Load(XmlDocument doc, XmlReader reader, Boolean preserveWhitespace)
   at System.Xml.XmlDocument.Load(XmlReader reader)
   at System.Xml.XmlDocument.Load(String filename)
   at DataAnalyzer.Support.FileManager.WriteInputMessage(InputMessages Message, String FileName) in D:\NEW LIVE PROJECT\Extrnal soures\Extrnal soures\DataAnalyzer\Support\FileManager.cs:line 1102

--------------------------------------------------------------------------------------------------------
08-30-2026 00:08:38
'.', hexadecimal value 0x00, is an invalid character. Line 69648, position 14.
   at System.Xml.XmlTextReaderImpl.Throw(Exception e)
   at System.Xml.XmlTextReaderImpl.Throw(String res, String[] args)
   at System.Xml.XmlTextReaderImpl.ParseText(Int32& startPos, Int32& endPos, Int32& outOrChars)
   at System.Xml.XmlTextReaderImpl.ParseText()
   at System.Xml.XmlTextReaderImpl.ParseElementContent()
   at System.Xml.XmlTextReaderImpl.Read()
   at System.Xml.XmlLoader.LoadNode(Boolean skipOverWhitespace)
   at System.Xml.XmlLoader.LoadDocSequence(XmlDocument parentDoc)
   at System.Xml.XmlLoader.Load(XmlDocument doc, XmlReader reader, Boolean preserveWhitespace)
   at System.Xml.XmlDocument.Load(XmlReader reader)
   at System.Xml.XmlDocument.Load(String filename)
   at DataAnalyzer.Support.FileManager.WriteInputMessage(InputMessages Message, String FileName) in D:\NEW LIVE PROJECT\Extrnal soures\Extrnal soures\DataAnalyzer\Support\FileManager.cs:line 1102

--------------------------------------------------------------------------------------------------------
08-30-2026 00:08:55
'.', hexadecimal value 0x00, is an invalid character. Line 69648, position 14.
   at System.Xml.XmlTextReaderImpl.Throw(Exception e)
   at System.Xml.XmlTextReaderImpl.Throw(String res, String[] args)
   at System.Xml.XmlTextReaderImpl.ParseText(Int32& startPos, Int32& endPos, Int32& outOrChars)
   at System.Xml.XmlTextReaderImpl.ParseText()
   at System.Xml.XmlTextReaderImpl.ParseElementContent()
   at System.Xml.XmlTextReaderImpl.Read()
   at System.Xml.XmlLoader.LoadNode(Boolean skipOverWhitespace)
   at System.Xml.XmlLoader.LoadDocSequence(XmlDocument parentDoc)
   at System.Xml.XmlLoader.Load(XmlDocument doc, XmlReader reader, Boolean preserveWhitespace)
   at System.Xml.XmlDocument.Load(XmlReader reader)
   at System.Xml.XmlDocument.Load(String filename)
   at DataAnalyzer.Support.FileManager.WriteInputMessage(InputMessages Message, String FileName) in D:\NEW LIVE PROJECT\Extrnal soures\Extrnal soures\DataAnalyzer\Support\FileManager.cs:line 1102

--------------------------------------------------------------------------------------------------------
08-30-2026 00:11:04
'.', hexadecimal value 0x00, is an invalid character. Line 69648, position 14.
   at System.Xml.XmlTextReaderImpl.Throw(Exception e)
   at System.Xml.XmlTextReaderImpl.Throw(String res, String[] args)
   at System.Xml.XmlTextReaderImpl.ParseText(Int32& startPos, Int32& endPos, Int32& outOrChars)
   at System.Xml.XmlTextReaderImpl.ParseText()
   at System.Xml.XmlTextReaderImpl.ParseElementContent()
   at System.Xml.XmlTextReaderImpl.Read()
   at System.Xml.XmlLoader.LoadNode(Boolean skipOverWhitespace)
   at System.Xml.XmlLoader.LoadDocSequence(XmlDocument parentDoc)
   at System.Xml.XmlLoader.Load(XmlDocument doc, XmlReader reader, Boolean preserveWhitespace)
   at System.Xml.XmlDocument.Load(XmlReader reader)
   at System.Xml.XmlDocument.Load(String filename)
   at DataAnalyzer.Support.FileManager.WriteInputMessage(InputMessages Message, String FileName) in D:\NEW LIVE PROJECT\Extrnal soures\Extrnal soures\DataAnalyzer\Support\FileManager.cs:line 1102

--------------------------------------------------------------------------------------------------------
08-30-2026 00:13:20
'.', hexadecimal value 0x00, is an invalid character. Line 69648, position 14.
   at System.Xml.XmlTextReaderImpl.Throw(Exception e)
   at System.Xml.XmlTextReaderImpl.Throw(String res, String[] args)
   at System.Xml.XmlTextReaderImpl.ParseText(Int32& startPos, Int32& endPos, Int32& outOrChars)
   at System.Xml.XmlTextReaderImpl.ParseText()
   at System.Xml.XmlTextReaderImpl.ParseElementContent()
   at System.Xml.XmlTextReaderImpl.Read()
   at System.Xml.XmlLoader.LoadNode(Boolean skipOverWhitespace)
   at System.Xml.XmlLoader.LoadDocSequence(XmlDocument parentDoc)
   at System.Xml.XmlLoader.Load(XmlDocument doc, XmlReader reader, Boolean preserveWhitespace)
   at System.Xml.XmlDocument.Load(XmlReader reader)
   at System.Xml.XmlDocument.Load(String filename)
   at DataAnalyzer.Support.FileManager.WriteInputMessage(InputMessages Message, String FileName) in D:\NEW LIVE PROJECT\Extrnal soures\Extrnal soures\DataAnalyzer\Support\FileManager.cs:line 1102

--------------------------------------------------------------------------------------------------------
08-30-2026 00:13:37
'.', hexadecimal value 0x00, is an invalid character. Line 69648, position 14.
   at System.Xml.XmlTextReaderImpl.Throw(Exception e)
   at System.Xml.XmlTextReaderImpl.Throw(String res, String[] args)
   at System.Xml.XmlTextReaderImpl.ParseText(Int32& startPos, Int32& endPos, Int32& outOrChars)
   at System.Xml.XmlTextReaderImpl.ParseText()
   at System.Xml.XmlTextReaderImpl.ParseElementContent()
   at System.Xml.XmlTextReaderImpl.Read()
   at System.Xml.XmlLoader.LoadNode(Boolean skipOverWhitespace)
   at System.Xml.XmlLoader.LoadDocSequence(XmlDocument parentDoc)
   at System.Xml.XmlLoader.Load(XmlDocument doc, XmlReader reader, Boolean preserveWhitespace)
   at System.Xml.XmlDocument.Load(XmlReader reader)
   at System.Xml.XmlDocument.Load(String filename)
   at DataAnalyzer.Support.FileManager.WriteInputMessage(InputMessages Message, String FileName) in D:\NEW LIVE PROJECT\Extrnal soures\Extrnal soures\DataAnalyzer\Support\FileManager.cs:line 1102

--------------------------------------------------------------------------------------------------------
08-30-2026 00:13:54
'.', hexadecimal value 0x00, is an invalid character. Line 69648, position 14.
   at System.Xml.XmlTextReaderImpl.Throw(Exception e)
   at System.Xml.XmlTextReaderImpl.Throw(String res, String[] args)
   at System.Xml.XmlTextReaderImpl.ParseText(Int32& startPos, Int32& endPos, Int32& outOrChars)
   at System.Xml.XmlTextReaderImpl.ParseText()
   at System.Xml.XmlTextReaderImpl.ParseElementContent()
   at System.Xml.XmlTextReaderImpl.Read()
   at System.Xml.XmlLoader.LoadNode(Boolean skipOverWhitespace)
   at System.Xml.XmlLoader.LoadDocSequence(XmlDocument parentDoc)
   at System.Xml.XmlLoader.Load(XmlDocument doc, XmlReader reader, Boolean preserveWhitespace)
   at System.Xml.XmlDocument.Load(XmlReader reader)
   at System.Xml.XmlDocument.Load(String filename)
   at DataAnalyzer.Support.FileManager.WriteInputMessage(InputMessages Message, String FileName) in D:\NEW LIVE PROJECT\Extrnal soures\Extrnal soures\DataAnalyzer\Support\FileManager.cs:line 1102

--------------------------------------------------------------------------------------------------------
08-30-2026 01:07:13
'.', hexadecimal value 0x00, is an invalid character. Line 69648, position 14.
   at System.Xml.XmlTextReaderImpl.Throw(Exception e)
   at System.Xml.XmlTextReaderImpl.Throw(String res, String[] args)
   at System.Xml.XmlTextReaderImpl.ParseText(Int32& startPos, Int32& endPos, Int32& outOrChars)
   at System.Xml.XmlTextReaderImpl.ParseText()
   at System.Xml.XmlTextReaderImpl.ParseElementContent()
   at System.Xml.XmlTextReaderImpl.Read()
   at System.Xml.XmlLoader.LoadNode(Boolean skipOverWhitespace)
   at System.Xml.XmlLoader.LoadDocSequence(XmlDocument parentDoc)
   at System.Xml.XmlLoader.Load(XmlDocument doc, XmlReader reader, Boolean preserveWhitespace)
   at System.Xml.XmlDocument.Load(XmlReader reader)
   at System.Xml.XmlDocument.Load(String filename)
   at DataAnalyzer.Support.FileManager.WriteInputMessage(InputMessages Message, String FileName) in D:\NEW LIVE PROJECT\Extrnal soures\Extrnal soures\DataAnalyzer\Support\FileManager.cs:line 1102

--------------------------------------------------------------------------------------------------------
08-30-2026 01:07:38
'.', hexadecimal value 0x00, is an invalid character. Line 69648, position 14.
   at System.Xml.XmlTextReaderImpl.Throw(Exception e)
   at System.Xml.XmlTextReaderImpl.Throw(String res, String[] args)
   at System.Xml.XmlTextReaderImpl.ParseText(Int32& startPos, Int32& endPos, Int32& outOrChars)
   at System.Xml.XmlTextReaderImpl.ParseText()
   at System.Xml.XmlTextReaderImpl.ParseElementContent()
   at System.Xml.XmlTextReaderImpl.Read()
   at System.Xml.XmlLoader.LoadNode(Boolean skipOverWhitespace)
   at System.Xml.XmlLoader.LoadDocSequence(XmlDocument parentDoc)
   at System.Xml.XmlLoader.Load(XmlDocument doc, XmlReader reader, Boolean preserveWhitespace)
   at System.Xml.XmlDocument.Load(XmlReader reader)
   at System.Xml.XmlDocument.Load(String filename)
   at DataAnalyzer.Support.FileManager.WriteInputMessage(InputMessages Message, String FileName) in D:\NEW LIVE PROJECT\Extrnal soures\Extrnal soures\DataAnalyzer\Support\FileManager.cs:line 1102

--------------------------------------------------------------------------------------------------------
08-30-2026 01:07:56
'.', hexadecimal value 0x00, is an invalid character. Line 69648, position 14.
   at System.Xml.XmlTextReaderImpl.Throw(Exception e)
   at System.Xml.XmlTextReaderImpl.Throw(String res, String[] args)
   at System.Xml.XmlTextReaderImpl.ParseText(Int32& startPos, Int32& endPos, Int32& outOrChars)
   at System.Xml.XmlTextReaderImpl.ParseText()
   at System.Xml.XmlTextReaderImpl.ParseElementContent()
   at System.Xml.XmlTextReaderImpl.Read()
   at System.Xml.XmlLoader.LoadNode(Boolean skipOverWhitespace)
   at System.Xml.XmlLoader.LoadDocSequence(XmlDocument parentDoc)
   at System.Xml.XmlLoader.Load(XmlDocument doc, XmlReader reader, Boolean preserveWhitespace)
   at System.Xml.XmlDocument.Load(XmlReader reader)
   at System.Xml.XmlDocument.Load(String filename)
   at DataAnalyzer.Support.FileManager.WriteInputMessage(InputMessages Message, String FileName) in D:\NEW LIVE PROJECT\Extrnal soures\Extrnal soures\DataAnalyzer\Support\FileManager.cs:line 1102

--------------------------------------------------------------------------------------------------------
08-30-2026 01:09:38
'.', hexadecimal value 0x00, is an invalid character. Line 69648, position 14.
   at System.Xml.XmlTextReaderImpl.Throw(Exception e)
   at System.Xml.XmlTextReaderImpl.Throw(String res, String[] args)
   at System.Xml.XmlTextReaderImpl.ParseText(Int32& startPos, Int32& endPos, Int32& outOrChars)
   at System.Xml.XmlTextReaderImpl.ParseText()
   at System.Xml.XmlTextReaderImpl.ParseElementContent()
   at System.Xml.XmlTextReaderImpl.Read()
   at System.Xml.XmlLoader.LoadNode(Boolean skipOverWhitespace)
   at System.Xml.XmlLoader.LoadDocSequence(XmlDocument parentDoc)
   at System.Xml.XmlLoader.Load(XmlDocument doc, XmlReader reader, Boolean preserveWhitespace)
   at System.Xml.XmlDocument.Load(XmlReader reader)
   at System.Xml.XmlDocument.Load(String filename)
   at DataAnalyzer.Support.FileManager.WriteInputMessage(InputMessages Message, String FileName) in D:\NEW LIVE PROJECT\Extrnal soures\Extrnal soures\DataAnalyzer\Support\FileManager.cs:line 1102

--------------------------------------------------------------------------------------------------------
08-30-2026 01:11:47
'.', hexadecimal value 0x00, is an invalid character. Line 69648, position 14.
   at System.Xml.XmlTextReaderImpl.Throw(Exception e)
   at System.Xml.XmlTextReaderImpl.Throw(String res, String[] args)
   at System.Xml.XmlTextReaderImpl.ParseText(Int32& startPos, Int32& endPos, Int32& outOrChars)
   at System.Xml.XmlTextReaderImpl.ParseText()
   at System.Xml.XmlTextReaderImpl.ParseElementContent()
   at System.Xml.XmlTextReaderImpl.Read()
   at System.Xml.XmlLoader.LoadNode(Boolean skipOverWhitespace)
   at System.Xml.XmlLoader.LoadDocSequence(XmlDocument parentDoc)
   at System.Xml.XmlLoader.Load(XmlDocument doc, XmlReader reader, Boolean preserveWhitespace)
   at System.Xml.XmlDocument.Load(XmlReader reader)
   at System.Xml.XmlDocument.Load(String filename)
   at DataAnalyzer.Support.FileManager.WriteInputMessage(InputMessages Message, String FileName) in D:\NEW LIVE PROJECT\Extrnal soures\Extrnal soures\DataAnalyzer\Support\FileManager.cs:line 1102

--------------------------------------------------------------------------------------------------------
08-30-2026 01:14:04
'.', hexadecimal value 0x00, is an invalid character. Line 69648, position 14.
   at System.Xml.XmlTextReaderImpl.Throw(Exception e)
   at System.Xml.XmlTextReaderImpl.Throw(String res, String[] args)
   at System.Xml.XmlTextReaderImpl.ParseText(Int32& startPos, Int32& endPos, Int32& outOrChars)
   at System.Xml.XmlTextReaderImpl.ParseText()
   at System.Xml.XmlTextReaderImpl.ParseElementContent()
   at System.Xml.XmlTextReaderImpl.Read()
   at System.Xml.XmlLoader.LoadNode(Boolean skipOverWhitespace)
   at System.Xml.XmlLoader.LoadDocSequence(XmlDocument parentDoc)
   at System.Xml.XmlLoader.Load(XmlDocument doc, XmlReader reader, Boolean preserveWhitespace)
   at System.Xml.XmlDocument.Load(XmlReader reader)
   at System.Xml.XmlDocument.Load(String filename)
   at DataAnalyzer.Support.FileManager.WriteInputMessage(InputMessages Message, String FileName) in D:\NEW LIVE PROJECT\Extrnal soures\Extrnal soures\DataAnalyzer\Support\FileManager.cs:line 1102

--------------------------------------------------------------------------------------------------------
08-30-2026 01:14:29
'.', hexadecimal value 0x00, is an invalid character. Line 69648, position 14.
   at System.Xml.XmlTextReaderImpl.Throw(Exception e)
   at System.Xml.XmlTextReaderImpl.Throw(String res, String[] args)
   at System.Xml.XmlTextReaderImpl.ParseText(Int32& startPos, Int32& endPos, Int32& outOrChars)
   at System.Xml.XmlTextReaderImpl.ParseText()
   at System.Xml.XmlTextReaderImpl.ParseElementContent()
   at System.Xml.XmlTextReaderImpl.Read()
   at System.Xml.XmlLoader.LoadNode(Boolean skipOverWhitespace)
   at System.Xml.XmlLoader.LoadDocSequence(XmlDocument parentDoc)
   at System.Xml.XmlLoader.Load(XmlDocument doc, XmlReader reader, Boolean preserveWhitespace)
   at System.Xml.XmlDocument.Load(XmlReader reader)
   at System.Xml.XmlDocument.Load(String filename)
   at DataAnalyzer.Support.FileManager.WriteInputMessage(InputMessages Message, String FileName) in D:\NEW LIVE PROJECT\Extrnal soures\Extrnal soures\DataAnalyzer\Support\FileManager.cs:line 1102

--------------------------------------------------------------------------------------------------------
08-30-2026 01:16:55
'.', hexadecimal value 0x00, is an invalid character. Line 69648, position 14.
   at System.Xml.XmlTextReaderImpl.Throw(Exception e)
   at System.Xml.XmlTextReaderImpl.Throw(String res, String[] args)
   at System.Xml.XmlTextReaderImpl.ParseText(Int32& startPos, Int32& endPos, Int32& outOrChars)
   at System.Xml.XmlTextReaderImpl.ParseText()
   at System.Xml.XmlTextReaderImpl.ParseElementContent()
   at System.Xml.XmlTextReaderImpl.Read()
   at System.Xml.XmlLoader.LoadNode(Boolean skipOverWhitespace)
   at System.Xml.XmlLoader.LoadDocSequence(XmlDocument parentDoc)
   at System.Xml.XmlLoader.Load(XmlDocument doc, XmlReader reader, Boolean preserveWhitespace)
   at System.Xml.XmlDocument.Load(XmlReader reader)
   at System.Xml.XmlDocument.Load(String filename)
   at DataAnalyzer.Support.FileManager.WriteInputMessage(InputMessages Message, String FileName) in D:\NEW LIVE PROJECT\Extrnal soures\Extrnal soures\DataAnalyzer\Support\FileManager.cs:line 1102

--------------------------------------------------------------------------------------------------------
08-30-2026 01:19:20
'.', hexadecimal value 0x00, is an invalid character. Line 69648, position 14.
   at System.Xml.XmlTextReaderImpl.Throw(Exception e)
   at System.Xml.XmlTextReaderImpl.Throw(String res, String[] args)
   at System.Xml.XmlTextReaderImpl.ParseText(Int32& startPos, Int32& endPos, Int32& outOrChars)
   at System.Xml.XmlTextReaderImpl.ParseText()
   at System.Xml.XmlTextReaderImpl.ParseElementContent()
   at System.Xml.XmlTextReaderImpl.Read()
   at System.Xml.XmlLoader.LoadNode(Boolean skipOverWhitespace)
   at System.Xml.XmlLoader.LoadDocSequence(XmlDocument parentDoc)
   at System.Xml.XmlLoader.Load(XmlDocument doc, XmlReader reader, Boolean preserveWhitespace)
   at System.Xml.XmlDocument.Load(XmlReader reader)
   at System.Xml.XmlDocument.Load(String filename)
   at DataAnalyzer.Support.FileManager.WriteInputMessage(InputMessages Message, String FileName) in D:\NEW LIVE PROJECT\Extrnal soures\Extrnal soures\DataAnalyzer\Support\FileManager.cs:line 1102

--------------------------------------------------------------------------------------------------------
08-30-2026 01:21:54
'.', hexadecimal value 0x00, is an invalid character. Line 69648, position 14.
   at System.Xml.XmlTextReaderImpl.Throw(Exception e)
   at System.Xml.XmlTextReaderImpl.Throw(String res, String[] args)
   at System.Xml.XmlTextReaderImpl.ParseText(Int32& startPos, Int32& endPos, Int32& outOrChars)
   at System.Xml.XmlTextReaderImpl.ParseText()
   at System.Xml.XmlTextReaderImpl.ParseElementContent()
   at System.Xml.XmlTextReaderImpl.Read()
   at System.Xml.XmlLoader.LoadNode(Boolean skipOverWhitespace)
   at System.Xml.XmlLoader.LoadDocSequence(XmlDocument parentDoc)
   at System.Xml.XmlLoader.Load(XmlDocument doc, XmlReader reader, Boolean preserveWhitespace)
   at System.Xml.XmlDocument.Load(XmlReader reader)
   at System.Xml.XmlDocument.Load(String filename)
   at DataAnalyzer.Support.FileManager.WriteInputMessage(InputMessages Message, String FileName) in D:\NEW LIVE PROJECT\Extrnal soures\Extrnal soures\DataAnalyzer\Support\FileManager.cs:line 1102

--------------------------------------------------------------------------------------------------------
08-30-2026 01:46:06
'.', hexadecimal value 0x00, is an invalid character. Line 69648, position 14.
   at System.Xml.XmlTextReaderImpl.Throw(Exception e)
   at System.Xml.XmlTextReaderImpl.Throw(String res, String[] args)
   at System.Xml.XmlTextReaderImpl.ParseText(Int32& startPos, Int32& endPos, Int32& outOrChars)
   at System.Xml.XmlTextReaderImpl.ParseText()
   at System.Xml.XmlTextReaderImpl.ParseElementContent()
   at System.Xml.XmlTextReaderImpl.Read()
   at System.Xml.XmlLoader.LoadNode(Boolean skipOverWhitespace)
   at System.Xml.XmlLoader.LoadDocSequence(XmlDocument parentDoc)
   at System.Xml.XmlLoader.Load(XmlDocument doc, XmlReader reader, Boolean preserveWhitespace)
   at System.Xml.XmlDocument.Load(XmlReader reader)
   at System.Xml.XmlDocument.Load(String filename)
   at DataAnalyzer.Support.FileManager.WriteInputMessage(InputMessages Message, String FileName) in D:\NEW LIVE PROJECT\Extrnal soures\Extrnal soures\DataAnalyzer\Support\FileManager.cs:line 1102

--------------------------------------------------------------------------------------------------------
08-30-2026 01:47:06
'.', hexadecimal value 0x00, is an invalid character. Line 69648, position 14.
   at System.Xml.XmlTextReaderImpl.Throw(Exception e)
   at System.Xml.XmlTextReaderImpl.Throw(String res, String[] args)
   at System.Xml.XmlTextReaderImpl.ParseText(Int32& startPos, Int32& endPos, Int32& outOrChars)
   at System.Xml.XmlTextReaderImpl.ParseText()
   at System.Xml.XmlTextReaderImpl.ParseElementContent()
   at System.Xml.XmlTextReaderImpl.Read()
   at System.Xml.XmlLoader.LoadNode(Boolean skipOverWhitespace)
   at System.Xml.XmlLoader.LoadDocSequence(XmlDocument parentDoc)
   at System.Xml.XmlLoader.Load(XmlDocument doc, XmlReader reader, Boolean preserveWhitespace)
   at System.Xml.XmlDocument.Load(XmlReader reader)
   at System.Xml.XmlDocument.Load(String filename)
   at DataAnalyzer.Support.FileManager.WriteInputMessage(InputMessages Message, String FileName) in D:\NEW LIVE PROJECT\Extrnal soures\Extrnal soures\DataAnalyzer\Support\FileManager.cs:line 1102

--------------------------------------------------------------------------------------------------------
08-30-2026 01:51:05
'.', hexadecimal value 0x00, is an invalid character. Line 69648, position 14.
   at System.Xml.XmlTextReaderImpl.Throw(Exception e)
   at System.Xml.XmlTextReaderImpl.Throw(String res, String[] args)
   at System.Xml.XmlTextReaderImpl.ParseText(Int32& startPos, Int32& endPos, Int32& outOrChars)
   at System.Xml.XmlTextReaderImpl.ParseText()
   at System.Xml.XmlTextReaderImpl.ParseElementContent()
   at System.Xml.XmlTextReaderImpl.Read()
   at System.Xml.XmlLoader.LoadNode(Boolean skipOverWhitespace)
   at System.Xml.XmlLoader.LoadDocSequence(XmlDocument parentDoc)
   at System.Xml.XmlLoader.Load(XmlDocument doc, XmlReader reader, Boolean preserveWhitespace)
   at System.Xml.XmlDocument.Load(XmlReader reader)
   at System.Xml.XmlDocument.Load(String filename)
   at DataAnalyzer.Support.FileManager.WriteInputMessage(InputMessages Message, String FileName) in D:\NEW LIVE PROJECT\Extrnal soures\Extrnal soures\DataAnalyzer\Support\FileManager.cs:line 1102

--------------------------------------------------------------------------------------------------------
08-30-2026 01:55:17
'.', hexadecimal value 0x00, is an invalid character. Line 69648, position 14.
   at System.Xml.XmlTextReaderImpl.Throw(Exception e)
   at System.Xml.XmlTextReaderImpl.Throw(String res, String[] args)
   at System.Xml.XmlTextReaderImpl.ParseText(Int32& startPos, Int32& endPos, Int32& outOrChars)
   at System.Xml.XmlTextReaderImpl.ParseText()
   at System.Xml.XmlTextReaderImpl.ParseElementContent()
   at System.Xml.XmlTextReaderImpl.Read()
   at System.Xml.XmlLoader.LoadNode(Boolean skipOverWhitespace)
   at System.Xml.XmlLoader.LoadDocSequence(XmlDocument parentDoc)
   at System.Xml.XmlLoader.Load(XmlDocument doc, XmlReader reader, Boolean preserveWhitespace)
   at System.Xml.XmlDocument.Load(XmlReader reader)
   at System.Xml.XmlDocument.Load(String filename)
   at DataAnalyzer.Support.FileManager.WriteInputMessage(InputMessages Message, String FileName) in D:\NEW LIVE PROJECT\Extrnal soures\Extrnal soures\DataAnalyzer\Support\FileManager.cs:line 1102

--------------------------------------------------------------------------------------------------------
08-30-2026 01:55:47
'.', hexadecimal value 0x00, is an invalid character. Line 69648, position 14.
   at System.Xml.XmlTextReaderImpl.Throw(Exception e)
   at System.Xml.XmlTextReaderImpl.Throw(String res, String[] args)
   at System.Xml.XmlTextReaderImpl.ParseText(Int32& startPos, Int32& endPos, Int32& outOrChars)
   at System.Xml.XmlTextReaderImpl.ParseText()
   at System.Xml.XmlTextReaderImpl.ParseElementContent()
   at System.Xml.XmlTextReaderImpl.Read()
   at System.Xml.XmlLoader.LoadNode(Boolean skipOverWhitespace)
   at System.Xml.XmlLoader.LoadDocSequence(XmlDocument parentDoc)
   at System.Xml.XmlLoader.Load(XmlDocument doc, XmlReader reader, Boolean preserveWhitespace)
   at System.Xml.XmlDocument.Load(XmlReader reader)
   at System.Xml.XmlDocument.Load(String filename)
   at DataAnalyzer.Support.FileManager.WriteInputMessage(InputMessages Message, String FileName) in D:\NEW LIVE PROJECT\Extrnal soures\Extrnal soures\DataAnalyzer\Support\FileManager.cs:line 1102

--------------------------------------------------------------------------------------------------------
08-30-2026 02:06:46
'.', hexadecimal value 0x00, is an invalid character. Line 69648, position 14.
   at System.Xml.XmlTextReaderImpl.Throw(Exception e)
   at System.Xml.XmlTextReaderImpl.Throw(String res, String[] args)
   at System.Xml.XmlTextReaderImpl.ParseText(Int32& startPos, Int32& endPos, Int32& outOrChars)
   at System.Xml.XmlTextReaderImpl.ParseText()
   at System.Xml.XmlTextReaderImpl.ParseElementContent()
   at System.Xml.XmlTextReaderImpl.Read()
   at System.Xml.XmlLoader.LoadNode(Boolean skipOverWhitespace)
   at System.Xml.XmlLoader.LoadDocSequence(XmlDocument parentDoc)
   at System.Xml.XmlLoader.Load(XmlDocument doc, XmlReader reader, Boolean preserveWhitespace)
   at System.Xml.XmlDocument.Load(XmlReader reader)
   at System.Xml.XmlDocument.Load(String filename)
   at DataAnalyzer.Support.FileManager.WriteInputMessage(InputMessages Message, String FileName) in D:\NEW LIVE PROJECT\Extrnal soures\Extrnal soures\DataAnalyzer\Support\FileManager.cs:line 1102

--------------------------------------------------------------------------------------------------------
08-30-2026 02:07:20
'.', hexadecimal value 0x00, is an invalid character. Line 69648, position 14.
   at System.Xml.XmlTextReaderImpl.Throw(Exception e)
   at System.Xml.XmlTextReaderImpl.Throw(String res, String[] args)
   at System.Xml.XmlTextReaderImpl.ParseText(Int32& startPos, Int32& endPos, Int32& outOrChars)
   at System.Xml.XmlTextReaderImpl.ParseText()
   at System.Xml.XmlTextReaderImpl.ParseElementContent()
   at System.Xml.XmlTextReaderImpl.Read()
   at System.Xml.XmlLoader.LoadNode(Boolean skipOverWhitespace)
   at System.Xml.XmlLoader.LoadDocSequence(XmlDocument parentDoc)
   at System.Xml.XmlLoader.Load(XmlDocument doc, XmlReader reader, Boolean preserveWhitespace)
   at System.Xml.XmlDocument.Load(XmlReader reader)
   at System.Xml.XmlDocument.Load(String filename)
   at DataAnalyzer.Support.FileManager.WriteInputMessage(InputMessages Message, String FileName) in D:\NEW LIVE PROJECT\Extrnal soures\Extrnal soures\DataAnalyzer\Support\FileManager.cs:line 1102

--------------------------------------------------------------------------------------------------------
08-30-2026 02:09:46
'.', hexadecimal value 0x00, is an invalid character. Line 69648, position 14.
   at System.Xml.XmlTextReaderImpl.Throw(Exception e)
   at System.Xml.XmlTextReaderImpl.Throw(String res, String[] args)
   at System.Xml.XmlTextReaderImpl.ParseText(Int32& startPos, Int32& endPos, Int32& outOrChars)
   at System.Xml.XmlTextReaderImpl.ParseText()
   at System.Xml.XmlTextReaderImpl.ParseElementContent()
   at System.Xml.XmlTextReaderImpl.Read()
   at System.Xml.XmlLoader.LoadNode(Boolean skipOverWhitespace)
   at System.Xml.XmlLoader.LoadDocSequence(XmlDocument parentDoc)
   at System.Xml.XmlLoader.Load(XmlDocument doc, XmlReader reader, Boolean preserveWhitespace)
   at System.Xml.XmlDocument.Load(XmlReader reader)
   at System.Xml.XmlDocument.Load(String filename)
   at DataAnalyzer.Support.FileManager.WriteInputMessage(InputMessages Message, String FileName) in D:\NEW LIVE PROJECT\Extrnal soures\Extrnal soures\DataAnalyzer\Support\FileManager.cs:line 1102

--------------------------------------------------------------------------------------------------------
08-30-2026 02:11:20
'.', hexadecimal value 0x00, is an invalid character. Line 69648, position 14.
   at System.Xml.XmlTextReaderImpl.Throw(Exception e)
   at System.Xml.XmlTextReaderImpl.Throw(String res, String[] args)
   at System.Xml.XmlTextReaderImpl.ParseText(Int32& startPos, Int32& endPos, Int32& outOrChars)
   at System.Xml.XmlTextReaderImpl.ParseText()
   at System.Xml.XmlTextReaderImpl.ParseElementContent()
   at System.Xml.XmlTextReaderImpl.Read()
   at System.Xml.XmlLoader.LoadNode(Boolean skipOverWhitespace)
   at System.Xml.XmlLoader.LoadDocSequence(XmlDocument parentDoc)
   at System.Xml.XmlLoader.Load(XmlDocument doc, XmlReader reader, Boolean preserveWhitespace)
   at System.Xml.XmlDocument.Load(XmlReader reader)
   at System.Xml.XmlDocument.Load(String filename)
   at DataAnalyzer.Support.FileManager.WriteInputMessage(InputMessages Message, String FileName) in D:\NEW LIVE PROJECT\Extrnal soures\Extrnal soures\DataAnalyzer\Support\FileManager.cs:line 1102

--------------------------------------------------------------------------------------------------------
08-30-2026 02:12:46
'.', hexadecimal value 0x00, is an invalid character. Line 69648, position 14.
   at System.Xml.XmlTextReaderImpl.Throw(Exception e)
   at System.Xml.XmlTextReaderImpl.Throw(String res, String[] args)
   at System.Xml.XmlTextReaderImpl.ParseText(Int32& startPos, Int32& endPos, Int32& outOrChars)
   at System.Xml.XmlTextReaderImpl.ParseText()
   at System.Xml.XmlTextReaderImpl.ParseElementContent()
   at System.Xml.XmlTextReaderImpl.Read()
   at System.Xml.XmlLoader.LoadNode(Boolean skipOverWhitespace)
   at System.Xml.XmlLoader.LoadDocSequence(XmlDocument parentDoc)
   at System.Xml.XmlLoader.Load(XmlDocument doc, XmlReader reader, Boolean preserveWhitespace)
   at System.Xml.XmlDocument.Load(XmlReader reader)
   at System.Xml.XmlDocument.Load(String filename)
   at DataAnalyzer.Support.FileManager.WriteInputMessage(InputMessages Message, String FileName) in D:\NEW LIVE PROJECT\Extrnal soures\Extrnal soures\DataAnalyzer\Support\FileManager.cs:line 1102

--------------------------------------------------------------------------------------------------------
08-30-2026 02:18:02
'.', hexadecimal value 0x00, is an invalid character. Line 69648, position 14.
   at System.Xml.XmlTextReaderImpl.Throw(Exception e)
   at System.Xml.XmlTextReaderImpl.Throw(String res, String[] args)
   at System.Xml.XmlTextReaderImpl.ParseText(Int32& startPos, Int32& endPos, Int32& outOrChars)
   at System.Xml.XmlTextReaderImpl.ParseText()
   at System.Xml.XmlTextReaderImpl.ParseElementContent()
   at System.Xml.XmlTextReaderImpl.Read()
   at System.Xml.XmlLoader.LoadNode(Boolean skipOverWhitespace)
   at System.Xml.XmlLoader.LoadDocSequence(XmlDocument parentDoc)
   at System.Xml.XmlLoader.Load(XmlDocument doc, XmlReader reader, Boolean preserveWhitespace)
   at System.Xml.XmlDocument.Load(XmlReader reader)
   at System.Xml.XmlDocument.Load(String filename)
   at DataAnalyzer.Support.FileManager.WriteInputMessage(InputMessages Message, String FileName) in D:\NEW LIVE PROJECT\Extrnal soures\Extrnal soures\DataAnalyzer\Support\FileManager.cs:line 1102

--------------------------------------------------------------------------------------------------------
08-30-2026 02:22:27
'.', hexadecimal value 0x00, is an invalid character. Line 69648, position 14.
   at System.Xml.XmlTextReaderImpl.Throw(Exception e)
   at System.Xml.XmlTextReaderImpl.Throw(String res, String[] args)
   at System.Xml.XmlTextReaderImpl.ParseText(Int32& startPos, Int32& endPos, Int32& outOrChars)
   at System.Xml.XmlTextReaderImpl.ParseText()
   at System.Xml.XmlTextReaderImpl.ParseElementContent()
   at System.Xml.XmlTextReaderImpl.Read()
   at System.Xml.XmlLoader.LoadNode(Boolean skipOverWhitespace)
   at System.Xml.XmlLoader.LoadDocSequence(XmlDocument parentDoc)
   at System.Xml.XmlLoader.Load(XmlDocument doc, XmlReader reader, Boolean preserveWhitespace)
   at System.Xml.XmlDocument.Load(XmlReader reader)
   at System.Xml.XmlDocument.Load(String filename)
   at DataAnalyzer.Support.FileManager.WriteInputMessage(InputMessages Message, String FileName) in D:\NEW LIVE PROJECT\Extrnal soures\Extrnal soures\DataAnalyzer\Support\FileManager.cs:line 1102

--------------------------------------------------------------------------------------------------------
08-30-2026 02:23:10
'.', hexadecimal value 0x00, is an invalid character. Line 69648, position 14.
   at System.Xml.XmlTextReaderImpl.Throw(Exception e)
   at System.Xml.XmlTextReaderImpl.Throw(String res, String[] args)
   at System.Xml.XmlTextReaderImpl.ParseText(Int32& startPos, Int32& endPos, Int32& outOrChars)
   at System.Xml.XmlTextReaderImpl.ParseText()
   at System.Xml.XmlTextReaderImpl.ParseElementContent()
   at System.Xml.XmlTextReaderImpl.Read()
   at System.Xml.XmlLoader.LoadNode(Boolean skipOverWhitespace)
   at System.Xml.XmlLoader.LoadDocSequence(XmlDocument parentDoc)
   at System.Xml.XmlLoader.Load(XmlDocument doc, XmlReader reader, Boolean preserveWhitespace)
   at System.Xml.XmlDocument.Load(XmlReader reader)
   at System.Xml.XmlDocument.Load(String filename)
   at DataAnalyzer.Support.FileManager.WriteInputMessage(InputMessages Message, String FileName) in D:\NEW LIVE PROJECT\Extrnal soures\Extrnal soures\DataAnalyzer\Support\FileManager.cs:line 1102

--------------------------------------------------------------------------------------------------------
08-30-2026 02:23:35
'.', hexadecimal value 0x00, is an invalid character. Line 69648, position 14.
   at System.Xml.XmlTextReaderImpl.Throw(Exception e)
   at System.Xml.XmlTextReaderImpl.Throw(String res, String[] args)
   at System.Xml.XmlTextReaderImpl.ParseText(Int32& startPos, Int32& endPos, Int32& outOrChars)
   at System.Xml.XmlTextReaderImpl.ParseText()
   at System.Xml.XmlTextReaderImpl.ParseElementContent()
   at System.Xml.XmlTextReaderImpl.Read()
   at System.Xml.XmlLoader.LoadNode(Boolean skipOverWhitespace)
   at System.Xml.XmlLoader.LoadDocSequence(XmlDocument parentDoc)
   at System.Xml.XmlLoader.Load(XmlDocument doc, XmlReader reader, Boolean preserveWhitespace)
   at System.Xml.XmlDocument.Load(XmlReader reader)
   at System.Xml.XmlDocument.Load(String filename)
   at DataAnalyzer.Support.FileManager.WriteInputMessage(InputMessages Message, String FileName) in D:\NEW LIVE PROJECT\Extrnal soures\Extrnal soures\DataAnalyzer\Support\FileManager.cs:line 1102

--------------------------------------------------------------------------------------------------------
08-30-2026 02:23:52
'.', hexadecimal value 0x00, is an invalid character. Line 69648, position 14.
   at System.Xml.XmlTextReaderImpl.Throw(Exception e)
   at System.Xml.XmlTextReaderImpl.Throw(String res, String[] args)
   at System.Xml.XmlTextReaderImpl.ParseText(Int32& startPos, Int32& endPos, Int32& outOrChars)
   at System.Xml.XmlTextReaderImpl.ParseText()
   at System.Xml.XmlTextReaderImpl.ParseElementContent()
   at System.Xml.XmlTextReaderImpl.Read()
   at System.Xml.XmlLoader.LoadNode(Boolean skipOverWhitespace)
   at System.Xml.XmlLoader.LoadDocSequence(XmlDocument parentDoc)
   at System.Xml.XmlLoader.Load(XmlDocument doc, XmlReader reader, Boolean preserveWhitespace)
   at System.Xml.XmlDocument.Load(XmlReader reader)
   at System.Xml.XmlDocument.Load(String filename)
   at DataAnalyzer.Support.FileManager.WriteInputMessage(InputMessages Message, String FileName) in D:\NEW LIVE PROJECT\Extrnal soures\Extrnal soures\DataAnalyzer\Support\FileManager.cs:line 1102

--------------------------------------------------------------------------------------------------------
08-30-2026 02:24:09
'.', hexadecimal value 0x00, is an invalid character. Line 69648, position 14.
   at System.Xml.XmlTextReaderImpl.Throw(Exception e)
   at System.Xml.XmlTextReaderImpl.Throw(String res, String[] args)
   at System.Xml.XmlTextReaderImpl.ParseText(Int32& startPos, Int32& endPos, Int32& outOrChars)
   at System.Xml.XmlTextReaderImpl.ParseText()
   at System.Xml.XmlTextReaderImpl.ParseElementContent()
   at System.Xml.XmlTextReaderImpl.Read()
   at System.Xml.XmlLoader.LoadNode(Boolean skipOverWhitespace)
   at System.Xml.XmlLoader.LoadDocSequence(XmlDocument parentDoc)
   at System.Xml.XmlLoader.Load(XmlDocument doc, XmlReader reader, Boolean preserveWhitespace)
   at System.Xml.XmlDocument.Load(XmlReader reader)
   at System.Xml.XmlDocument.Load(String filename)
   at DataAnalyzer.Support.FileManager.WriteInputMessage(InputMessages Message, String FileName) in D:\NEW LIVE PROJECT\Extrnal soures\Extrnal soures\DataAnalyzer\Support\FileManager.cs:line 1102

--------------------------------------------------------------------------------------------------------
08-30-2026 04:11:05
'.', hexadecimal value 0x00, is an invalid character. Line 69648, position 14.
   at System.Xml.XmlTextReaderImpl.Throw(Exception e)
   at System.Xml.XmlTextReaderImpl.Throw(String res, String[] args)
   at System.Xml.XmlTextReaderImpl.ParseText(Int32& startPos, Int32& endPos, Int32& outOrChars)
   at System.Xml.XmlTextReaderImpl.ParseText()
   at System.Xml.XmlTextReaderImpl.ParseElementContent()
   at System.Xml.XmlTextReaderImpl.Read()
   at System.Xml.XmlLoader.LoadNode(Boolean skipOverWhitespace)
   at System.Xml.XmlLoader.LoadDocSequence(XmlDocument parentDoc)
   at System.Xml.XmlLoader.Load(XmlDocument doc, XmlReader reader, Boolean preserveWhitespace)
   at System.Xml.XmlDocument.Load(XmlReader reader)
   at System.Xml.XmlDocument.Load(String filename)
   at DataAnalyzer.Support.FileManager.WriteInputMessage(InputMessages Message, String FileName) in D:\NEW LIVE PROJECT\Extrnal soures\Extrnal soures\DataAnalyzer\Support\FileManager.cs:line 1102

--------------------------------------------------------------------------------------------------------
08-30-2026 04:13:47
'.', hexadecimal value 0x00, is an invalid character. Line 69648, position 14.
   at System.Xml.XmlTextReaderImpl.Throw(Exception e)
   at System.Xml.XmlTextReaderImpl.Throw(String res, String[] args)
   at System.Xml.XmlTextReaderImpl.ParseText(Int32& startPos, Int32& endPos, Int32& outOrChars)
   at System.Xml.XmlTextReaderImpl.ParseText()
   at System.Xml.XmlTextReaderImpl.ParseElementContent()
   at System.Xml.XmlTextReaderImpl.Read()
   at System.Xml.XmlLoader.LoadNode(Boolean skipOverWhitespace)
   at System.Xml.XmlLoader.LoadDocSequence(XmlDocument parentDoc)
   at System.Xml.XmlLoader.Load(XmlDocument doc, XmlReader reader, Boolean preserveWhitespace)
   at System.Xml.XmlDocument.Load(XmlReader reader)
   at System.Xml.XmlDocument.Load(String filename)
   at DataAnalyzer.Support.FileManager.WriteInputMessage(InputMessages Message, String FileName) in D:\NEW LIVE PROJECT\Extrnal soures\Extrnal soures\DataAnalyzer\Support\FileManager.cs:line 1102

--------------------------------------------------------------------------------------------------------
08-30-2026 05:16:47
'.', hexadecimal value 0x00, is an invalid character. Line 69648, position 14.
   at System.Xml.XmlTextReaderImpl.Throw(Exception e)
   at System.Xml.XmlTextReaderImpl.Throw(String res, String[] args)
   at System.Xml.XmlTextReaderImpl.ParseText(Int32& startPos, Int32& endPos, Int32& outOrChars)
   at System.Xml.XmlTextReaderImpl.ParseText()
   at System.Xml.XmlTextReaderImpl.ParseElementContent()
   at System.Xml.XmlTextReaderImpl.Read()
   at System.Xml.XmlLoader.LoadNode(Boolean skipOverWhitespace)
   at System.Xml.XmlLoader.LoadDocSequence(XmlDocument parentDoc)
   at System.Xml.XmlLoader.Load(XmlDocument doc, XmlReader reader, Boolean preserveWhitespace)
   at System.Xml.XmlDocument.Load(XmlReader reader)
   at System.Xml.XmlDocument.Load(String filename)
   at DataAnalyzer.Support.FileManager.WriteInputMessage(InputMessages Message, String FileName) in D:\NEW LIVE PROJECT\Extrnal soures\Extrnal soures\DataAnalyzer\Support\FileManager.cs:line 1102

--------------------------------------------------------------------------------------------------------
08-30-2026 05:19:21
'.', hexadecimal value 0x00, is an invalid character. Line 69648, position 14.
   at System.Xml.XmlTextReaderImpl.Throw(Exception e)
   at System.Xml.XmlTextReaderImpl.Throw(String res, String[] args)
   at System.Xml.XmlTextReaderImpl.ParseText(Int32& startPos, Int32& endPos, Int32& outOrChars)
   at System.Xml.XmlTextReaderImpl.ParseText()
   at System.Xml.XmlTextReaderImpl.ParseElementContent()
   at System.Xml.XmlTextReaderImpl.Read()
   at System.Xml.XmlLoader.LoadNode(Boolean skipOverWhitespace)
   at System.Xml.XmlLoader.LoadDocSequence(XmlDocument parentDoc)
   at System.Xml.XmlLoader.Load(XmlDocument doc, XmlReader reader, Boolean preserveWhitespace)
   at System.Xml.XmlDocument.Load(XmlReader reader)
   at System.Xml.XmlDocument.Load(String filename)
   at DataAnalyzer.Support.FileManager.WriteInputMessage(InputMessages Message, String FileName) in D:\NEW LIVE PROJECT\Extrnal soures\Extrnal soures\DataAnalyzer\Support\FileManager.cs:line 1102

--------------------------------------------------------------------------------------------------------
08-30-2026 05:21:47
'.', hexadecimal value 0x00, is an invalid character. Line 69648, position 14.
   at System.Xml.XmlTextReaderImpl.Throw(Exception e)
   at System.Xml.XmlTextReaderImpl.Throw(String res, String[] args)
   at System.Xml.XmlTextReaderImpl.ParseText(Int32& startPos, Int32& endPos, Int32& outOrChars)
   at System.Xml.XmlTextReaderImpl.ParseText()
   at System.Xml.XmlTextReaderImpl.ParseElementContent()
   at System.Xml.XmlTextReaderImpl.Read()
   at System.Xml.XmlLoader.LoadNode(Boolean skipOverWhitespace)
   at System.Xml.XmlLoader.LoadDocSequence(XmlDocument parentDoc)
   at System.Xml.XmlLoader.Load(XmlDocument doc, XmlReader reader, Boolean preserveWhitespace)
   at System.Xml.XmlDocument.Load(XmlReader reader)
   at System.Xml.XmlDocument.Load(String filename)
   at DataAnalyzer.Support.FileManager.WriteInputMessage(InputMessages Message, String FileName) in D:\NEW LIVE PROJECT\Extrnal soures\Extrnal soures\DataAnalyzer\Support\FileManager.cs:line 1102

--------------------------------------------------------------------------------------------------------
08-30-2026 05:24:21
'.', hexadecimal value 0x00, is an invalid character. Line 69648, position 14.
   at System.Xml.XmlTextReaderImpl.Throw(Exception e)
   at System.Xml.XmlTextReaderImpl.Throw(String res, String[] args)
   at System.Xml.XmlTextReaderImpl.ParseText(Int32& startPos, Int32& endPos, Int32& outOrChars)
   at System.Xml.XmlTextReaderImpl.ParseText()
   at System.Xml.XmlTextReaderImpl.ParseElementContent()
   at System.Xml.XmlTextReaderImpl.Read()
   at System.Xml.XmlLoader.LoadNode(Boolean skipOverWhitespace)
   at System.Xml.XmlLoader.LoadDocSequence(XmlDocument parentDoc)
   at System.Xml.XmlLoader.Load(XmlDocument doc, XmlReader reader, Boolean preserveWhitespace)
   at System.Xml.XmlDocument.Load(XmlReader reader)
   at System.Xml.XmlDocument.Load(String filename)
   at DataAnalyzer.Support.FileManager.WriteInputMessage(InputMessages Message, String FileName) in D:\NEW LIVE PROJECT\Extrnal soures\Extrnal soures\DataAnalyzer\Support\FileManager.cs:line 1102

--------------------------------------------------------------------------------------------------------
08-30-2026 05:25:56
'.', hexadecimal value 0x00, is an invalid character. Line 69648, position 14.
   at System.Xml.XmlTextReaderImpl.Throw(Exception e)
   at System.Xml.XmlTextReaderImpl.Throw(String res, String[] args)
   at System.Xml.XmlTextReaderImpl.ParseText(Int32& startPos, Int32& endPos, Int32& outOrChars)
   at System.Xml.XmlTextReaderImpl.ParseText()
   at System.Xml.XmlTextReaderImpl.ParseElementContent()
   at System.Xml.XmlTextReaderImpl.Read()
   at System.Xml.XmlLoader.LoadNode(Boolean skipOverWhitespace)
   at System.Xml.XmlLoader.LoadDocSequence(XmlDocument parentDoc)
   at System.Xml.XmlLoader.Load(XmlDocument doc, XmlReader reader, Boolean preserveWhitespace)
   at System.Xml.XmlDocument.Load(XmlReader reader)
   at System.Xml.XmlDocument.Load(String filename)
   at DataAnalyzer.Support.FileManager.WriteInputMessage(InputMessages Message, String FileName) in D:\NEW LIVE PROJECT\Extrnal soures\Extrnal soures\DataAnalyzer\Support\FileManager.cs:line 1102

--------------------------------------------------------------------------------------------------------
08-30-2026 05:26:46
'.', hexadecimal value 0x00, is an invalid character. Line 69648, position 14.
   at System.Xml.XmlTextReaderImpl.Throw(Exception e)
   at System.Xml.XmlTextReaderImpl.Throw(String res, String[] args)
   at System.Xml.XmlTextReaderImpl.ParseText(Int32& startPos, Int32& endPos, Int32& outOrChars)
   at System.Xml.XmlTextReaderImpl.ParseText()
   at System.Xml.XmlTextReaderImpl.ParseElementContent()
   at System.Xml.XmlTextReaderImpl.Read()
   at System.Xml.XmlLoader.LoadNode(Boolean skipOverWhitespace)
   at System.Xml.XmlLoader.LoadDocSequence(XmlDocument parentDoc)
   at System.Xml.XmlLoader.Load(XmlDocument doc, XmlReader reader, Boolean preserveWhitespace)
   at System.Xml.XmlDocument.Load(XmlReader reader)
   at System.Xml.XmlDocument.Load(String filename)
   at DataAnalyzer.Support.FileManager.WriteInputMessage(InputMessages Message, String FileName) in D:\NEW LIVE PROJECT\Extrnal soures\Extrnal soures\DataAnalyzer\Support\FileManager.cs:line 1102

--------------------------------------------------------------------------------------------------------
08-30-2026 05:31:11
'.', hexadecimal value 0x00, is an invalid character. Line 69648, position 14.
   at System.Xml.XmlTextReaderImpl.Throw(Exception e)
   at System.Xml.XmlTextReaderImpl.Throw(String res, String[] args)
   at System.Xml.XmlTextReaderImpl.ParseText(Int32& startPos, Int32& endPos, Int32& outOrChars)
   at System.Xml.XmlTextReaderImpl.ParseText()
   at System.Xml.XmlTextReaderImpl.ParseElementContent()
   at System.Xml.XmlTextReaderImpl.Read()
   at System.Xml.XmlLoader.LoadNode(Boolean skipOverWhitespace)
   at System.Xml.XmlLoader.LoadDocSequence(XmlDocument parentDoc)
   at System.Xml.XmlLoader.Load(XmlDocument doc, XmlReader reader, Boolean preserveWhitespace)
   at System.Xml.XmlDocument.Load(XmlReader reader)
   at System.Xml.XmlDocument.Load(String filename)
   at DataAnalyzer.Support.FileManager.WriteInputMessage(InputMessages Message, String FileName) in D:\NEW LIVE PROJECT\Extrnal soures\Extrnal soures\DataAnalyzer\Support\FileManager.cs:line 1102

--------------------------------------------------------------------------------------------------------
08-30-2026 05:33:37
'.', hexadecimal value 0x00, is an invalid character. Line 69648, position 14.
   at System.Xml.XmlTextReaderImpl.Throw(Exception e)
   at System.Xml.XmlTextReaderImpl.Throw(String res, String[] args)
   at System.Xml.XmlTextReaderImpl.ParseText(Int32& startPos, Int32& endPos, Int32& outOrChars)
   at System.Xml.XmlTextReaderImpl.ParseText()
   at System.Xml.XmlTextReaderImpl.ParseElementContent()
   at System.Xml.XmlTextReaderImpl.Read()
   at System.Xml.XmlLoader.LoadNode(Boolean skipOverWhitespace)
   at System.Xml.XmlLoader.LoadDocSequence(XmlDocument parentDoc)
   at System.Xml.XmlLoader.Load(XmlDocument doc, XmlReader reader, Boolean preserveWhitespace)
   at System.Xml.XmlDocument.Load(XmlReader reader)
   at System.Xml.XmlDocument.Load(String filename)
   at DataAnalyzer.Support.FileManager.WriteInputMessage(InputMessages Message, String FileName) in D:\NEW LIVE PROJECT\Extrnal soures\Extrnal soures\DataAnalyzer\Support\FileManager.cs:line 1102

--------------------------------------------------------------------------------------------------------
08-30-2026 05:34:03
'.', hexadecimal value 0x00, is an invalid character. Line 69648, position 14.
   at System.Xml.XmlTextReaderImpl.Throw(Exception e)
   at System.Xml.XmlTextReaderImpl.Throw(String res, String[] args)
   at System.Xml.XmlTextReaderImpl.ParseText(Int32& startPos, Int32& endPos, Int32& outOrChars)
   at System.Xml.XmlTextReaderImpl.ParseText()
   at System.Xml.XmlTextReaderImpl.ParseElementContent()
   at System.Xml.XmlTextReaderImpl.Read()
   at System.Xml.XmlLoader.LoadNode(Boolean skipOverWhitespace)
   at System.Xml.XmlLoader.LoadDocSequence(XmlDocument parentDoc)
   at System.Xml.XmlLoader.Load(XmlDocument doc, XmlReader reader, Boolean preserveWhitespace)
   at System.Xml.XmlDocument.Load(XmlReader reader)
   at System.Xml.XmlDocument.Load(String filename)
   at DataAnalyzer.Support.FileManager.WriteInputMessage(InputMessages Message, String FileName) in D:\NEW LIVE PROJECT\Extrnal soures\Extrnal soures\DataAnalyzer\Support\FileManager.cs:line 1102

--------------------------------------------------------------------------------------------------------
08-30-2026 05:34:28
'.', hexadecimal value 0x00, is an invalid character. Line 69648, position 14.
   at System.Xml.XmlTextReaderImpl.Throw(Exception e)
   at System.Xml.XmlTextReaderImpl.Throw(String res, String[] args)
   at System.Xml.XmlTextReaderImpl.ParseText(Int32& startPos, Int32& endPos, Int32& outOrChars)
   at System.Xml.XmlTextReaderImpl.ParseText()
   at System.Xml.XmlTextReaderImpl.ParseElementContent()
   at System.Xml.XmlTextReaderImpl.Read()
   at System.Xml.XmlLoader.LoadNode(Boolean skipOverWhitespace)
   at System.Xml.XmlLoader.LoadDocSequence(XmlDocument parentDoc)
   at System.Xml.XmlLoader.Load(XmlDocument doc, XmlReader reader, Boolean preserveWhitespace)
   at System.Xml.XmlDocument.Load(XmlReader reader)
   at System.Xml.XmlDocument.Load(String filename)
   at DataAnalyzer.Support.FileManager.WriteInputMessage(InputMessages Message, String FileName) in D:\NEW LIVE PROJECT\Extrnal soures\Extrnal soures\DataAnalyzer\Support\FileManager.cs:line 1102

--------------------------------------------------------------------------------------------------------
08-30-2026 05:34:37
'.', hexadecimal value 0x00, is an invalid character. Line 69648, position 14.
   at System.Xml.XmlTextReaderImpl.Throw(Exception e)
   at System.Xml.XmlTextReaderImpl.Throw(String res, String[] args)
   at System.Xml.XmlTextReaderImpl.ParseText(Int32& startPos, Int32& endPos, Int32& outOrChars)
   at System.Xml.XmlTextReaderImpl.ParseText()
   at System.Xml.XmlTextReaderImpl.ParseElementContent()
   at System.Xml.XmlTextReaderImpl.Read()
   at System.Xml.XmlLoader.LoadNode(Boolean skipOverWhitespace)
   at System.Xml.XmlLoader.LoadDocSequence(XmlDocument parentDoc)
   at System.Xml.XmlLoader.Load(XmlDocument doc, XmlReader reader, Boolean preserveWhitespace)
   at System.Xml.XmlDocument.Load(XmlReader reader)
   at System.Xml.XmlDocument.Load(String filename)
   at DataAnalyzer.Support.FileManager.WriteInputMessage(InputMessages Message, String FileName) in D:\NEW LIVE PROJECT\Extrnal soures\Extrnal soures\DataAnalyzer\Support\FileManager.cs:line 1102

--------------------------------------------------------------------------------------------------------
08-30-2026 05:35:03
'.', hexadecimal value 0x00, is an invalid character. Line 69648, position 14.
   at System.Xml.XmlTextReaderImpl.Throw(Exception e)
   at System.Xml.XmlTextReaderImpl.Throw(String res, String[] args)
   at System.Xml.XmlTextReaderImpl.ParseText(Int32& startPos, Int32& endPos, Int32& outOrChars)
   at System.Xml.XmlTextReaderImpl.ParseText()
   at System.Xml.XmlTextReaderImpl.ParseElementContent()
   at System.Xml.XmlTextReaderImpl.Read()
   at System.Xml.XmlLoader.LoadNode(Boolean skipOverWhitespace)
   at System.Xml.XmlLoader.LoadDocSequence(XmlDocument parentDoc)
   at System.Xml.XmlLoader.Load(XmlDocument doc, XmlReader reader, Boolean preserveWhitespace)
   at System.Xml.XmlDocument.Load(XmlReader reader)
   at System.Xml.XmlDocument.Load(String filename)
   at DataAnalyzer.Support.FileManager.WriteInputMessage(InputMessages Message, String FileName) in D:\NEW LIVE PROJECT\Extrnal soures\Extrnal soures\DataAnalyzer\Support\FileManager.cs:line 1102

--------------------------------------------------------------------------------------------------------
08-30-2026 05:35:11
'.', hexadecimal value 0x00, is an invalid character. Line 69648, position 14.
   at System.Xml.XmlTextReaderImpl.Throw(Exception e)
   at System.Xml.XmlTextReaderImpl.Throw(String res, String[] args)
   at System.Xml.XmlTextReaderImpl.ParseText(Int32& startPos, Int32& endPos, Int32& outOrChars)
   at System.Xml.XmlTextReaderImpl.ParseText()
   at System.Xml.XmlTextReaderImpl.ParseElementContent()
   at System.Xml.XmlTextReaderImpl.Read()
   at System.Xml.XmlLoader.LoadNode(Boolean skipOverWhitespace)
   at System.Xml.XmlLoader.LoadDocSequence(XmlDocument parentDoc)
   at System.Xml.XmlLoader.Load(XmlDocument doc, XmlReader reader, Boolean preserveWhitespace)
   at System.Xml.XmlDocument.Load(XmlReader reader)
   at System.Xml.XmlDocument.Load(String filename)
   at DataAnalyzer.Support.FileManager.WriteInputMessage(InputMessages Message, String FileName) in D:\NEW LIVE PROJECT\Extrnal soures\Extrnal soures\DataAnalyzer\Support\FileManager.cs:line 1102

--------------------------------------------------------------------------------------------------------
08-30-2026 05:35:45
'.', hexadecimal value 0x00, is an invalid character. Line 69648, position 14.
   at System.Xml.XmlTextReaderImpl.Throw(Exception e)
   at System.Xml.XmlTextReaderImpl.Throw(String res, String[] args)
   at System.Xml.XmlTextReaderImpl.ParseText(Int32& startPos, Int32& endPos, Int32& outOrChars)
   at System.Xml.XmlTextReaderImpl.ParseText()
   at System.Xml.XmlTextReaderImpl.ParseElementContent()
   at System.Xml.XmlTextReaderImpl.Read()
   at System.Xml.XmlLoader.LoadNode(Boolean skipOverWhitespace)
   at System.Xml.XmlLoader.LoadDocSequence(XmlDocument parentDoc)
   at System.Xml.XmlLoader.Load(XmlDocument doc, XmlReader reader, Boolean preserveWhitespace)
   at System.Xml.XmlDocument.Load(XmlReader reader)
   at System.Xml.XmlDocument.Load(String filename)
   at DataAnalyzer.Support.FileManager.WriteInputMessage(InputMessages Message, String FileName) in D:\NEW LIVE PROJECT\Extrnal soures\Extrnal soures\DataAnalyzer\Support\FileManager.cs:line 1102

--------------------------------------------------------------------------------------------------------
08-30-2026 05:36:11
'.', hexadecimal value 0x00, is an invalid character. Line 69648, position 14.
   at System.Xml.XmlTextReaderImpl.Throw(Exception e)
   at System.Xml.XmlTextReaderImpl.Throw(String res, String[] args)
   at System.Xml.XmlTextReaderImpl.ParseText(Int32& startPos, Int32& endPos, Int32& outOrChars)
   at System.Xml.XmlTextReaderImpl.ParseText()
   at System.Xml.XmlTextReaderImpl.ParseElementContent()
   at System.Xml.XmlTextReaderImpl.Read()
   at System.Xml.XmlLoader.LoadNode(Boolean skipOverWhitespace)
   at System.Xml.XmlLoader.LoadDocSequence(XmlDocument parentDoc)
   at System.Xml.XmlLoader.Load(XmlDocument doc, XmlReader reader, Boolean preserveWhitespace)
   at System.Xml.XmlDocument.Load(XmlReader reader)
   at System.Xml.XmlDocument.Load(String filename)
   at DataAnalyzer.Support.FileManager.WriteInputMessage(InputMessages Message, String FileName) in D:\NEW LIVE PROJECT\Extrnal soures\Extrnal soures\DataAnalyzer\Support\FileManager.cs:line 1102

--------------------------------------------------------------------------------------------------------
08-30-2026 05:37:03
'.', hexadecimal value 0x00, is an invalid character. Line 69648, position 14.
   at System.Xml.XmlTextReaderImpl.Throw(Exception e)
   at System.Xml.XmlTextReaderImpl.Throw(String res, String[] args)
   at System.Xml.XmlTextReaderImpl.ParseText(Int32& startPos, Int32& endPos, Int32& outOrChars)
   at System.Xml.XmlTextReaderImpl.ParseText()
   at System.Xml.XmlTextReaderImpl.ParseElementContent()
   at System.Xml.XmlTextReaderImpl.Read()
   at System.Xml.XmlLoader.LoadNode(Boolean skipOverWhitespace)
   at System.Xml.XmlLoader.LoadDocSequence(XmlDocument parentDoc)
   at System.Xml.XmlLoader.Load(XmlDocument doc, XmlReader reader, Boolean preserveWhitespace)
   at System.Xml.XmlDocument.Load(XmlReader reader)
   at System.Xml.XmlDocument.Load(String filename)
   at DataAnalyzer.Support.FileManager.WriteInputMessage(InputMessages Message, String FileName) in D:\NEW LIVE PROJECT\Extrnal soures\Extrnal soures\DataAnalyzer\Support\FileManager.cs:line 1102

--------------------------------------------------------------------------------------------------------
08-30-2026 05:37:37
'.', hexadecimal value 0x00, is an invalid character. Line 69648, position 14.
   at System.Xml.XmlTextReaderImpl.Throw(Exception e)
   at System.Xml.XmlTextReaderImpl.Throw(String res, String[] args)
   at System.Xml.XmlTextReaderImpl.ParseText(Int32& startPos, Int32& endPos, Int32& outOrChars)
   at System.Xml.XmlTextReaderImpl.ParseText()
   at System.Xml.XmlTextReaderImpl.ParseElementContent()
   at System.Xml.XmlTextReaderImpl.Read()
   at System.Xml.XmlLoader.LoadNode(Boolean skipOverWhitespace)
   at System.Xml.XmlLoader.LoadDocSequence(XmlDocument parentDoc)
   at System.Xml.XmlLoader.Load(XmlDocument doc, XmlReader reader, Boolean preserveWhitespace)
   at System.Xml.XmlDocument.Load(XmlReader reader)
   at System.Xml.XmlDocument.Load(String filename)
   at DataAnalyzer.Support.FileManager.WriteInputMessage(InputMessages Message, String FileName) in D:\NEW LIVE PROJECT\Extrnal soures\Extrnal soures\DataAnalyzer\Support\FileManager.cs:line 1102

--------------------------------------------------------------------------------------------------------
08-30-2026 05:39:28
'.', hexadecimal value 0x00, is an invalid character. Line 69648, position 14.
   at System.Xml.XmlTextReaderImpl.Throw(Exception e)
   at System.Xml.XmlTextReaderImpl.Throw(String res, String[] args)
   at System.Xml.XmlTextReaderImpl.ParseText(Int32& startPos, Int32& endPos, Int32& outOrChars)
   at System.Xml.XmlTextReaderImpl.ParseText()
   at System.Xml.XmlTextReaderImpl.ParseElementContent()
   at System.Xml.XmlTextReaderImpl.Read()
   at System.Xml.XmlLoader.LoadNode(Boolean skipOverWhitespace)
   at System.Xml.XmlLoader.LoadDocSequence(XmlDocument parentDoc)
   at System.Xml.XmlLoader.Load(XmlDocument doc, XmlReader reader, Boolean preserveWhitespace)
   at System.Xml.XmlDocument.Load(XmlReader reader)
   at System.Xml.XmlDocument.Load(String filename)
   at DataAnalyzer.Support.FileManager.WriteInputMessage(InputMessages Message, String FileName) in D:\NEW LIVE PROJECT\Extrnal soures\Extrnal soures\DataAnalyzer\Support\FileManager.cs:line 1102

--------------------------------------------------------------------------------------------------------
08-30-2026 05:39:37
'.', hexadecimal value 0x00, is an invalid character. Line 69648, position 14.
   at System.Xml.XmlTextReaderImpl.Throw(Exception e)
   at System.Xml.XmlTextReaderImpl.Throw(String res, String[] args)
   at System.Xml.XmlTextReaderImpl.ParseText(Int32& startPos, Int32& endPos, Int32& outOrChars)
   at System.Xml.XmlTextReaderImpl.ParseText()
   at System.Xml.XmlTextReaderImpl.ParseElementContent()
   at System.Xml.XmlTextReaderImpl.Read()
   at System.Xml.XmlLoader.LoadNode(Boolean skipOverWhitespace)
   at System.Xml.XmlLoader.LoadDocSequence(XmlDocument parentDoc)
   at System.Xml.XmlLoader.Load(XmlDocument doc, XmlReader reader, Boolean preserveWhitespace)
   at System.Xml.XmlDocument.Load(XmlReader reader)
   at System.Xml.XmlDocument.Load(String filename)
   at DataAnalyzer.Support.FileManager.WriteInputMessage(InputMessages Message, String FileName) in D:\NEW LIVE PROJECT\Extrnal soures\Extrnal soures\DataAnalyzer\Support\FileManager.cs:line 1102

--------------------------------------------------------------------------------------------------------
08-30-2026 05:40:02
'.', hexadecimal value 0x00, is an invalid character. Line 69648, position 14.
   at System.Xml.XmlTextReaderImpl.Throw(Exception e)
   at System.Xml.XmlTextReaderImpl.Throw(String res, String[] args)
   at System.Xml.XmlTextReaderImpl.ParseText(Int32& startPos, Int32& endPos, Int32& outOrChars)
   at System.Xml.XmlTextReaderImpl.ParseText()
   at System.Xml.XmlTextReaderImpl.ParseElementContent()
   at System.Xml.XmlTextReaderImpl.Read()
   at System.Xml.XmlLoader.LoadNode(Boolean skipOverWhitespace)
   at System.Xml.XmlLoader.LoadDocSequence(XmlDocument parentDoc)
   at System.Xml.XmlLoader.Load(XmlDocument doc, XmlReader reader, Boolean preserveWhitespace)
   at System.Xml.XmlDocument.Load(XmlReader reader)
   at System.Xml.XmlDocument.Load(String filename)
   at DataAnalyzer.Support.FileManager.WriteInputMessage(InputMessages Message, String FileName) in D:\NEW LIVE PROJECT\Extrnal soures\Extrnal soures\DataAnalyzer\Support\FileManager.cs:line 1102

--------------------------------------------------------------------------------------------------------
08-30-2026 05:40:11
'.', hexadecimal value 0x00, is an invalid character. Line 69648, position 14.
   at System.Xml.XmlTextReaderImpl.Throw(Exception e)
   at System.Xml.XmlTextReaderImpl.Throw(String res, String[] args)
   at System.Xml.XmlTextReaderImpl.ParseText(Int32& startPos, Int32& endPos, Int32& outOrChars)
   at System.Xml.XmlTextReaderImpl.ParseText()
   at System.Xml.XmlTextReaderImpl.ParseElementContent()
   at System.Xml.XmlTextReaderImpl.Read()
   at System.Xml.XmlLoader.LoadNode(Boolean skipOverWhitespace)
   at System.Xml.XmlLoader.LoadDocSequence(XmlDocument parentDoc)
   at System.Xml.XmlLoader.Load(XmlDocument doc, XmlReader reader, Boolean preserveWhitespace)
   at System.Xml.XmlDocument.Load(XmlReader reader)
   at System.Xml.XmlDocument.Load(String filename)
   at DataAnalyzer.Support.FileManager.WriteInputMessage(InputMessages Message, String FileName) in D:\NEW LIVE PROJECT\Extrnal soures\Extrnal soures\DataAnalyzer\Support\FileManager.cs:line 1102

--------------------------------------------------------------------------------------------------------
08-30-2026 05:40:11
'.', hexadecimal value 0x00, is an invalid character. Line 69648, position 14.
   at System.Xml.XmlTextReaderImpl.Throw(Exception e)
   at System.Xml.XmlTextReaderImpl.Throw(String res, String[] args)
   at System.Xml.XmlTextReaderImpl.ParseText(Int32& startPos, Int32& endPos, Int32& outOrChars)
   at System.Xml.XmlTextReaderImpl.ParseText()
   at System.Xml.XmlTextReaderImpl.ParseElementContent()
   at System.Xml.XmlTextReaderImpl.Read()
   at System.Xml.XmlLoader.LoadNode(Boolean skipOverWhitespace)
   at System.Xml.XmlLoader.LoadDocSequence(XmlDocument parentDoc)
   at System.Xml.XmlLoader.Load(XmlDocument doc, XmlReader reader, Boolean preserveWhitespace)
   at System.Xml.XmlDocument.Load(XmlReader reader)
   at System.Xml.XmlDocument.Load(String filename)
   at DataAnalyzer.Support.FileManager.WriteInputMessage(InputMessages Message, String FileName) in D:\NEW LIVE PROJECT\Extrnal soures\Extrnal soures\DataAnalyzer\Support\FileManager.cs:line 1102

--------------------------------------------------------------------------------------------------------
08-30-2026 05:40:19
'.', hexadecimal value 0x00, is an invalid character. Line 69648, position 14.
   at System.Xml.XmlTextReaderImpl.Throw(Exception e)
   at System.Xml.XmlTextReaderImpl.Throw(String res, String[] args)
   at System.Xml.XmlTextReaderImpl.ParseText(Int32& startPos, Int32& endPos, Int32& outOrChars)
   at System.Xml.XmlTextReaderImpl.ParseText()
   at System.Xml.XmlTextReaderImpl.ParseElementContent()
   at System.Xml.XmlTextReaderImpl.Read()
   at System.Xml.XmlLoader.LoadNode(Boolean skipOverWhitespace)
   at System.Xml.XmlLoader.LoadDocSequence(XmlDocument parentDoc)
   at System.Xml.XmlLoader.Load(XmlDocument doc, XmlReader reader, Boolean preserveWhitespace)
   at System.Xml.XmlDocument.Load(XmlReader reader)
   at System.Xml.XmlDocument.Load(String filename)
   at DataAnalyzer.Support.FileManager.WriteInputMessage(InputMessages Message, String FileName) in D:\NEW LIVE PROJECT\Extrnal soures\Extrnal soures\DataAnalyzer\Support\FileManager.cs:line 1102

--------------------------------------------------------------------------------------------------------
08-30-2026 05:40:28
'.', hexadecimal value 0x00, is an invalid character. Line 69648, position 14.
   at System.Xml.XmlTextReaderImpl.Throw(Exception e)
   at System.Xml.XmlTextReaderImpl.Throw(String res, String[] args)
   at System.Xml.XmlTextReaderImpl.ParseText(Int32& startPos, Int32& endPos, Int32& outOrChars)
   at System.Xml.XmlTextReaderImpl.ParseText()
   at System.Xml.XmlTextReaderImpl.ParseElementContent()
   at System.Xml.XmlTextReaderImpl.Read()
   at System.Xml.XmlLoader.LoadNode(Boolean skipOverWhitespace)
   at System.Xml.XmlLoader.LoadDocSequence(XmlDocument parentDoc)
   at System.Xml.XmlLoader.Load(XmlDocument doc, XmlReader reader, Boolean preserveWhitespace)
   at System.Xml.XmlDocument.Load(XmlReader reader)
   at System.Xml.XmlDocument.Load(String filename)
   at DataAnalyzer.Support.FileManager.WriteInputMessage(InputMessages Message, String FileName) in D:\NEW LIVE PROJECT\Extrnal soures\Extrnal soures\DataAnalyzer\Support\FileManager.cs:line 1102

--------------------------------------------------------------------------------------------------------
08-30-2026 05:41:02
'.', hexadecimal value 0x00, is an invalid character. Line 69648, position 14.
   at System.Xml.XmlTextReaderImpl.Throw(Exception e)
   at System.Xml.XmlTextReaderImpl.Throw(String res, String[] args)
   at System.Xml.XmlTextReaderImpl.ParseText(Int32& startPos, Int32& endPos, Int32& outOrChars)
   at System.Xml.XmlTextReaderImpl.ParseText()
   at System.Xml.XmlTextReaderImpl.ParseElementContent()
   at System.Xml.XmlTextReaderImpl.Read()
   at System.Xml.XmlLoader.LoadNode(Boolean skipOverWhitespace)
   at System.Xml.XmlLoader.LoadDocSequence(XmlDocument parentDoc)
   at System.Xml.XmlLoader.Load(XmlDocument doc, XmlReader reader, Boolean preserveWhitespace)
   at System.Xml.XmlDocument.Load(XmlReader reader)
   at System.Xml.XmlDocument.Load(String filename)
   at DataAnalyzer.Support.FileManager.WriteInputMessage(InputMessages Message, String FileName) in D:\NEW LIVE PROJECT\Extrnal soures\Extrnal soures\DataAnalyzer\Support\FileManager.cs:line 1102

--------------------------------------------------------------------------------------------------------
08-30-2026 05:41:11
'.', hexadecimal value 0x00, is an invalid character. Line 69648, position 14.
   at System.Xml.XmlTextReaderImpl.Throw(Exception e)
   at System.Xml.XmlTextReaderImpl.Throw(String res, String[] args)
   at System.Xml.XmlTextReaderImpl.ParseText(Int32& startPos, Int32& endPos, Int32& outOrChars)
   at System.Xml.XmlTextReaderImpl.ParseText()
   at System.Xml.XmlTextReaderImpl.ParseElementContent()
   at System.Xml.XmlTextReaderImpl.Read()
   at System.Xml.XmlLoader.LoadNode(Boolean skipOverWhitespace)
   at System.Xml.XmlLoader.LoadDocSequence(XmlDocument parentDoc)
   at System.Xml.XmlLoader.Load(XmlDocument doc, XmlReader reader, Boolean preserveWhitespace)
   at System.Xml.XmlDocument.Load(XmlReader reader)
   at System.Xml.XmlDocument.Load(String filename)
   at DataAnalyzer.Support.FileManager.WriteInputMessage(InputMessages Message, String FileName) in D:\NEW LIVE PROJECT\Extrnal soures\Extrnal soures\DataAnalyzer\Support\FileManager.cs:line 1102

--------------------------------------------------------------------------------------------------------
08-30-2026 05:41:54
'.', hexadecimal value 0x00, is an invalid character. Line 69648, position 14.
   at System.Xml.XmlTextReaderImpl.Throw(Exception e)
   at System.Xml.XmlTextReaderImpl.Throw(String res, String[] args)
   at System.Xml.XmlTextReaderImpl.ParseText(Int32& startPos, Int32& endPos, Int32& outOrChars)
   at System.Xml.XmlTextReaderImpl.ParseText()
   at System.Xml.XmlTextReaderImpl.ParseElementContent()
   at System.Xml.XmlTextReaderImpl.Read()
   at System.Xml.XmlLoader.LoadNode(Boolean skipOverWhitespace)
   at System.Xml.XmlLoader.LoadDocSequence(XmlDocument parentDoc)
   at System.Xml.XmlLoader.Load(XmlDocument doc, XmlReader reader, Boolean preserveWhitespace)
   at System.Xml.XmlDocument.Load(XmlReader reader)
   at System.Xml.XmlDocument.Load(String filename)
   at DataAnalyzer.Support.FileManager.WriteInputMessage(InputMessages Message, String FileName) in D:\NEW LIVE PROJECT\Extrnal soures\Extrnal soures\DataAnalyzer\Support\FileManager.cs:line 1102

--------------------------------------------------------------------------------------------------------
08-30-2026 05:42:11
'.', hexadecimal value 0x00, is an invalid character. Line 69648, position 14.
   at System.Xml.XmlTextReaderImpl.Throw(Exception e)
   at System.Xml.XmlTextReaderImpl.Throw(String res, String[] args)
   at System.Xml.XmlTextReaderImpl.ParseText(Int32& startPos, Int32& endPos, Int32& outOrChars)
   at System.Xml.XmlTextReaderImpl.ParseText()
   at System.Xml.XmlTextReaderImpl.ParseElementContent()
   at System.Xml.XmlTextReaderImpl.Read()
   at System.Xml.XmlLoader.LoadNode(Boolean skipOverWhitespace)
   at System.Xml.XmlLoader.LoadDocSequence(XmlDocument parentDoc)
   at System.Xml.XmlLoader.Load(XmlDocument doc, XmlReader reader, Boolean preserveWhitespace)
   at System.Xml.XmlDocument.Load(XmlReader reader)
   at System.Xml.XmlDocument.Load(String filename)
   at DataAnalyzer.Support.FileManager.WriteInputMessage(InputMessages Message, String FileName) in D:\NEW LIVE PROJECT\Extrnal soures\Extrnal soures\DataAnalyzer\Support\FileManager.cs:line 1102

--------------------------------------------------------------------------------------------------------
08-30-2026 05:42:19
'.', hexadecimal value 0x00, is an invalid character. Line 69648, position 14.
   at System.Xml.XmlTextReaderImpl.Throw(Exception e)
   at System.Xml.XmlTextReaderImpl.Throw(String res, String[] args)
   at System.Xml.XmlTextReaderImpl.ParseText(Int32& startPos, Int32& endPos, Int32& outOrChars)
   at System.Xml.XmlTextReaderImpl.ParseText()
   at System.Xml.XmlTextReaderImpl.ParseElementContent()
   at System.Xml.XmlTextReaderImpl.Read()
   at System.Xml.XmlLoader.LoadNode(Boolean skipOverWhitespace)
   at System.Xml.XmlLoader.LoadDocSequence(XmlDocument parentDoc)
   at System.Xml.XmlLoader.Load(XmlDocument doc, XmlReader reader, Boolean preserveWhitespace)
   at System.Xml.XmlDocument.Load(XmlReader reader)
   at System.Xml.XmlDocument.Load(String filename)
   at DataAnalyzer.Support.FileManager.WriteInputMessage(InputMessages Message, String FileName) in D:\NEW LIVE PROJECT\Extrnal soures\Extrnal soures\DataAnalyzer\Support\FileManager.cs:line 1102

--------------------------------------------------------------------------------------------------------
08-30-2026 05:44:02
'.', hexadecimal value 0x00, is an invalid character. Line 69648, position 14.
   at System.Xml.XmlTextReaderImpl.Throw(Exception e)
   at System.Xml.XmlTextReaderImpl.Throw(String res, String[] args)
   at System.Xml.XmlTextReaderImpl.ParseText(Int32& startPos, Int32& endPos, Int32& outOrChars)
   at System.Xml.XmlTextReaderImpl.ParseText()
   at System.Xml.XmlTextReaderImpl.ParseElementContent()
   at System.Xml.XmlTextReaderImpl.Read()
   at System.Xml.XmlLoader.LoadNode(Boolean skipOverWhitespace)
   at System.Xml.XmlLoader.LoadDocSequence(XmlDocument parentDoc)
   at System.Xml.XmlLoader.Load(XmlDocument doc, XmlReader reader, Boolean preserveWhitespace)
   at System.Xml.XmlDocument.Load(XmlReader reader)
   at System.Xml.XmlDocument.Load(String filename)
   at DataAnalyzer.Support.FileManager.WriteInputMessage(InputMessages Message, String FileName) in D:\NEW LIVE PROJECT\Extrnal soures\Extrnal soures\DataAnalyzer\Support\FileManager.cs:line 1102

--------------------------------------------------------------------------------------------------------
08-30-2026 05:44:10
'.', hexadecimal value 0x00, is an invalid character. Line 69648, position 14.
   at System.Xml.XmlTextReaderImpl.Throw(Exception e)
   at System.Xml.XmlTextReaderImpl.Throw(String res, String[] args)
   at System.Xml.XmlTextReaderImpl.ParseText(Int32& startPos, Int32& endPos, Int32& outOrChars)
   at System.Xml.XmlTextReaderImpl.ParseText()
   at System.Xml.XmlTextReaderImpl.ParseElementContent()
   at System.Xml.XmlTextReaderImpl.Read()
   at System.Xml.XmlLoader.LoadNode(Boolean skipOverWhitespace)
   at System.Xml.XmlLoader.LoadDocSequence(XmlDocument parentDoc)
   at System.Xml.XmlLoader.Load(XmlDocument doc, XmlReader reader, Boolean preserveWhitespace)
   at System.Xml.XmlDocument.Load(XmlReader reader)
   at System.Xml.XmlDocument.Load(String filename)
   at DataAnalyzer.Support.FileManager.WriteInputMessage(InputMessages Message, String FileName) in D:\NEW LIVE PROJECT\Extrnal soures\Extrnal soures\DataAnalyzer\Support\FileManager.cs:line 1102

--------------------------------------------------------------------------------------------------------
08-30-2026 05:44:11
'.', hexadecimal value 0x00, is an invalid character. Line 69648, position 14.
   at System.Xml.XmlTextReaderImpl.Throw(Exception e)
   at System.Xml.XmlTextReaderImpl.Throw(String res, String[] args)
   at System.Xml.XmlTextReaderImpl.ParseText(Int32& startPos, Int32& endPos, Int32& outOrChars)
   at System.Xml.XmlTextReaderImpl.ParseText()
   at System.Xml.XmlTextReaderImpl.ParseElementContent()
   at System.Xml.XmlTextReaderImpl.Read()
   at System.Xml.XmlLoader.LoadNode(Boolean skipOverWhitespace)
   at System.Xml.XmlLoader.LoadDocSequence(XmlDocument parentDoc)
   at System.Xml.XmlLoader.Load(XmlDocument doc, XmlReader reader, Boolean preserveWhitespace)
   at System.Xml.XmlDocument.Load(XmlReader reader)
   at System.Xml.XmlDocument.Load(String filename)
   at DataAnalyzer.Support.FileManager.WriteInputMessage(InputMessages Message, String FileName) in D:\NEW LIVE PROJECT\Extrnal soures\Extrnal soures\DataAnalyzer\Support\FileManager.cs:line 1102

--------------------------------------------------------------------------------------------------------
08-30-2026 05:47:18
'.', hexadecimal value 0x00, is an invalid character. Line 69648, position 14.
   at System.Xml.XmlTextReaderImpl.Throw(Exception e)
   at System.Xml.XmlTextReaderImpl.Throw(String res, String[] args)
   at System.Xml.XmlTextReaderImpl.ParseText(Int32& startPos, Int32& endPos, Int32& outOrChars)
   at System.Xml.XmlTextReaderImpl.ParseText()
   at System.Xml.XmlTextReaderImpl.ParseElementContent()
   at System.Xml.XmlTextReaderImpl.Read()
   at System.Xml.XmlLoader.LoadNode(Boolean skipOverWhitespace)
   at System.Xml.XmlLoader.LoadDocSequence(XmlDocument parentDoc)
   at System.Xml.XmlLoader.Load(XmlDocument doc, XmlReader reader, Boolean preserveWhitespace)
   at System.Xml.XmlDocument.Load(XmlReader reader)
   at System.Xml.XmlDocument.Load(String filename)
   at DataAnalyzer.Support.FileManager.WriteInputMessage(InputMessages Message, String FileName) in D:\NEW LIVE PROJECT\Extrnal soures\Extrnal soures\DataAnalyzer\Support\FileManager.cs:line 1102

--------------------------------------------------------------------------------------------------------
08-30-2026 06:05:15
'.', hexadecimal value 0x00, is an invalid character. Line 69648, position 14.
   at System.Xml.XmlTextReaderImpl.Throw(Exception e)
   at System.Xml.XmlTextReaderImpl.Throw(String res, String[] args)
   at System.Xml.XmlTextReaderImpl.ParseText(Int32& startPos, Int32& endPos, Int32& outOrChars)
   at System.Xml.XmlTextReaderImpl.ParseText()
   at System.Xml.XmlTextReaderImpl.ParseElementContent()
   at System.Xml.XmlTextReaderImpl.Read()
   at System.Xml.XmlLoader.LoadNode(Boolean skipOverWhitespace)
   at System.Xml.XmlLoader.LoadDocSequence(XmlDocument parentDoc)
   at System.Xml.XmlLoader.Load(XmlDocument doc, XmlReader reader, Boolean preserveWhitespace)
   at System.Xml.XmlDocument.Load(XmlReader reader)
   at System.Xml.XmlDocument.Load(String filename)
   at DataAnalyzer.Support.FileManager.WriteInputMessage(InputMessages Message, String FileName) in D:\NEW LIVE PROJECT\Extrnal soures\Extrnal soures\DataAnalyzer\Support\FileManager.cs:line 1102

--------------------------------------------------------------------------------------------------------
08-30-2026 06:18:58
'.', hexadecimal value 0x00, is an invalid character. Line 69648, position 14.
   at System.Xml.XmlTextReaderImpl.Throw(Exception e)
   at System.Xml.XmlTextReaderImpl.Throw(String res, String[] args)
   at System.Xml.XmlTextReaderImpl.ParseText(Int32& startPos, Int32& endPos, Int32& outOrChars)
   at System.Xml.XmlTextReaderImpl.ParseText()
   at System.Xml.XmlTextReaderImpl.ParseElementContent()
   at System.Xml.XmlTextReaderImpl.Read()
   at System.Xml.XmlLoader.LoadNode(Boolean skipOverWhitespace)
   at System.Xml.XmlLoader.LoadDocSequence(XmlDocument parentDoc)
   at System.Xml.XmlLoader.Load(XmlDocument doc, XmlReader reader, Boolean preserveWhitespace)
   at System.Xml.XmlDocument.Load(XmlReader reader)
   at System.Xml.XmlDocument.Load(String filename)
   at DataAnalyzer.Support.FileManager.WriteInputMessage(InputMessages Message, String FileName) in D:\NEW LIVE PROJECT\Extrnal soures\Extrnal soures\DataAnalyzer\Support\FileManager.cs:line 1102

--------------------------------------------------------------------------------------------------------
08-30-2026 06:20:39
'.', hexadecimal value 0x00, is an invalid character. Line 69648, position 14.
   at System.Xml.XmlTextReaderImpl.Throw(Exception e)
   at System.Xml.XmlTextReaderImpl.Throw(String res, String[] args)
   at System.Xml.XmlTextReaderImpl.ParseText(Int32& startPos, Int32& endPos, Int32& outOrChars)
   at System.Xml.XmlTextReaderImpl.ParseText()
   at System.Xml.XmlTextReaderImpl.ParseElementContent()
   at System.Xml.XmlTextReaderImpl.Read()
   at System.Xml.XmlLoader.LoadNode(Boolean skipOverWhitespace)
   at System.Xml.XmlLoader.LoadDocSequence(XmlDocument parentDoc)
   at System.Xml.XmlLoader.Load(XmlDocument doc, XmlReader reader, Boolean preserveWhitespace)
   at System.Xml.XmlDocument.Load(XmlReader reader)
   at System.Xml.XmlDocument.Load(String filename)
   at DataAnalyzer.Support.FileManager.WriteInputMessage(InputMessages Message, String FileName) in D:\NEW LIVE PROJECT\Extrnal soures\Extrnal soures\DataAnalyzer\Support\FileManager.cs:line 1102

--------------------------------------------------------------------------------------------------------
08-30-2026 06:21:14
'.', hexadecimal value 0x00, is an invalid character. Line 69648, position 14.
   at System.Xml.XmlTextReaderImpl.Throw(Exception e)
   at System.Xml.XmlTextReaderImpl.Throw(String res, String[] args)
   at System.Xml.XmlTextReaderImpl.ParseText(Int32& startPos, Int32& endPos, Int32& outOrChars)
   at System.Xml.XmlTextReaderImpl.ParseText()
   at System.Xml.XmlTextReaderImpl.ParseElementContent()
   at System.Xml.XmlTextReaderImpl.Read()
   at System.Xml.XmlLoader.LoadNode(Boolean skipOverWhitespace)
   at System.Xml.XmlLoader.LoadDocSequence(XmlDocument parentDoc)
   at System.Xml.XmlLoader.Load(XmlDocument doc, XmlReader reader, Boolean preserveWhitespace)
   at System.Xml.XmlDocument.Load(XmlReader reader)
   at System.Xml.XmlDocument.Load(String filename)
   at DataAnalyzer.Support.FileManager.WriteInputMessage(InputMessages Message, String FileName) in D:\NEW LIVE PROJECT\Extrnal soures\Extrnal soures\DataAnalyzer\Support\FileManager.cs:line 1102

--------------------------------------------------------------------------------------------------------
08-30-2026 06:23:31
'.', hexadecimal value 0x00, is an invalid character. Line 69648, position 14.
   at System.Xml.XmlTextReaderImpl.Throw(Exception e)
   at System.Xml.XmlTextReaderImpl.Throw(String res, String[] args)
   at System.Xml.XmlTextReaderImpl.ParseText(Int32& startPos, Int32& endPos, Int32& outOrChars)
   at System.Xml.XmlTextReaderImpl.ParseText()
   at System.Xml.XmlTextReaderImpl.ParseElementContent()
   at System.Xml.XmlTextReaderImpl.Read()
   at System.Xml.XmlLoader.LoadNode(Boolean skipOverWhitespace)
   at System.Xml.XmlLoader.LoadDocSequence(XmlDocument parentDoc)
   at System.Xml.XmlLoader.Load(XmlDocument doc, XmlReader reader, Boolean preserveWhitespace)
   at System.Xml.XmlDocument.Load(XmlReader reader)
   at System.Xml.XmlDocument.Load(String filename)
   at DataAnalyzer.Support.FileManager.WriteInputMessage(InputMessages Message, String FileName) in D:\NEW LIVE PROJECT\Extrnal soures\Extrnal soures\DataAnalyzer\Support\FileManager.cs:line 1102

--------------------------------------------------------------------------------------------------------
08-30-2026 06:28:39
'.', hexadecimal value 0x00, is an invalid character. Line 69648, position 14.
   at System.Xml.XmlTextReaderImpl.Throw(Exception e)
   at System.Xml.XmlTextReaderImpl.Throw(String res, String[] args)
   at System.Xml.XmlTextReaderImpl.ParseText(Int32& startPos, Int32& endPos, Int32& outOrChars)
   at System.Xml.XmlTextReaderImpl.ParseText()
   at System.Xml.XmlTextReaderImpl.ParseElementContent()
   at System.Xml.XmlTextReaderImpl.Read()
   at System.Xml.XmlLoader.LoadNode(Boolean skipOverWhitespace)
   at System.Xml.XmlLoader.LoadDocSequence(XmlDocument parentDoc)
   at System.Xml.XmlLoader.Load(XmlDocument doc, XmlReader reader, Boolean preserveWhitespace)
   at System.Xml.XmlDocument.Load(XmlReader reader)
   at System.Xml.XmlDocument.Load(String filename)
   at DataAnalyzer.Support.FileManager.WriteInputMessage(InputMessages Message, String FileName) in D:\NEW LIVE PROJECT\Extrnal soures\Extrnal soures\DataAnalyzer\Support\FileManager.cs:line 1102

--------------------------------------------------------------------------------------------------------
08-30-2026 06:31:04
'.', hexadecimal value 0x00, is an invalid character. Line 69648, position 14.
   at System.Xml.XmlTextReaderImpl.Throw(Exception e)
   at System.Xml.XmlTextReaderImpl.Throw(String res, String[] args)
   at System.Xml.XmlTextReaderImpl.ParseText(Int32& startPos, Int32& endPos, Int32& outOrChars)
   at System.Xml.XmlTextReaderImpl.ParseText()
   at System.Xml.XmlTextReaderImpl.ParseElementContent()
   at System.Xml.XmlTextReaderImpl.Read()
   at System.Xml.XmlLoader.LoadNode(Boolean skipOverWhitespace)
   at System.Xml.XmlLoader.LoadDocSequence(XmlDocument parentDoc)
   at System.Xml.XmlLoader.Load(XmlDocument doc, XmlReader reader, Boolean preserveWhitespace)
   at System.Xml.XmlDocument.Load(XmlReader reader)
   at System.Xml.XmlDocument.Load(String filename)
   at DataAnalyzer.Support.FileManager.WriteInputMessage(InputMessages Message, String FileName) in D:\NEW LIVE PROJECT\Extrnal soures\Extrnal soures\DataAnalyzer\Support\FileManager.cs:line 1102

--------------------------------------------------------------------------------------------------------
08-30-2026 06:36:46
'.', hexadecimal value 0x00, is an invalid character. Line 69648, position 14.
   at System.Xml.XmlTextReaderImpl.Throw(Exception e)
   at System.Xml.XmlTextReaderImpl.Throw(String res, String[] args)
   at System.Xml.XmlTextReaderImpl.ParseText(Int32& startPos, Int32& endPos, Int32& outOrChars)
   at System.Xml.XmlTextReaderImpl.ParseText()
   at System.Xml.XmlTextReaderImpl.ParseElementContent()
   at System.Xml.XmlTextReaderImpl.Read()
   at System.Xml.XmlLoader.LoadNode(Boolean skipOverWhitespace)
   at System.Xml.XmlLoader.LoadDocSequence(XmlDocument parentDoc)
   at System.Xml.XmlLoader.Load(XmlDocument doc, XmlReader reader, Boolean preserveWhitespace)
   at System.Xml.XmlDocument.Load(XmlReader reader)
   at System.Xml.XmlDocument.Load(String filename)
   at DataAnalyzer.Support.FileManager.WriteInputMessage(InputMessages Message, String FileName) in D:\NEW LIVE PROJECT\Extrnal soures\Extrnal soures\DataAnalyzer\Support\FileManager.cs:line 1102

--------------------------------------------------------------------------------------------------------
08-30-2026 06:46:28
'.', hexadecimal value 0x00, is an invalid character. Line 69648, position 14.
   at System.Xml.XmlTextReaderImpl.Throw(Exception e)
   at System.Xml.XmlTextReaderImpl.Throw(String res, String[] args)
   at System.Xml.XmlTextReaderImpl.ParseText(Int32& startPos, Int32& endPos, Int32& outOrChars)
   at System.Xml.XmlTextReaderImpl.ParseText()
   at System.Xml.XmlTextReaderImpl.ParseElementContent()
   at System.Xml.XmlTextReaderImpl.Read()
   at System.Xml.XmlLoader.LoadNode(Boolean skipOverWhitespace)
   at System.Xml.XmlLoader.LoadDocSequence(XmlDocument parentDoc)
   at System.Xml.XmlLoader.Load(XmlDocument doc, XmlReader reader, Boolean preserveWhitespace)
   at System.Xml.XmlDocument.Load(XmlReader reader)
   at System.Xml.XmlDocument.Load(String filename)
   at DataAnalyzer.Support.FileManager.WriteInputMessage(InputMessages Message, String FileName) in D:\NEW LIVE PROJECT\Extrnal soures\Extrnal soures\DataAnalyzer\Support\FileManager.cs:line 1102

--------------------------------------------------------------------------------------------------------
08-30-2026 06:49:20
'.', hexadecimal value 0x00, is an invalid character. Line 69648, position 14.
   at System.Xml.XmlTextReaderImpl.Throw(Exception e)
   at System.Xml.XmlTextReaderImpl.Throw(String res, String[] args)
   at System.Xml.XmlTextReaderImpl.ParseText(Int32& startPos, Int32& endPos, Int32& outOrChars)
   at System.Xml.XmlTextReaderImpl.ParseText()
   at System.Xml.XmlTextReaderImpl.ParseElementContent()
   at System.Xml.XmlTextReaderImpl.Read()
   at System.Xml.XmlLoader.LoadNode(Boolean skipOverWhitespace)
   at System.Xml.XmlLoader.LoadDocSequence(XmlDocument parentDoc)
   at System.Xml.XmlLoader.Load(XmlDocument doc, XmlReader reader, Boolean preserveWhitespace)
   at System.Xml.XmlDocument.Load(XmlReader reader)
   at System.Xml.XmlDocument.Load(String filename)
   at DataAnalyzer.Support.FileManager.WriteInputMessage(InputMessages Message, String FileName) in D:\NEW LIVE PROJECT\Extrnal soures\Extrnal soures\DataAnalyzer\Support\FileManager.cs:line 1102

--------------------------------------------------------------------------------------------------------
08-30-2026 06:53:27
'.', hexadecimal value 0x00, is an invalid character. Line 69648, position 14.
   at System.Xml.XmlTextReaderImpl.Throw(Exception e)
   at System.Xml.XmlTextReaderImpl.Throw(String res, String[] args)
   at System.Xml.XmlTextReaderImpl.ParseText(Int32& startPos, Int32& endPos, Int32& outOrChars)
   at System.Xml.XmlTextReaderImpl.ParseText()
   at System.Xml.XmlTextReaderImpl.ParseElementContent()
   at System.Xml.XmlTextReaderImpl.Read()
   at System.Xml.XmlLoader.LoadNode(Boolean skipOverWhitespace)
   at System.Xml.XmlLoader.LoadDocSequence(XmlDocument parentDoc)
   at System.Xml.XmlLoader.Load(XmlDocument doc, XmlReader reader, Boolean preserveWhitespace)
   at System.Xml.XmlDocument.Load(XmlReader reader)
   at System.Xml.XmlDocument.Load(String filename)
   at DataAnalyzer.Support.FileManager.WriteInputMessage(InputMessages Message, String FileName) in D:\NEW LIVE PROJECT\Extrnal soures\Extrnal soures\DataAnalyzer\Support\FileManager.cs:line 1102

--------------------------------------------------------------------------------------------------------
08-30-2026 06:53:36
'.', hexadecimal value 0x00, is an invalid character. Line 69648, position 14.
   at System.Xml.XmlTextReaderImpl.Throw(Exception e)
   at System.Xml.XmlTextReaderImpl.Throw(String res, String[] args)
   at System.Xml.XmlTextReaderImpl.ParseText(Int32& startPos, Int32& endPos, Int32& outOrChars)
   at System.Xml.XmlTextReaderImpl.ParseText()
   at System.Xml.XmlTextReaderImpl.ParseElementContent()
   at System.Xml.XmlTextReaderImpl.Read()
   at System.Xml.XmlLoader.LoadNode(Boolean skipOverWhitespace)
   at System.Xml.XmlLoader.LoadDocSequence(XmlDocument parentDoc)
   at System.Xml.XmlLoader.Load(XmlDocument doc, XmlReader reader, Boolean preserveWhitespace)
   at System.Xml.XmlDocument.Load(XmlReader reader)
   at System.Xml.XmlDocument.Load(String filename)
   at DataAnalyzer.Support.FileManager.WriteInputMessage(InputMessages Message, String FileName) in D:\NEW LIVE PROJECT\Extrnal soures\Extrnal soures\DataAnalyzer\Support\FileManager.cs:line 1102

--------------------------------------------------------------------------------------------------------
08-30-2026 06:53:53
'.', hexadecimal value 0x00, is an invalid character. Line 69648, position 14.
   at System.Xml.XmlTextReaderImpl.Throw(Exception e)
   at System.Xml.XmlTextReaderImpl.Throw(String res, String[] args)
   at System.Xml.XmlTextReaderImpl.ParseText(Int32& startPos, Int32& endPos, Int32& outOrChars)
   at System.Xml.XmlTextReaderImpl.ParseText()
   at System.Xml.XmlTextReaderImpl.ParseElementContent()
   at System.Xml.XmlTextReaderImpl.Read()
   at System.Xml.XmlLoader.LoadNode(Boolean skipOverWhitespace)
   at System.Xml.XmlLoader.LoadDocSequence(XmlDocument parentDoc)
   at System.Xml.XmlLoader.Load(XmlDocument doc, XmlReader reader, Boolean preserveWhitespace)
   at System.Xml.XmlDocument.Load(XmlReader reader)
   at System.Xml.XmlDocument.Load(String filename)
   at DataAnalyzer.Support.FileManager.WriteInputMessage(InputMessages Message, String FileName) in D:\NEW LIVE PROJECT\Extrnal soures\Extrnal soures\DataAnalyzer\Support\FileManager.cs:line 1102

--------------------------------------------------------------------------------------------------------
08-30-2026 06:53:53
'.', hexadecimal value 0x00, is an invalid character. Line 69648, position 14.
   at System.Xml.XmlTextReaderImpl.Throw(Exception e)
   at System.Xml.XmlTextReaderImpl.Throw(String res, String[] args)
   at System.Xml.XmlTextReaderImpl.ParseText(Int32& startPos, Int32& endPos, Int32& outOrChars)
   at System.Xml.XmlTextReaderImpl.ParseText()
   at System.Xml.XmlTextReaderImpl.ParseElementContent()
   at System.Xml.XmlTextReaderImpl.Read()
   at System.Xml.XmlLoader.LoadNode(Boolean skipOverWhitespace)
   at System.Xml.XmlLoader.LoadDocSequence(XmlDocument parentDoc)
   at System.Xml.XmlLoader.Load(XmlDocument doc, XmlReader reader, Boolean preserveWhitespace)
   at System.Xml.XmlDocument.Load(XmlReader reader)
   at System.Xml.XmlDocument.Load(String filename)
   at DataAnalyzer.Support.FileManager.WriteInputMessage(InputMessages Message, String FileName) in D:\NEW LIVE PROJECT\Extrnal soures\Extrnal soures\DataAnalyzer\Support\FileManager.cs:line 1102

--------------------------------------------------------------------------------------------------------
08-30-2026 06:54:18
'.', hexadecimal value 0x00, is an invalid character. Line 69648, position 14.
   at System.Xml.XmlTextReaderImpl.Throw(Exception e)
   at System.Xml.XmlTextReaderImpl.Throw(String res, String[] args)
   at System.Xml.XmlTextReaderImpl.ParseText(Int32& startPos, Int32& endPos, Int32& outOrChars)
   at System.Xml.XmlTextReaderImpl.ParseText()
   at System.Xml.XmlTextReaderImpl.ParseElementContent()
   at System.Xml.XmlTextReaderImpl.Read()
   at System.Xml.XmlLoader.LoadNode(Boolean skipOverWhitespace)
   at System.Xml.XmlLoader.LoadDocSequence(XmlDocument parentDoc)
   at System.Xml.XmlLoader.Load(XmlDocument doc, XmlReader reader, Boolean preserveWhitespace)
   at System.Xml.XmlDocument.Load(XmlReader reader)
   at System.Xml.XmlDocument.Load(String filename)
   at DataAnalyzer.Support.FileManager.WriteInputMessage(InputMessages Message, String FileName) in D:\NEW LIVE PROJECT\Extrnal soures\Extrnal soures\DataAnalyzer\Support\FileManager.cs:line 1102

--------------------------------------------------------------------------------------------------------
08-30-2026 06:54:53
'.', hexadecimal value 0x00, is an invalid character. Line 69648, position 14.
   at System.Xml.XmlTextReaderImpl.Throw(Exception e)
   at System.Xml.XmlTextReaderImpl.Throw(String res, String[] args)
   at System.Xml.XmlTextReaderImpl.ParseText(Int32& startPos, Int32& endPos, Int32& outOrChars)
   at System.Xml.XmlTextReaderImpl.ParseText()
   at System.Xml.XmlTextReaderImpl.ParseElementContent()
   at System.Xml.XmlTextReaderImpl.Read()
   at System.Xml.XmlLoader.LoadNode(Boolean skipOverWhitespace)
   at System.Xml.XmlLoader.LoadDocSequence(XmlDocument parentDoc)
   at System.Xml.XmlLoader.Load(XmlDocument doc, XmlReader reader, Boolean preserveWhitespace)
   at System.Xml.XmlDocument.Load(XmlReader reader)
   at System.Xml.XmlDocument.Load(String filename)
   at DataAnalyzer.Support.FileManager.WriteInputMessage(InputMessages Message, String FileName) in D:\NEW LIVE PROJECT\Extrnal soures\Extrnal soures\DataAnalyzer\Support\FileManager.cs:line 1102

--------------------------------------------------------------------------------------------------------
08-30-2026 06:55:18
'.', hexadecimal value 0x00, is an invalid character. Line 69648, position 14.
   at System.Xml.XmlTextReaderImpl.Throw(Exception e)
   at System.Xml.XmlTextReaderImpl.Throw(String res, String[] args)
   at System.Xml.XmlTextReaderImpl.ParseText(Int32& startPos, Int32& endPos, Int32& outOrChars)
   at System.Xml.XmlTextReaderImpl.ParseText()
   at System.Xml.XmlTextReaderImpl.ParseElementContent()
   at System.Xml.XmlTextReaderImpl.Read()
   at System.Xml.XmlLoader.LoadNode(Boolean skipOverWhitespace)
   at System.Xml.XmlLoader.LoadDocSequence(XmlDocument parentDoc)
   at System.Xml.XmlLoader.Load(XmlDocument doc, XmlReader reader, Boolean preserveWhitespace)
   at System.Xml.XmlDocument.Load(XmlReader reader)
   at System.Xml.XmlDocument.Load(String filename)
   at DataAnalyzer.Support.FileManager.WriteInputMessage(InputMessages Message, String FileName) in D:\NEW LIVE PROJECT\Extrnal soures\Extrnal soures\DataAnalyzer\Support\FileManager.cs:line 1102

--------------------------------------------------------------------------------------------------------
08-30-2026 06:56:01
'.', hexadecimal value 0x00, is an invalid character. Line 69648, position 14.
   at System.Xml.XmlTextReaderImpl.Throw(Exception e)
   at System.Xml.XmlTextReaderImpl.Throw(String res, String[] args)
   at System.Xml.XmlTextReaderImpl.ParseText(Int32& startPos, Int32& endPos, Int32& outOrChars)
   at System.Xml.XmlTextReaderImpl.ParseText()
   at System.Xml.XmlTextReaderImpl.ParseElementContent()
   at System.Xml.XmlTextReaderImpl.Read()
   at System.Xml.XmlLoader.LoadNode(Boolean skipOverWhitespace)
   at System.Xml.XmlLoader.LoadDocSequence(XmlDocument parentDoc)
   at System.Xml.XmlLoader.Load(XmlDocument doc, XmlReader reader, Boolean preserveWhitespace)
   at System.Xml.XmlDocument.Load(XmlReader reader)
   at System.Xml.XmlDocument.Load(String filename)
   at DataAnalyzer.Support.FileManager.WriteInputMessage(InputMessages Message, String FileName) in D:\NEW LIVE PROJECT\Extrnal soures\Extrnal soures\DataAnalyzer\Support\FileManager.cs:line 1102

--------------------------------------------------------------------------------------------------------
08-30-2026 06:56:10
'.', hexadecimal value 0x00, is an invalid character. Line 69648, position 14.
   at System.Xml.XmlTextReaderImpl.Throw(Exception e)
   at System.Xml.XmlTextReaderImpl.Throw(String res, String[] args)
   at System.Xml.XmlTextReaderImpl.ParseText(Int32& startPos, Int32& endPos, Int32& outOrChars)
   at System.Xml.XmlTextReaderImpl.ParseText()
   at System.Xml.XmlTextReaderImpl.ParseElementContent()
   at System.Xml.XmlTextReaderImpl.Read()
   at System.Xml.XmlLoader.LoadNode(Boolean skipOverWhitespace)
   at System.Xml.XmlLoader.LoadDocSequence(XmlDocument parentDoc)
   at System.Xml.XmlLoader.Load(XmlDocument doc, XmlReader reader, Boolean preserveWhitespace)
   at System.Xml.XmlDocument.Load(XmlReader reader)
   at System.Xml.XmlDocument.Load(String filename)
   at DataAnalyzer.Support.FileManager.WriteInputMessage(InputMessages Message, String FileName) in D:\NEW LIVE PROJECT\Extrnal soures\Extrnal soures\DataAnalyzer\Support\FileManager.cs:line 1102

--------------------------------------------------------------------------------------------------------
08-30-2026 06:56:18
'.', hexadecimal value 0x00, is an invalid character. Line 69648, position 14.
   at System.Xml.XmlTextReaderImpl.Throw(Exception e)
   at System.Xml.XmlTextReaderImpl.Throw(String res, String[] args)
   at System.Xml.XmlTextReaderImpl.ParseText(Int32& startPos, Int32& endPos, Int32& outOrChars)
   at System.Xml.XmlTextReaderImpl.ParseText()
   at System.Xml.XmlTextReaderImpl.ParseElementContent()
   at System.Xml.XmlTextReaderImpl.Read()
   at System.Xml.XmlLoader.LoadNode(Boolean skipOverWhitespace)
   at System.Xml.XmlLoader.LoadDocSequence(XmlDocument parentDoc)
   at System.Xml.XmlLoader.Load(XmlDocument doc, XmlReader reader, Boolean preserveWhitespace)
   at System.Xml.XmlDocument.Load(XmlReader reader)
   at System.Xml.XmlDocument.Load(String filename)
   at DataAnalyzer.Support.FileManager.WriteInputMessage(InputMessages Message, String FileName) in D:\NEW LIVE PROJECT\Extrnal soures\Extrnal soures\DataAnalyzer\Support\FileManager.cs:line 1102

--------------------------------------------------------------------------------------------------------
08-30-2026 06:56:35
'.', hexadecimal value 0x00, is an invalid character. Line 69648, position 14.
   at System.Xml.XmlTextReaderImpl.Throw(Exception e)
   at System.Xml.XmlTextReaderImpl.Throw(String res, String[] args)
   at System.Xml.XmlTextReaderImpl.ParseText(Int32& startPos, Int32& endPos, Int32& outOrChars)
   at System.Xml.XmlTextReaderImpl.ParseText()
   at System.Xml.XmlTextReaderImpl.ParseElementContent()
   at System.Xml.XmlTextReaderImpl.Read()
   at System.Xml.XmlLoader.LoadNode(Boolean skipOverWhitespace)
   at System.Xml.XmlLoader.LoadDocSequence(XmlDocument parentDoc)
   at System.Xml.XmlLoader.Load(XmlDocument doc, XmlReader reader, Boolean preserveWhitespace)
   at System.Xml.XmlDocument.Load(XmlReader reader)
   at System.Xml.XmlDocument.Load(String filename)
   at DataAnalyzer.Support.FileManager.WriteInputMessage(InputMessages Message, String FileName) in D:\NEW LIVE PROJECT\Extrnal soures\Extrnal soures\DataAnalyzer\Support\FileManager.cs:line 1102

--------------------------------------------------------------------------------------------------------
08-30-2026 06:57:01
'.', hexadecimal value 0x00, is an invalid character. Line 69648, position 14.
   at System.Xml.XmlTextReaderImpl.Throw(Exception e)
   at System.Xml.XmlTextReaderImpl.Throw(String res, String[] args)
   at System.Xml.XmlTextReaderImpl.ParseText(Int32& startPos, Int32& endPos, Int32& outOrChars)
   at System.Xml.XmlTextReaderImpl.ParseText()
   at System.Xml.XmlTextReaderImpl.ParseElementContent()
   at System.Xml.XmlTextReaderImpl.Read()
   at System.Xml.XmlLoader.LoadNode(Boolean skipOverWhitespace)
   at System.Xml.XmlLoader.LoadDocSequence(XmlDocument parentDoc)
   at System.Xml.XmlLoader.Load(XmlDocument doc, XmlReader reader, Boolean preserveWhitespace)
   at System.Xml.XmlDocument.Load(XmlReader reader)
   at System.Xml.XmlDocument.Load(String filename)
   at DataAnalyzer.Support.FileManager.WriteInputMessage(InputMessages Message, String FileName) in D:\NEW LIVE PROJECT\Extrnal soures\Extrnal soures\DataAnalyzer\Support\FileManager.cs:line 1102

--------------------------------------------------------------------------------------------------------
08-30-2026 06:57:01
'.', hexadecimal value 0x00, is an invalid character. Line 69648, position 14.
   at System.Xml.XmlTextReaderImpl.Throw(Exception e)
   at System.Xml.XmlTextReaderImpl.Throw(String res, String[] args)
   at System.Xml.XmlTextReaderImpl.ParseText(Int32& startPos, Int32& endPos, Int32& outOrChars)
   at System.Xml.XmlTextReaderImpl.ParseText()
   at System.Xml.XmlTextReaderImpl.ParseElementContent()
   at System.Xml.XmlTextReaderImpl.Read()
   at System.Xml.XmlLoader.LoadNode(Boolean skipOverWhitespace)
   at System.Xml.XmlLoader.LoadDocSequence(XmlDocument parentDoc)
   at System.Xml.XmlLoader.Load(XmlDocument doc, XmlReader reader, Boolean preserveWhitespace)
   at System.Xml.XmlDocument.Load(XmlReader reader)
   at System.Xml.XmlDocument.Load(String filename)
   at DataAnalyzer.Support.FileManager.WriteInputMessage(InputMessages Message, String FileName) in D:\NEW LIVE PROJECT\Extrnal soures\Extrnal soures\DataAnalyzer\Support\FileManager.cs:line 1102

--------------------------------------------------------------------------------------------------------
08-30-2026 06:57:10
'.', hexadecimal value 0x00, is an invalid character. Line 69648, position 14.
   at System.Xml.XmlTextReaderImpl.Throw(Exception e)
   at System.Xml.XmlTextReaderImpl.Throw(String res, String[] args)
   at System.Xml.XmlTextReaderImpl.ParseText(Int32& startPos, Int32& endPos, Int32& outOrChars)
   at System.Xml.XmlTextReaderImpl.ParseText()
   at System.Xml.XmlTextReaderImpl.ParseElementContent()
   at System.Xml.XmlTextReaderImpl.Read()
   at System.Xml.XmlLoader.LoadNode(Boolean skipOverWhitespace)
   at System.Xml.XmlLoader.LoadDocSequence(XmlDocument parentDoc)
   at System.Xml.XmlLoader.Load(XmlDocument doc, XmlReader reader, Boolean preserveWhitespace)
   at System.Xml.XmlDocument.Load(XmlReader reader)
   at System.Xml.XmlDocument.Load(String filename)
   at DataAnalyzer.Support.FileManager.WriteInputMessage(InputMessages Message, String FileName) in D:\NEW LIVE PROJECT\Extrnal soures\Extrnal soures\DataAnalyzer\Support\FileManager.cs:line 1102

--------------------------------------------------------------------------------------------------------
08-30-2026 06:57:27
'.', hexadecimal value 0x00, is an invalid character. Line 69648, position 14.
   at System.Xml.XmlTextReaderImpl.Throw(Exception e)
   at System.Xml.XmlTextReaderImpl.Throw(String res, String[] args)
   at System.Xml.XmlTextReaderImpl.ParseText(Int32& startPos, Int32& endPos, Int32& outOrChars)
   at System.Xml.XmlTextReaderImpl.ParseText()
   at System.Xml.XmlTextReaderImpl.ParseElementContent()
   at System.Xml.XmlTextReaderImpl.Read()
   at System.Xml.XmlLoader.LoadNode(Boolean skipOverWhitespace)
   at System.Xml.XmlLoader.LoadDocSequence(XmlDocument parentDoc)
   at System.Xml.XmlLoader.Load(XmlDocument doc, XmlReader reader, Boolean preserveWhitespace)
   at System.Xml.XmlDocument.Load(XmlReader reader)
   at System.Xml.XmlDocument.Load(String filename)
   at DataAnalyzer.Support.FileManager.WriteInputMessage(InputMessages Message, String FileName) in D:\NEW LIVE PROJECT\Extrnal soures\Extrnal soures\DataAnalyzer\Support\FileManager.cs:line 1102

--------------------------------------------------------------------------------------------------------
08-30-2026 06:57:44
'.', hexadecimal value 0x00, is an invalid character. Line 69648, position 14.
   at System.Xml.XmlTextReaderImpl.Throw(Exception e)
   at System.Xml.XmlTextReaderImpl.Throw(String res, String[] args)
   at System.Xml.XmlTextReaderImpl.ParseText(Int32& startPos, Int32& endPos, Int32& outOrChars)
   at System.Xml.XmlTextReaderImpl.ParseText()
   at System.Xml.XmlTextReaderImpl.ParseElementContent()
   at System.Xml.XmlTextReaderImpl.Read()
   at System.Xml.XmlLoader.LoadNode(Boolean skipOverWhitespace)
   at System.Xml.XmlLoader.LoadDocSequence(XmlDocument parentDoc)
   at System.Xml.XmlLoader.Load(XmlDocument doc, XmlReader reader, Boolean preserveWhitespace)
   at System.Xml.XmlDocument.Load(XmlReader reader)
   at System.Xml.XmlDocument.Load(String filename)
   at DataAnalyzer.Support.FileManager.WriteInputMessage(InputMessages Message, String FileName) in D:\NEW LIVE PROJECT\Extrnal soures\Extrnal soures\DataAnalyzer\Support\FileManager.cs:line 1102

--------------------------------------------------------------------------------------------------------
08-30-2026 06:57:52
'.', hexadecimal value 0x00, is an invalid character. Line 69648, position 14.
   at System.Xml.XmlTextReaderImpl.Throw(Exception e)
   at System.Xml.XmlTextReaderImpl.Throw(String res, String[] args)
   at System.Xml.XmlTextReaderImpl.ParseText(Int32& startPos, Int32& endPos, Int32& outOrChars)
   at System.Xml.XmlTextReaderImpl.ParseText()
   at System.Xml.XmlTextReaderImpl.ParseElementContent()
   at System.Xml.XmlTextReaderImpl.Read()
   at System.Xml.XmlLoader.LoadNode(Boolean skipOverWhitespace)
   at System.Xml.XmlLoader.LoadDocSequence(XmlDocument parentDoc)
   at System.Xml.XmlLoader.Load(XmlDocument doc, XmlReader reader, Boolean preserveWhitespace)
   at System.Xml.XmlDocument.Load(XmlReader reader)
   at System.Xml.XmlDocument.Load(String filename)
   at DataAnalyzer.Support.FileManager.WriteInputMessage(InputMessages Message, String FileName) in D:\NEW LIVE PROJECT\Extrnal soures\Extrnal soures\DataAnalyzer\Support\FileManager.cs:line 1102

--------------------------------------------------------------------------------------------------------
08-30-2026 06:58:01
'.', hexadecimal value 0x00, is an invalid character. Line 69648, position 14.
   at System.Xml.XmlTextReaderImpl.Throw(Exception e)
   at System.Xml.XmlTextReaderImpl.Throw(String res, String[] args)
   at System.Xml.XmlTextReaderImpl.ParseText(Int32& startPos, Int32& endPos, Int32& outOrChars)
   at System.Xml.XmlTextReaderImpl.ParseText()
   at System.Xml.XmlTextReaderImpl.ParseElementContent()
   at System.Xml.XmlTextReaderImpl.Read()
   at System.Xml.XmlLoader.LoadNode(Boolean skipOverWhitespace)
   at System.Xml.XmlLoader.LoadDocSequence(XmlDocument parentDoc)
   at System.Xml.XmlLoader.Load(XmlDocument doc, XmlReader reader, Boolean preserveWhitespace)
   at System.Xml.XmlDocument.Load(XmlReader reader)
   at System.Xml.XmlDocument.Load(String filename)
   at DataAnalyzer.Support.FileManager.WriteInputMessage(InputMessages Message, String FileName) in D:\NEW LIVE PROJECT\Extrnal soures\Extrnal soures\DataAnalyzer\Support\FileManager.cs:line 1102

--------------------------------------------------------------------------------------------------------
08-30-2026 06:59:43
'.', hexadecimal value 0x00, is an invalid character. Line 69648, position 14.
   at System.Xml.XmlTextReaderImpl.Throw(Exception e)
   at System.Xml.XmlTextReaderImpl.Throw(String res, String[] args)
   at System.Xml.XmlTextReaderImpl.ParseText(Int32& startPos, Int32& endPos, Int32& outOrChars)
   at System.Xml.XmlTextReaderImpl.ParseText()
   at System.Xml.XmlTextReaderImpl.ParseElementContent()
   at System.Xml.XmlTextReaderImpl.Read()
   at System.Xml.XmlLoader.LoadNode(Boolean skipOverWhitespace)
   at System.Xml.XmlLoader.LoadDocSequence(XmlDocument parentDoc)
   at System.Xml.XmlLoader.Load(XmlDocument doc, XmlReader reader, Boolean preserveWhitespace)
   at System.Xml.XmlDocument.Load(XmlReader reader)
   at System.Xml.XmlDocument.Load(String filename)
   at DataAnalyzer.Support.FileManager.WriteInputMessage(InputMessages Message, String FileName) in D:\NEW LIVE PROJECT\Extrnal soures\Extrnal soures\DataAnalyzer\Support\FileManager.cs:line 1102

--------------------------------------------------------------------------------------------------------
08-30-2026 07:00:52
'.', hexadecimal value 0x00, is an invalid character. Line 69648, position 14.
   at System.Xml.XmlTextReaderImpl.Throw(Exception e)
   at System.Xml.XmlTextReaderImpl.Throw(String res, String[] args)
   at System.Xml.XmlTextReaderImpl.ParseText(Int32& startPos, Int32& endPos, Int32& outOrChars)
   at System.Xml.XmlTextReaderImpl.ParseText()
   at System.Xml.XmlTextReaderImpl.ParseElementContent()
   at System.Xml.XmlTextReaderImpl.Read()
   at System.Xml.XmlLoader.LoadNode(Boolean skipOverWhitespace)
   at System.Xml.XmlLoader.LoadDocSequence(XmlDocument parentDoc)
   at System.Xml.XmlLoader.Load(XmlDocument doc, XmlReader reader, Boolean preserveWhitespace)
   at System.Xml.XmlDocument.Load(XmlReader reader)
   at System.Xml.XmlDocument.Load(String filename)
   at DataAnalyzer.Support.FileManager.WriteInputMessage(InputMessages Message, String FileName) in D:\NEW LIVE PROJECT\Extrnal soures\Extrnal soures\DataAnalyzer\Support\FileManager.cs:line 1102

--------------------------------------------------------------------------------------------------------
08-30-2026 07:03:35
'.', hexadecimal value 0x00, is an invalid character. Line 69648, position 14.
   at System.Xml.XmlTextReaderImpl.Throw(Exception e)
   at System.Xml.XmlTextReaderImpl.Throw(String res, String[] args)
   at System.Xml.XmlTextReaderImpl.ParseText(Int32& startPos, Int32& endPos, Int32& outOrChars)
   at System.Xml.XmlTextReaderImpl.ParseText()
   at System.Xml.XmlTextReaderImpl.ParseElementContent()
   at System.Xml.XmlTextReaderImpl.Read()
   at System.Xml.XmlLoader.LoadNode(Boolean skipOverWhitespace)
   at System.Xml.XmlLoader.LoadDocSequence(XmlDocument parentDoc)
   at System.Xml.XmlLoader.Load(XmlDocument doc, XmlReader reader, Boolean preserveWhitespace)
   at System.Xml.XmlDocument.Load(XmlReader reader)
   at System.Xml.XmlDocument.Load(String filename)
   at DataAnalyzer.Support.FileManager.WriteInputMessage(InputMessages Message, String FileName) in D:\NEW LIVE PROJECT\Extrnal soures\Extrnal soures\DataAnalyzer\Support\FileManager.cs:line 1102

--------------------------------------------------------------------------------------------------------
08-30-2026 07:06:09
'.', hexadecimal value 0x00, is an invalid character. Line 69648, position 14.
   at System.Xml.XmlTextReaderImpl.Throw(Exception e)
   at System.Xml.XmlTextReaderImpl.Throw(String res, String[] args)
   at System.Xml.XmlTextReaderImpl.ParseText(Int32& startPos, Int32& endPos, Int32& outOrChars)
   at System.Xml.XmlTextReaderImpl.ParseText()
   at System.Xml.XmlTextReaderImpl.ParseElementContent()
   at System.Xml.XmlTextReaderImpl.Read()
   at System.Xml.XmlLoader.LoadNode(Boolean skipOverWhitespace)
   at System.Xml.XmlLoader.LoadDocSequence(XmlDocument parentDoc)
   at System.Xml.XmlLoader.Load(XmlDocument doc, XmlReader reader, Boolean preserveWhitespace)
   at System.Xml.XmlDocument.Load(XmlReader reader)
   at System.Xml.XmlDocument.Load(String filename)
   at DataAnalyzer.Support.FileManager.WriteInputMessage(InputMessages Message, String FileName) in D:\NEW LIVE PROJECT\Extrnal soures\Extrnal soures\DataAnalyzer\Support\FileManager.cs:line 1102

--------------------------------------------------------------------------------------------------------
08-30-2026 07:08:53
'.', hexadecimal value 0x00, is an invalid character. Line 69648, position 14.
   at System.Xml.XmlTextReaderImpl.Throw(Exception e)
   at System.Xml.XmlTextReaderImpl.Throw(String res, String[] args)
   at System.Xml.XmlTextReaderImpl.ParseText(Int32& startPos, Int32& endPos, Int32& outOrChars)
   at System.Xml.XmlTextReaderImpl.ParseText()
   at System.Xml.XmlTextReaderImpl.ParseElementContent()
   at System.Xml.XmlTextReaderImpl.Read()
   at System.Xml.XmlLoader.LoadNode(Boolean skipOverWhitespace)
   at System.Xml.XmlLoader.LoadDocSequence(XmlDocument parentDoc)
   at System.Xml.XmlLoader.Load(XmlDocument doc, XmlReader reader, Boolean preserveWhitespace)
   at System.Xml.XmlDocument.Load(XmlReader reader)
   at System.Xml.XmlDocument.Load(String filename)
   at DataAnalyzer.Support.FileManager.WriteInputMessage(InputMessages Message, String FileName) in D:\NEW LIVE PROJECT\Extrnal soures\Extrnal soures\DataAnalyzer\Support\FileManager.cs:line 1102

--------------------------------------------------------------------------------------------------------
08-30-2026 07:09:00
'.', hexadecimal value 0x00, is an invalid character. Line 69648, position 14.
   at System.Xml.XmlTextReaderImpl.Throw(Exception e)
   at System.Xml.XmlTextReaderImpl.Throw(String res, String[] args)
   at System.Xml.XmlTextReaderImpl.ParseText(Int32& startPos, Int32& endPos, Int32& outOrChars)
   at System.Xml.XmlTextReaderImpl.ParseText()
   at System.Xml.XmlTextReaderImpl.ParseElementContent()
   at System.Xml.XmlTextReaderImpl.Read()
   at System.Xml.XmlLoader.LoadNode(Boolean skipOverWhitespace)
   at System.Xml.XmlLoader.LoadDocSequence(XmlDocument parentDoc)
   at System.Xml.XmlLoader.Load(XmlDocument doc, XmlReader reader, Boolean preserveWhitespace)
   at System.Xml.XmlDocument.Load(XmlReader reader)
   at System.Xml.XmlDocument.Load(String filename)
   at DataAnalyzer.Support.FileManager.WriteInputMessage(InputMessages Message, String FileName) in D:\NEW LIVE PROJECT\Extrnal soures\Extrnal soures\DataAnalyzer\Support\FileManager.cs:line 1102

--------------------------------------------------------------------------------------------------------
08-30-2026 07:09:53
'.', hexadecimal value 0x00, is an invalid character. Line 69648, position 14.
   at System.Xml.XmlTextReaderImpl.Throw(Exception e)
   at System.Xml.XmlTextReaderImpl.Throw(String res, String[] args)
   at System.Xml.XmlTextReaderImpl.ParseText(Int32& startPos, Int32& endPos, Int32& outOrChars)
   at System.Xml.XmlTextReaderImpl.ParseText()
   at System.Xml.XmlTextReaderImpl.ParseElementContent()
   at System.Xml.XmlTextReaderImpl.Read()
   at System.Xml.XmlLoader.LoadNode(Boolean skipOverWhitespace)
   at System.Xml.XmlLoader.LoadDocSequence(XmlDocument parentDoc)
   at System.Xml.XmlLoader.Load(XmlDocument doc, XmlReader reader, Boolean preserveWhitespace)
   at System.Xml.XmlDocument.Load(XmlReader reader)
   at System.Xml.XmlDocument.Load(String filename)
   at DataAnalyzer.Support.FileManager.WriteInputMessage(InputMessages Message, String FileName) in D:\NEW LIVE PROJECT\Extrnal soures\Extrnal soures\DataAnalyzer\Support\FileManager.cs:line 1102

--------------------------------------------------------------------------------------------------------
08-30-2026 07:11:43
'.', hexadecimal value 0x00, is an invalid character. Line 69648, position 14.
   at System.Xml.XmlTextReaderImpl.Throw(Exception e)
   at System.Xml.XmlTextReaderImpl.Throw(String res, String[] args)
   at System.Xml.XmlTextReaderImpl.ParseText(Int32& startPos, Int32& endPos, Int32& outOrChars)
   at System.Xml.XmlTextReaderImpl.ParseText()
   at System.Xml.XmlTextReaderImpl.ParseElementContent()
   at System.Xml.XmlTextReaderImpl.Read()
   at System.Xml.XmlLoader.LoadNode(Boolean skipOverWhitespace)
   at System.Xml.XmlLoader.LoadDocSequence(XmlDocument parentDoc)
   at System.Xml.XmlLoader.Load(XmlDocument doc, XmlReader reader, Boolean preserveWhitespace)
   at System.Xml.XmlDocument.Load(XmlReader reader)
   at System.Xml.XmlDocument.Load(String filename)
   at DataAnalyzer.Support.FileManager.WriteInputMessage(InputMessages Message, String FileName) in D:\NEW LIVE PROJECT\Extrnal soures\Extrnal soures\DataAnalyzer\Support\FileManager.cs:line 1102

--------------------------------------------------------------------------------------------------------
08-30-2026 07:14:17
'.', hexadecimal value 0x00, is an invalid character. Line 69648, position 14.
   at System.Xml.XmlTextReaderImpl.Throw(Exception e)
   at System.Xml.XmlTextReaderImpl.Throw(String res, String[] args)
   at System.Xml.XmlTextReaderImpl.ParseText(Int32& startPos, Int32& endPos, Int32& outOrChars)
   at System.Xml.XmlTextReaderImpl.ParseText()
   at System.Xml.XmlTextReaderImpl.ParseElementContent()
   at System.Xml.XmlTextReaderImpl.Read()
   at System.Xml.XmlLoader.LoadNode(Boolean skipOverWhitespace)
   at System.Xml.XmlLoader.LoadDocSequence(XmlDocument parentDoc)
   at System.Xml.XmlLoader.Load(XmlDocument doc, XmlReader reader, Boolean preserveWhitespace)
   at System.Xml.XmlDocument.Load(XmlReader reader)
   at System.Xml.XmlDocument.Load(String filename)
   at DataAnalyzer.Support.FileManager.WriteInputMessage(InputMessages Message, String FileName) in D:\NEW LIVE PROJECT\Extrnal soures\Extrnal soures\DataAnalyzer\Support\FileManager.cs:line 1102

--------------------------------------------------------------------------------------------------------
08-30-2026 07:17:08
'.', hexadecimal value 0x00, is an invalid character. Line 69648, position 14.
   at System.Xml.XmlTextReaderImpl.Throw(Exception e)
   at System.Xml.XmlTextReaderImpl.Throw(String res, String[] args)
   at System.Xml.XmlTextReaderImpl.ParseText(Int32& startPos, Int32& endPos, Int32& outOrChars)
   at System.Xml.XmlTextReaderImpl.ParseText()
   at System.Xml.XmlTextReaderImpl.ParseElementContent()
   at System.Xml.XmlTextReaderImpl.Read()
   at System.Xml.XmlLoader.LoadNode(Boolean skipOverWhitespace)
   at System.Xml.XmlLoader.LoadDocSequence(XmlDocument parentDoc)
   at System.Xml.XmlLoader.Load(XmlDocument doc, XmlReader reader, Boolean preserveWhitespace)
   at System.Xml.XmlDocument.Load(XmlReader reader)
   at System.Xml.XmlDocument.Load(String filename)
   at DataAnalyzer.Support.FileManager.WriteInputMessage(InputMessages Message, String FileName) in D:\NEW LIVE PROJECT\Extrnal soures\Extrnal soures\DataAnalyzer\Support\FileManager.cs:line 1102

--------------------------------------------------------------------------------------------------------
08-30-2026 07:19:51
'.', hexadecimal value 0x00, is an invalid character. Line 69648, position 14.
   at System.Xml.XmlTextReaderImpl.Throw(Exception e)
   at System.Xml.XmlTextReaderImpl.Throw(String res, String[] args)
   at System.Xml.XmlTextReaderImpl.ParseText(Int32& startPos, Int32& endPos, Int32& outOrChars)
   at System.Xml.XmlTextReaderImpl.ParseText()
   at System.Xml.XmlTextReaderImpl.ParseElementContent()
   at System.Xml.XmlTextReaderImpl.Read()
   at System.Xml.XmlLoader.LoadNode(Boolean skipOverWhitespace)
   at System.Xml.XmlLoader.LoadDocSequence(XmlDocument parentDoc)
   at System.Xml.XmlLoader.Load(XmlDocument doc, XmlReader reader, Boolean preserveWhitespace)
   at System.Xml.XmlDocument.Load(XmlReader reader)
   at System.Xml.XmlDocument.Load(String filename)
   at DataAnalyzer.Support.FileManager.WriteInputMessage(InputMessages Message, String FileName) in D:\NEW LIVE PROJECT\Extrnal soures\Extrnal soures\DataAnalyzer\Support\FileManager.cs:line 1102

--------------------------------------------------------------------------------------------------------
08-30-2026 07:20:08
'.', hexadecimal value 0x00, is an invalid character. Line 69648, position 14.
   at System.Xml.XmlTextReaderImpl.Throw(Exception e)
   at System.Xml.XmlTextReaderImpl.Throw(String res, String[] args)
   at System.Xml.XmlTextReaderImpl.ParseText(Int32& startPos, Int32& endPos, Int32& outOrChars)
   at System.Xml.XmlTextReaderImpl.ParseText()
   at System.Xml.XmlTextReaderImpl.ParseElementContent()
   at System.Xml.XmlTextReaderImpl.Read()
   at System.Xml.XmlLoader.LoadNode(Boolean skipOverWhitespace)
   at System.Xml.XmlLoader.LoadDocSequence(XmlDocument parentDoc)
   at System.Xml.XmlLoader.Load(XmlDocument doc, XmlReader reader, Boolean preserveWhitespace)
   at System.Xml.XmlDocument.Load(XmlReader reader)
   at System.Xml.XmlDocument.Load(String filename)
   at DataAnalyzer.Support.FileManager.WriteInputMessage(InputMessages Message, String FileName) in D:\NEW LIVE PROJECT\Extrnal soures\Extrnal soures\DataAnalyzer\Support\FileManager.cs:line 1102

--------------------------------------------------------------------------------------------------------
08-30-2026 07:22:51
'.', hexadecimal value 0x00, is an invalid character. Line 69648, position 14.
   at System.Xml.XmlTextReaderImpl.Throw(Exception e)
   at System.Xml.XmlTextReaderImpl.Throw(String res, String[] args)
   at System.Xml.XmlTextReaderImpl.ParseText(Int32& startPos, Int32& endPos, Int32& outOrChars)
   at System.Xml.XmlTextReaderImpl.ParseText()
   at System.Xml.XmlTextReaderImpl.ParseElementContent()
   at System.Xml.XmlTextReaderImpl.Read()
   at System.Xml.XmlLoader.LoadNode(Boolean skipOverWhitespace)
   at System.Xml.XmlLoader.LoadDocSequence(XmlDocument parentDoc)
   at System.Xml.XmlLoader.Load(XmlDocument doc, XmlReader reader, Boolean preserveWhitespace)
   at System.Xml.XmlDocument.Load(XmlReader reader)
   at System.Xml.XmlDocument.Load(String filename)
   at DataAnalyzer.Support.FileManager.WriteInputMessage(InputMessages Message, String FileName) in D:\NEW LIVE PROJECT\Extrnal soures\Extrnal soures\DataAnalyzer\Support\FileManager.cs:line 1102

--------------------------------------------------------------------------------------------------------
08-30-2026 07:23:08
'.', hexadecimal value 0x00, is an invalid character. Line 69648, position 14.
   at System.Xml.XmlTextReaderImpl.Throw(Exception e)
   at System.Xml.XmlTextReaderImpl.Throw(String res, String[] args)
   at System.Xml.XmlTextReaderImpl.ParseText(Int32& startPos, Int32& endPos, Int32& outOrChars)
   at System.Xml.XmlTextReaderImpl.ParseText()
   at System.Xml.XmlTextReaderImpl.ParseElementContent()
   at System.Xml.XmlTextReaderImpl.Read()
   at System.Xml.XmlLoader.LoadNode(Boolean skipOverWhitespace)
   at System.Xml.XmlLoader.LoadDocSequence(XmlDocument parentDoc)
   at System.Xml.XmlLoader.Load(XmlDocument doc, XmlReader reader, Boolean preserveWhitespace)
   at System.Xml.XmlDocument.Load(XmlReader reader)
   at System.Xml.XmlDocument.Load(String filename)
   at DataAnalyzer.Support.FileManager.WriteInputMessage(InputMessages Message, String FileName) in D:\NEW LIVE PROJECT\Extrnal soures\Extrnal soures\DataAnalyzer\Support\FileManager.cs:line 1102

--------------------------------------------------------------------------------------------------------
08-30-2026 07:25:34
'.', hexadecimal value 0x00, is an invalid character. Line 69648, position 14.
   at System.Xml.XmlTextReaderImpl.Throw(Exception e)
   at System.Xml.XmlTextReaderImpl.Throw(String res, String[] args)
   at System.Xml.XmlTextReaderImpl.ParseText(Int32& startPos, Int32& endPos, Int32& outOrChars)
   at System.Xml.XmlTextReaderImpl.ParseText()
   at System.Xml.XmlTextReaderImpl.ParseElementContent()
   at System.Xml.XmlTextReaderImpl.Read()
   at System.Xml.XmlLoader.LoadNode(Boolean skipOverWhitespace)
   at System.Xml.XmlLoader.LoadDocSequence(XmlDocument parentDoc)
   at System.Xml.XmlLoader.Load(XmlDocument doc, XmlReader reader, Boolean preserveWhitespace)
   at System.Xml.XmlDocument.Load(XmlReader reader)
   at System.Xml.XmlDocument.Load(String filename)
   at DataAnalyzer.Support.FileManager.WriteInputMessage(InputMessages Message, String FileName) in D:\NEW LIVE PROJECT\Extrnal soures\Extrnal soures\DataAnalyzer\Support\FileManager.cs:line 1102

--------------------------------------------------------------------------------------------------------
08-30-2026 07:28:25
'.', hexadecimal value 0x00, is an invalid character. Line 69648, position 14.
   at System.Xml.XmlTextReaderImpl.Throw(Exception e)
   at System.Xml.XmlTextReaderImpl.Throw(String res, String[] args)
   at System.Xml.XmlTextReaderImpl.ParseText(Int32& startPos, Int32& endPos, Int32& outOrChars)
   at System.Xml.XmlTextReaderImpl.ParseText()
   at System.Xml.XmlTextReaderImpl.ParseElementContent()
   at System.Xml.XmlTextReaderImpl.Read()
   at System.Xml.XmlLoader.LoadNode(Boolean skipOverWhitespace)
   at System.Xml.XmlLoader.LoadDocSequence(XmlDocument parentDoc)
   at System.Xml.XmlLoader.Load(XmlDocument doc, XmlReader reader, Boolean preserveWhitespace)
   at System.Xml.XmlDocument.Load(XmlReader reader)
   at System.Xml.XmlDocument.Load(String filename)
   at DataAnalyzer.Support.FileManager.WriteInputMessage(InputMessages Message, String FileName) in D:\NEW LIVE PROJECT\Extrnal soures\Extrnal soures\DataAnalyzer\Support\FileManager.cs:line 1102

--------------------------------------------------------------------------------------------------------
08-30-2026 07:28:39
'.', hexadecimal value 0x00, is an invalid character. Line 69648, position 14.
   at System.Xml.XmlTextReaderImpl.Throw(Exception e)
   at System.Xml.XmlTextReaderImpl.Throw(String res, String[] args)
   at System.Xml.XmlTextReaderImpl.ParseText(Int32& startPos, Int32& endPos, Int32& outOrChars)
   at System.Xml.XmlTextReaderImpl.ParseText()
   at System.Xml.XmlTextReaderImpl.ParseElementContent()
   at System.Xml.XmlTextReaderImpl.Read()
   at System.Xml.XmlLoader.LoadNode(Boolean skipOverWhitespace)
   at System.Xml.XmlLoader.LoadDocSequence(XmlDocument parentDoc)
   at System.Xml.XmlLoader.Load(XmlDocument doc, XmlReader reader, Boolean preserveWhitespace)
   at System.Xml.XmlDocument.Load(XmlReader reader)
   at System.Xml.XmlDocument.Load(String filename)
   at DataAnalyzer.Support.FileManager.WriteInputMessage(InputMessages Message, String FileName) in D:\NEW LIVE PROJECT\Extrnal soures\Extrnal soures\DataAnalyzer\Support\FileManager.cs:line 1102

--------------------------------------------------------------------------------------------------------
08-30-2026 07:28:39
'.', hexadecimal value 0x00, is an invalid character. Line 69648, position 14.
   at System.Xml.XmlTextReaderImpl.Throw(Exception e)
   at System.Xml.XmlTextReaderImpl.Throw(String res, String[] args)
   at System.Xml.XmlTextReaderImpl.ParseText(Int32& startPos, Int32& endPos, Int32& outOrChars)
   at System.Xml.XmlTextReaderImpl.ParseText()
   at System.Xml.XmlTextReaderImpl.ParseElementContent()
   at System.Xml.XmlTextReaderImpl.Read()
   at System.Xml.XmlLoader.LoadNode(Boolean skipOverWhitespace)
   at System.Xml.XmlLoader.LoadDocSequence(XmlDocument parentDoc)
   at System.Xml.XmlLoader.Load(XmlDocument doc, XmlReader reader, Boolean preserveWhitespace)
   at System.Xml.XmlDocument.Load(XmlReader reader)
   at System.Xml.XmlDocument.Load(String filename)
   at DataAnalyzer.Support.FileManager.WriteInputMessage(InputMessages Message, String FileName) in D:\NEW LIVE PROJECT\Extrnal soures\Extrnal soures\DataAnalyzer\Support\FileManager.cs:line 1102

--------------------------------------------------------------------------------------------------------
08-30-2026 07:28:40
'.', hexadecimal value 0x00, is an invalid character. Line 69648, position 14.
   at System.Xml.XmlTextReaderImpl.Throw(Exception e)
   at System.Xml.XmlTextReaderImpl.Throw(String res, String[] args)
   at System.Xml.XmlTextReaderImpl.ParseText(Int32& startPos, Int32& endPos, Int32& outOrChars)
   at System.Xml.XmlTextReaderImpl.ParseText()
   at System.Xml.XmlTextReaderImpl.ParseElementContent()
   at System.Xml.XmlTextReaderImpl.Read()
   at System.Xml.XmlLoader.LoadNode(Boolean skipOverWhitespace)
   at System.Xml.XmlLoader.LoadDocSequence(XmlDocument parentDoc)
   at System.Xml.XmlLoader.Load(XmlDocument doc, XmlReader reader, Boolean preserveWhitespace)
   at System.Xml.XmlDocument.Load(XmlReader reader)
   at System.Xml.XmlDocument.Load(String filename)
   at DataAnalyzer.Support.FileManager.WriteInputMessage(InputMessages Message, String FileName) in D:\NEW LIVE PROJECT\Extrnal soures\Extrnal soures\DataAnalyzer\Support\FileManager.cs:line 1102

--------------------------------------------------------------------------------------------------------
08-30-2026 07:28:40
'.', hexadecimal value 0x00, is an invalid character. Line 69648, position 14.
   at System.Xml.XmlTextReaderImpl.Throw(Exception e)
   at System.Xml.XmlTextReaderImpl.Throw(String res, String[] args)
   at System.Xml.XmlTextReaderImpl.ParseText(Int32& startPos, Int32& endPos, Int32& outOrChars)
   at System.Xml.XmlTextReaderImpl.ParseText()
   at System.Xml.XmlTextReaderImpl.ParseElementContent()
   at System.Xml.XmlTextReaderImpl.Read()
   at System.Xml.XmlLoader.LoadNode(Boolean skipOverWhitespace)
   at System.Xml.XmlLoader.LoadDocSequence(XmlDocument parentDoc)
   at System.Xml.XmlLoader.Load(XmlDocument doc, XmlReader reader, Boolean preserveWhitespace)
   at System.Xml.XmlDocument.Load(XmlReader reader)
   at System.Xml.XmlDocument.Load(String filename)
   at DataAnalyzer.Support.FileManager.WriteInputMessage(InputMessages Message, String FileName) in D:\NEW LIVE PROJECT\Extrnal soures\Extrnal soures\DataAnalyzer\Support\FileManager.cs:line 1102

--------------------------------------------------------------------------------------------------------
08-30-2026 07:28:40
'.', hexadecimal value 0x00, is an invalid character. Line 69648, position 14.
   at System.Xml.XmlTextReaderImpl.Throw(Exception e)
   at System.Xml.XmlTextReaderImpl.Throw(String res, String[] args)
   at System.Xml.XmlTextReaderImpl.ParseText(Int32& startPos, Int32& endPos, Int32& outOrChars)
   at System.Xml.XmlTextReaderImpl.ParseText()
   at System.Xml.XmlTextReaderImpl.ParseElementContent()
   at System.Xml.XmlTextReaderImpl.Read()
   at System.Xml.XmlLoader.LoadNode(Boolean skipOverWhitespace)
   at System.Xml.XmlLoader.LoadDocSequence(XmlDocument parentDoc)
   at System.Xml.XmlLoader.Load(XmlDocument doc, XmlReader reader, Boolean preserveWhitespace)
   at System.Xml.XmlDocument.Load(XmlReader reader)
   at System.Xml.XmlDocument.Load(String filename)
   at DataAnalyzer.Support.FileManager.WriteInputMessage(InputMessages Message, String FileName) in D:\NEW LIVE PROJECT\Extrnal soures\Extrnal soures\DataAnalyzer\Support\FileManager.cs:line 1102

--------------------------------------------------------------------------------------------------------
08-30-2026 07:28:40
'.', hexadecimal value 0x00, is an invalid character. Line 69648, position 14.
   at System.Xml.XmlTextReaderImpl.Throw(Exception e)
   at System.Xml.XmlTextReaderImpl.Throw(String res, String[] args)
   at System.Xml.XmlTextReaderImpl.ParseText(Int32& startPos, Int32& endPos, Int32& outOrChars)
   at System.Xml.XmlTextReaderImpl.ParseText()
   at System.Xml.XmlTextReaderImpl.ParseElementContent()
   at System.Xml.XmlTextReaderImpl.Read()
   at System.Xml.XmlLoader.LoadNode(Boolean skipOverWhitespace)
   at System.Xml.XmlLoader.LoadDocSequence(XmlDocument parentDoc)
   at System.Xml.XmlLoader.Load(XmlDocument doc, XmlReader reader, Boolean preserveWhitespace)
   at System.Xml.XmlDocument.Load(XmlReader reader)
   at System.Xml.XmlDocument.Load(String filename)
   at DataAnalyzer.Support.FileManager.WriteInputMessage(InputMessages Message, String FileName) in D:\NEW LIVE PROJECT\Extrnal soures\Extrnal soures\DataAnalyzer\Support\FileManager.cs:line 1102

--------------------------------------------------------------------------------------------------------
08-30-2026 07:28:40
'.', hexadecimal value 0x00, is an invalid character. Line 69648, position 14.
   at System.Xml.XmlTextReaderImpl.Throw(Exception e)
   at System.Xml.XmlTextReaderImpl.Throw(String res, String[] args)
   at System.Xml.XmlTextReaderImpl.ParseText(Int32& startPos, Int32& endPos, Int32& outOrChars)
   at System.Xml.XmlTextReaderImpl.ParseText()
   at System.Xml.XmlTextReaderImpl.ParseElementContent()
   at System.Xml.XmlTextReaderImpl.Read()
   at System.Xml.XmlLoader.LoadNode(Boolean skipOverWhitespace)
   at System.Xml.XmlLoader.LoadDocSequence(XmlDocument parentDoc)
   at System.Xml.XmlLoader.Load(XmlDocument doc, XmlReader reader, Boolean preserveWhitespace)
   at System.Xml.XmlDocument.Load(XmlReader reader)
   at System.Xml.XmlDocument.Load(String filename)
   at DataAnalyzer.Support.FileManager.WriteInputMessage(InputMessages Message, String FileName) in D:\NEW LIVE PROJECT\Extrnal soures\Extrnal soures\DataAnalyzer\Support\FileManager.cs:line 1102

--------------------------------------------------------------------------------------------------------
08-30-2026 07:28:40
'.', hexadecimal value 0x00, is an invalid character. Line 69648, position 14.
   at System.Xml.XmlTextReaderImpl.Throw(Exception e)
   at System.Xml.XmlTextReaderImpl.Throw(String res, String[] args)
   at System.Xml.XmlTextReaderImpl.ParseText(Int32& startPos, Int32& endPos, Int32& outOrChars)
   at System.Xml.XmlTextReaderImpl.ParseText()
   at System.Xml.XmlTextReaderImpl.ParseElementContent()
   at System.Xml.XmlTextReaderImpl.Read()
   at System.Xml.XmlLoader.LoadNode(Boolean skipOverWhitespace)
   at System.Xml.XmlLoader.LoadDocSequence(XmlDocument parentDoc)
   at System.Xml.XmlLoader.Load(XmlDocument doc, XmlReader reader, Boolean preserveWhitespace)
   at System.Xml.XmlDocument.Load(XmlReader reader)
   at System.Xml.XmlDocument.Load(String filename)
   at DataAnalyzer.Support.FileManager.WriteInputMessage(InputMessages Message, String FileName) in D:\NEW LIVE PROJECT\Extrnal soures\Extrnal soures\DataAnalyzer\Support\FileManager.cs:line 1102

--------------------------------------------------------------------------------------------------------
08-30-2026 07:28:40
'.', hexadecimal value 0x00, is an invalid character. Line 69648, position 14.
   at System.Xml.XmlTextReaderImpl.Throw(Exception e)
   at System.Xml.XmlTextReaderImpl.Throw(String res, String[] args)
   at System.Xml.XmlTextReaderImpl.ParseText(Int32& startPos, Int32& endPos, Int32& outOrChars)
   at System.Xml.XmlTextReaderImpl.ParseText()
   at System.Xml.XmlTextReaderImpl.ParseElementContent()
   at System.Xml.XmlTextReaderImpl.Read()
   at System.Xml.XmlLoader.LoadNode(Boolean skipOverWhitespace)
   at System.Xml.XmlLoader.LoadDocSequence(XmlDocument parentDoc)
   at System.Xml.XmlLoader.Load(XmlDocument doc, XmlReader reader, Boolean preserveWhitespace)
   at System.Xml.XmlDocument.Load(XmlReader reader)
   at System.Xml.XmlDocument.Load(String filename)
   at DataAnalyzer.Support.FileManager.WriteInputMessage(InputMessages Message, String FileName) in D:\NEW LIVE PROJECT\Extrnal soures\Extrnal soures\DataAnalyzer\Support\FileManager.cs:line 1102

--------------------------------------------------------------------------------------------------------
08-30-2026 07:28:41
'.', hexadecimal value 0x00, is an invalid character. Line 69648, position 14.
   at System.Xml.XmlTextReaderImpl.Throw(Exception e)
   at System.Xml.XmlTextReaderImpl.Throw(String res, String[] args)
   at System.Xml.XmlTextReaderImpl.ParseText(Int32& startPos, Int32& endPos, Int32& outOrChars)
   at System.Xml.XmlTextReaderImpl.ParseText()
   at System.Xml.XmlTextReaderImpl.ParseElementContent()
   at System.Xml.XmlTextReaderImpl.Read()
   at System.Xml.XmlLoader.LoadNode(Boolean skipOverWhitespace)
   at System.Xml.XmlLoader.LoadDocSequence(XmlDocument parentDoc)
   at System.Xml.XmlLoader.Load(XmlDocument doc, XmlReader reader, Boolean preserveWhitespace)
   at System.Xml.XmlDocument.Load(XmlReader reader)
   at System.Xml.XmlDocument.Load(String filename)
   at DataAnalyzer.Support.FileManager.WriteInputMessage(InputMessages Message, String FileName) in D:\NEW LIVE PROJECT\Extrnal soures\Extrnal soures\DataAnalyzer\Support\FileManager.cs:line 1102

--------------------------------------------------------------------------------------------------------
08-30-2026 07:28:41
'.', hexadecimal value 0x00, is an invalid character. Line 69648, position 14.
   at System.Xml.XmlTextReaderImpl.Throw(Exception e)
   at System.Xml.XmlTextReaderImpl.Throw(String res, String[] args)
   at System.Xml.XmlTextReaderImpl.ParseText(Int32& startPos, Int32& endPos, Int32& outOrChars)
   at System.Xml.XmlTextReaderImpl.ParseText()
   at System.Xml.XmlTextReaderImpl.ParseElementContent()
   at System.Xml.XmlTextReaderImpl.Read()
   at System.Xml.XmlLoader.LoadNode(Boolean skipOverWhitespace)
   at System.Xml.XmlLoader.LoadDocSequence(XmlDocument parentDoc)
   at System.Xml.XmlLoader.Load(XmlDocument doc, XmlReader reader, Boolean preserveWhitespace)
   at System.Xml.XmlDocument.Load(XmlReader reader)
   at System.Xml.XmlDocument.Load(String filename)
   at DataAnalyzer.Support.FileManager.WriteInputMessage(InputMessages Message, String FileName) in D:\NEW LIVE PROJECT\Extrnal soures\Extrnal soures\DataAnalyzer\Support\FileManager.cs:line 1102

--------------------------------------------------------------------------------------------------------
08-30-2026 07:28:41
'.', hexadecimal value 0x00, is an invalid character. Line 69648, position 14.
   at System.Xml.XmlTextReaderImpl.Throw(Exception e)
   at System.Xml.XmlTextReaderImpl.Throw(String res, String[] args)
   at System.Xml.XmlTextReaderImpl.ParseText(Int32& startPos, Int32& endPos, Int32& outOrChars)
   at System.Xml.XmlTextReaderImpl.ParseText()
   at System.Xml.XmlTextReaderImpl.ParseElementContent()
   at System.Xml.XmlTextReaderImpl.Read()
   at System.Xml.XmlLoader.LoadNode(Boolean skipOverWhitespace)
   at System.Xml.XmlLoader.LoadDocSequence(XmlDocument parentDoc)
   at System.Xml.XmlLoader.Load(XmlDocument doc, XmlReader reader, Boolean preserveWhitespace)
   at System.Xml.XmlDocument.Load(XmlReader reader)
   at System.Xml.XmlDocument.Load(String filename)
   at DataAnalyzer.Support.FileManager.WriteInputMessage(InputMessages Message, String FileName) in D:\NEW LIVE PROJECT\Extrnal soures\Extrnal soures\DataAnalyzer\Support\FileManager.cs:line 1102

--------------------------------------------------------------------------------------------------------
08-30-2026 07:28:41
'.', hexadecimal value 0x00, is an invalid character. Line 69648, position 14.
   at System.Xml.XmlTextReaderImpl.Throw(Exception e)
   at System.Xml.XmlTextReaderImpl.Throw(String res, String[] args)
   at System.Xml.XmlTextReaderImpl.ParseText(Int32& startPos, Int32& endPos, Int32& outOrChars)
   at System.Xml.XmlTextReaderImpl.ParseText()
   at System.Xml.XmlTextReaderImpl.ParseElementContent()
   at System.Xml.XmlTextReaderImpl.Read()
   at System.Xml.XmlLoader.LoadNode(Boolean skipOverWhitespace)
   at System.Xml.XmlLoader.LoadDocSequence(XmlDocument parentDoc)
   at System.Xml.XmlLoader.Load(XmlDocument doc, XmlReader reader, Boolean preserveWhitespace)
   at System.Xml.XmlDocument.Load(XmlReader reader)
   at System.Xml.XmlDocument.Load(String filename)
   at DataAnalyzer.Support.FileManager.WriteInputMessage(InputMessages Message, String FileName) in D:\NEW LIVE PROJECT\Extrnal soures\Extrnal soures\DataAnalyzer\Support\FileManager.cs:line 1102

--------------------------------------------------------------------------------------------------------
08-30-2026 07:28:41
'.', hexadecimal value 0x00, is an invalid character. Line 69648, position 14.
   at System.Xml.XmlTextReaderImpl.Throw(Exception e)
   at System.Xml.XmlTextReaderImpl.Throw(String res, String[] args)
   at System.Xml.XmlTextReaderImpl.ParseText(Int32& startPos, Int32& endPos, Int32& outOrChars)
   at System.Xml.XmlTextReaderImpl.ParseText()
   at System.Xml.XmlTextReaderImpl.ParseElementContent()
   at System.Xml.XmlTextReaderImpl.Read()
   at System.Xml.XmlLoader.LoadNode(Boolean skipOverWhitespace)
   at System.Xml.XmlLoader.LoadDocSequence(XmlDocument parentDoc)
   at System.Xml.XmlLoader.Load(XmlDocument doc, XmlReader reader, Boolean preserveWhitespace)
   at System.Xml.XmlDocument.Load(XmlReader reader)
   at System.Xml.XmlDocument.Load(String filename)
   at DataAnalyzer.Support.FileManager.WriteInputMessage(InputMessages Message, String FileName) in D:\NEW LIVE PROJECT\Extrnal soures\Extrnal soures\DataAnalyzer\Support\FileManager.cs:line 1102

--------------------------------------------------------------------------------------------------------
08-30-2026 07:28:42
'.', hexadecimal value 0x00, is an invalid character. Line 69648, position 14.
   at System.Xml.XmlTextReaderImpl.Throw(Exception e)
   at System.Xml.XmlTextReaderImpl.Throw(String res, String[] args)
   at System.Xml.XmlTextReaderImpl.ParseText(Int32& startPos, Int32& endPos, Int32& outOrChars)
   at System.Xml.XmlTextReaderImpl.ParseText()
   at System.Xml.XmlTextReaderImpl.ParseElementContent()
   at System.Xml.XmlTextReaderImpl.Read()
   at System.Xml.XmlLoader.LoadNode(Boolean skipOverWhitespace)
   at System.Xml.XmlLoader.LoadDocSequence(XmlDocument parentDoc)
   at System.Xml.XmlLoader.Load(XmlDocument doc, XmlReader reader, Boolean preserveWhitespace)
   at System.Xml.XmlDocument.Load(XmlReader reader)
   at System.Xml.XmlDocument.Load(String filename)
   at DataAnalyzer.Support.FileManager.WriteInputMessage(InputMessages Message, String FileName) in D:\NEW LIVE PROJECT\Extrnal soures\Extrnal soures\DataAnalyzer\Support\FileManager.cs:line 1102

--------------------------------------------------------------------------------------------------------
08-30-2026 07:28:43
'.', hexadecimal value 0x00, is an invalid character. Line 69648, position 14.
   at System.Xml.XmlTextReaderImpl.Throw(Exception e)
   at System.Xml.XmlTextReaderImpl.Throw(String res, String[] args)
   at System.Xml.XmlTextReaderImpl.ParseText(Int32& startPos, Int32& endPos, Int32& outOrChars)
   at System.Xml.XmlTextReaderImpl.ParseText()
   at System.Xml.XmlTextReaderImpl.ParseElementContent()
   at System.Xml.XmlTextReaderImpl.Read()
   at System.Xml.XmlLoader.LoadNode(Boolean skipOverWhitespace)
   at System.Xml.XmlLoader.LoadDocSequence(XmlDocument parentDoc)
   at System.Xml.XmlLoader.Load(XmlDocument doc, XmlReader reader, Boolean preserveWhitespace)
   at System.Xml.XmlDocument.Load(XmlReader reader)
   at System.Xml.XmlDocument.Load(String filename)
   at DataAnalyzer.Support.FileManager.WriteInputMessage(InputMessages Message, String FileName) in D:\NEW LIVE PROJECT\Extrnal soures\Extrnal soures\DataAnalyzer\Support\FileManager.cs:line 1102

--------------------------------------------------------------------------------------------------------
08-30-2026 07:28:45
'.', hexadecimal value 0x00, is an invalid character. Line 69648, position 14.
   at System.Xml.XmlTextReaderImpl.Throw(Exception e)
   at System.Xml.XmlTextReaderImpl.Throw(String res, String[] args)
   at System.Xml.XmlTextReaderImpl.ParseText(Int32& startPos, Int32& endPos, Int32& outOrChars)
   at System.Xml.XmlTextReaderImpl.ParseText()
   at System.Xml.XmlTextReaderImpl.ParseElementContent()
   at System.Xml.XmlTextReaderImpl.Read()
   at System.Xml.XmlLoader.LoadNode(Boolean skipOverWhitespace)
   at System.Xml.XmlLoader.LoadDocSequence(XmlDocument parentDoc)
   at System.Xml.XmlLoader.Load(XmlDocument doc, XmlReader reader, Boolean preserveWhitespace)
   at System.Xml.XmlDocument.Load(XmlReader reader)
   at System.Xml.XmlDocument.Load(String filename)
   at DataAnalyzer.Support.FileManager.WriteInputMessage(InputMessages Message, String FileName) in D:\NEW LIVE PROJECT\Extrnal soures\Extrnal soures\DataAnalyzer\Support\FileManager.cs:line 1102

--------------------------------------------------------------------------------------------------------
08-30-2026 07:28:45
'.', hexadecimal value 0x00, is an invalid character. Line 69648, position 14.
   at System.Xml.XmlTextReaderImpl.Throw(Exception e)
   at System.Xml.XmlTextReaderImpl.Throw(String res, String[] args)
   at System.Xml.XmlTextReaderImpl.ParseText(Int32& startPos, Int32& endPos, Int32& outOrChars)
   at System.Xml.XmlTextReaderImpl.ParseText()
   at System.Xml.XmlTextReaderImpl.ParseElementContent()
   at System.Xml.XmlTextReaderImpl.Read()
   at System.Xml.XmlLoader.LoadNode(Boolean skipOverWhitespace)
   at System.Xml.XmlLoader.LoadDocSequence(XmlDocument parentDoc)
   at System.Xml.XmlLoader.Load(XmlDocument doc, XmlReader reader, Boolean preserveWhitespace)
   at System.Xml.XmlDocument.Load(XmlReader reader)
   at System.Xml.XmlDocument.Load(String filename)
   at DataAnalyzer.Support.FileManager.WriteInputMessage(InputMessages Message, String FileName) in D:\NEW LIVE PROJECT\Extrnal soures\Extrnal soures\DataAnalyzer\Support\FileManager.cs:line 1102

--------------------------------------------------------------------------------------------------------
08-30-2026 07:28:45
'.', hexadecimal value 0x00, is an invalid character. Line 69648, position 14.
   at System.Xml.XmlTextReaderImpl.Throw(Exception e)
   at System.Xml.XmlTextReaderImpl.Throw(String res, String[] args)
   at System.Xml.XmlTextReaderImpl.ParseText(Int32& startPos, Int32& endPos, Int32& outOrChars)
   at System.Xml.XmlTextReaderImpl.ParseText()
   at System.Xml.XmlTextReaderImpl.ParseElementContent()
   at System.Xml.XmlTextReaderImpl.Read()
   at System.Xml.XmlLoader.LoadNode(Boolean skipOverWhitespace)
   at System.Xml.XmlLoader.LoadDocSequence(XmlDocument parentDoc)
   at System.Xml.XmlLoader.Load(XmlDocument doc, XmlReader reader, Boolean preserveWhitespace)
   at System.Xml.XmlDocument.Load(XmlReader reader)
   at System.Xml.XmlDocument.Load(String filename)
   at DataAnalyzer.Support.FileManager.WriteInputMessage(InputMessages Message, String FileName) in D:\NEW LIVE PROJECT\Extrnal soures\Extrnal soures\DataAnalyzer\Support\FileManager.cs:line 1102

--------------------------------------------------------------------------------------------------------
08-30-2026 07:28:48
'.', hexadecimal value 0x00, is an invalid character. Line 69648, position 14.
   at System.Xml.XmlTextReaderImpl.Throw(Exception e)
   at System.Xml.XmlTextReaderImpl.Throw(String res, String[] args)
   at System.Xml.XmlTextReaderImpl.ParseText(Int32& startPos, Int32& endPos, Int32& outOrChars)
   at System.Xml.XmlTextReaderImpl.ParseText()
   at System.Xml.XmlTextReaderImpl.ParseElementContent()
   at System.Xml.XmlTextReaderImpl.Read()
   at System.Xml.XmlLoader.LoadNode(Boolean skipOverWhitespace)
   at System.Xml.XmlLoader.LoadDocSequence(XmlDocument parentDoc)
   at System.Xml.XmlLoader.Load(XmlDocument doc, XmlReader reader, Boolean preserveWhitespace)
   at System.Xml.XmlDocument.Load(XmlReader reader)
   at System.Xml.XmlDocument.Load(String filename)
   at DataAnalyzer.Support.FileManager.WriteInputMessage(InputMessages Message, String FileName) in D:\NEW LIVE PROJECT\Extrnal soures\Extrnal soures\DataAnalyzer\Support\FileManager.cs:line 1102

--------------------------------------------------------------------------------------------------------
08-30-2026 07:28:49
'.', hexadecimal value 0x00, is an invalid character. Line 69648, position 14.
   at System.Xml.XmlTextReaderImpl.Throw(Exception e)
   at System.Xml.XmlTextReaderImpl.Throw(String res, String[] args)
   at System.Xml.XmlTextReaderImpl.ParseText(Int32& startPos, Int32& endPos, Int32& outOrChars)
   at System.Xml.XmlTextReaderImpl.ParseText()
   at System.Xml.XmlTextReaderImpl.ParseElementContent()
   at System.Xml.XmlTextReaderImpl.Read()
   at System.Xml.XmlLoader.LoadNode(Boolean skipOverWhitespace)
   at System.Xml.XmlLoader.LoadDocSequence(XmlDocument parentDoc)
   at System.Xml.XmlLoader.Load(XmlDocument doc, XmlReader reader, Boolean preserveWhitespace)
   at System.Xml.XmlDocument.Load(XmlReader reader)
   at System.Xml.XmlDocument.Load(String filename)
   at DataAnalyzer.Support.FileManager.WriteInputMessage(InputMessages Message, String FileName) in D:\NEW LIVE PROJECT\Extrnal soures\Extrnal soures\DataAnalyzer\Support\FileManager.cs:line 1102

--------------------------------------------------------------------------------------------------------
08-30-2026 07:28:49
'.', hexadecimal value 0x00, is an invalid character. Line 69648, position 14.
   at System.Xml.XmlTextReaderImpl.Throw(Exception e)
   at System.Xml.XmlTextReaderImpl.Throw(String res, String[] args)
   at System.Xml.XmlTextReaderImpl.ParseText(Int32& startPos, Int32& endPos, Int32& outOrChars)
   at System.Xml.XmlTextReaderImpl.ParseText()
   at System.Xml.XmlTextReaderImpl.ParseElementContent()
   at System.Xml.XmlTextReaderImpl.Read()
   at System.Xml.XmlLoader.LoadNode(Boolean skipOverWhitespace)
   at System.Xml.XmlLoader.LoadDocSequence(XmlDocument parentDoc)
   at System.Xml.XmlLoader.Load(XmlDocument doc, XmlReader reader, Boolean preserveWhitespace)
   at System.Xml.XmlDocument.Load(XmlReader reader)
   at System.Xml.XmlDocument.Load(String filename)
   at DataAnalyzer.Support.FileManager.WriteInputMessage(InputMessages Message, String FileName) in D:\NEW LIVE PROJECT\Extrnal soures\Extrnal soures\DataAnalyzer\Support\FileManager.cs:line 1102

--------------------------------------------------------------------------------------------------------
08-30-2026 07:28:50
'.', hexadecimal value 0x00, is an invalid character. Line 69648, position 14.
   at System.Xml.XmlTextReaderImpl.Throw(Exception e)
   at System.Xml.XmlTextReaderImpl.Throw(String res, String[] args)
   at System.Xml.XmlTextReaderImpl.ParseText(Int32& startPos, Int32& endPos, Int32& outOrChars)
   at System.Xml.XmlTextReaderImpl.ParseText()
   at System.Xml.XmlTextReaderImpl.ParseElementContent()
   at System.Xml.XmlTextReaderImpl.Read()
   at System.Xml.XmlLoader.LoadNode(Boolean skipOverWhitespace)
   at System.Xml.XmlLoader.LoadDocSequence(XmlDocument parentDoc)
   at System.Xml.XmlLoader.Load(XmlDocument doc, XmlReader reader, Boolean preserveWhitespace)
   at System.Xml.XmlDocument.Load(XmlReader reader)
   at System.Xml.XmlDocument.Load(String filename)
   at DataAnalyzer.Support.FileManager.WriteInputMessage(InputMessages Message, String FileName) in D:\NEW LIVE PROJECT\Extrnal soures\Extrnal soures\DataAnalyzer\Support\FileManager.cs:line 1102

--------------------------------------------------------------------------------------------------------
08-30-2026 07:28:51
'.', hexadecimal value 0x00, is an invalid character. Line 69648, position 14.
   at System.Xml.XmlTextReaderImpl.Throw(Exception e)
   at System.Xml.XmlTextReaderImpl.Throw(String res, String[] args)
   at System.Xml.XmlTextReaderImpl.ParseText(Int32& startPos, Int32& endPos, Int32& outOrChars)
   at System.Xml.XmlTextReaderImpl.ParseText()
   at System.Xml.XmlTextReaderImpl.ParseElementContent()
   at System.Xml.XmlTextReaderImpl.Read()
   at System.Xml.XmlLoader.LoadNode(Boolean skipOverWhitespace)
   at System.Xml.XmlLoader.LoadDocSequence(XmlDocument parentDoc)
   at System.Xml.XmlLoader.Load(XmlDocument doc, XmlReader reader, Boolean preserveWhitespace)
   at System.Xml.XmlDocument.Load(XmlReader reader)
   at System.Xml.XmlDocument.Load(String filename)
   at DataAnalyzer.Support.FileManager.WriteInputMessage(InputMessages Message, String FileName) in D:\NEW LIVE PROJECT\Extrnal soures\Extrnal soures\DataAnalyzer\Support\FileManager.cs:line 1102

--------------------------------------------------------------------------------------------------------
08-30-2026 07:28:51
'.', hexadecimal value 0x00, is an invalid character. Line 69648, position 14.
   at System.Xml.XmlTextReaderImpl.Throw(Exception e)
   at System.Xml.XmlTextReaderImpl.Throw(String res, String[] args)
   at System.Xml.XmlTextReaderImpl.ParseText(Int32& startPos, Int32& endPos, Int32& outOrChars)
   at System.Xml.XmlTextReaderImpl.ParseText()
   at System.Xml.XmlTextReaderImpl.ParseElementContent()
   at System.Xml.XmlTextReaderImpl.Read()
   at System.Xml.XmlLoader.LoadNode(Boolean skipOverWhitespace)
   at System.Xml.XmlLoader.LoadDocSequence(XmlDocument parentDoc)
   at System.Xml.XmlLoader.Load(XmlDocument doc, XmlReader reader, Boolean preserveWhitespace)
   at System.Xml.XmlDocument.Load(XmlReader reader)
   at System.Xml.XmlDocument.Load(String filename)
   at DataAnalyzer.Support.FileManager.WriteInputMessage(InputMessages Message, String FileName) in D:\NEW LIVE PROJECT\Extrnal soures\Extrnal soures\DataAnalyzer\Support\FileManager.cs:line 1102

--------------------------------------------------------------------------------------------------------
08-30-2026 07:29:01
'.', hexadecimal value 0x00, is an invalid character. Line 69648, position 14.
   at System.Xml.XmlTextReaderImpl.Throw(Exception e)
   at System.Xml.XmlTextReaderImpl.Throw(String res, String[] args)
   at System.Xml.XmlTextReaderImpl.ParseText(Int32& startPos, Int32& endPos, Int32& outOrChars)
   at System.Xml.XmlTextReaderImpl.ParseText()
   at System.Xml.XmlTextReaderImpl.ParseElementContent()
   at System.Xml.XmlTextReaderImpl.Read()
   at System.Xml.XmlLoader.LoadNode(Boolean skipOverWhitespace)
   at System.Xml.XmlLoader.LoadDocSequence(XmlDocument parentDoc)
   at System.Xml.XmlLoader.Load(XmlDocument doc, XmlReader reader, Boolean preserveWhitespace)
   at System.Xml.XmlDocument.Load(XmlReader reader)
   at System.Xml.XmlDocument.Load(String filename)
   at DataAnalyzer.Support.FileManager.WriteInputMessage(InputMessages Message, String FileName) in D:\NEW LIVE PROJECT\Extrnal soures\Extrnal soures\DataAnalyzer\Support\FileManager.cs:line 1102

--------------------------------------------------------------------------------------------------------
08-30-2026 07:29:01
'.', hexadecimal value 0x00, is an invalid character. Line 69648, position 14.
   at System.Xml.XmlTextReaderImpl.Throw(Exception e)
   at System.Xml.XmlTextReaderImpl.Throw(String res, String[] args)
   at System.Xml.XmlTextReaderImpl.ParseText(Int32& startPos, Int32& endPos, Int32& outOrChars)
   at System.Xml.XmlTextReaderImpl.ParseText()
   at System.Xml.XmlTextReaderImpl.ParseElementContent()
   at System.Xml.XmlTextReaderImpl.Read()
   at System.Xml.XmlLoader.LoadNode(Boolean skipOverWhitespace)
   at System.Xml.XmlLoader.LoadDocSequence(XmlDocument parentDoc)
   at System.Xml.XmlLoader.Load(XmlDocument doc, XmlReader reader, Boolean preserveWhitespace)
   at System.Xml.XmlDocument.Load(XmlReader reader)
   at System.Xml.XmlDocument.Load(String filename)
   at DataAnalyzer.Support.FileManager.WriteInputMessage(InputMessages Message, String FileName) in D:\NEW LIVE PROJECT\Extrnal soures\Extrnal soures\DataAnalyzer\Support\FileManager.cs:line 1102

--------------------------------------------------------------------------------------------------------
08-30-2026 07:29:02
'.', hexadecimal value 0x00, is an invalid character. Line 69648, position 14.
   at System.Xml.XmlTextReaderImpl.Throw(Exception e)
   at System.Xml.XmlTextReaderImpl.Throw(String res, String[] args)
   at System.Xml.XmlTextReaderImpl.ParseText(Int32& startPos, Int32& endPos, Int32& outOrChars)
   at System.Xml.XmlTextReaderImpl.ParseText()
   at System.Xml.XmlTextReaderImpl.ParseElementContent()
   at System.Xml.XmlTextReaderImpl.Read()
   at System.Xml.XmlLoader.LoadNode(Boolean skipOverWhitespace)
   at System.Xml.XmlLoader.LoadDocSequence(XmlDocument parentDoc)
   at System.Xml.XmlLoader.Load(XmlDocument doc, XmlReader reader, Boolean preserveWhitespace)
   at System.Xml.XmlDocument.Load(XmlReader reader)
   at System.Xml.XmlDocument.Load(String filename)
   at DataAnalyzer.Support.FileManager.WriteInputMessage(InputMessages Message, String FileName) in D:\NEW LIVE PROJECT\Extrnal soures\Extrnal soures\DataAnalyzer\Support\FileManager.cs:line 1102

--------------------------------------------------------------------------------------------------------
08-30-2026 07:29:02
'.', hexadecimal value 0x00, is an invalid character. Line 69648, position 14.
   at System.Xml.XmlTextReaderImpl.Throw(Exception e)
   at System.Xml.XmlTextReaderImpl.Throw(String res, String[] args)
   at System.Xml.XmlTextReaderImpl.ParseText(Int32& startPos, Int32& endPos, Int32& outOrChars)
   at System.Xml.XmlTextReaderImpl.ParseText()
   at System.Xml.XmlTextReaderImpl.ParseElementContent()
   at System.Xml.XmlTextReaderImpl.Read()
   at System.Xml.XmlLoader.LoadNode(Boolean skipOverWhitespace)
   at System.Xml.XmlLoader.LoadDocSequence(XmlDocument parentDoc)
   at System.Xml.XmlLoader.Load(XmlDocument doc, XmlReader reader, Boolean preserveWhitespace)
   at System.Xml.XmlDocument.Load(XmlReader reader)
   at System.Xml.XmlDocument.Load(String filename)
   at DataAnalyzer.Support.FileManager.WriteInputMessage(InputMessages Message, String FileName) in D:\NEW LIVE PROJECT\Extrnal soures\Extrnal soures\DataAnalyzer\Support\FileManager.cs:line 1102

--------------------------------------------------------------------------------------------------------
08-30-2026 07:29:02
'.', hexadecimal value 0x00, is an invalid character. Line 69648, position 14.
   at System.Xml.XmlTextReaderImpl.Throw(Exception e)
   at System.Xml.XmlTextReaderImpl.Throw(String res, String[] args)
   at System.Xml.XmlTextReaderImpl.ParseText(Int32& startPos, Int32& endPos, Int32& outOrChars)
   at System.Xml.XmlTextReaderImpl.ParseText()
   at System.Xml.XmlTextReaderImpl.ParseElementContent()
   at System.Xml.XmlTextReaderImpl.Read()
   at System.Xml.XmlLoader.LoadNode(Boolean skipOverWhitespace)
   at System.Xml.XmlLoader.LoadDocSequence(XmlDocument parentDoc)
   at System.Xml.XmlLoader.Load(XmlDocument doc, XmlReader reader, Boolean preserveWhitespace)
   at System.Xml.XmlDocument.Load(XmlReader reader)
   at System.Xml.XmlDocument.Load(String filename)
   at DataAnalyzer.Support.FileManager.WriteInputMessage(InputMessages Message, String FileName) in D:\NEW LIVE PROJECT\Extrnal soures\Extrnal soures\DataAnalyzer\Support\FileManager.cs:line 1102

--------------------------------------------------------------------------------------------------------
08-30-2026 07:29:03
'.', hexadecimal value 0x00, is an invalid character. Line 69648, position 14.
   at System.Xml.XmlTextReaderImpl.Throw(Exception e)
   at System.Xml.XmlTextReaderImpl.Throw(String res, String[] args)
   at System.Xml.XmlTextReaderImpl.ParseText(Int32& startPos, Int32& endPos, Int32& outOrChars)
   at System.Xml.XmlTextReaderImpl.ParseText()
   at System.Xml.XmlTextReaderImpl.ParseElementContent()
   at System.Xml.XmlTextReaderImpl.Read()
   at System.Xml.XmlLoader.LoadNode(Boolean skipOverWhitespace)
   at System.Xml.XmlLoader.LoadDocSequence(XmlDocument parentDoc)
   at System.Xml.XmlLoader.Load(XmlDocument doc, XmlReader reader, Boolean preserveWhitespace)
   at System.Xml.XmlDocument.Load(XmlReader reader)
   at System.Xml.XmlDocument.Load(String filename)
   at DataAnalyzer.Support.FileManager.WriteInputMessage(InputMessages Message, String FileName) in D:\NEW LIVE PROJECT\Extrnal soures\Extrnal soures\DataAnalyzer\Support\FileManager.cs:line 1102

--------------------------------------------------------------------------------------------------------
08-30-2026 07:29:03
'.', hexadecimal value 0x00, is an invalid character. Line 69648, position 14.
   at System.Xml.XmlTextReaderImpl.Throw(Exception e)
   at System.Xml.XmlTextReaderImpl.Throw(String res, String[] args)
   at System.Xml.XmlTextReaderImpl.ParseText(Int32& startPos, Int32& endPos, Int32& outOrChars)
   at System.Xml.XmlTextReaderImpl.ParseText()
   at System.Xml.XmlTextReaderImpl.ParseElementContent()
   at System.Xml.XmlTextReaderImpl.Read()
   at System.Xml.XmlLoader.LoadNode(Boolean skipOverWhitespace)
   at System.Xml.XmlLoader.LoadDocSequence(XmlDocument parentDoc)
   at System.Xml.XmlLoader.Load(XmlDocument doc, XmlReader reader, Boolean preserveWhitespace)
   at System.Xml.XmlDocument.Load(XmlReader reader)
   at System.Xml.XmlDocument.Load(String filename)
   at DataAnalyzer.Support.FileManager.WriteInputMessage(InputMessages Message, String FileName) in D:\NEW LIVE PROJECT\Extrnal soures\Extrnal soures\DataAnalyzer\Support\FileManager.cs:line 1102

--------------------------------------------------------------------------------------------------------
08-30-2026 07:29:03
'.', hexadecimal value 0x00, is an invalid character. Line 69648, position 14.
   at System.Xml.XmlTextReaderImpl.Throw(Exception e)
   at System.Xml.XmlTextReaderImpl.Throw(String res, String[] args)
   at System.Xml.XmlTextReaderImpl.ParseText(Int32& startPos, Int32& endPos, Int32& outOrChars)
   at System.Xml.XmlTextReaderImpl.ParseText()
   at System.Xml.XmlTextReaderImpl.ParseElementContent()
   at System.Xml.XmlTextReaderImpl.Read()
   at System.Xml.XmlLoader.LoadNode(Boolean skipOverWhitespace)
   at System.Xml.XmlLoader.LoadDocSequence(XmlDocument parentDoc)
   at System.Xml.XmlLoader.Load(XmlDocument doc, XmlReader reader, Boolean preserveWhitespace)
   at System.Xml.XmlDocument.Load(XmlReader reader)
   at System.Xml.XmlDocument.Load(String filename)
   at DataAnalyzer.Support.FileManager.WriteInputMessage(InputMessages Message, String FileName) in D:\NEW LIVE PROJECT\Extrnal soures\Extrnal soures\DataAnalyzer\Support\FileManager.cs:line 1102

--------------------------------------------------------------------------------------------------------
08-30-2026 07:29:03
'.', hexadecimal value 0x00, is an invalid character. Line 69648, position 14.
   at System.Xml.XmlTextReaderImpl.Throw(Exception e)
   at System.Xml.XmlTextReaderImpl.Throw(String res, String[] args)
   at System.Xml.XmlTextReaderImpl.ParseText(Int32& startPos, Int32& endPos, Int32& outOrChars)
   at System.Xml.XmlTextReaderImpl.ParseText()
   at System.Xml.XmlTextReaderImpl.ParseElementContent()
   at System.Xml.XmlTextReaderImpl.Read()
   at System.Xml.XmlLoader.LoadNode(Boolean skipOverWhitespace)
   at System.Xml.XmlLoader.LoadDocSequence(XmlDocument parentDoc)
   at System.Xml.XmlLoader.Load(XmlDocument doc, XmlReader reader, Boolean preserveWhitespace)
   at System.Xml.XmlDocument.Load(XmlReader reader)
   at System.Xml.XmlDocument.Load(String filename)
   at DataAnalyzer.Support.FileManager.WriteInputMessage(InputMessages Message, String FileName) in D:\NEW LIVE PROJECT\Extrnal soures\Extrnal soures\DataAnalyzer\Support\FileManager.cs:line 1102

--------------------------------------------------------------------------------------------------------
08-30-2026 07:29:03
'.', hexadecimal value 0x00, is an invalid character. Line 69648, position 14.
   at System.Xml.XmlTextReaderImpl.Throw(Exception e)
   at System.Xml.XmlTextReaderImpl.Throw(String res, String[] args)
   at System.Xml.XmlTextReaderImpl.ParseText(Int32& startPos, Int32& endPos, Int32& outOrChars)
   at System.Xml.XmlTextReaderImpl.ParseText()
   at System.Xml.XmlTextReaderImpl.ParseElementContent()
   at System.Xml.XmlTextReaderImpl.Read()
   at System.Xml.XmlLoader.LoadNode(Boolean skipOverWhitespace)
   at System.Xml.XmlLoader.LoadDocSequence(XmlDocument parentDoc)
   at System.Xml.XmlLoader.Load(XmlDocument doc, XmlReader reader, Boolean preserveWhitespace)
   at System.Xml.XmlDocument.Load(XmlReader reader)
   at System.Xml.XmlDocument.Load(String filename)
   at DataAnalyzer.Support.FileManager.WriteInputMessage(InputMessages Message, String FileName) in D:\NEW LIVE PROJECT\Extrnal soures\Extrnal soures\DataAnalyzer\Support\FileManager.cs:line 1102

--------------------------------------------------------------------------------------------------------
08-30-2026 07:29:04
'.', hexadecimal value 0x00, is an invalid character. Line 69648, position 14.
   at System.Xml.XmlTextReaderImpl.Throw(Exception e)
   at System.Xml.XmlTextReaderImpl.Throw(String res, String[] args)
   at System.Xml.XmlTextReaderImpl.ParseText(Int32& startPos, Int32& endPos, Int32& outOrChars)
   at System.Xml.XmlTextReaderImpl.ParseText()
   at System.Xml.XmlTextReaderImpl.ParseElementContent()
   at System.Xml.XmlTextReaderImpl.Read()
   at System.Xml.XmlLoader.LoadNode(Boolean skipOverWhitespace)
   at System.Xml.XmlLoader.LoadDocSequence(XmlDocument parentDoc)
   at System.Xml.XmlLoader.Load(XmlDocument doc, XmlReader reader, Boolean preserveWhitespace)
   at System.Xml.XmlDocument.Load(XmlReader reader)
   at System.Xml.XmlDocument.Load(String filename)
   at DataAnalyzer.Support.FileManager.WriteInputMessage(InputMessages Message, String FileName) in D:\NEW LIVE PROJECT\Extrnal soures\Extrnal soures\DataAnalyzer\Support\FileManager.cs:line 1102

--------------------------------------------------------------------------------------------------------
08-30-2026 07:29:04
'.', hexadecimal value 0x00, is an invalid character. Line 69648, position 14.
   at System.Xml.XmlTextReaderImpl.Throw(Exception e)
   at System.Xml.XmlTextReaderImpl.Throw(String res, String[] args)
   at System.Xml.XmlTextReaderImpl.ParseText(Int32& startPos, Int32& endPos, Int32& outOrChars)
   at System.Xml.XmlTextReaderImpl.ParseText()
   at System.Xml.XmlTextReaderImpl.ParseElementContent()
   at System.Xml.XmlTextReaderImpl.Read()
   at System.Xml.XmlLoader.LoadNode(Boolean skipOverWhitespace)
   at System.Xml.XmlLoader.LoadDocSequence(XmlDocument parentDoc)
   at System.Xml.XmlLoader.Load(XmlDocument doc, XmlReader reader, Boolean preserveWhitespace)
   at System.Xml.XmlDocument.Load(XmlReader reader)
   at System.Xml.XmlDocument.Load(String filename)
   at DataAnalyzer.Support.FileManager.WriteInputMessage(InputMessages Message, String FileName) in D:\NEW LIVE PROJECT\Extrnal soures\Extrnal soures\DataAnalyzer\Support\FileManager.cs:line 1102

--------------------------------------------------------------------------------------------------------
08-30-2026 07:29:04
'.', hexadecimal value 0x00, is an invalid character. Line 69648, position 14.
   at System.Xml.XmlTextReaderImpl.Throw(Exception e)
   at System.Xml.XmlTextReaderImpl.Throw(String res, String[] args)
   at System.Xml.XmlTextReaderImpl.ParseText(Int32& startPos, Int32& endPos, Int32& outOrChars)
   at System.Xml.XmlTextReaderImpl.ParseText()
   at System.Xml.XmlTextReaderImpl.ParseElementContent()
   at System.Xml.XmlTextReaderImpl.Read()
   at System.Xml.XmlLoader.LoadNode(Boolean skipOverWhitespace)
   at System.Xml.XmlLoader.LoadDocSequence(XmlDocument parentDoc)
   at System.Xml.XmlLoader.Load(XmlDocument doc, XmlReader reader, Boolean preserveWhitespace)
   at System.Xml.XmlDocument.Load(XmlReader reader)
   at System.Xml.XmlDocument.Load(String filename)
   at DataAnalyzer.Support.FileManager.WriteInputMessage(InputMessages Message, String FileName) in D:\NEW LIVE PROJECT\Extrnal soures\Extrnal soures\DataAnalyzer\Support\FileManager.cs:line 1102

--------------------------------------------------------------------------------------------------------
08-30-2026 07:29:04
'.', hexadecimal value 0x00, is an invalid character. Line 69648, position 14.
   at System.Xml.XmlTextReaderImpl.Throw(Exception e)
   at System.Xml.XmlTextReaderImpl.Throw(String res, String[] args)
   at System.Xml.XmlTextReaderImpl.ParseText(Int32& startPos, Int32& endPos, Int32& outOrChars)
   at System.Xml.XmlTextReaderImpl.ParseText()
   at System.Xml.XmlTextReaderImpl.ParseElementContent()
   at System.Xml.XmlTextReaderImpl.Read()
   at System.Xml.XmlLoader.LoadNode(Boolean skipOverWhitespace)
   at System.Xml.XmlLoader.LoadDocSequence(XmlDocument parentDoc)
   at System.Xml.XmlLoader.Load(XmlDocument doc, XmlReader reader, Boolean preserveWhitespace)
   at System.Xml.XmlDocument.Load(XmlReader reader)
   at System.Xml.XmlDocument.Load(String filename)
   at DataAnalyzer.Support.FileManager.WriteInputMessage(InputMessages Message, String FileName) in D:\NEW LIVE PROJECT\Extrnal soures\Extrnal soures\DataAnalyzer\Support\FileManager.cs:line 1102

--------------------------------------------------------------------------------------------------------
08-30-2026 07:29:05
'.', hexadecimal value 0x00, is an invalid character. Line 69648, position 14.
   at System.Xml.XmlTextReaderImpl.Throw(Exception e)
   at System.Xml.XmlTextReaderImpl.Throw(String res, String[] args)
   at System.Xml.XmlTextReaderImpl.ParseText(Int32& startPos, Int32& endPos, Int32& outOrChars)
   at System.Xml.XmlTextReaderImpl.ParseText()
   at System.Xml.XmlTextReaderImpl.ParseElementContent()
   at System.Xml.XmlTextReaderImpl.Read()
   at System.Xml.XmlLoader.LoadNode(Boolean skipOverWhitespace)
   at System.Xml.XmlLoader.LoadDocSequence(XmlDocument parentDoc)
   at System.Xml.XmlLoader.Load(XmlDocument doc, XmlReader reader, Boolean preserveWhitespace)
   at System.Xml.XmlDocument.Load(XmlReader reader)
   at System.Xml.XmlDocument.Load(String filename)
   at DataAnalyzer.Support.FileManager.WriteInputMessage(InputMessages Message, String FileName) in D:\NEW LIVE PROJECT\Extrnal soures\Extrnal soures\DataAnalyzer\Support\FileManager.cs:line 1102

--------------------------------------------------------------------------------------------------------
08-30-2026 07:29:05
'.', hexadecimal value 0x00, is an invalid character. Line 69648, position 14.
   at System.Xml.XmlTextReaderImpl.Throw(Exception e)
   at System.Xml.XmlTextReaderImpl.Throw(String res, String[] args)
   at System.Xml.XmlTextReaderImpl.ParseText(Int32& startPos, Int32& endPos, Int32& outOrChars)
   at System.Xml.XmlTextReaderImpl.ParseText()
   at System.Xml.XmlTextReaderImpl.ParseElementContent()
   at System.Xml.XmlTextReaderImpl.Read()
   at System.Xml.XmlLoader.LoadNode(Boolean skipOverWhitespace)
   at System.Xml.XmlLoader.LoadDocSequence(XmlDocument parentDoc)
   at System.Xml.XmlLoader.Load(XmlDocument doc, XmlReader reader, Boolean preserveWhitespace)
   at System.Xml.XmlDocument.Load(XmlReader reader)
   at System.Xml.XmlDocument.Load(String filename)
   at DataAnalyzer.Support.FileManager.WriteInputMessage(InputMessages Message, String FileName) in D:\NEW LIVE PROJECT\Extrnal soures\Extrnal soures\DataAnalyzer\Support\FileManager.cs:line 1102

--------------------------------------------------------------------------------------------------------
08-30-2026 07:29:05
'.', hexadecimal value 0x00, is an invalid character. Line 69648, position 14.
   at System.Xml.XmlTextReaderImpl.Throw(Exception e)
   at System.Xml.XmlTextReaderImpl.Throw(String res, String[] args)
   at System.Xml.XmlTextReaderImpl.ParseText(Int32& startPos, Int32& endPos, Int32& outOrChars)
   at System.Xml.XmlTextReaderImpl.ParseText()
   at System.Xml.XmlTextReaderImpl.ParseElementContent()
   at System.Xml.XmlTextReaderImpl.Read()
   at System.Xml.XmlLoader.LoadNode(Boolean skipOverWhitespace)
   at System.Xml.XmlLoader.LoadDocSequence(XmlDocument parentDoc)
   at System.Xml.XmlLoader.Load(XmlDocument doc, XmlReader reader, Boolean preserveWhitespace)
   at System.Xml.XmlDocument.Load(XmlReader reader)
   at System.Xml.XmlDocument.Load(String filename)
   at DataAnalyzer.Support.FileManager.WriteInputMessage(InputMessages Message, String FileName) in D:\NEW LIVE PROJECT\Extrnal soures\Extrnal soures\DataAnalyzer\Support\FileManager.cs:line 1102

--------------------------------------------------------------------------------------------------------
08-30-2026 07:29:06
'.', hexadecimal value 0x00, is an invalid character. Line 69648, position 14.
   at System.Xml.XmlTextReaderImpl.Throw(Exception e)
   at System.Xml.XmlTextReaderImpl.Throw(String res, String[] args)
   at System.Xml.XmlTextReaderImpl.ParseText(Int32& startPos, Int32& endPos, Int32& outOrChars)
   at System.Xml.XmlTextReaderImpl.ParseText()
   at System.Xml.XmlTextReaderImpl.ParseElementContent()
   at System.Xml.XmlTextReaderImpl.Read()
   at System.Xml.XmlLoader.LoadNode(Boolean skipOverWhitespace)
   at System.Xml.XmlLoader.LoadDocSequence(XmlDocument parentDoc)
   at System.Xml.XmlLoader.Load(XmlDocument doc, XmlReader reader, Boolean preserveWhitespace)
   at System.Xml.XmlDocument.Load(XmlReader reader)
   at System.Xml.XmlDocument.Load(String filename)
   at DataAnalyzer.Support.FileManager.WriteInputMessage(InputMessages Message, String FileName) in D:\NEW LIVE PROJECT\Extrnal soures\Extrnal soures\DataAnalyzer\Support\FileManager.cs:line 1102

--------------------------------------------------------------------------------------------------------
08-30-2026 07:29:06
'.', hexadecimal value 0x00, is an invalid character. Line 69648, position 14.
   at System.Xml.XmlTextReaderImpl.Throw(Exception e)
   at System.Xml.XmlTextReaderImpl.Throw(String res, String[] args)
   at System.Xml.XmlTextReaderImpl.ParseText(Int32& startPos, Int32& endPos, Int32& outOrChars)
   at System.Xml.XmlTextReaderImpl.ParseText()
   at System.Xml.XmlTextReaderImpl.ParseElementContent()
   at System.Xml.XmlTextReaderImpl.Read()
   at System.Xml.XmlLoader.LoadNode(Boolean skipOverWhitespace)
   at System.Xml.XmlLoader.LoadDocSequence(XmlDocument parentDoc)
   at System.Xml.XmlLoader.Load(XmlDocument doc, XmlReader reader, Boolean preserveWhitespace)
   at System.Xml.XmlDocument.Load(XmlReader reader)
   at System.Xml.XmlDocument.Load(String filename)
   at DataAnalyzer.Support.FileManager.WriteInputMessage(InputMessages Message, String FileName) in D:\NEW LIVE PROJECT\Extrnal soures\Extrnal soures\DataAnalyzer\Support\FileManager.cs:line 1102

--------------------------------------------------------------------------------------------------------
08-30-2026 07:29:06
'.', hexadecimal value 0x00, is an invalid character. Line 69648, position 14.
   at System.Xml.XmlTextReaderImpl.Throw(Exception e)
   at System.Xml.XmlTextReaderImpl.Throw(String res, String[] args)
   at System.Xml.XmlTextReaderImpl.ParseText(Int32& startPos, Int32& endPos, Int32& outOrChars)
   at System.Xml.XmlTextReaderImpl.ParseText()
   at System.Xml.XmlTextReaderImpl.ParseElementContent()
   at System.Xml.XmlTextReaderImpl.Read()
   at System.Xml.XmlLoader.LoadNode(Boolean skipOverWhitespace)
   at System.Xml.XmlLoader.LoadDocSequence(XmlDocument parentDoc)
   at System.Xml.XmlLoader.Load(XmlDocument doc, XmlReader reader, Boolean preserveWhitespace)
   at System.Xml.XmlDocument.Load(XmlReader reader)
   at System.Xml.XmlDocument.Load(String filename)
   at DataAnalyzer.Support.FileManager.WriteInputMessage(InputMessages Message, String FileName) in D:\NEW LIVE PROJECT\Extrnal soures\Extrnal soures\DataAnalyzer\Support\FileManager.cs:line 1102

--------------------------------------------------------------------------------------------------------
08-30-2026 07:29:07
'.', hexadecimal value 0x00, is an invalid character. Line 69648, position 14.
   at System.Xml.XmlTextReaderImpl.Throw(Exception e)
   at System.Xml.XmlTextReaderImpl.Throw(String res, String[] args)
   at System.Xml.XmlTextReaderImpl.ParseText(Int32& startPos, Int32& endPos, Int32& outOrChars)
   at System.Xml.XmlTextReaderImpl.ParseText()
   at System.Xml.XmlTextReaderImpl.ParseElementContent()
   at System.Xml.XmlTextReaderImpl.Read()
   at System.Xml.XmlLoader.LoadNode(Boolean skipOverWhitespace)
   at System.Xml.XmlLoader.LoadDocSequence(XmlDocument parentDoc)
   at System.Xml.XmlLoader.Load(XmlDocument doc, XmlReader reader, Boolean preserveWhitespace)
   at System.Xml.XmlDocument.Load(XmlReader reader)
   at System.Xml.XmlDocument.Load(String filename)
   at DataAnalyzer.Support.FileManager.WriteInputMessage(InputMessages Message, String FileName) in D:\NEW LIVE PROJECT\Extrnal soures\Extrnal soures\DataAnalyzer\Support\FileManager.cs:line 1102

--------------------------------------------------------------------------------------------------------
08-30-2026 07:29:07
'.', hexadecimal value 0x00, is an invalid character. Line 69648, position 14.
   at System.Xml.XmlTextReaderImpl.Throw(Exception e)
   at System.Xml.XmlTextReaderImpl.Throw(String res, String[] args)
   at System.Xml.XmlTextReaderImpl.ParseText(Int32& startPos, Int32& endPos, Int32& outOrChars)
   at System.Xml.XmlTextReaderImpl.ParseText()
   at System.Xml.XmlTextReaderImpl.ParseElementContent()
   at System.Xml.XmlTextReaderImpl.Read()
   at System.Xml.XmlLoader.LoadNode(Boolean skipOverWhitespace)
   at System.Xml.XmlLoader.LoadDocSequence(XmlDocument parentDoc)
   at System.Xml.XmlLoader.Load(XmlDocument doc, XmlReader reader, Boolean preserveWhitespace)
   at System.Xml.XmlDocument.Load(XmlReader reader)
   at System.Xml.XmlDocument.Load(String filename)
   at DataAnalyzer.Support.FileManager.WriteInputMessage(InputMessages Message, String FileName) in D:\NEW LIVE PROJECT\Extrnal soures\Extrnal soures\DataAnalyzer\Support\FileManager.cs:line 1102

--------------------------------------------------------------------------------------------------------
08-30-2026 07:29:07
'.', hexadecimal value 0x00, is an invalid character. Line 69648, position 14.
   at System.Xml.XmlTextReaderImpl.Throw(Exception e)
   at System.Xml.XmlTextReaderImpl.Throw(String res, String[] args)
   at System.Xml.XmlTextReaderImpl.ParseText(Int32& startPos, Int32& endPos, Int32& outOrChars)
   at System.Xml.XmlTextReaderImpl.ParseText()
   at System.Xml.XmlTextReaderImpl.ParseElementContent()
   at System.Xml.XmlTextReaderImpl.Read()
   at System.Xml.XmlLoader.LoadNode(Boolean skipOverWhitespace)
   at System.Xml.XmlLoader.LoadDocSequence(XmlDocument parentDoc)
   at System.Xml.XmlLoader.Load(XmlDocument doc, XmlReader reader, Boolean preserveWhitespace)
   at System.Xml.XmlDocument.Load(XmlReader reader)
   at System.Xml.XmlDocument.Load(String filename)
   at DataAnalyzer.Support.FileManager.WriteInputMessage(InputMessages Message, String FileName) in D:\NEW LIVE PROJECT\Extrnal soures\Extrnal soures\DataAnalyzer\Support\FileManager.cs:line 1102

--------------------------------------------------------------------------------------------------------
08-30-2026 07:29:08
'.', hexadecimal value 0x00, is an invalid character. Line 69648, position 14.
   at System.Xml.XmlTextReaderImpl.Throw(Exception e)
   at System.Xml.XmlTextReaderImpl.Throw(String res, String[] args)
   at System.Xml.XmlTextReaderImpl.ParseText(Int32& startPos, Int32& endPos, Int32& outOrChars)
   at System.Xml.XmlTextReaderImpl.ParseText()
   at System.Xml.XmlTextReaderImpl.ParseElementContent()
   at System.Xml.XmlTextReaderImpl.Read()
   at System.Xml.XmlLoader.LoadNode(Boolean skipOverWhitespace)
   at System.Xml.XmlLoader.LoadDocSequence(XmlDocument parentDoc)
   at System.Xml.XmlLoader.Load(XmlDocument doc, XmlReader reader, Boolean preserveWhitespace)
   at System.Xml.XmlDocument.Load(XmlReader reader)
   at System.Xml.XmlDocument.Load(String filename)
   at DataAnalyzer.Support.FileManager.WriteInputMessage(InputMessages Message, String FileName) in D:\NEW LIVE PROJECT\Extrnal soures\Extrnal soures\DataAnalyzer\Support\FileManager.cs:line 1102

--------------------------------------------------------------------------------------------------------
08-30-2026 07:29:08
'.', hexadecimal value 0x00, is an invalid character. Line 69648, position 14.
   at System.Xml.XmlTextReaderImpl.Throw(Exception e)
   at System.Xml.XmlTextReaderImpl.Throw(String res, String[] args)
   at System.Xml.XmlTextReaderImpl.ParseText(Int32& startPos, Int32& endPos, Int32& outOrChars)
   at System.Xml.XmlTextReaderImpl.ParseText()
   at System.Xml.XmlTextReaderImpl.ParseElementContent()
   at System.Xml.XmlTextReaderImpl.Read()
   at System.Xml.XmlLoader.LoadNode(Boolean skipOverWhitespace)
   at System.Xml.XmlLoader.LoadDocSequence(XmlDocument parentDoc)
   at System.Xml.XmlLoader.Load(XmlDocument doc, XmlReader reader, Boolean preserveWhitespace)
   at System.Xml.XmlDocument.Load(XmlReader reader)
   at System.Xml.XmlDocument.Load(String filename)
   at DataAnalyzer.Support.FileManager.WriteInputMessage(InputMessages Message, String FileName) in D:\NEW LIVE PROJECT\Extrnal soures\Extrnal soures\DataAnalyzer\Support\FileManager.cs:line 1102

--------------------------------------------------------------------------------------------------------
08-30-2026 07:29:10
'.', hexadecimal value 0x00, is an invalid character. Line 69648, position 14.
   at System.Xml.XmlTextReaderImpl.Throw(Exception e)
   at System.Xml.XmlTextReaderImpl.Throw(String res, String[] args)
   at System.Xml.XmlTextReaderImpl.ParseText(Int32& startPos, Int32& endPos, Int32& outOrChars)
   at System.Xml.XmlTextReaderImpl.ParseText()
   at System.Xml.XmlTextReaderImpl.ParseElementContent()
   at System.Xml.XmlTextReaderImpl.Read()
   at System.Xml.XmlLoader.LoadNode(Boolean skipOverWhitespace)
   at System.Xml.XmlLoader.LoadDocSequence(XmlDocument parentDoc)
   at System.Xml.XmlLoader.Load(XmlDocument doc, XmlReader reader, Boolean preserveWhitespace)
   at System.Xml.XmlDocument.Load(XmlReader reader)
   at System.Xml.XmlDocument.Load(String filename)
   at DataAnalyzer.Support.FileManager.WriteInputMessage(InputMessages Message, String FileName) in D:\NEW LIVE PROJECT\Extrnal soures\Extrnal soures\DataAnalyzer\Support\FileManager.cs:line 1102

--------------------------------------------------------------------------------------------------------
08-30-2026 07:29:10
'.', hexadecimal value 0x00, is an invalid character. Line 69648, position 14.
   at System.Xml.XmlTextReaderImpl.Throw(Exception e)
   at System.Xml.XmlTextReaderImpl.Throw(String res, String[] args)
   at System.Xml.XmlTextReaderImpl.ParseText(Int32& startPos, Int32& endPos, Int32& outOrChars)
   at System.Xml.XmlTextReaderImpl.ParseText()
   at System.Xml.XmlTextReaderImpl.ParseElementContent()
   at System.Xml.XmlTextReaderImpl.Read()
   at System.Xml.XmlLoader.LoadNode(Boolean skipOverWhitespace)
   at System.Xml.XmlLoader.LoadDocSequence(XmlDocument parentDoc)
   at System.Xml.XmlLoader.Load(XmlDocument doc, XmlReader reader, Boolean preserveWhitespace)
   at System.Xml.XmlDocument.Load(XmlReader reader)
   at System.Xml.XmlDocument.Load(String filename)
   at DataAnalyzer.Support.FileManager.WriteInputMessage(InputMessages Message, String FileName) in D:\NEW LIVE PROJECT\Extrnal soures\Extrnal soures\DataAnalyzer\Support\FileManager.cs:line 1102

--------------------------------------------------------------------------------------------------------
08-30-2026 07:29:13
'.', hexadecimal value 0x00, is an invalid character. Line 69648, position 14.
   at System.Xml.XmlTextReaderImpl.Throw(Exception e)
   at System.Xml.XmlTextReaderImpl.Throw(String res, String[] args)
   at System.Xml.XmlTextReaderImpl.ParseText(Int32& startPos, Int32& endPos, Int32& outOrChars)
   at System.Xml.XmlTextReaderImpl.ParseText()
   at System.Xml.XmlTextReaderImpl.ParseElementContent()
   at System.Xml.XmlTextReaderImpl.Read()
   at System.Xml.XmlLoader.LoadNode(Boolean skipOverWhitespace)
   at System.Xml.XmlLoader.LoadDocSequence(XmlDocument parentDoc)
   at System.Xml.XmlLoader.Load(XmlDocument doc, XmlReader reader, Boolean preserveWhitespace)
   at System.Xml.XmlDocument.Load(XmlReader reader)
   at System.Xml.XmlDocument.Load(String filename)
   at DataAnalyzer.Support.FileManager.WriteInputMessage(InputMessages Message, String FileName) in D:\NEW LIVE PROJECT\Extrnal soures\Extrnal soures\DataAnalyzer\Support\FileManager.cs:line 1102

--------------------------------------------------------------------------------------------------------
08-30-2026 07:29:16
'.', hexadecimal value 0x00, is an invalid character. Line 69648, position 14.
   at System.Xml.XmlTextReaderImpl.Throw(Exception e)
   at System.Xml.XmlTextReaderImpl.Throw(String res, String[] args)
   at System.Xml.XmlTextReaderImpl.ParseText(Int32& startPos, Int32& endPos, Int32& outOrChars)
   at System.Xml.XmlTextReaderImpl.ParseText()
   at System.Xml.XmlTextReaderImpl.ParseElementContent()
   at System.Xml.XmlTextReaderImpl.Read()
   at System.Xml.XmlLoader.LoadNode(Boolean skipOverWhitespace)
   at System.Xml.XmlLoader.LoadDocSequence(XmlDocument parentDoc)
   at System.Xml.XmlLoader.Load(XmlDocument doc, XmlReader reader, Boolean preserveWhitespace)
   at System.Xml.XmlDocument.Load(XmlReader reader)
   at System.Xml.XmlDocument.Load(String filename)
   at DataAnalyzer.Support.FileManager.WriteInputMessage(InputMessages Message, String FileName) in D:\NEW LIVE PROJECT\Extrnal soures\Extrnal soures\DataAnalyzer\Support\FileManager.cs:line 1102

--------------------------------------------------------------------------------------------------------
08-30-2026 07:29:17
'.', hexadecimal value 0x00, is an invalid character. Line 69648, position 14.
   at System.Xml.XmlTextReaderImpl.Throw(Exception e)
   at System.Xml.XmlTextReaderImpl.Throw(String res, String[] args)
   at System.Xml.XmlTextReaderImpl.ParseText(Int32& startPos, Int32& endPos, Int32& outOrChars)
   at System.Xml.XmlTextReaderImpl.ParseText()
   at System.Xml.XmlTextReaderImpl.ParseElementContent()
   at System.Xml.XmlTextReaderImpl.Read()
   at System.Xml.XmlLoader.LoadNode(Boolean skipOverWhitespace)
   at System.Xml.XmlLoader.LoadDocSequence(XmlDocument parentDoc)
   at System.Xml.XmlLoader.Load(XmlDocument doc, XmlReader reader, Boolean preserveWhitespace)
   at System.Xml.XmlDocument.Load(XmlReader reader)
   at System.Xml.XmlDocument.Load(String filename)
   at DataAnalyzer.Support.FileManager.WriteInputMessage(InputMessages Message, String FileName) in D:\NEW LIVE PROJECT\Extrnal soures\Extrnal soures\DataAnalyzer\Support\FileManager.cs:line 1102

--------------------------------------------------------------------------------------------------------
08-30-2026 07:29:18
'.', hexadecimal value 0x00, is an invalid character. Line 69648, position 14.
   at System.Xml.XmlTextReaderImpl.Throw(Exception e)
   at System.Xml.XmlTextReaderImpl.Throw(String res, String[] args)
   at System.Xml.XmlTextReaderImpl.ParseText(Int32& startPos, Int32& endPos, Int32& outOrChars)
   at System.Xml.XmlTextReaderImpl.ParseText()
   at System.Xml.XmlTextReaderImpl.ParseElementContent()
   at System.Xml.XmlTextReaderImpl.Read()
   at System.Xml.XmlLoader.LoadNode(Boolean skipOverWhitespace)
   at System.Xml.XmlLoader.LoadDocSequence(XmlDocument parentDoc)
   at System.Xml.XmlLoader.Load(XmlDocument doc, XmlReader reader, Boolean preserveWhitespace)
   at System.Xml.XmlDocument.Load(XmlReader reader)
   at System.Xml.XmlDocument.Load(String filename)
   at DataAnalyzer.Support.FileManager.WriteInputMessage(InputMessages Message, String FileName) in D:\NEW LIVE PROJECT\Extrnal soures\Extrnal soures\DataAnalyzer\Support\FileManager.cs:line 1102

--------------------------------------------------------------------------------------------------------
08-30-2026 07:29:19
'.', hexadecimal value 0x00, is an invalid character. Line 69648, position 14.
   at System.Xml.XmlTextReaderImpl.Throw(Exception e)
   at System.Xml.XmlTextReaderImpl.Throw(String res, String[] args)
   at System.Xml.XmlTextReaderImpl.ParseText(Int32& startPos, Int32& endPos, Int32& outOrChars)
   at System.Xml.XmlTextReaderImpl.ParseText()
   at System.Xml.XmlTextReaderImpl.ParseElementContent()
   at System.Xml.XmlTextReaderImpl.Read()
   at System.Xml.XmlLoader.LoadNode(Boolean skipOverWhitespace)
   at System.Xml.XmlLoader.LoadDocSequence(XmlDocument parentDoc)
   at System.Xml.XmlLoader.Load(XmlDocument doc, XmlReader reader, Boolean preserveWhitespace)
   at System.Xml.XmlDocument.Load(XmlReader reader)
   at System.Xml.XmlDocument.Load(String filename)
   at DataAnalyzer.Support.FileManager.WriteInputMessage(InputMessages Message, String FileName) in D:\NEW LIVE PROJECT\Extrnal soures\Extrnal soures\DataAnalyzer\Support\FileManager.cs:line 1102

--------------------------------------------------------------------------------------------------------
08-30-2026 07:29:19
'.', hexadecimal value 0x00, is an invalid character. Line 69648, position 14.
   at System.Xml.XmlTextReaderImpl.Throw(Exception e)
   at System.Xml.XmlTextReaderImpl.Throw(String res, String[] args)
   at System.Xml.XmlTextReaderImpl.ParseText(Int32& startPos, Int32& endPos, Int32& outOrChars)
   at System.Xml.XmlTextReaderImpl.ParseText()
   at System.Xml.XmlTextReaderImpl.ParseElementContent()
   at System.Xml.XmlTextReaderImpl.Read()
   at System.Xml.XmlLoader.LoadNode(Boolean skipOverWhitespace)
   at System.Xml.XmlLoader.LoadDocSequence(XmlDocument parentDoc)
   at System.Xml.XmlLoader.Load(XmlDocument doc, XmlReader reader, Boolean preserveWhitespace)
   at System.Xml.XmlDocument.Load(XmlReader reader)
   at System.Xml.XmlDocument.Load(String filename)
   at DataAnalyzer.Support.FileManager.WriteInputMessage(InputMessages Message, String FileName) in D:\NEW LIVE PROJECT\Extrnal soures\Extrnal soures\DataAnalyzer\Support\FileManager.cs:line 1102

--------------------------------------------------------------------------------------------------------
08-30-2026 07:29:20
'.', hexadecimal value 0x00, is an invalid character. Line 69648, position 14.
   at System.Xml.XmlTextReaderImpl.Throw(Exception e)
   at System.Xml.XmlTextReaderImpl.Throw(String res, String[] args)
   at System.Xml.XmlTextReaderImpl.ParseText(Int32& startPos, Int32& endPos, Int32& outOrChars)
   at System.Xml.XmlTextReaderImpl.ParseText()
   at System.Xml.XmlTextReaderImpl.ParseElementContent()
   at System.Xml.XmlTextReaderImpl.Read()
   at System.Xml.XmlLoader.LoadNode(Boolean skipOverWhitespace)
   at System.Xml.XmlLoader.LoadDocSequence(XmlDocument parentDoc)
   at System.Xml.XmlLoader.Load(XmlDocument doc, XmlReader reader, Boolean preserveWhitespace)
   at System.Xml.XmlDocument.Load(XmlReader reader)
   at System.Xml.XmlDocument.Load(String filename)
   at DataAnalyzer.Support.FileManager.WriteInputMessage(InputMessages Message, String FileName) in D:\NEW LIVE PROJECT\Extrnal soures\Extrnal soures\DataAnalyzer\Support\FileManager.cs:line 1102

--------------------------------------------------------------------------------------------------------
08-30-2026 07:29:20
'.', hexadecimal value 0x00, is an invalid character. Line 69648, position 14.
   at System.Xml.XmlTextReaderImpl.Throw(Exception e)
   at System.Xml.XmlTextReaderImpl.Throw(String res, String[] args)
   at System.Xml.XmlTextReaderImpl.ParseText(Int32& startPos, Int32& endPos, Int32& outOrChars)
   at System.Xml.XmlTextReaderImpl.ParseText()
   at System.Xml.XmlTextReaderImpl.ParseElementContent()
   at System.Xml.XmlTextReaderImpl.Read()
   at System.Xml.XmlLoader.LoadNode(Boolean skipOverWhitespace)
   at System.Xml.XmlLoader.LoadDocSequence(XmlDocument parentDoc)
   at System.Xml.XmlLoader.Load(XmlDocument doc, XmlReader reader, Boolean preserveWhitespace)
   at System.Xml.XmlDocument.Load(XmlReader reader)
   at System.Xml.XmlDocument.Load(String filename)
   at DataAnalyzer.Support.FileManager.WriteInputMessage(InputMessages Message, String FileName) in D:\NEW LIVE PROJECT\Extrnal soures\Extrnal soures\DataAnalyzer\Support\FileManager.cs:line 1102

--------------------------------------------------------------------------------------------------------
08-30-2026 07:29:21
'.', hexadecimal value 0x00, is an invalid character. Line 69648, position 14.
   at System.Xml.XmlTextReaderImpl.Throw(Exception e)
   at System.Xml.XmlTextReaderImpl.Throw(String res, String[] args)
   at System.Xml.XmlTextReaderImpl.ParseText(Int32& startPos, Int32& endPos, Int32& outOrChars)
   at System.Xml.XmlTextReaderImpl.ParseText()
   at System.Xml.XmlTextReaderImpl.ParseElementContent()
   at System.Xml.XmlTextReaderImpl.Read()
   at System.Xml.XmlLoader.LoadNode(Boolean skipOverWhitespace)
   at System.Xml.XmlLoader.LoadDocSequence(XmlDocument parentDoc)
   at System.Xml.XmlLoader.Load(XmlDocument doc, XmlReader reader, Boolean preserveWhitespace)
   at System.Xml.XmlDocument.Load(XmlReader reader)
   at System.Xml.XmlDocument.Load(String filename)
   at DataAnalyzer.Support.FileManager.WriteInputMessage(InputMessages Message, String FileName) in D:\NEW LIVE PROJECT\Extrnal soures\Extrnal soures\DataAnalyzer\Support\FileManager.cs:line 1102

--------------------------------------------------------------------------------------------------------
08-30-2026 07:29:21
'.', hexadecimal value 0x00, is an invalid character. Line 69648, position 14.
   at System.Xml.XmlTextReaderImpl.Throw(Exception e)
   at System.Xml.XmlTextReaderImpl.Throw(String res, String[] args)
   at System.Xml.XmlTextReaderImpl.ParseText(Int32& startPos, Int32& endPos, Int32& outOrChars)
   at System.Xml.XmlTextReaderImpl.ParseText()
   at System.Xml.XmlTextReaderImpl.ParseElementContent()
   at System.Xml.XmlTextReaderImpl.Read()
   at System.Xml.XmlLoader.LoadNode(Boolean skipOverWhitespace)
   at System.Xml.XmlLoader.LoadDocSequence(XmlDocument parentDoc)
   at System.Xml.XmlLoader.Load(XmlDocument doc, XmlReader reader, Boolean preserveWhitespace)
   at System.Xml.XmlDocument.Load(XmlReader reader)
   at System.Xml.XmlDocument.Load(String filename)
   at DataAnalyzer.Support.FileManager.WriteInputMessage(InputMessages Message, String FileName) in D:\NEW LIVE PROJECT\Extrnal soures\Extrnal soures\DataAnalyzer\Support\FileManager.cs:line 1102

--------------------------------------------------------------------------------------------------------
08-30-2026 07:29:21
'.', hexadecimal value 0x00, is an invalid character. Line 69648, position 14.
   at System.Xml.XmlTextReaderImpl.Throw(Exception e)
   at System.Xml.XmlTextReaderImpl.Throw(String res, String[] args)
   at System.Xml.XmlTextReaderImpl.ParseText(Int32& startPos, Int32& endPos, Int32& outOrChars)
   at System.Xml.XmlTextReaderImpl.ParseText()
   at System.Xml.XmlTextReaderImpl.ParseElementContent()
   at System.Xml.XmlTextReaderImpl.Read()
   at System.Xml.XmlLoader.LoadNode(Boolean skipOverWhitespace)
   at System.Xml.XmlLoader.LoadDocSequence(XmlDocument parentDoc)
   at System.Xml.XmlLoader.Load(XmlDocument doc, XmlReader reader, Boolean preserveWhitespace)
   at System.Xml.XmlDocument.Load(XmlReader reader)
   at System.Xml.XmlDocument.Load(String filename)
   at DataAnalyzer.Support.FileManager.WriteInputMessage(InputMessages Message, String FileName) in D:\NEW LIVE PROJECT\Extrnal soures\Extrnal soures\DataAnalyzer\Support\FileManager.cs:line 1102

--------------------------------------------------------------------------------------------------------
08-30-2026 07:29:22
'.', hexadecimal value 0x00, is an invalid character. Line 69648, position 14.
   at System.Xml.XmlTextReaderImpl.Throw(Exception e)
   at System.Xml.XmlTextReaderImpl.Throw(String res, String[] args)
   at System.Xml.XmlTextReaderImpl.ParseText(Int32& startPos, Int32& endPos, Int32& outOrChars)
   at System.Xml.XmlTextReaderImpl.ParseText()
   at System.Xml.XmlTextReaderImpl.ParseElementContent()
   at System.Xml.XmlTextReaderImpl.Read()
   at System.Xml.XmlLoader.LoadNode(Boolean skipOverWhitespace)
   at System.Xml.XmlLoader.LoadDocSequence(XmlDocument parentDoc)
   at System.Xml.XmlLoader.Load(XmlDocument doc, XmlReader reader, Boolean preserveWhitespace)
   at System.Xml.XmlDocument.Load(XmlReader reader)
   at System.Xml.XmlDocument.Load(String filename)
   at DataAnalyzer.Support.FileManager.WriteInputMessage(InputMessages Message, String FileName) in D:\NEW LIVE PROJECT\Extrnal soures\Extrnal soures\DataAnalyzer\Support\FileManager.cs:line 1102

--------------------------------------------------------------------------------------------------------
08-30-2026 07:29:23
'.', hexadecimal value 0x00, is an invalid character. Line 69648, position 14.
   at System.Xml.XmlTextReaderImpl.Throw(Exception e)
   at System.Xml.XmlTextReaderImpl.Throw(String res, String[] args)
   at System.Xml.XmlTextReaderImpl.ParseText(Int32& startPos, Int32& endPos, Int32& outOrChars)
   at System.Xml.XmlTextReaderImpl.ParseText()
   at System.Xml.XmlTextReaderImpl.ParseElementContent()
   at System.Xml.XmlTextReaderImpl.Read()
   at System.Xml.XmlLoader.LoadNode(Boolean skipOverWhitespace)
   at System.Xml.XmlLoader.LoadDocSequence(XmlDocument parentDoc)
   at System.Xml.XmlLoader.Load(XmlDocument doc, XmlReader reader, Boolean preserveWhitespace)
   at System.Xml.XmlDocument.Load(XmlReader reader)
   at System.Xml.XmlDocument.Load(String filename)
   at DataAnalyzer.Support.FileManager.WriteInputMessage(InputMessages Message, String FileName) in D:\NEW LIVE PROJECT\Extrnal soures\Extrnal soures\DataAnalyzer\Support\FileManager.cs:line 1102

--------------------------------------------------------------------------------------------------------
08-30-2026 07:29:25
'.', hexadecimal value 0x00, is an invalid character. Line 69648, position 14.
   at System.Xml.XmlTextReaderImpl.Throw(Exception e)
   at System.Xml.XmlTextReaderImpl.Throw(String res, String[] args)
   at System.Xml.XmlTextReaderImpl.ParseText(Int32& startPos, Int32& endPos, Int32& outOrChars)
   at System.Xml.XmlTextReaderImpl.ParseText()
   at System.Xml.XmlTextReaderImpl.ParseElementContent()
   at System.Xml.XmlTextReaderImpl.Read()
   at System.Xml.XmlLoader.LoadNode(Boolean skipOverWhitespace)
   at System.Xml.XmlLoader.LoadDocSequence(XmlDocument parentDoc)
   at System.Xml.XmlLoader.Load(XmlDocument doc, XmlReader reader, Boolean preserveWhitespace)
   at System.Xml.XmlDocument.Load(XmlReader reader)
   at System.Xml.XmlDocument.Load(String filename)
   at DataAnalyzer.Support.FileManager.WriteInputMessage(InputMessages Message, String FileName) in D:\NEW LIVE PROJECT\Extrnal soures\Extrnal soures\DataAnalyzer\Support\FileManager.cs:line 1102

--------------------------------------------------------------------------------------------------------
08-30-2026 07:29:27
'.', hexadecimal value 0x00, is an invalid character. Line 69648, position 14.
   at System.Xml.XmlTextReaderImpl.Throw(Exception e)
   at System.Xml.XmlTextReaderImpl.Throw(String res, String[] args)
   at System.Xml.XmlTextReaderImpl.ParseText(Int32& startPos, Int32& endPos, Int32& outOrChars)
   at System.Xml.XmlTextReaderImpl.ParseText()
   at System.Xml.XmlTextReaderImpl.ParseElementContent()
   at System.Xml.XmlTextReaderImpl.Read()
   at System.Xml.XmlLoader.LoadNode(Boolean skipOverWhitespace)
   at System.Xml.XmlLoader.LoadDocSequence(XmlDocument parentDoc)
   at System.Xml.XmlLoader.Load(XmlDocument doc, XmlReader reader, Boolean preserveWhitespace)
   at System.Xml.XmlDocument.Load(XmlReader reader)
   at System.Xml.XmlDocument.Load(String filename)
   at DataAnalyzer.Support.FileManager.WriteInputMessage(InputMessages Message, String FileName) in D:\NEW LIVE PROJECT\Extrnal soures\Extrnal soures\DataAnalyzer\Support\FileManager.cs:line 1102

--------------------------------------------------------------------------------------------------------
08-30-2026 07:29:30
'.', hexadecimal value 0x00, is an invalid character. Line 69648, position 14.
   at System.Xml.XmlTextReaderImpl.Throw(Exception e)
   at System.Xml.XmlTextReaderImpl.Throw(String res, String[] args)
   at System.Xml.XmlTextReaderImpl.ParseText(Int32& startPos, Int32& endPos, Int32& outOrChars)
   at System.Xml.XmlTextReaderImpl.ParseText()
   at System.Xml.XmlTextReaderImpl.ParseElementContent()
   at System.Xml.XmlTextReaderImpl.Read()
   at System.Xml.XmlLoader.LoadNode(Boolean skipOverWhitespace)
   at System.Xml.XmlLoader.LoadDocSequence(XmlDocument parentDoc)
   at System.Xml.XmlLoader.Load(XmlDocument doc, XmlReader reader, Boolean preserveWhitespace)
   at System.Xml.XmlDocument.Load(XmlReader reader)
   at System.Xml.XmlDocument.Load(String filename)
   at DataAnalyzer.Support.FileManager.WriteInputMessage(InputMessages Message, String FileName) in D:\NEW LIVE PROJECT\Extrnal soures\Extrnal soures\DataAnalyzer\Support\FileManager.cs:line 1102

--------------------------------------------------------------------------------------------------------
08-30-2026 07:29:31
'.', hexadecimal value 0x00, is an invalid character. Line 69648, position 14.
   at System.Xml.XmlTextReaderImpl.Throw(Exception e)
   at System.Xml.XmlTextReaderImpl.Throw(String res, String[] args)
   at System.Xml.XmlTextReaderImpl.ParseText(Int32& startPos, Int32& endPos, Int32& outOrChars)
   at System.Xml.XmlTextReaderImpl.ParseText()
   at System.Xml.XmlTextReaderImpl.ParseElementContent()
   at System.Xml.XmlTextReaderImpl.Read()
   at System.Xml.XmlLoader.LoadNode(Boolean skipOverWhitespace)
   at System.Xml.XmlLoader.LoadDocSequence(XmlDocument parentDoc)
   at System.Xml.XmlLoader.Load(XmlDocument doc, XmlReader reader, Boolean preserveWhitespace)
   at System.Xml.XmlDocument.Load(XmlReader reader)
   at System.Xml.XmlDocument.Load(String filename)
   at DataAnalyzer.Support.FileManager.WriteInputMessage(InputMessages Message, String FileName) in D:\NEW LIVE PROJECT\Extrnal soures\Extrnal soures\DataAnalyzer\Support\FileManager.cs:line 1102

--------------------------------------------------------------------------------------------------------
08-30-2026 07:29:32
'.', hexadecimal value 0x00, is an invalid character. Line 69648, position 14.
   at System.Xml.XmlTextReaderImpl.Throw(Exception e)
   at System.Xml.XmlTextReaderImpl.Throw(String res, String[] args)
   at System.Xml.XmlTextReaderImpl.ParseText(Int32& startPos, Int32& endPos, Int32& outOrChars)
   at System.Xml.XmlTextReaderImpl.ParseText()
   at System.Xml.XmlTextReaderImpl.ParseElementContent()
   at System.Xml.XmlTextReaderImpl.Read()
   at System.Xml.XmlLoader.LoadNode(Boolean skipOverWhitespace)
   at System.Xml.XmlLoader.LoadDocSequence(XmlDocument parentDoc)
   at System.Xml.XmlLoader.Load(XmlDocument doc, XmlReader reader, Boolean preserveWhitespace)
   at System.Xml.XmlDocument.Load(XmlReader reader)
   at System.Xml.XmlDocument.Load(String filename)
   at DataAnalyzer.Support.FileManager.WriteInputMessage(InputMessages Message, String FileName) in D:\NEW LIVE PROJECT\Extrnal soures\Extrnal soures\DataAnalyzer\Support\FileManager.cs:line 1102

--------------------------------------------------------------------------------------------------------
08-30-2026 07:29:32
'.', hexadecimal value 0x00, is an invalid character. Line 69648, position 14.
   at System.Xml.XmlTextReaderImpl.Throw(Exception e)
   at System.Xml.XmlTextReaderImpl.Throw(String res, String[] args)
   at System.Xml.XmlTextReaderImpl.ParseText(Int32& startPos, Int32& endPos, Int32& outOrChars)
   at System.Xml.XmlTextReaderImpl.ParseText()
   at System.Xml.XmlTextReaderImpl.ParseElementContent()
   at System.Xml.XmlTextReaderImpl.Read()
   at System.Xml.XmlLoader.LoadNode(Boolean skipOverWhitespace)
   at System.Xml.XmlLoader.LoadDocSequence(XmlDocument parentDoc)
   at System.Xml.XmlLoader.Load(XmlDocument doc, XmlReader reader, Boolean preserveWhitespace)
   at System.Xml.XmlDocument.Load(XmlReader reader)
   at System.Xml.XmlDocument.Load(String filename)
   at DataAnalyzer.Support.FileManager.WriteInputMessage(InputMessages Message, String FileName) in D:\NEW LIVE PROJECT\Extrnal soures\Extrnal soures\DataAnalyzer\Support\FileManager.cs:line 1102

--------------------------------------------------------------------------------------------------------
08-30-2026 07:29:33
'.', hexadecimal value 0x00, is an invalid character. Line 69648, position 14.
   at System.Xml.XmlTextReaderImpl.Throw(Exception e)
   at System.Xml.XmlTextReaderImpl.Throw(String res, String[] args)
   at System.Xml.XmlTextReaderImpl.ParseText(Int32& startPos, Int32& endPos, Int32& outOrChars)
   at System.Xml.XmlTextReaderImpl.ParseText()
   at System.Xml.XmlTextReaderImpl.ParseElementContent()
   at System.Xml.XmlTextReaderImpl.Read()
   at System.Xml.XmlLoader.LoadNode(Boolean skipOverWhitespace)
   at System.Xml.XmlLoader.LoadDocSequence(XmlDocument parentDoc)
   at System.Xml.XmlLoader.Load(XmlDocument doc, XmlReader reader, Boolean preserveWhitespace)
   at System.Xml.XmlDocument.Load(XmlReader reader)
   at System.Xml.XmlDocument.Load(String filename)
   at DataAnalyzer.Support.FileManager.WriteInputMessage(InputMessages Message, String FileName) in D:\NEW LIVE PROJECT\Extrnal soures\Extrnal soures\DataAnalyzer\Support\FileManager.cs:line 1102

--------------------------------------------------------------------------------------------------------
08-30-2026 07:29:34
'.', hexadecimal value 0x00, is an invalid character. Line 69648, position 14.
   at System.Xml.XmlTextReaderImpl.Throw(Exception e)
   at System.Xml.XmlTextReaderImpl.Throw(String res, String[] args)
   at System.Xml.XmlTextReaderImpl.ParseText(Int32& startPos, Int32& endPos, Int32& outOrChars)
   at System.Xml.XmlTextReaderImpl.ParseText()
   at System.Xml.XmlTextReaderImpl.ParseElementContent()
   at System.Xml.XmlTextReaderImpl.Read()
   at System.Xml.XmlLoader.LoadNode(Boolean skipOverWhitespace)
   at System.Xml.XmlLoader.LoadDocSequence(XmlDocument parentDoc)
   at System.Xml.XmlLoader.Load(XmlDocument doc, XmlReader reader, Boolean preserveWhitespace)
   at System.Xml.XmlDocument.Load(XmlReader reader)
   at System.Xml.XmlDocument.Load(String filename)
   at DataAnalyzer.Support.FileManager.WriteInputMessage(InputMessages Message, String FileName) in D:\NEW LIVE PROJECT\Extrnal soures\Extrnal soures\DataAnalyzer\Support\FileManager.cs:line 1102

--------------------------------------------------------------------------------------------------------
08-30-2026 07:29:35
'.', hexadecimal value 0x00, is an invalid character. Line 69648, position 14.
   at System.Xml.XmlTextReaderImpl.Throw(Exception e)
   at System.Xml.XmlTextReaderImpl.Throw(String res, String[] args)
   at System.Xml.XmlTextReaderImpl.ParseText(Int32& startPos, Int32& endPos, Int32& outOrChars)
   at System.Xml.XmlTextReaderImpl.ParseText()
   at System.Xml.XmlTextReaderImpl.ParseElementContent()
   at System.Xml.XmlTextReaderImpl.Read()
   at System.Xml.XmlLoader.LoadNode(Boolean skipOverWhitespace)
   at System.Xml.XmlLoader.LoadDocSequence(XmlDocument parentDoc)
   at System.Xml.XmlLoader.Load(XmlDocument doc, XmlReader reader, Boolean preserveWhitespace)
   at System.Xml.XmlDocument.Load(XmlReader reader)
   at System.Xml.XmlDocument.Load(String filename)
   at DataAnalyzer.Support.FileManager.WriteInputMessage(InputMessages Message, String FileName) in D:\NEW LIVE PROJECT\Extrnal soures\Extrnal soures\DataAnalyzer\Support\FileManager.cs:line 1102

--------------------------------------------------------------------------------------------------------
08-30-2026 07:29:36
'.', hexadecimal value 0x00, is an invalid character. Line 69648, position 14.
   at System.Xml.XmlTextReaderImpl.Throw(Exception e)
   at System.Xml.XmlTextReaderImpl.Throw(String res, String[] args)
   at System.Xml.XmlTextReaderImpl.ParseText(Int32& startPos, Int32& endPos, Int32& outOrChars)
   at System.Xml.XmlTextReaderImpl.ParseText()
   at System.Xml.XmlTextReaderImpl.ParseElementContent()
   at System.Xml.XmlTextReaderImpl.Read()
   at System.Xml.XmlLoader.LoadNode(Boolean skipOverWhitespace)
   at System.Xml.XmlLoader.LoadDocSequence(XmlDocument parentDoc)
   at System.Xml.XmlLoader.Load(XmlDocument doc, XmlReader reader, Boolean preserveWhitespace)
   at System.Xml.XmlDocument.Load(XmlReader reader)
   at System.Xml.XmlDocument.Load(String filename)
   at DataAnalyzer.Support.FileManager.WriteInputMessage(InputMessages Message, String FileName) in D:\NEW LIVE PROJECT\Extrnal soures\Extrnal soures\DataAnalyzer\Support\FileManager.cs:line 1102

--------------------------------------------------------------------------------------------------------
08-30-2026 07:29:36
'.', hexadecimal value 0x00, is an invalid character. Line 69648, position 14.
   at System.Xml.XmlTextReaderImpl.Throw(Exception e)
   at System.Xml.XmlTextReaderImpl.Throw(String res, String[] args)
   at System.Xml.XmlTextReaderImpl.ParseText(Int32& startPos, Int32& endPos, Int32& outOrChars)
   at System.Xml.XmlTextReaderImpl.ParseText()
   at System.Xml.XmlTextReaderImpl.ParseElementContent()
   at System.Xml.XmlTextReaderImpl.Read()
   at System.Xml.XmlLoader.LoadNode(Boolean skipOverWhitespace)
   at System.Xml.XmlLoader.LoadDocSequence(XmlDocument parentDoc)
   at System.Xml.XmlLoader.Load(XmlDocument doc, XmlReader reader, Boolean preserveWhitespace)
   at System.Xml.XmlDocument.Load(XmlReader reader)
   at System.Xml.XmlDocument.Load(String filename)
   at DataAnalyzer.Support.FileManager.WriteInputMessage(InputMessages Message, String FileName) in D:\NEW LIVE PROJECT\Extrnal soures\Extrnal soures\DataAnalyzer\Support\FileManager.cs:line 1102

--------------------------------------------------------------------------------------------------------
08-30-2026 07:29:36
'.', hexadecimal value 0x00, is an invalid character. Line 69648, position 14.
   at System.Xml.XmlTextReaderImpl.Throw(Exception e)
   at System.Xml.XmlTextReaderImpl.Throw(String res, String[] args)
   at System.Xml.XmlTextReaderImpl.ParseText(Int32& startPos, Int32& endPos, Int32& outOrChars)
   at System.Xml.XmlTextReaderImpl.ParseText()
   at System.Xml.XmlTextReaderImpl.ParseElementContent()
   at System.Xml.XmlTextReaderImpl.Read()
   at System.Xml.XmlLoader.LoadNode(Boolean skipOverWhitespace)
   at System.Xml.XmlLoader.LoadDocSequence(XmlDocument parentDoc)
   at System.Xml.XmlLoader.Load(XmlDocument doc, XmlReader reader, Boolean preserveWhitespace)
   at System.Xml.XmlDocument.Load(XmlReader reader)
   at System.Xml.XmlDocument.Load(String filename)
   at DataAnalyzer.Support.FileManager.WriteInputMessage(InputMessages Message, String FileName) in D:\NEW LIVE PROJECT\Extrnal soures\Extrnal soures\DataAnalyzer\Support\FileManager.cs:line 1102

--------------------------------------------------------------------------------------------------------
08-30-2026 07:29:37
'.', hexadecimal value 0x00, is an invalid character. Line 69648, position 14.
   at System.Xml.XmlTextReaderImpl.Throw(Exception e)
   at System.Xml.XmlTextReaderImpl.Throw(String res, String[] args)
   at System.Xml.XmlTextReaderImpl.ParseText(Int32& startPos, Int32& endPos, Int32& outOrChars)
   at System.Xml.XmlTextReaderImpl.ParseText()
   at System.Xml.XmlTextReaderImpl.ParseElementContent()
   at System.Xml.XmlTextReaderImpl.Read()
   at System.Xml.XmlLoader.LoadNode(Boolean skipOverWhitespace)
   at System.Xml.XmlLoader.LoadDocSequence(XmlDocument parentDoc)
   at System.Xml.XmlLoader.Load(XmlDocument doc, XmlReader reader, Boolean preserveWhitespace)
   at System.Xml.XmlDocument.Load(XmlReader reader)
   at System.Xml.XmlDocument.Load(String filename)
   at DataAnalyzer.Support.FileManager.WriteInputMessage(InputMessages Message, String FileName) in D:\NEW LIVE PROJECT\Extrnal soures\Extrnal soures\DataAnalyzer\Support\FileManager.cs:line 1102

--------------------------------------------------------------------------------------------------------
08-30-2026 07:29:40
'.', hexadecimal value 0x00, is an invalid character. Line 69648, position 14.
   at System.Xml.XmlTextReaderImpl.Throw(Exception e)
   at System.Xml.XmlTextReaderImpl.Throw(String res, String[] args)
   at System.Xml.XmlTextReaderImpl.ParseText(Int32& startPos, Int32& endPos, Int32& outOrChars)
   at System.Xml.XmlTextReaderImpl.ParseText()
   at System.Xml.XmlTextReaderImpl.ParseElementContent()
   at System.Xml.XmlTextReaderImpl.Read()
   at System.Xml.XmlLoader.LoadNode(Boolean skipOverWhitespace)
   at System.Xml.XmlLoader.LoadDocSequence(XmlDocument parentDoc)
   at System.Xml.XmlLoader.Load(XmlDocument doc, XmlReader reader, Boolean preserveWhitespace)
   at System.Xml.XmlDocument.Load(XmlReader reader)
   at System.Xml.XmlDocument.Load(String filename)
   at DataAnalyzer.Support.FileManager.WriteInputMessage(InputMessages Message, String FileName) in D:\NEW LIVE PROJECT\Extrnal soures\Extrnal soures\DataAnalyzer\Support\FileManager.cs:line 1102

--------------------------------------------------------------------------------------------------------
08-30-2026 07:29:40
'.', hexadecimal value 0x00, is an invalid character. Line 69648, position 14.
   at System.Xml.XmlTextReaderImpl.Throw(Exception e)
   at System.Xml.XmlTextReaderImpl.Throw(String res, String[] args)
   at System.Xml.XmlTextReaderImpl.ParseText(Int32& startPos, Int32& endPos, Int32& outOrChars)
   at System.Xml.XmlTextReaderImpl.ParseText()
   at System.Xml.XmlTextReaderImpl.ParseElementContent()
   at System.Xml.XmlTextReaderImpl.Read()
   at System.Xml.XmlLoader.LoadNode(Boolean skipOverWhitespace)
   at System.Xml.XmlLoader.LoadDocSequence(XmlDocument parentDoc)
   at System.Xml.XmlLoader.Load(XmlDocument doc, XmlReader reader, Boolean preserveWhitespace)
   at System.Xml.XmlDocument.Load(XmlReader reader)
   at System.Xml.XmlDocument.Load(String filename)
   at DataAnalyzer.Support.FileManager.WriteInputMessage(InputMessages Message, String FileName) in D:\NEW LIVE PROJECT\Extrnal soures\Extrnal soures\DataAnalyzer\Support\FileManager.cs:line 1102

--------------------------------------------------------------------------------------------------------
08-30-2026 07:29:45
'.', hexadecimal value 0x00, is an invalid character. Line 69648, position 14.
   at System.Xml.XmlTextReaderImpl.Throw(Exception e)
   at System.Xml.XmlTextReaderImpl.Throw(String res, String[] args)
   at System.Xml.XmlTextReaderImpl.ParseText(Int32& startPos, Int32& endPos, Int32& outOrChars)
   at System.Xml.XmlTextReaderImpl.ParseText()
   at System.Xml.XmlTextReaderImpl.ParseElementContent()
   at System.Xml.XmlTextReaderImpl.Read()
   at System.Xml.XmlLoader.LoadNode(Boolean skipOverWhitespace)
   at System.Xml.XmlLoader.LoadDocSequence(XmlDocument parentDoc)
   at System.Xml.XmlLoader.Load(XmlDocument doc, XmlReader reader, Boolean preserveWhitespace)
   at System.Xml.XmlDocument.Load(XmlReader reader)
   at System.Xml.XmlDocument.Load(String filename)
   at DataAnalyzer.Support.FileManager.WriteInputMessage(InputMessages Message, String FileName) in D:\NEW LIVE PROJECT\Extrnal soures\Extrnal soures\DataAnalyzer\Support\FileManager.cs:line 1102

--------------------------------------------------------------------------------------------------------
08-30-2026 07:29:46
'.', hexadecimal value 0x00, is an invalid character. Line 69648, position 14.
   at System.Xml.XmlTextReaderImpl.Throw(Exception e)
   at System.Xml.XmlTextReaderImpl.Throw(String res, String[] args)
   at System.Xml.XmlTextReaderImpl.ParseText(Int32& startPos, Int32& endPos, Int32& outOrChars)
   at System.Xml.XmlTextReaderImpl.ParseText()
   at System.Xml.XmlTextReaderImpl.ParseElementContent()
   at System.Xml.XmlTextReaderImpl.Read()
   at System.Xml.XmlLoader.LoadNode(Boolean skipOverWhitespace)
   at System.Xml.XmlLoader.LoadDocSequence(XmlDocument parentDoc)
   at System.Xml.XmlLoader.Load(XmlDocument doc, XmlReader reader, Boolean preserveWhitespace)
   at System.Xml.XmlDocument.Load(XmlReader reader)
   at System.Xml.XmlDocument.Load(String filename)
   at DataAnalyzer.Support.FileManager.WriteInputMessage(InputMessages Message, String FileName) in D:\NEW LIVE PROJECT\Extrnal soures\Extrnal soures\DataAnalyzer\Support\FileManager.cs:line 1102

--------------------------------------------------------------------------------------------------------
08-30-2026 07:29:46
'.', hexadecimal value 0x00, is an invalid character. Line 69648, position 14.
   at System.Xml.XmlTextReaderImpl.Throw(Exception e)
   at System.Xml.XmlTextReaderImpl.Throw(String res, String[] args)
   at System.Xml.XmlTextReaderImpl.ParseText(Int32& startPos, Int32& endPos, Int32& outOrChars)
   at System.Xml.XmlTextReaderImpl.ParseText()
   at System.Xml.XmlTextReaderImpl.ParseElementContent()
   at System.Xml.XmlTextReaderImpl.Read()
   at System.Xml.XmlLoader.LoadNode(Boolean skipOverWhitespace)
   at System.Xml.XmlLoader.LoadDocSequence(XmlDocument parentDoc)
   at System.Xml.XmlLoader.Load(XmlDocument doc, XmlReader reader, Boolean preserveWhitespace)
   at System.Xml.XmlDocument.Load(XmlReader reader)
   at System.Xml.XmlDocument.Load(String filename)
   at DataAnalyzer.Support.FileManager.WriteInputMessage(InputMessages Message, String FileName) in D:\NEW LIVE PROJECT\Extrnal soures\Extrnal soures\DataAnalyzer\Support\FileManager.cs:line 1102

--------------------------------------------------------------------------------------------------------
08-30-2026 07:29:46
'.', hexadecimal value 0x00, is an invalid character. Line 69648, position 14.
   at System.Xml.XmlTextReaderImpl.Throw(Exception e)
   at System.Xml.XmlTextReaderImpl.Throw(String res, String[] args)
   at System.Xml.XmlTextReaderImpl.ParseText(Int32& startPos, Int32& endPos, Int32& outOrChars)
   at System.Xml.XmlTextReaderImpl.ParseText()
   at System.Xml.XmlTextReaderImpl.ParseElementContent()
   at System.Xml.XmlTextReaderImpl.Read()
   at System.Xml.XmlLoader.LoadNode(Boolean skipOverWhitespace)
   at System.Xml.XmlLoader.LoadDocSequence(XmlDocument parentDoc)
   at System.Xml.XmlLoader.Load(XmlDocument doc, XmlReader reader, Boolean preserveWhitespace)
   at System.Xml.XmlDocument.Load(XmlReader reader)
   at System.Xml.XmlDocument.Load(String filename)
   at DataAnalyzer.Support.FileManager.WriteInputMessage(InputMessages Message, String FileName) in D:\NEW LIVE PROJECT\Extrnal soures\Extrnal soures\DataAnalyzer\Support\FileManager.cs:line 1102

--------------------------------------------------------------------------------------------------------
08-30-2026 07:29:48
'.', hexadecimal value 0x00, is an invalid character. Line 69648, position 14.
   at System.Xml.XmlTextReaderImpl.Throw(Exception e)
   at System.Xml.XmlTextReaderImpl.Throw(String res, String[] args)
   at System.Xml.XmlTextReaderImpl.ParseText(Int32& startPos, Int32& endPos, Int32& outOrChars)
   at System.Xml.XmlTextReaderImpl.ParseText()
   at System.Xml.XmlTextReaderImpl.ParseElementContent()
   at System.Xml.XmlTextReaderImpl.Read()
   at System.Xml.XmlLoader.LoadNode(Boolean skipOverWhitespace)
   at System.Xml.XmlLoader.LoadDocSequence(XmlDocument parentDoc)
   at System.Xml.XmlLoader.Load(XmlDocument doc, XmlReader reader, Boolean preserveWhitespace)
   at System.Xml.XmlDocument.Load(XmlReader reader)
   at System.Xml.XmlDocument.Load(String filename)
   at DataAnalyzer.Support.FileManager.WriteInputMessage(InputMessages Message, String FileName) in D:\NEW LIVE PROJECT\Extrnal soures\Extrnal soures\DataAnalyzer\Support\FileManager.cs:line 1102

--------------------------------------------------------------------------------------------------------
08-30-2026 07:29:48
'.', hexadecimal value 0x00, is an invalid character. Line 69648, position 14.
   at System.Xml.XmlTextReaderImpl.Throw(Exception e)
   at System.Xml.XmlTextReaderImpl.Throw(String res, String[] args)
   at System.Xml.XmlTextReaderImpl.ParseText(Int32& startPos, Int32& endPos, Int32& outOrChars)
   at System.Xml.XmlTextReaderImpl.ParseText()
   at System.Xml.XmlTextReaderImpl.ParseElementContent()
   at System.Xml.XmlTextReaderImpl.Read()
   at System.Xml.XmlLoader.LoadNode(Boolean skipOverWhitespace)
   at System.Xml.XmlLoader.LoadDocSequence(XmlDocument parentDoc)
   at System.Xml.XmlLoader.Load(XmlDocument doc, XmlReader reader, Boolean preserveWhitespace)
   at System.Xml.XmlDocument.Load(XmlReader reader)
   at System.Xml.XmlDocument.Load(String filename)
   at DataAnalyzer.Support.FileManager.WriteInputMessage(InputMessages Message, String FileName) in D:\NEW LIVE PROJECT\Extrnal soures\Extrnal soures\DataAnalyzer\Support\FileManager.cs:line 1102

--------------------------------------------------------------------------------------------------------
08-30-2026 07:29:48
'.', hexadecimal value 0x00, is an invalid character. Line 69648, position 14.
   at System.Xml.XmlTextReaderImpl.Throw(Exception e)
   at System.Xml.XmlTextReaderImpl.Throw(String res, String[] args)
   at System.Xml.XmlTextReaderImpl.ParseText(Int32& startPos, Int32& endPos, Int32& outOrChars)
   at System.Xml.XmlTextReaderImpl.ParseText()
   at System.Xml.XmlTextReaderImpl.ParseElementContent()
   at System.Xml.XmlTextReaderImpl.Read()
   at System.Xml.XmlLoader.LoadNode(Boolean skipOverWhitespace)
   at System.Xml.XmlLoader.LoadDocSequence(XmlDocument parentDoc)
   at System.Xml.XmlLoader.Load(XmlDocument doc, XmlReader reader, Boolean preserveWhitespace)
   at System.Xml.XmlDocument.Load(XmlReader reader)
   at System.Xml.XmlDocument.Load(String filename)
   at DataAnalyzer.Support.FileManager.WriteInputMessage(InputMessages Message, String FileName) in D:\NEW LIVE PROJECT\Extrnal soures\Extrnal soures\DataAnalyzer\Support\FileManager.cs:line 1102

--------------------------------------------------------------------------------------------------------
08-30-2026 07:29:48
'.', hexadecimal value 0x00, is an invalid character. Line 69648, position 14.
   at System.Xml.XmlTextReaderImpl.Throw(Exception e)
   at System.Xml.XmlTextReaderImpl.Throw(String res, String[] args)
   at System.Xml.XmlTextReaderImpl.ParseText(Int32& startPos, Int32& endPos, Int32& outOrChars)
   at System.Xml.XmlTextReaderImpl.ParseText()
   at System.Xml.XmlTextReaderImpl.ParseElementContent()
   at System.Xml.XmlTextReaderImpl.Read()
   at System.Xml.XmlLoader.LoadNode(Boolean skipOverWhitespace)
   at System.Xml.XmlLoader.LoadDocSequence(XmlDocument parentDoc)
   at System.Xml.XmlLoader.Load(XmlDocument doc, XmlReader reader, Boolean preserveWhitespace)
   at System.Xml.XmlDocument.Load(XmlReader reader)
   at System.Xml.XmlDocument.Load(String filename)
   at DataAnalyzer.Support.FileManager.WriteInputMessage(InputMessages Message, String FileName) in D:\NEW LIVE PROJECT\Extrnal soures\Extrnal soures\DataAnalyzer\Support\FileManager.cs:line 1102

--------------------------------------------------------------------------------------------------------
08-30-2026 07:29:49
'.', hexadecimal value 0x00, is an invalid character. Line 69648, position 14.
   at System.Xml.XmlTextReaderImpl.Throw(Exception e)
   at System.Xml.XmlTextReaderImpl.Throw(String res, String[] args)
   at System.Xml.XmlTextReaderImpl.ParseText(Int32& startPos, Int32& endPos, Int32& outOrChars)
   at System.Xml.XmlTextReaderImpl.ParseText()
   at System.Xml.XmlTextReaderImpl.ParseElementContent()
   at System.Xml.XmlTextReaderImpl.Read()
   at System.Xml.XmlLoader.LoadNode(Boolean skipOverWhitespace)
   at System.Xml.XmlLoader.LoadDocSequence(XmlDocument parentDoc)
   at System.Xml.XmlLoader.Load(XmlDocument doc, XmlReader reader, Boolean preserveWhitespace)
   at System.Xml.XmlDocument.Load(XmlReader reader)
   at System.Xml.XmlDocument.Load(String filename)
   at DataAnalyzer.Support.FileManager.WriteInputMessage(InputMessages Message, String FileName) in D:\NEW LIVE PROJECT\Extrnal soures\Extrnal soures\DataAnalyzer\Support\FileManager.cs:line 1102

--------------------------------------------------------------------------------------------------------
08-30-2026 07:29:49
'.', hexadecimal value 0x00, is an invalid character. Line 69648, position 14.
   at System.Xml.XmlTextReaderImpl.Throw(Exception e)
   at System.Xml.XmlTextReaderImpl.Throw(String res, String[] args)
   at System.Xml.XmlTextReaderImpl.ParseText(Int32& startPos, Int32& endPos, Int32& outOrChars)
   at System.Xml.XmlTextReaderImpl.ParseText()
   at System.Xml.XmlTextReaderImpl.ParseElementContent()
   at System.Xml.XmlTextReaderImpl.Read()
   at System.Xml.XmlLoader.LoadNode(Boolean skipOverWhitespace)
   at System.Xml.XmlLoader.LoadDocSequence(XmlDocument parentDoc)
   at System.Xml.XmlLoader.Load(XmlDocument doc, XmlReader reader, Boolean preserveWhitespace)
   at System.Xml.XmlDocument.Load(XmlReader reader)
   at System.Xml.XmlDocument.Load(String filename)
   at DataAnalyzer.Support.FileManager.WriteInputMessage(InputMessages Message, String FileName) in D:\NEW LIVE PROJECT\Extrnal soures\Extrnal soures\DataAnalyzer\Support\FileManager.cs:line 1102

--------------------------------------------------------------------------------------------------------
08-30-2026 07:29:49
'.', hexadecimal value 0x00, is an invalid character. Line 69648, position 14.
   at System.Xml.XmlTextReaderImpl.Throw(Exception e)
   at System.Xml.XmlTextReaderImpl.Throw(String res, String[] args)
   at System.Xml.XmlTextReaderImpl.ParseText(Int32& startPos, Int32& endPos, Int32& outOrChars)
   at System.Xml.XmlTextReaderImpl.ParseText()
   at System.Xml.XmlTextReaderImpl.ParseElementContent()
   at System.Xml.XmlTextReaderImpl.Read()
   at System.Xml.XmlLoader.LoadNode(Boolean skipOverWhitespace)
   at System.Xml.XmlLoader.LoadDocSequence(XmlDocument parentDoc)
   at System.Xml.XmlLoader.Load(XmlDocument doc, XmlReader reader, Boolean preserveWhitespace)
   at System.Xml.XmlDocument.Load(XmlReader reader)
   at System.Xml.XmlDocument.Load(String filename)
   at DataAnalyzer.Support.FileManager.WriteInputMessage(InputMessages Message, String FileName) in D:\NEW LIVE PROJECT\Extrnal soures\Extrnal soures\DataAnalyzer\Support\FileManager.cs:line 1102

--------------------------------------------------------------------------------------------------------
08-30-2026 07:29:49
'.', hexadecimal value 0x00, is an invalid character. Line 69648, position 14.
   at System.Xml.XmlTextReaderImpl.Throw(Exception e)
   at System.Xml.XmlTextReaderImpl.Throw(String res, String[] args)
   at System.Xml.XmlTextReaderImpl.ParseText(Int32& startPos, Int32& endPos, Int32& outOrChars)
   at System.Xml.XmlTextReaderImpl.ParseText()
   at System.Xml.XmlTextReaderImpl.ParseElementContent()
   at System.Xml.XmlTextReaderImpl.Read()
   at System.Xml.XmlLoader.LoadNode(Boolean skipOverWhitespace)
   at System.Xml.XmlLoader.LoadDocSequence(XmlDocument parentDoc)
   at System.Xml.XmlLoader.Load(XmlDocument doc, XmlReader reader, Boolean preserveWhitespace)
   at System.Xml.XmlDocument.Load(XmlReader reader)
   at System.Xml.XmlDocument.Load(String filename)
   at DataAnalyzer.Support.FileManager.WriteInputMessage(InputMessages Message, String FileName) in D:\NEW LIVE PROJECT\Extrnal soures\Extrnal soures\DataAnalyzer\Support\FileManager.cs:line 1102

--------------------------------------------------------------------------------------------------------
08-30-2026 07:29:49
'.', hexadecimal value 0x00, is an invalid character. Line 69648, position 14.
   at System.Xml.XmlTextReaderImpl.Throw(Exception e)
   at System.Xml.XmlTextReaderImpl.Throw(String res, String[] args)
   at System.Xml.XmlTextReaderImpl.ParseText(Int32& startPos, Int32& endPos, Int32& outOrChars)
   at System.Xml.XmlTextReaderImpl.ParseText()
   at System.Xml.XmlTextReaderImpl.ParseElementContent()
   at System.Xml.XmlTextReaderImpl.Read()
   at System.Xml.XmlLoader.LoadNode(Boolean skipOverWhitespace)
   at System.Xml.XmlLoader.LoadDocSequence(XmlDocument parentDoc)
   at System.Xml.XmlLoader.Load(XmlDocument doc, XmlReader reader, Boolean preserveWhitespace)
   at System.Xml.XmlDocument.Load(XmlReader reader)
   at System.Xml.XmlDocument.Load(String filename)
   at DataAnalyzer.Support.FileManager.WriteInputMessage(InputMessages Message, String FileName) in D:\NEW LIVE PROJECT\Extrnal soures\Extrnal soures\DataAnalyzer\Support\FileManager.cs:line 1102

--------------------------------------------------------------------------------------------------------
08-30-2026 07:29:49
'.', hexadecimal value 0x00, is an invalid character. Line 69648, position 14.
   at System.Xml.XmlTextReaderImpl.Throw(Exception e)
   at System.Xml.XmlTextReaderImpl.Throw(String res, String[] args)
   at System.Xml.XmlTextReaderImpl.ParseText(Int32& startPos, Int32& endPos, Int32& outOrChars)
   at System.Xml.XmlTextReaderImpl.ParseText()
   at System.Xml.XmlTextReaderImpl.ParseElementContent()
   at System.Xml.XmlTextReaderImpl.Read()
   at System.Xml.XmlLoader.LoadNode(Boolean skipOverWhitespace)
   at System.Xml.XmlLoader.LoadDocSequence(XmlDocument parentDoc)
   at System.Xml.XmlLoader.Load(XmlDocument doc, XmlReader reader, Boolean preserveWhitespace)
   at System.Xml.XmlDocument.Load(XmlReader reader)
   at System.Xml.XmlDocument.Load(String filename)
   at DataAnalyzer.Support.FileManager.WriteInputMessage(InputMessages Message, String FileName) in D:\NEW LIVE PROJECT\Extrnal soures\Extrnal soures\DataAnalyzer\Support\FileManager.cs:line 1102

--------------------------------------------------------------------------------------------------------
08-30-2026 07:29:51
'.', hexadecimal value 0x00, is an invalid character. Line 69648, position 14.
   at System.Xml.XmlTextReaderImpl.Throw(Exception e)
   at System.Xml.XmlTextReaderImpl.Throw(String res, String[] args)
   at System.Xml.XmlTextReaderImpl.ParseText(Int32& startPos, Int32& endPos, Int32& outOrChars)
   at System.Xml.XmlTextReaderImpl.ParseText()
   at System.Xml.XmlTextReaderImpl.ParseElementContent()
   at System.Xml.XmlTextReaderImpl.Read()
   at System.Xml.XmlLoader.LoadNode(Boolean skipOverWhitespace)
   at System.Xml.XmlLoader.LoadDocSequence(XmlDocument parentDoc)
   at System.Xml.XmlLoader.Load(XmlDocument doc, XmlReader reader, Boolean preserveWhitespace)
   at System.Xml.XmlDocument.Load(XmlReader reader)
   at System.Xml.XmlDocument.Load(String filename)
   at DataAnalyzer.Support.FileManager.WriteInputMessage(InputMessages Message, String FileName) in D:\NEW LIVE PROJECT\Extrnal soures\Extrnal soures\DataAnalyzer\Support\FileManager.cs:line 1102

--------------------------------------------------------------------------------------------------------
08-30-2026 07:29:51
'.', hexadecimal value 0x00, is an invalid character. Line 69648, position 14.
   at System.Xml.XmlTextReaderImpl.Throw(Exception e)
   at System.Xml.XmlTextReaderImpl.Throw(String res, String[] args)
   at System.Xml.XmlTextReaderImpl.ParseText(Int32& startPos, Int32& endPos, Int32& outOrChars)
   at System.Xml.XmlTextReaderImpl.ParseText()
   at System.Xml.XmlTextReaderImpl.ParseElementContent()
   at System.Xml.XmlTextReaderImpl.Read()
   at System.Xml.XmlLoader.LoadNode(Boolean skipOverWhitespace)
   at System.Xml.XmlLoader.LoadDocSequence(XmlDocument parentDoc)
   at System.Xml.XmlLoader.Load(XmlDocument doc, XmlReader reader, Boolean preserveWhitespace)
   at System.Xml.XmlDocument.Load(XmlReader reader)
   at System.Xml.XmlDocument.Load(String filename)
   at DataAnalyzer.Support.FileManager.WriteInputMessage(InputMessages Message, String FileName) in D:\NEW LIVE PROJECT\Extrnal soures\Extrnal soures\DataAnalyzer\Support\FileManager.cs:line 1102

--------------------------------------------------------------------------------------------------------
08-30-2026 07:29:53
'.', hexadecimal value 0x00, is an invalid character. Line 69648, position 14.
   at System.Xml.XmlTextReaderImpl.Throw(Exception e)
   at System.Xml.XmlTextReaderImpl.Throw(String res, String[] args)
   at System.Xml.XmlTextReaderImpl.ParseText(Int32& startPos, Int32& endPos, Int32& outOrChars)
   at System.Xml.XmlTextReaderImpl.ParseText()
   at System.Xml.XmlTextReaderImpl.ParseElementContent()
   at System.Xml.XmlTextReaderImpl.Read()
   at System.Xml.XmlLoader.LoadNode(Boolean skipOverWhitespace)
   at System.Xml.XmlLoader.LoadDocSequence(XmlDocument parentDoc)
   at System.Xml.XmlLoader.Load(XmlDocument doc, XmlReader reader, Boolean preserveWhitespace)
   at System.Xml.XmlDocument.Load(XmlReader reader)
   at System.Xml.XmlDocument.Load(String filename)
   at DataAnalyzer.Support.FileManager.WriteInputMessage(InputMessages Message, String FileName) in D:\NEW LIVE PROJECT\Extrnal soures\Extrnal soures\DataAnalyzer\Support\FileManager.cs:line 1102

--------------------------------------------------------------------------------------------------------
08-30-2026 07:30:00
'.', hexadecimal value 0x00, is an invalid character. Line 69648, position 14.
   at System.Xml.XmlTextReaderImpl.Throw(Exception e)
   at System.Xml.XmlTextReaderImpl.Throw(String res, String[] args)
   at System.Xml.XmlTextReaderImpl.ParseText(Int32& startPos, Int32& endPos, Int32& outOrChars)
   at System.Xml.XmlTextReaderImpl.ParseText()
   at System.Xml.XmlTextReaderImpl.ParseElementContent()
   at System.Xml.XmlTextReaderImpl.Read()
   at System.Xml.XmlLoader.LoadNode(Boolean skipOverWhitespace)
   at System.Xml.XmlLoader.LoadDocSequence(XmlDocument parentDoc)
   at System.Xml.XmlLoader.Load(XmlDocument doc, XmlReader reader, Boolean preserveWhitespace)
   at System.Xml.XmlDocument.Load(XmlReader reader)
   at System.Xml.XmlDocument.Load(String filename)
   at DataAnalyzer.Support.FileManager.WriteInputMessage(InputMessages Message, String FileName) in D:\NEW LIVE PROJECT\Extrnal soures\Extrnal soures\DataAnalyzer\Support\FileManager.cs:line 1102

--------------------------------------------------------------------------------------------------------
08-30-2026 07:30:00
'.', hexadecimal value 0x00, is an invalid character. Line 69648, position 14.
   at System.Xml.XmlTextReaderImpl.Throw(Exception e)
   at System.Xml.XmlTextReaderImpl.Throw(String res, String[] args)
   at System.Xml.XmlTextReaderImpl.ParseText(Int32& startPos, Int32& endPos, Int32& outOrChars)
   at System.Xml.XmlTextReaderImpl.ParseText()
   at System.Xml.XmlTextReaderImpl.ParseElementContent()
   at System.Xml.XmlTextReaderImpl.Read()
   at System.Xml.XmlLoader.LoadNode(Boolean skipOverWhitespace)
   at System.Xml.XmlLoader.LoadDocSequence(XmlDocument parentDoc)
   at System.Xml.XmlLoader.Load(XmlDocument doc, XmlReader reader, Boolean preserveWhitespace)
   at System.Xml.XmlDocument.Load(XmlReader reader)
   at System.Xml.XmlDocument.Load(String filename)
   at DataAnalyzer.Support.FileManager.WriteInputMessage(InputMessages Message, String FileName) in D:\NEW LIVE PROJECT\Extrnal soures\Extrnal soures\DataAnalyzer\Support\FileManager.cs:line 1102

--------------------------------------------------------------------------------------------------------
08-30-2026 07:30:00
'.', hexadecimal value 0x00, is an invalid character. Line 69648, position 14.
   at System.Xml.XmlTextReaderImpl.Throw(Exception e)
   at System.Xml.XmlTextReaderImpl.Throw(String res, String[] args)
   at System.Xml.XmlTextReaderImpl.ParseText(Int32& startPos, Int32& endPos, Int32& outOrChars)
   at System.Xml.XmlTextReaderImpl.ParseText()
   at System.Xml.XmlTextReaderImpl.ParseElementContent()
   at System.Xml.XmlTextReaderImpl.Read()
   at System.Xml.XmlLoader.LoadNode(Boolean skipOverWhitespace)
   at System.Xml.XmlLoader.LoadDocSequence(XmlDocument parentDoc)
   at System.Xml.XmlLoader.Load(XmlDocument doc, XmlReader reader, Boolean preserveWhitespace)
   at System.Xml.XmlDocument.Load(XmlReader reader)
   at System.Xml.XmlDocument.Load(String filename)
   at DataAnalyzer.Support.FileManager.WriteInputMessage(InputMessages Message, String FileName) in D:\NEW LIVE PROJECT\Extrnal soures\Extrnal soures\DataAnalyzer\Support\FileManager.cs:line 1102

--------------------------------------------------------------------------------------------------------
08-30-2026 07:30:00
'.', hexadecimal value 0x00, is an invalid character. Line 69648, position 14.
   at System.Xml.XmlTextReaderImpl.Throw(Exception e)
   at System.Xml.XmlTextReaderImpl.Throw(String res, String[] args)
   at System.Xml.XmlTextReaderImpl.ParseText(Int32& startPos, Int32& endPos, Int32& outOrChars)
   at System.Xml.XmlTextReaderImpl.ParseText()
   at System.Xml.XmlTextReaderImpl.ParseElementContent()
   at System.Xml.XmlTextReaderImpl.Read()
   at System.Xml.XmlLoader.LoadNode(Boolean skipOverWhitespace)
   at System.Xml.XmlLoader.LoadDocSequence(XmlDocument parentDoc)
   at System.Xml.XmlLoader.Load(XmlDocument doc, XmlReader reader, Boolean preserveWhitespace)
   at System.Xml.XmlDocument.Load(XmlReader reader)
   at System.Xml.XmlDocument.Load(String filename)
   at DataAnalyzer.Support.FileManager.WriteInputMessage(InputMessages Message, String FileName) in D:\NEW LIVE PROJECT\Extrnal soures\Extrnal soures\DataAnalyzer\Support\FileManager.cs:line 1102

--------------------------------------------------------------------------------------------------------
08-30-2026 07:30:01
'.', hexadecimal value 0x00, is an invalid character. Line 69648, position 14.
   at System.Xml.XmlTextReaderImpl.Throw(Exception e)
   at System.Xml.XmlTextReaderImpl.Throw(String res, String[] args)
   at System.Xml.XmlTextReaderImpl.ParseText(Int32& startPos, Int32& endPos, Int32& outOrChars)
   at System.Xml.XmlTextReaderImpl.ParseText()
   at System.Xml.XmlTextReaderImpl.ParseElementContent()
   at System.Xml.XmlTextReaderImpl.Read()
   at System.Xml.XmlLoader.LoadNode(Boolean skipOverWhitespace)
   at System.Xml.XmlLoader.LoadDocSequence(XmlDocument parentDoc)
   at System.Xml.XmlLoader.Load(XmlDocument doc, XmlReader reader, Boolean preserveWhitespace)
   at System.Xml.XmlDocument.Load(XmlReader reader)
   at System.Xml.XmlDocument.Load(String filename)
   at DataAnalyzer.Support.FileManager.WriteInputMessage(InputMessages Message, String FileName) in D:\NEW LIVE PROJECT\Extrnal soures\Extrnal soures\DataAnalyzer\Support\FileManager.cs:line 1102

--------------------------------------------------------------------------------------------------------
08-30-2026 07:30:02
'.', hexadecimal value 0x00, is an invalid character. Line 69648, position 14.
   at System.Xml.XmlTextReaderImpl.Throw(Exception e)
   at System.Xml.XmlTextReaderImpl.Throw(String res, String[] args)
   at System.Xml.XmlTextReaderImpl.ParseText(Int32& startPos, Int32& endPos, Int32& outOrChars)
   at System.Xml.XmlTextReaderImpl.ParseText()
   at System.Xml.XmlTextReaderImpl.ParseElementContent()
   at System.Xml.XmlTextReaderImpl.Read()
   at System.Xml.XmlLoader.LoadNode(Boolean skipOverWhitespace)
   at System.Xml.XmlLoader.LoadDocSequence(XmlDocument parentDoc)
   at System.Xml.XmlLoader.Load(XmlDocument doc, XmlReader reader, Boolean preserveWhitespace)
   at System.Xml.XmlDocument.Load(XmlReader reader)
   at System.Xml.XmlDocument.Load(String filename)
   at DataAnalyzer.Support.FileManager.WriteInputMessage(InputMessages Message, String FileName) in D:\NEW LIVE PROJECT\Extrnal soures\Extrnal soures\DataAnalyzer\Support\FileManager.cs:line 1102

--------------------------------------------------------------------------------------------------------
08-30-2026 07:30:02
'.', hexadecimal value 0x00, is an invalid character. Line 69648, position 14.
   at System.Xml.XmlTextReaderImpl.Throw(Exception e)
   at System.Xml.XmlTextReaderImpl.Throw(String res, String[] args)
   at System.Xml.XmlTextReaderImpl.ParseText(Int32& startPos, Int32& endPos, Int32& outOrChars)
   at System.Xml.XmlTextReaderImpl.ParseText()
   at System.Xml.XmlTextReaderImpl.ParseElementContent()
   at System.Xml.XmlTextReaderImpl.Read()
   at System.Xml.XmlLoader.LoadNode(Boolean skipOverWhitespace)
   at System.Xml.XmlLoader.LoadDocSequence(XmlDocument parentDoc)
   at System.Xml.XmlLoader.Load(XmlDocument doc, XmlReader reader, Boolean preserveWhitespace)
   at System.Xml.XmlDocument.Load(XmlReader reader)
   at System.Xml.XmlDocument.Load(String filename)
   at DataAnalyzer.Support.FileManager.WriteInputMessage(InputMessages Message, String FileName) in D:\NEW LIVE PROJECT\Extrnal soures\Extrnal soures\DataAnalyzer\Support\FileManager.cs:line 1102

--------------------------------------------------------------------------------------------------------
08-30-2026 07:30:03
'.', hexadecimal value 0x00, is an invalid character. Line 69648, position 14.
   at System.Xml.XmlTextReaderImpl.Throw(Exception e)
   at System.Xml.XmlTextReaderImpl.Throw(String res, String[] args)
   at System.Xml.XmlTextReaderImpl.ParseText(Int32& startPos, Int32& endPos, Int32& outOrChars)
   at System.Xml.XmlTextReaderImpl.ParseText()
   at System.Xml.XmlTextReaderImpl.ParseElementContent()
   at System.Xml.XmlTextReaderImpl.Read()
   at System.Xml.XmlLoader.LoadNode(Boolean skipOverWhitespace)
   at System.Xml.XmlLoader.LoadDocSequence(XmlDocument parentDoc)
   at System.Xml.XmlLoader.Load(XmlDocument doc, XmlReader reader, Boolean preserveWhitespace)
   at System.Xml.XmlDocument.Load(XmlReader reader)
   at System.Xml.XmlDocument.Load(String filename)
   at DataAnalyzer.Support.FileManager.WriteInputMessage(InputMessages Message, String FileName) in D:\NEW LIVE PROJECT\Extrnal soures\Extrnal soures\DataAnalyzer\Support\FileManager.cs:line 1102

--------------------------------------------------------------------------------------------------------
08-30-2026 07:30:08
'.', hexadecimal value 0x00, is an invalid character. Line 69648, position 14.
   at System.Xml.XmlTextReaderImpl.Throw(Exception e)
   at System.Xml.XmlTextReaderImpl.Throw(String res, String[] args)
   at System.Xml.XmlTextReaderImpl.ParseText(Int32& startPos, Int32& endPos, Int32& outOrChars)
   at System.Xml.XmlTextReaderImpl.ParseText()
   at System.Xml.XmlTextReaderImpl.ParseElementContent()
   at System.Xml.XmlTextReaderImpl.Read()
   at System.Xml.XmlLoader.LoadNode(Boolean skipOverWhitespace)
   at System.Xml.XmlLoader.LoadDocSequence(XmlDocument parentDoc)
   at System.Xml.XmlLoader.Load(XmlDocument doc, XmlReader reader, Boolean preserveWhitespace)
   at System.Xml.XmlDocument.Load(XmlReader reader)
   at System.Xml.XmlDocument.Load(String filename)
   at DataAnalyzer.Support.FileManager.WriteInputMessage(InputMessages Message, String FileName) in D:\NEW LIVE PROJECT\Extrnal soures\Extrnal soures\DataAnalyzer\Support\FileManager.cs:line 1102

--------------------------------------------------------------------------------------------------------
08-30-2026 07:30:26
'.', hexadecimal value 0x00, is an invalid character. Line 69648, position 14.
   at System.Xml.XmlTextReaderImpl.Throw(Exception e)
   at System.Xml.XmlTextReaderImpl.Throw(String res, String[] args)
   at System.Xml.XmlTextReaderImpl.ParseText(Int32& startPos, Int32& endPos, Int32& outOrChars)
   at System.Xml.XmlTextReaderImpl.ParseText()
   at System.Xml.XmlTextReaderImpl.ParseElementContent()
   at System.Xml.XmlTextReaderImpl.Read()
   at System.Xml.XmlLoader.LoadNode(Boolean skipOverWhitespace)
   at System.Xml.XmlLoader.LoadDocSequence(XmlDocument parentDoc)
   at System.Xml.XmlLoader.Load(XmlDocument doc, XmlReader reader, Boolean preserveWhitespace)
   at System.Xml.XmlDocument.Load(XmlReader reader)
   at System.Xml.XmlDocument.Load(String filename)
   at DataAnalyzer.Support.FileManager.WriteInputMessage(InputMessages Message, String FileName) in D:\NEW LIVE PROJECT\Extrnal soures\Extrnal soures\DataAnalyzer\Support\FileManager.cs:line 1102

--------------------------------------------------------------------------------------------------------
08-30-2026 07:30:36
'.', hexadecimal value 0x00, is an invalid character. Line 69648, position 14.
   at System.Xml.XmlTextReaderImpl.Throw(Exception e)
   at System.Xml.XmlTextReaderImpl.Throw(String res, String[] args)
   at System.Xml.XmlTextReaderImpl.ParseText(Int32& startPos, Int32& endPos, Int32& outOrChars)
   at System.Xml.XmlTextReaderImpl.ParseText()
   at System.Xml.XmlTextReaderImpl.ParseElementContent()
   at System.Xml.XmlTextReaderImpl.Read()
   at System.Xml.XmlLoader.LoadNode(Boolean skipOverWhitespace)
   at System.Xml.XmlLoader.LoadDocSequence(XmlDocument parentDoc)
   at System.Xml.XmlLoader.Load(XmlDocument doc, XmlReader reader, Boolean preserveWhitespace)
   at System.Xml.XmlDocument.Load(XmlReader reader)
   at System.Xml.XmlDocument.Load(String filename)
   at DataAnalyzer.Support.FileManager.WriteInputMessage(InputMessages Message, String FileName) in D:\NEW LIVE PROJECT\Extrnal soures\Extrnal soures\DataAnalyzer\Support\FileManager.cs:line 1102

--------------------------------------------------------------------------------------------------------
08-30-2026 07:31:02
Execution Timeout Expired.  The timeout period elapsed prior to completion of the operation or the server is not responding.
   at System.Data.SqlClient.SqlConnection.OnError(SqlException exception, Boolean breakConnection, Action`1 wrapCloseInAction)
   at System.Data.SqlClient.SqlInternalConnection.OnError(SqlException exception, Boolean breakConnection, Action`1 wrapCloseInAction)
   at System.Data.SqlClient.TdsParser.ThrowExceptionAndWarning(TdsParserStateObject stateObj, Boolean callerHasConnectionLock, Boolean asyncClose)
   at System.Data.SqlClient.TdsParser.TryRun(RunBehavior runBehavior, SqlCommand cmdHandler, SqlDataReader dataStream, BulkCopySimpleResultSet bulkCopyHandler, TdsParserStateObject stateObj, Boolean& dataReady)
   at System.Data.SqlClient.SqlCommand.FinishExecuteReader(SqlDataReader ds, RunBehavior runBehavior, String resetOptionsString, Boolean isInternal, Boolean forDescribeParameterEncryption, Boolean shouldCacheForAlwaysEncrypted)
   at System.Data.SqlClient.SqlCommand.RunExecuteReaderTds(CommandBehavior cmdBehavior, RunBehavior runBehavior, Boolean returnStream, Boolean async, Int32 timeout, Task& task, Boolean asyncWrite, Boolean inRetry, SqlDataReader ds, Boolean describeParameterEncryptionRequest)
   at System.Data.SqlClient.SqlCommand.RunExecuteReader(CommandBehavior cmdBehavior, RunBehavior runBehavior, Boolean returnStream, String method, TaskCompletionSource`1 completion, Int32 timeout, Task& task, Boolean& usedCache, Boolean asyncWrite, Boolean inRetry)
   at System.Data.SqlClient.SqlCommand.InternalExecuteNonQuery(TaskCompletionSource`1 completion, String methodName, Boolean sendToPipe, Int32 timeout, Boolean& usedCache, Boolean asyncWrite, Boolean inRetry)
   at System.Data.SqlClient.SqlCommand.ExecuteNonQuery()
   at DataAnalyzer.Support.Dataaccess.IntegrationResults(List`1 eResultList, String extconstring) in D:\NEW LIVE PROJECT\Extrnal soures\Extrnal soures\DataAnalyzer\Support\Dataaccess.cs:line 833

--------------------------------------------------------------------------------------------------------
08-30-2026 07:31:02
ExecuteReader requires an open and available Connection. The connection's current state is closed.
   at System.Data.SqlClient.SqlCommand.ValidateCommand(String method, Boolean async)
   at System.Data.SqlClient.SqlCommand.RunExecuteReader(CommandBehavior cmdBehavior, RunBehavior runBehavior, Boolean returnStream, String method, TaskCompletionSource`1 completion, Int32 timeout, Task& task, Boolean& usedCache, Boolean asyncWrite, Boolean inRetry)
   at System.Data.SqlClient.SqlCommand.RunExecuteReader(CommandBehavior cmdBehavior, RunBehavior runBehavior, Boolean returnStream, String method)
   at System.Data.SqlClient.SqlCommand.ExecuteReader(CommandBehavior behavior, String method)
   at System.Data.SqlClient.SqlCommand.ExecuteReader()
   at DataAnalyzer.Support.Dataaccess.IntegrationResults(List`1 eResultList, String extconstring) in D:\NEW LIVE PROJECT\Extrnal soures\Extrnal soures\DataAnalyzer\Support\Dataaccess.cs:line 787

--------------------------------------------------------------------------------------------------------
08-30-2026 07:31:02
ExecuteReader requires an open and available Connection. The connection's current state is closed.
   at System.Data.SqlClient.SqlCommand.ValidateCommand(String method, Boolean async)
   at System.Data.SqlClient.SqlCommand.RunExecuteReader(CommandBehavior cmdBehavior, RunBehavior runBehavior, Boolean returnStream, String method, TaskCompletionSource`1 completion, Int32 timeout, Task& task, Boolean& usedCache, Boolean asyncWrite, Boolean inRetry)
   at System.Data.SqlClient.SqlCommand.RunExecuteReader(CommandBehavior cmdBehavior, RunBehavior runBehavior, Boolean returnStream, String method)
   at System.Data.SqlClient.SqlCommand.ExecuteReader(CommandBehavior behavior, String method)
   at System.Data.SqlClient.SqlCommand.ExecuteReader()
   at DataAnalyzer.Support.Dataaccess.IntegrationResults(List`1 eResultList, String extconstring) in D:\NEW LIVE PROJECT\Extrnal soures\Extrnal soures\DataAnalyzer\Support\Dataaccess.cs:line 787

--------------------------------------------------------------------------------------------------------
08-30-2026 07:31:02
ExecuteReader requires an open and available Connection. The connection's current state is closed.
   at System.Data.SqlClient.SqlCommand.ValidateCommand(String method, Boolean async)
   at System.Data.SqlClient.SqlCommand.RunExecuteReader(CommandBehavior cmdBehavior, RunBehavior runBehavior, Boolean returnStream, String method, TaskCompletionSource`1 completion, Int32 timeout, Task& task, Boolean& usedCache, Boolean asyncWrite, Boolean inRetry)
   at System.Data.SqlClient.SqlCommand.RunExecuteReader(CommandBehavior cmdBehavior, RunBehavior runBehavior, Boolean returnStream, String method)
   at System.Data.SqlClient.SqlCommand.ExecuteReader(CommandBehavior behavior, String method)
   at System.Data.SqlClient.SqlCommand.ExecuteReader()
   at DataAnalyzer.Support.Dataaccess.IntegrationResults(List`1 eResultList, String extconstring) in D:\NEW LIVE PROJECT\Extrnal soures\Extrnal soures\DataAnalyzer\Support\Dataaccess.cs:line 787

--------------------------------------------------------------------------------------------------------
08-30-2026 07:31:02
ExecuteReader requires an open and available Connection. The connection's current state is closed.
   at System.Data.SqlClient.SqlCommand.ValidateCommand(String method, Boolean async)
   at System.Data.SqlClient.SqlCommand.RunExecuteReader(CommandBehavior cmdBehavior, RunBehavior runBehavior, Boolean returnStream, String method, TaskCompletionSource`1 completion, Int32 timeout, Task& task, Boolean& usedCache, Boolean asyncWrite, Boolean inRetry)
   at System.Data.SqlClient.SqlCommand.RunExecuteReader(CommandBehavior cmdBehavior, RunBehavior runBehavior, Boolean returnStream, String method)
   at System.Data.SqlClient.SqlCommand.ExecuteReader(CommandBehavior behavior, String method)
   at System.Data.SqlClient.SqlCommand.ExecuteReader()
   at DataAnalyzer.Support.Dataaccess.IntegrationResults(List`1 eResultList, String extconstring) in D:\NEW LIVE PROJECT\Extrnal soures\Extrnal soures\DataAnalyzer\Support\Dataaccess.cs:line 787

--------------------------------------------------------------------------------------------------------
08-30-2026 07:31:02
ExecuteReader requires an open and available Connection. The connection's current state is closed.
   at System.Data.SqlClient.SqlCommand.ValidateCommand(String method, Boolean async)
   at System.Data.SqlClient.SqlCommand.RunExecuteReader(CommandBehavior cmdBehavior, RunBehavior runBehavior, Boolean returnStream, String method, TaskCompletionSource`1 completion, Int32 timeout, Task& task, Boolean& usedCache, Boolean asyncWrite, Boolean inRetry)
   at System.Data.SqlClient.SqlCommand.RunExecuteReader(CommandBehavior cmdBehavior, RunBehavior runBehavior, Boolean returnStream, String method)
   at System.Data.SqlClient.SqlCommand.ExecuteReader(CommandBehavior behavior, String method)
   at System.Data.SqlClient.SqlCommand.ExecuteReader()
   at DataAnalyzer.Support.Dataaccess.IntegrationResults(List`1 eResultList, String extconstring) in D:\NEW LIVE PROJECT\Extrnal soures\Extrnal soures\DataAnalyzer\Support\Dataaccess.cs:line 787

--------------------------------------------------------------------------------------------------------
08-30-2026 07:31:02
ExecuteReader requires an open and available Connection. The connection's current state is closed.
   at System.Data.SqlClient.SqlCommand.ValidateCommand(String method, Boolean async)
   at System.Data.SqlClient.SqlCommand.RunExecuteReader(CommandBehavior cmdBehavior, RunBehavior runBehavior, Boolean returnStream, String method, TaskCompletionSource`1 completion, Int32 timeout, Task& task, Boolean& usedCache, Boolean asyncWrite, Boolean inRetry)
   at System.Data.SqlClient.SqlCommand.RunExecuteReader(CommandBehavior cmdBehavior, RunBehavior runBehavior, Boolean returnStream, String method)
   at System.Data.SqlClient.SqlCommand.ExecuteReader(CommandBehavior behavior, String method)
   at System.Data.SqlClient.SqlCommand.ExecuteReader()
   at DataAnalyzer.Support.Dataaccess.IntegrationResults(List`1 eResultList, String extconstring) in D:\NEW LIVE PROJECT\Extrnal soures\Extrnal soures\DataAnalyzer\Support\Dataaccess.cs:line 787

--------------------------------------------------------------------------------------------------------
08-30-2026 07:31:02
ExecuteReader requires an open and available Connection. The connection's current state is closed.
   at System.Data.SqlClient.SqlCommand.ValidateCommand(String method, Boolean async)
   at System.Data.SqlClient.SqlCommand.RunExecuteReader(CommandBehavior cmdBehavior, RunBehavior runBehavior, Boolean returnStream, String method, TaskCompletionSource`1 completion, Int32 timeout, Task& task, Boolean& usedCache, Boolean asyncWrite, Boolean inRetry)
   at System.Data.SqlClient.SqlCommand.RunExecuteReader(CommandBehavior cmdBehavior, RunBehavior runBehavior, Boolean returnStream, String method)
   at System.Data.SqlClient.SqlCommand.ExecuteReader(CommandBehavior behavior, String method)
   at System.Data.SqlClient.SqlCommand.ExecuteReader()
   at DataAnalyzer.Support.Dataaccess.IntegrationResults(List`1 eResultList, String extconstring) in D:\NEW LIVE PROJECT\Extrnal soures\Extrnal soures\DataAnalyzer\Support\Dataaccess.cs:line 787

--------------------------------------------------------------------------------------------------------
08-30-2026 07:31:02
ExecuteReader requires an open and available Connection. The connection's current state is closed.
   at System.Data.SqlClient.SqlCommand.ValidateCommand(String method, Boolean async)
   at System.Data.SqlClient.SqlCommand.RunExecuteReader(CommandBehavior cmdBehavior, RunBehavior runBehavior, Boolean returnStream, String method, TaskCompletionSource`1 completion, Int32 timeout, Task& task, Boolean& usedCache, Boolean asyncWrite, Boolean inRetry)
   at System.Data.SqlClient.SqlCommand.RunExecuteReader(CommandBehavior cmdBehavior, RunBehavior runBehavior, Boolean returnStream, String method)
   at System.Data.SqlClient.SqlCommand.ExecuteReader(CommandBehavior behavior, String method)
   at System.Data.SqlClient.SqlCommand.ExecuteReader()
   at DataAnalyzer.Support.Dataaccess.IntegrationResults(List`1 eResultList, String extconstring) in D:\NEW LIVE PROJECT\Extrnal soures\Extrnal soures\DataAnalyzer\Support\Dataaccess.cs:line 787

--------------------------------------------------------------------------------------------------------
08-30-2026 07:31:02
ExecuteReader requires an open and available Connection. The connection's current state is closed.
   at System.Data.SqlClient.SqlCommand.ValidateCommand(String method, Boolean async)
   at System.Data.SqlClient.SqlCommand.RunExecuteReader(CommandBehavior cmdBehavior, RunBehavior runBehavior, Boolean returnStream, String method, TaskCompletionSource`1 completion, Int32 timeout, Task& task, Boolean& usedCache, Boolean asyncWrite, Boolean inRetry)
   at System.Data.SqlClient.SqlCommand.RunExecuteReader(CommandBehavior cmdBehavior, RunBehavior runBehavior, Boolean returnStream, String method)
   at System.Data.SqlClient.SqlCommand.ExecuteReader(CommandBehavior behavior, String method)
   at System.Data.SqlClient.SqlCommand.ExecuteReader()
   at DataAnalyzer.Support.Dataaccess.IntegrationResults(List`1 eResultList, String extconstring) in D:\NEW LIVE PROJECT\Extrnal soures\Extrnal soures\DataAnalyzer\Support\Dataaccess.cs:line 787

--------------------------------------------------------------------------------------------------------
08-30-2026 07:31:02
ExecuteReader requires an open and available Connection. The connection's current state is closed.
   at System.Data.SqlClient.SqlCommand.ValidateCommand(String method, Boolean async)
   at System.Data.SqlClient.SqlCommand.RunExecuteReader(CommandBehavior cmdBehavior, RunBehavior runBehavior, Boolean returnStream, String method, TaskCompletionSource`1 completion, Int32 timeout, Task& task, Boolean& usedCache, Boolean asyncWrite, Boolean inRetry)
   at System.Data.SqlClient.SqlCommand.RunExecuteReader(CommandBehavior cmdBehavior, RunBehavior runBehavior, Boolean returnStream, String method)
   at System.Data.SqlClient.SqlCommand.ExecuteReader(CommandBehavior behavior, String method)
   at System.Data.SqlClient.SqlCommand.ExecuteReader()
   at DataAnalyzer.Support.Dataaccess.IntegrationResults(List`1 eResultList, String extconstring) in D:\NEW LIVE PROJECT\Extrnal soures\Extrnal soures\DataAnalyzer\Support\Dataaccess.cs:line 787

--------------------------------------------------------------------------------------------------------
08-30-2026 07:31:02
ExecuteReader requires an open and available Connection. The connection's current state is closed.
   at System.Data.SqlClient.SqlCommand.ValidateCommand(String method, Boolean async)
   at System.Data.SqlClient.SqlCommand.RunExecuteReader(CommandBehavior cmdBehavior, RunBehavior runBehavior, Boolean returnStream, String method, TaskCompletionSource`1 completion, Int32 timeout, Task& task, Boolean& usedCache, Boolean asyncWrite, Boolean inRetry)
   at System.Data.SqlClient.SqlCommand.RunExecuteReader(CommandBehavior cmdBehavior, RunBehavior runBehavior, Boolean returnStream, String method)
   at System.Data.SqlClient.SqlCommand.ExecuteReader(CommandBehavior behavior, String method)
   at System.Data.SqlClient.SqlCommand.ExecuteReader()
   at DataAnalyzer.Support.Dataaccess.IntegrationResults(List`1 eResultList, String extconstring) in D:\NEW LIVE PROJECT\Extrnal soures\Extrnal soures\DataAnalyzer\Support\Dataaccess.cs:line 787

--------------------------------------------------------------------------------------------------------
08-30-2026 07:31:02
ExecuteReader requires an open and available Connection. The connection's current state is closed.
   at System.Data.SqlClient.SqlCommand.ValidateCommand(String method, Boolean async)
   at System.Data.SqlClient.SqlCommand.RunExecuteReader(CommandBehavior cmdBehavior, RunBehavior runBehavior, Boolean returnStream, String method, TaskCompletionSource`1 completion, Int32 timeout, Task& task, Boolean& usedCache, Boolean asyncWrite, Boolean inRetry)
   at System.Data.SqlClient.SqlCommand.RunExecuteReader(CommandBehavior cmdBehavior, RunBehavior runBehavior, Boolean returnStream, String method)
   at System.Data.SqlClient.SqlCommand.ExecuteReader(CommandBehavior behavior, String method)
   at System.Data.SqlClient.SqlCommand.ExecuteReader()
   at DataAnalyzer.Support.Dataaccess.IntegrationResults(List`1 eResultList, String extconstring) in D:\NEW LIVE PROJECT\Extrnal soures\Extrnal soures\DataAnalyzer\Support\Dataaccess.cs:line 787

--------------------------------------------------------------------------------------------------------
08-30-2026 07:31:02
ExecuteReader requires an open and available Connection. The connection's current state is closed.
   at System.Data.SqlClient.SqlCommand.ValidateCommand(String method, Boolean async)
   at System.Data.SqlClient.SqlCommand.RunExecuteReader(CommandBehavior cmdBehavior, RunBehavior runBehavior, Boolean returnStream, String method, TaskCompletionSource`1 completion, Int32 timeout, Task& task, Boolean& usedCache, Boolean asyncWrite, Boolean inRetry)
   at System.Data.SqlClient.SqlCommand.RunExecuteReader(CommandBehavior cmdBehavior, RunBehavior runBehavior, Boolean returnStream, String method)
   at System.Data.SqlClient.SqlCommand.ExecuteReader(CommandBehavior behavior, String method)
   at System.Data.SqlClient.SqlCommand.ExecuteReader()
   at DataAnalyzer.Support.Dataaccess.IntegrationResults(List`1 eResultList, String extconstring) in D:\NEW LIVE PROJECT\Extrnal soures\Extrnal soures\DataAnalyzer\Support\Dataaccess.cs:line 787

--------------------------------------------------------------------------------------------------------
08-30-2026 07:31:02
ExecuteReader requires an open and available Connection. The connection's current state is closed.
   at System.Data.SqlClient.SqlCommand.ValidateCommand(String method, Boolean async)
   at System.Data.SqlClient.SqlCommand.RunExecuteReader(CommandBehavior cmdBehavior, RunBehavior runBehavior, Boolean returnStream, String method, TaskCompletionSource`1 completion, Int32 timeout, Task& task, Boolean& usedCache, Boolean asyncWrite, Boolean inRetry)
   at System.Data.SqlClient.SqlCommand.RunExecuteReader(CommandBehavior cmdBehavior, RunBehavior runBehavior, Boolean returnStream, String method)
   at System.Data.SqlClient.SqlCommand.ExecuteReader(CommandBehavior behavior, String method)
   at System.Data.SqlClient.SqlCommand.ExecuteReader()
   at DataAnalyzer.Support.Dataaccess.IntegrationResults(List`1 eResultList, String extconstring) in D:\NEW LIVE PROJECT\Extrnal soures\Extrnal soures\DataAnalyzer\Support\Dataaccess.cs:line 787

--------------------------------------------------------------------------------------------------------
08-30-2026 07:31:02
ExecuteReader requires an open and available Connection. The connection's current state is closed.
   at System.Data.SqlClient.SqlCommand.ValidateCommand(String method, Boolean async)
   at System.Data.SqlClient.SqlCommand.RunExecuteReader(CommandBehavior cmdBehavior, RunBehavior runBehavior, Boolean returnStream, String method, TaskCompletionSource`1 completion, Int32 timeout, Task& task, Boolean& usedCache, Boolean asyncWrite, Boolean inRetry)
   at System.Data.SqlClient.SqlCommand.RunExecuteReader(CommandBehavior cmdBehavior, RunBehavior runBehavior, Boolean returnStream, String method)
   at System.Data.SqlClient.SqlCommand.ExecuteReader(CommandBehavior behavior, String method)
   at System.Data.SqlClient.SqlCommand.ExecuteReader()
   at DataAnalyzer.Support.Dataaccess.IntegrationResults(List`1 eResultList, String extconstring) in D:\NEW LIVE PROJECT\Extrnal soures\Extrnal soures\DataAnalyzer\Support\Dataaccess.cs:line 787

--------------------------------------------------------------------------------------------------------
08-30-2026 07:31:02
ExecuteReader requires an open and available Connection. The connection's current state is closed.
   at System.Data.SqlClient.SqlCommand.ValidateCommand(String method, Boolean async)
   at System.Data.SqlClient.SqlCommand.RunExecuteReader(CommandBehavior cmdBehavior, RunBehavior runBehavior, Boolean returnStream, String method, TaskCompletionSource`1 completion, Int32 timeout, Task& task, Boolean& usedCache, Boolean asyncWrite, Boolean inRetry)
   at System.Data.SqlClient.SqlCommand.RunExecuteReader(CommandBehavior cmdBehavior, RunBehavior runBehavior, Boolean returnStream, String method)
   at System.Data.SqlClient.SqlCommand.ExecuteReader(CommandBehavior behavior, String method)
   at System.Data.SqlClient.SqlCommand.ExecuteReader()
   at DataAnalyzer.Support.Dataaccess.IntegrationResults(List`1 eResultList, String extconstring) in D:\NEW LIVE PROJECT\Extrnal soures\Extrnal soures\DataAnalyzer\Support\Dataaccess.cs:line 787

--------------------------------------------------------------------------------------------------------
08-30-2026 07:31:02
ExecuteReader requires an open and available Connection. The connection's current state is closed.
   at System.Data.SqlClient.SqlCommand.ValidateCommand(String method, Boolean async)
   at System.Data.SqlClient.SqlCommand.RunExecuteReader(CommandBehavior cmdBehavior, RunBehavior runBehavior, Boolean returnStream, String method, TaskCompletionSource`1 completion, Int32 timeout, Task& task, Boolean& usedCache, Boolean asyncWrite, Boolean inRetry)
   at System.Data.SqlClient.SqlCommand.RunExecuteReader(CommandBehavior cmdBehavior, RunBehavior runBehavior, Boolean returnStream, String method)
   at System.Data.SqlClient.SqlCommand.ExecuteReader(CommandBehavior behavior, String method)
   at System.Data.SqlClient.SqlCommand.ExecuteReader()
   at DataAnalyzer.Support.Dataaccess.IntegrationResults(List`1 eResultList, String extconstring) in D:\NEW LIVE PROJECT\Extrnal soures\Extrnal soures\DataAnalyzer\Support\Dataaccess.cs:line 787

--------------------------------------------------------------------------------------------------------
08-30-2026 07:31:02
ExecuteReader requires an open and available Connection. The connection's current state is closed.
   at System.Data.SqlClient.SqlCommand.ValidateCommand(String method, Boolean async)
   at System.Data.SqlClient.SqlCommand.RunExecuteReader(CommandBehavior cmdBehavior, RunBehavior runBehavior, Boolean returnStream, String method, TaskCompletionSource`1 completion, Int32 timeout, Task& task, Boolean& usedCache, Boolean asyncWrite, Boolean inRetry)
   at System.Data.SqlClient.SqlCommand.RunExecuteReader(CommandBehavior cmdBehavior, RunBehavior runBehavior, Boolean returnStream, String method)
   at System.Data.SqlClient.SqlCommand.ExecuteReader(CommandBehavior behavior, String method)
   at System.Data.SqlClient.SqlCommand.ExecuteReader()
   at DataAnalyzer.Support.Dataaccess.IntegrationResults(List`1 eResultList, String extconstring) in D:\NEW LIVE PROJECT\Extrnal soures\Extrnal soures\DataAnalyzer\Support\Dataaccess.cs:line 787

--------------------------------------------------------------------------------------------------------
08-30-2026 07:31:02
ExecuteReader requires an open and available Connection. The connection's current state is closed.
   at System.Data.SqlClient.SqlCommand.ValidateCommand(String method, Boolean async)
   at System.Data.SqlClient.SqlCommand.RunExecuteReader(CommandBehavior cmdBehavior, RunBehavior runBehavior, Boolean returnStream, String method, TaskCompletionSource`1 completion, Int32 timeout, Task& task, Boolean& usedCache, Boolean asyncWrite, Boolean inRetry)
   at System.Data.SqlClient.SqlCommand.RunExecuteReader(CommandBehavior cmdBehavior, RunBehavior runBehavior, Boolean returnStream, String method)
   at System.Data.SqlClient.SqlCommand.ExecuteReader(CommandBehavior behavior, String method)
   at System.Data.SqlClient.SqlCommand.ExecuteReader()
   at DataAnalyzer.Support.Dataaccess.IntegrationResults(List`1 eResultList, String extconstring) in D:\NEW LIVE PROJECT\Extrnal soures\Extrnal soures\DataAnalyzer\Support\Dataaccess.cs:line 787

--------------------------------------------------------------------------------------------------------
08-30-2026 07:31:02
Execution Timeout Expired.  The timeout period elapsed prior to completion of the operation or the server is not responding.
   at System.Data.SqlClient.SqlConnection.OnError(SqlException exception, Boolean breakConnection, Action`1 wrapCloseInAction)
   at System.Data.SqlClient.SqlInternalConnection.OnError(SqlException exception, Boolean breakConnection, Action`1 wrapCloseInAction)
   at System.Data.SqlClient.TdsParser.ThrowExceptionAndWarning(TdsParserStateObject stateObj, Boolean callerHasConnectionLock, Boolean asyncClose)
   at System.Data.SqlClient.TdsParser.TryRun(RunBehavior runBehavior, SqlCommand cmdHandler, SqlDataReader dataStream, BulkCopySimpleResultSet bulkCopyHandler, TdsParserStateObject stateObj, Boolean& dataReady)
   at System.Data.SqlClient.SqlCommand.FinishExecuteReader(SqlDataReader ds, RunBehavior runBehavior, String resetOptionsString, Boolean isInternal, Boolean forDescribeParameterEncryption, Boolean shouldCacheForAlwaysEncrypted)
   at System.Data.SqlClient.SqlCommand.RunExecuteReaderTds(CommandBehavior cmdBehavior, RunBehavior runBehavior, Boolean returnStream, Boolean async, Int32 timeout, Task& task, Boolean asyncWrite, Boolean inRetry, SqlDataReader ds, Boolean describeParameterEncryptionRequest)
   at System.Data.SqlClient.SqlCommand.RunExecuteReader(CommandBehavior cmdBehavior, RunBehavior runBehavior, Boolean returnStream, String method, TaskCompletionSource`1 completion, Int32 timeout, Task& task, Boolean& usedCache, Boolean asyncWrite, Boolean inRetry)
   at System.Data.SqlClient.SqlCommand.InternalExecuteNonQuery(TaskCompletionSource`1 completion, String methodName, Boolean sendToPipe, Int32 timeout, Boolean& usedCache, Boolean asyncWrite, Boolean inRetry)
   at System.Data.SqlClient.SqlCommand.ExecuteNonQuery()
   at DataAnalyzer.Support.Dataaccess.IntegrationResults(List`1 eResultList, String extconstring) in D:\NEW LIVE PROJECT\Extrnal soures\Extrnal soures\DataAnalyzer\Support\Dataaccess.cs:line 819

--------------------------------------------------------------------------------------------------------
08-30-2026 07:31:02
ExecuteReader requires an open and available Connection. The connection's current state is closed.
   at System.Data.SqlClient.SqlCommand.ValidateCommand(String method, Boolean async)
   at System.Data.SqlClient.SqlCommand.RunExecuteReader(CommandBehavior cmdBehavior, RunBehavior runBehavior, Boolean returnStream, String method, TaskCompletionSource`1 completion, Int32 timeout, Task& task, Boolean& usedCache, Boolean asyncWrite, Boolean inRetry)
   at System.Data.SqlClient.SqlCommand.RunExecuteReader(CommandBehavior cmdBehavior, RunBehavior runBehavior, Boolean returnStream, String method)
   at System.Data.SqlClient.SqlCommand.ExecuteReader(CommandBehavior behavior, String method)
   at System.Data.SqlClient.SqlCommand.ExecuteReader()
   at DataAnalyzer.Support.Dataaccess.IntegrationResults(List`1 eResultList, String extconstring) in D:\NEW LIVE PROJECT\Extrnal soures\Extrnal soures\DataAnalyzer\Support\Dataaccess.cs:line 787

--------------------------------------------------------------------------------------------------------
08-30-2026 07:31:02
ExecuteReader requires an open and available Connection. The connection's current state is closed.
   at System.Data.SqlClient.SqlCommand.ValidateCommand(String method, Boolean async)
   at System.Data.SqlClient.SqlCommand.RunExecuteReader(CommandBehavior cmdBehavior, RunBehavior runBehavior, Boolean returnStream, String method, TaskCompletionSource`1 completion, Int32 timeout, Task& task, Boolean& usedCache, Boolean asyncWrite, Boolean inRetry)
   at System.Data.SqlClient.SqlCommand.RunExecuteReader(CommandBehavior cmdBehavior, RunBehavior runBehavior, Boolean returnStream, String method)
   at System.Data.SqlClient.SqlCommand.ExecuteReader(CommandBehavior behavior, String method)
   at System.Data.SqlClient.SqlCommand.ExecuteReader()
   at DataAnalyzer.Support.Dataaccess.IntegrationResults(List`1 eResultList, String extconstring) in D:\NEW LIVE PROJECT\Extrnal soures\Extrnal soures\DataAnalyzer\Support\Dataaccess.cs:line 787

--------------------------------------------------------------------------------------------------------
08-30-2026 07:31:02
ExecuteReader requires an open and available Connection. The connection's current state is closed.
   at System.Data.SqlClient.SqlCommand.ValidateCommand(String method, Boolean async)
   at System.Data.SqlClient.SqlCommand.RunExecuteReader(CommandBehavior cmdBehavior, RunBehavior runBehavior, Boolean returnStream, String method, TaskCompletionSource`1 completion, Int32 timeout, Task& task, Boolean& usedCache, Boolean asyncWrite, Boolean inRetry)
   at System.Data.SqlClient.SqlCommand.RunExecuteReader(CommandBehavior cmdBehavior, RunBehavior runBehavior, Boolean returnStream, String method)
   at System.Data.SqlClient.SqlCommand.ExecuteReader(CommandBehavior behavior, String method)
   at System.Data.SqlClient.SqlCommand.ExecuteReader()
   at DataAnalyzer.Support.Dataaccess.IntegrationResults(List`1 eResultList, String extconstring) in D:\NEW LIVE PROJECT\Extrnal soures\Extrnal soures\DataAnalyzer\Support\Dataaccess.cs:line 787

--------------------------------------------------------------------------------------------------------
08-30-2026 07:31:02
ExecuteReader requires an open and available Connection. The connection's current state is closed.
   at System.Data.SqlClient.SqlCommand.ValidateCommand(String method, Boolean async)
   at System.Data.SqlClient.SqlCommand.RunExecuteReader(CommandBehavior cmdBehavior, RunBehavior runBehavior, Boolean returnStream, String method, TaskCompletionSource`1 completion, Int32 timeout, Task& task, Boolean& usedCache, Boolean asyncWrite, Boolean inRetry)
   at System.Data.SqlClient.SqlCommand.RunExecuteReader(CommandBehavior cmdBehavior, RunBehavior runBehavior, Boolean returnStream, String method)
   at System.Data.SqlClient.SqlCommand.ExecuteReader(CommandBehavior behavior, String method)
   at System.Data.SqlClient.SqlCommand.ExecuteReader()
   at DataAnalyzer.Support.Dataaccess.IntegrationResults(List`1 eResultList, String extconstring) in D:\NEW LIVE PROJECT\Extrnal soures\Extrnal soures\DataAnalyzer\Support\Dataaccess.cs:line 787

--------------------------------------------------------------------------------------------------------
08-30-2026 07:31:02
ExecuteReader requires an open and available Connection. The connection's current state is closed.
   at System.Data.SqlClient.SqlCommand.ValidateCommand(String method, Boolean async)
   at System.Data.SqlClient.SqlCommand.RunExecuteReader(CommandBehavior cmdBehavior, RunBehavior runBehavior, Boolean returnStream, String method, TaskCompletionSource`1 completion, Int32 timeout, Task& task, Boolean& usedCache, Boolean asyncWrite, Boolean inRetry)
   at System.Data.SqlClient.SqlCommand.RunExecuteReader(CommandBehavior cmdBehavior, RunBehavior runBehavior, Boolean returnStream, String method)
   at System.Data.SqlClient.SqlCommand.ExecuteReader(CommandBehavior behavior, String method)
   at System.Data.SqlClient.SqlCommand.ExecuteReader()
   at DataAnalyzer.Support.Dataaccess.IntegrationResults(List`1 eResultList, String extconstring) in D:\NEW LIVE PROJECT\Extrnal soures\Extrnal soures\DataAnalyzer\Support\Dataaccess.cs:line 787

--------------------------------------------------------------------------------------------------------
08-30-2026 07:31:02
ExecuteReader requires an open and available Connection. The connection's current state is closed.
   at System.Data.SqlClient.SqlCommand.ValidateCommand(String method, Boolean async)
   at System.Data.SqlClient.SqlCommand.RunExecuteReader(CommandBehavior cmdBehavior, RunBehavior runBehavior, Boolean returnStream, String method, TaskCompletionSource`1 completion, Int32 timeout, Task& task, Boolean& usedCache, Boolean asyncWrite, Boolean inRetry)
   at System.Data.SqlClient.SqlCommand.RunExecuteReader(CommandBehavior cmdBehavior, RunBehavior runBehavior, Boolean returnStream, String method)
   at System.Data.SqlClient.SqlCommand.ExecuteReader(CommandBehavior behavior, String method)
   at System.Data.SqlClient.SqlCommand.ExecuteReader()
   at DataAnalyzer.Support.Dataaccess.IntegrationResults(List`1 eResultList, String extconstring) in D:\NEW LIVE PROJECT\Extrnal soures\Extrnal soures\DataAnalyzer\Support\Dataaccess.cs:line 787

--------------------------------------------------------------------------------------------------------
08-30-2026 07:31:02
ExecuteReader requires an open and available Connection. The connection's current state is closed.
   at System.Data.SqlClient.SqlCommand.ValidateCommand(String method, Boolean async)
   at System.Data.SqlClient.SqlCommand.RunExecuteReader(CommandBehavior cmdBehavior, RunBehavior runBehavior, Boolean returnStream, String method, TaskCompletionSource`1 completion, Int32 timeout, Task& task, Boolean& usedCache, Boolean asyncWrite, Boolean inRetry)
   at System.Data.SqlClient.SqlCommand.RunExecuteReader(CommandBehavior cmdBehavior, RunBehavior runBehavior, Boolean returnStream, String method)
   at System.Data.SqlClient.SqlCommand.ExecuteReader(CommandBehavior behavior, String method)
   at System.Data.SqlClient.SqlCommand.ExecuteReader()
   at DataAnalyzer.Support.Dataaccess.IntegrationResults(List`1 eResultList, String extconstring) in D:\NEW LIVE PROJECT\Extrnal soures\Extrnal soures\DataAnalyzer\Support\Dataaccess.cs:line 787

--------------------------------------------------------------------------------------------------------
08-30-2026 07:31:02
ExecuteReader requires an open and available Connection. The connection's current state is closed.
   at System.Data.SqlClient.SqlCommand.ValidateCommand(String method, Boolean async)
   at System.Data.SqlClient.SqlCommand.RunExecuteReader(CommandBehavior cmdBehavior, RunBehavior runBehavior, Boolean returnStream, String method, TaskCompletionSource`1 completion, Int32 timeout, Task& task, Boolean& usedCache, Boolean asyncWrite, Boolean inRetry)
   at System.Data.SqlClient.SqlCommand.RunExecuteReader(CommandBehavior cmdBehavior, RunBehavior runBehavior, Boolean returnStream, String method)
   at System.Data.SqlClient.SqlCommand.ExecuteReader(CommandBehavior behavior, String method)
   at System.Data.SqlClient.SqlCommand.ExecuteReader()
   at DataAnalyzer.Support.Dataaccess.IntegrationResults(List`1 eResultList, String extconstring) in D:\NEW LIVE PROJECT\Extrnal soures\Extrnal soures\DataAnalyzer\Support\Dataaccess.cs:line 787

--------------------------------------------------------------------------------------------------------
08-30-2026 07:31:02
ExecuteReader requires an open and available Connection. The connection's current state is closed.
   at System.Data.SqlClient.SqlCommand.ValidateCommand(String method, Boolean async)
   at System.Data.SqlClient.SqlCommand.RunExecuteReader(CommandBehavior cmdBehavior, RunBehavior runBehavior, Boolean returnStream, String method, TaskCompletionSource`1 completion, Int32 timeout, Task& task, Boolean& usedCache, Boolean asyncWrite, Boolean inRetry)
   at System.Data.SqlClient.SqlCommand.RunExecuteReader(CommandBehavior cmdBehavior, RunBehavior runBehavior, Boolean returnStream, String method)
   at System.Data.SqlClient.SqlCommand.ExecuteReader(CommandBehavior behavior, String method)
   at System.Data.SqlClient.SqlCommand.ExecuteReader()
   at DataAnalyzer.Support.Dataaccess.IntegrationResults(List`1 eResultList, String extconstring) in D:\NEW LIVE PROJECT\Extrnal soures\Extrnal soures\DataAnalyzer\Support\Dataaccess.cs:line 787

--------------------------------------------------------------------------------------------------------
08-30-2026 07:31:02
ExecuteReader requires an open and available Connection. The connection's current state is closed.
   at System.Data.SqlClient.SqlCommand.ValidateCommand(String method, Boolean async)
   at System.Data.SqlClient.SqlCommand.RunExecuteReader(CommandBehavior cmdBehavior, RunBehavior runBehavior, Boolean returnStream, String method, TaskCompletionSource`1 completion, Int32 timeout, Task& task, Boolean& usedCache, Boolean asyncWrite, Boolean inRetry)
   at System.Data.SqlClient.SqlCommand.RunExecuteReader(CommandBehavior cmdBehavior, RunBehavior runBehavior, Boolean returnStream, String method)
   at System.Data.SqlClient.SqlCommand.ExecuteReader(CommandBehavior behavior, String method)
   at System.Data.SqlClient.SqlCommand.ExecuteReader()
   at DataAnalyzer.Support.Dataaccess.IntegrationResults(List`1 eResultList, String extconstring) in D:\NEW LIVE PROJECT\Extrnal soures\Extrnal soures\DataAnalyzer\Support\Dataaccess.cs:line 787

--------------------------------------------------------------------------------------------------------
08-30-2026 07:31:02
ExecuteReader requires an open and available Connection. The connection's current state is closed.
   at System.Data.SqlClient.SqlCommand.ValidateCommand(String method, Boolean async)
   at System.Data.SqlClient.SqlCommand.RunExecuteReader(CommandBehavior cmdBehavior, RunBehavior runBehavior, Boolean returnStream, String method, TaskCompletionSource`1 completion, Int32 timeout, Task& task, Boolean& usedCache, Boolean asyncWrite, Boolean inRetry)
   at System.Data.SqlClient.SqlCommand.RunExecuteReader(CommandBehavior cmdBehavior, RunBehavior runBehavior, Boolean returnStream, String method)
   at System.Data.SqlClient.SqlCommand.ExecuteReader(CommandBehavior behavior, String method)
   at System.Data.SqlClient.SqlCommand.ExecuteReader()
   at DataAnalyzer.Support.Dataaccess.IntegrationResults(List`1 eResultList, String extconstring) in D:\NEW LIVE PROJECT\Extrnal soures\Extrnal soures\DataAnalyzer\Support\Dataaccess.cs:line 787

--------------------------------------------------------------------------------------------------------
08-30-2026 07:31:02
ExecuteReader requires an open and available Connection. The connection's current state is closed.
   at System.Data.SqlClient.SqlCommand.ValidateCommand(String method, Boolean async)
   at System.Data.SqlClient.SqlCommand.RunExecuteReader(CommandBehavior cmdBehavior, RunBehavior runBehavior, Boolean returnStream, String method, TaskCompletionSource`1 completion, Int32 timeout, Task& task, Boolean& usedCache, Boolean asyncWrite, Boolean inRetry)
   at System.Data.SqlClient.SqlCommand.RunExecuteReader(CommandBehavior cmdBehavior, RunBehavior runBehavior, Boolean returnStream, String method)
   at System.Data.SqlClient.SqlCommand.ExecuteReader(CommandBehavior behavior, String method)
   at System.Data.SqlClient.SqlCommand.ExecuteReader()
   at DataAnalyzer.Support.Dataaccess.IntegrationResults(List`1 eResultList, String extconstring) in D:\NEW LIVE PROJECT\Extrnal soures\Extrnal soures\DataAnalyzer\Support\Dataaccess.cs:line 787

--------------------------------------------------------------------------------------------------------
08-30-2026 07:31:02
ExecuteReader requires an open and available Connection. The connection's current state is closed.
   at System.Data.SqlClient.SqlCommand.ValidateCommand(String method, Boolean async)
   at System.Data.SqlClient.SqlCommand.RunExecuteReader(CommandBehavior cmdBehavior, RunBehavior runBehavior, Boolean returnStream, String method, TaskCompletionSource`1 completion, Int32 timeout, Task& task, Boolean& usedCache, Boolean asyncWrite, Boolean inRetry)
   at System.Data.SqlClient.SqlCommand.RunExecuteReader(CommandBehavior cmdBehavior, RunBehavior runBehavior, Boolean returnStream, String method)
   at System.Data.SqlClient.SqlCommand.ExecuteReader(CommandBehavior behavior, String method)
   at System.Data.SqlClient.SqlCommand.ExecuteReader()
   at DataAnalyzer.Support.Dataaccess.IntegrationResults(List`1 eResultList, String extconstring) in D:\NEW LIVE PROJECT\Extrnal soures\Extrnal soures\DataAnalyzer\Support\Dataaccess.cs:line 787

--------------------------------------------------------------------------------------------------------
08-30-2026 07:31:02
ExecuteReader requires an open and available Connection. The connection's current state is closed.
   at System.Data.SqlClient.SqlCommand.ValidateCommand(String method, Boolean async)
   at System.Data.SqlClient.SqlCommand.RunExecuteReader(CommandBehavior cmdBehavior, RunBehavior runBehavior, Boolean returnStream, String method, TaskCompletionSource`1 completion, Int32 timeout, Task& task, Boolean& usedCache, Boolean asyncWrite, Boolean inRetry)
   at System.Data.SqlClient.SqlCommand.RunExecuteReader(CommandBehavior cmdBehavior, RunBehavior runBehavior, Boolean returnStream, String method)
   at System.Data.SqlClient.SqlCommand.ExecuteReader(CommandBehavior behavior, String method)
   at System.Data.SqlClient.SqlCommand.ExecuteReader()
   at DataAnalyzer.Support.Dataaccess.IntegrationResults(List`1 eResultList, String extconstring) in D:\NEW LIVE PROJECT\Extrnal soures\Extrnal soures\DataAnalyzer\Support\Dataaccess.cs:line 787

--------------------------------------------------------------------------------------------------------
08-30-2026 07:31:02
ExecuteReader requires an open and available Connection. The connection's current state is closed.
   at System.Data.SqlClient.SqlCommand.ValidateCommand(String method, Boolean async)
   at System.Data.SqlClient.SqlCommand.RunExecuteReader(CommandBehavior cmdBehavior, RunBehavior runBehavior, Boolean returnStream, String method, TaskCompletionSource`1 completion, Int32 timeout, Task& task, Boolean& usedCache, Boolean asyncWrite, Boolean inRetry)
   at System.Data.SqlClient.SqlCommand.RunExecuteReader(CommandBehavior cmdBehavior, RunBehavior runBehavior, Boolean returnStream, String method)
   at System.Data.SqlClient.SqlCommand.ExecuteReader(CommandBehavior behavior, String method)
   at System.Data.SqlClient.SqlCommand.ExecuteReader()
   at DataAnalyzer.Support.Dataaccess.IntegrationResults(List`1 eResultList, String extconstring) in D:\NEW LIVE PROJECT\Extrnal soures\Extrnal soures\DataAnalyzer\Support\Dataaccess.cs:line 787

--------------------------------------------------------------------------------------------------------
08-30-2026 07:31:02
ExecuteReader requires an open and available Connection. The connection's current state is closed.
   at System.Data.SqlClient.SqlCommand.ValidateCommand(String method, Boolean async)
   at System.Data.SqlClient.SqlCommand.RunExecuteReader(CommandBehavior cmdBehavior, RunBehavior runBehavior, Boolean returnStream, String method, TaskCompletionSource`1 completion, Int32 timeout, Task& task, Boolean& usedCache, Boolean asyncWrite, Boolean inRetry)
   at System.Data.SqlClient.SqlCommand.RunExecuteReader(CommandBehavior cmdBehavior, RunBehavior runBehavior, Boolean returnStream, String method)
   at System.Data.SqlClient.SqlCommand.ExecuteReader(CommandBehavior behavior, String method)
   at System.Data.SqlClient.SqlCommand.ExecuteReader()
   at DataAnalyzer.Support.Dataaccess.IntegrationResults(List`1 eResultList, String extconstring) in D:\NEW LIVE PROJECT\Extrnal soures\Extrnal soures\DataAnalyzer\Support\Dataaccess.cs:line 787

--------------------------------------------------------------------------------------------------------
08-30-2026 07:31:02
ExecuteReader requires an open and available Connection. The connection's current state is closed.
   at System.Data.SqlClient.SqlCommand.ValidateCommand(String method, Boolean async)
   at System.Data.SqlClient.SqlCommand.RunExecuteReader(CommandBehavior cmdBehavior, RunBehavior runBehavior, Boolean returnStream, String method, TaskCompletionSource`1 completion, Int32 timeout, Task& task, Boolean& usedCache, Boolean asyncWrite, Boolean inRetry)
   at System.Data.SqlClient.SqlCommand.RunExecuteReader(CommandBehavior cmdBehavior, RunBehavior runBehavior, Boolean returnStream, String method)
   at System.Data.SqlClient.SqlCommand.ExecuteReader(CommandBehavior behavior, String method)
   at System.Data.SqlClient.SqlCommand.ExecuteReader()
   at DataAnalyzer.Support.Dataaccess.IntegrationResults(List`1 eResultList, String extconstring) in D:\NEW LIVE PROJECT\Extrnal soures\Extrnal soures\DataAnalyzer\Support\Dataaccess.cs:line 787

--------------------------------------------------------------------------------------------------------
08-30-2026 07:31:02
Execution Timeout Expired.  The timeout period elapsed prior to completion of the operation or the server is not responding.
   at System.Data.SqlClient.SqlConnection.OnError(SqlException exception, Boolean breakConnection, Action`1 wrapCloseInAction)
   at System.Data.SqlClient.SqlInternalConnection.OnError(SqlException exception, Boolean breakConnection, Action`1 wrapCloseInAction)
   at System.Data.SqlClient.TdsParser.ThrowExceptionAndWarning(TdsParserStateObject stateObj, Boolean callerHasConnectionLock, Boolean asyncClose)
   at System.Data.SqlClient.TdsParser.TryRun(RunBehavior runBehavior, SqlCommand cmdHandler, SqlDataReader dataStream, BulkCopySimpleResultSet bulkCopyHandler, TdsParserStateObject stateObj, Boolean& dataReady)
   at System.Data.SqlClient.SqlCommand.FinishExecuteReader(SqlDataReader ds, RunBehavior runBehavior, String resetOptionsString, Boolean isInternal, Boolean forDescribeParameterEncryption, Boolean shouldCacheForAlwaysEncrypted)
   at System.Data.SqlClient.SqlCommand.RunExecuteReaderTds(CommandBehavior cmdBehavior, RunBehavior runBehavior, Boolean returnStream, Boolean async, Int32 timeout, Task& task, Boolean asyncWrite, Boolean inRetry, SqlDataReader ds, Boolean describeParameterEncryptionRequest)
   at System.Data.SqlClient.SqlCommand.RunExecuteReader(CommandBehavior cmdBehavior, RunBehavior runBehavior, Boolean returnStream, String method, TaskCompletionSource`1 completion, Int32 timeout, Task& task, Boolean& usedCache, Boolean asyncWrite, Boolean inRetry)
   at System.Data.SqlClient.SqlCommand.InternalExecuteNonQuery(TaskCompletionSource`1 completion, String methodName, Boolean sendToPipe, Int32 timeout, Boolean& usedCache, Boolean asyncWrite, Boolean inRetry)
   at System.Data.SqlClient.SqlCommand.ExecuteNonQuery()
   at DataAnalyzer.Support.Dataaccess.IntegrationResults(List`1 eResultList, String extconstring) in D:\NEW LIVE PROJECT\Extrnal soures\Extrnal soures\DataAnalyzer\Support\Dataaccess.cs:line 819

--------------------------------------------------------------------------------------------------------
08-30-2026 07:31:02
ExecuteReader requires an open and available Connection. The connection's current state is closed.
   at System.Data.SqlClient.SqlCommand.ValidateCommand(String method, Boolean async)
   at System.Data.SqlClient.SqlCommand.RunExecuteReader(CommandBehavior cmdBehavior, RunBehavior runBehavior, Boolean returnStream, String method, TaskCompletionSource`1 completion, Int32 timeout, Task& task, Boolean& usedCache, Boolean asyncWrite, Boolean inRetry)
   at System.Data.SqlClient.SqlCommand.RunExecuteReader(CommandBehavior cmdBehavior, RunBehavior runBehavior, Boolean returnStream, String method)
   at System.Data.SqlClient.SqlCommand.ExecuteReader(CommandBehavior behavior, String method)
   at System.Data.SqlClient.SqlCommand.ExecuteReader()
   at DataAnalyzer.Support.Dataaccess.IntegrationResults(List`1 eResultList, String extconstring) in D:\NEW LIVE PROJECT\Extrnal soures\Extrnal soures\DataAnalyzer\Support\Dataaccess.cs:line 787

--------------------------------------------------------------------------------------------------------
08-30-2026 07:31:02
Execution Timeout Expired.  The timeout period elapsed prior to completion of the operation or the server is not responding.
   at System.Data.SqlClient.SqlConnection.OnError(SqlException exception, Boolean breakConnection, Action`1 wrapCloseInAction)
   at System.Data.SqlClient.SqlInternalConnection.OnError(SqlException exception, Boolean breakConnection, Action`1 wrapCloseInAction)
   at System.Data.SqlClient.TdsParser.ThrowExceptionAndWarning(TdsParserStateObject stateObj, Boolean callerHasConnectionLock, Boolean asyncClose)
   at System.Data.SqlClient.TdsParser.TryRun(RunBehavior runBehavior, SqlCommand cmdHandler, SqlDataReader dataStream, BulkCopySimpleResultSet bulkCopyHandler, TdsParserStateObject stateObj, Boolean& dataReady)
   at System.Data.SqlClient.SqlCommand.FinishExecuteReader(SqlDataReader ds, RunBehavior runBehavior, String resetOptionsString, Boolean isInternal, Boolean forDescribeParameterEncryption, Boolean shouldCacheForAlwaysEncrypted)
   at System.Data.SqlClient.SqlCommand.RunExecuteReaderTds(CommandBehavior cmdBehavior, RunBehavior runBehavior, Boolean returnStream, Boolean async, Int32 timeout, Task& task, Boolean asyncWrite, Boolean inRetry, SqlDataReader ds, Boolean describeParameterEncryptionRequest)
   at System.Data.SqlClient.SqlCommand.RunExecuteReader(CommandBehavior cmdBehavior, RunBehavior runBehavior, Boolean returnStream, String method, TaskCompletionSource`1 completion, Int32 timeout, Task& task, Boolean& usedCache, Boolean asyncWrite, Boolean inRetry)
   at System.Data.SqlClient.SqlCommand.InternalExecuteNonQuery(TaskCompletionSource`1 completion, String methodName, Boolean sendToPipe, Int32 timeout, Boolean& usedCache, Boolean asyncWrite, Boolean inRetry)
   at System.Data.SqlClient.SqlCommand.ExecuteNonQuery()
   at DataAnalyzer.Support.Dataaccess.IntegrationResults(List`1 eResultList, String extconstring) in D:\NEW LIVE PROJECT\Extrnal soures\Extrnal soures\DataAnalyzer\Support\Dataaccess.cs:line 819

--------------------------------------------------------------------------------------------------------
08-30-2026 07:31:02
ExecuteReader requires an open and available Connection. The connection's current state is closed.
   at System.Data.SqlClient.SqlCommand.ValidateCommand(String method, Boolean async)
   at System.Data.SqlClient.SqlCommand.RunExecuteReader(CommandBehavior cmdBehavior, RunBehavior runBehavior, Boolean returnStream, String method, TaskCompletionSource`1 completion, Int32 timeout, Task& task, Boolean& usedCache, Boolean asyncWrite, Boolean inRetry)
   at System.Data.SqlClient.SqlCommand.RunExecuteReader(CommandBehavior cmdBehavior, RunBehavior runBehavior, Boolean returnStream, String method)
   at System.Data.SqlClient.SqlCommand.ExecuteReader(CommandBehavior behavior, String method)
   at System.Data.SqlClient.SqlCommand.ExecuteReader()
   at DataAnalyzer.Support.Dataaccess.IntegrationResults(List`1 eResultList, String extconstring) in D:\NEW LIVE PROJECT\Extrnal soures\Extrnal soures\DataAnalyzer\Support\Dataaccess.cs:line 787

--------------------------------------------------------------------------------------------------------
08-30-2026 07:31:02
ExecuteReader requires an open and available Connection. The connection's current state is closed.
   at System.Data.SqlClient.SqlCommand.ValidateCommand(String method, Boolean async)
   at System.Data.SqlClient.SqlCommand.RunExecuteReader(CommandBehavior cmdBehavior, RunBehavior runBehavior, Boolean returnStream, String method, TaskCompletionSource`1 completion, Int32 timeout, Task& task, Boolean& usedCache, Boolean asyncWrite, Boolean inRetry)
   at System.Data.SqlClient.SqlCommand.RunExecuteReader(CommandBehavior cmdBehavior, RunBehavior runBehavior, Boolean returnStream, String method)
   at System.Data.SqlClient.SqlCommand.ExecuteReader(CommandBehavior behavior, String method)
   at System.Data.SqlClient.SqlCommand.ExecuteReader()
   at DataAnalyzer.Support.Dataaccess.IntegrationResults(List`1 eResultList, String extconstring) in D:\NEW LIVE PROJECT\Extrnal soures\Extrnal soures\DataAnalyzer\Support\Dataaccess.cs:line 787

--------------------------------------------------------------------------------------------------------
08-30-2026 07:31:02
ExecuteReader requires an open and available Connection. The connection's current state is closed.
   at System.Data.SqlClient.SqlCommand.ValidateCommand(String method, Boolean async)
   at System.Data.SqlClient.SqlCommand.RunExecuteReader(CommandBehavior cmdBehavior, RunBehavior runBehavior, Boolean returnStream, String method, TaskCompletionSource`1 completion, Int32 timeout, Task& task, Boolean& usedCache, Boolean asyncWrite, Boolean inRetry)
   at System.Data.SqlClient.SqlCommand.RunExecuteReader(CommandBehavior cmdBehavior, RunBehavior runBehavior, Boolean returnStream, String method)
   at System.Data.SqlClient.SqlCommand.ExecuteReader(CommandBehavior behavior, String method)
   at System.Data.SqlClient.SqlCommand.ExecuteReader()
   at DataAnalyzer.Support.Dataaccess.IntegrationResults(List`1 eResultList, String extconstring) in D:\NEW LIVE PROJECT\Extrnal soures\Extrnal soures\DataAnalyzer\Support\Dataaccess.cs:line 787

--------------------------------------------------------------------------------------------------------
08-30-2026 07:31:02
ExecuteReader requires an open and available Connection. The connection's current state is closed.
   at System.Data.SqlClient.SqlCommand.ValidateCommand(String method, Boolean async)
   at System.Data.SqlClient.SqlCommand.RunExecuteReader(CommandBehavior cmdBehavior, RunBehavior runBehavior, Boolean returnStream, String method, TaskCompletionSource`1 completion, Int32 timeout, Task& task, Boolean& usedCache, Boolean asyncWrite, Boolean inRetry)
   at System.Data.SqlClient.SqlCommand.RunExecuteReader(CommandBehavior cmdBehavior, RunBehavior runBehavior, Boolean returnStream, String method)
   at System.Data.SqlClient.SqlCommand.ExecuteReader(CommandBehavior behavior, String method)
   at System.Data.SqlClient.SqlCommand.ExecuteReader()
   at DataAnalyzer.Support.Dataaccess.IntegrationResults(List`1 eResultList, String extconstring) in D:\NEW LIVE PROJECT\Extrnal soures\Extrnal soures\DataAnalyzer\Support\Dataaccess.cs:line 787

--------------------------------------------------------------------------------------------------------
08-30-2026 07:31:02
ExecuteReader requires an open and available Connection. The connection's current state is closed.
   at System.Data.SqlClient.SqlCommand.ValidateCommand(String method, Boolean async)
   at System.Data.SqlClient.SqlCommand.RunExecuteReader(CommandBehavior cmdBehavior, RunBehavior runBehavior, Boolean returnStream, String method, TaskCompletionSource`1 completion, Int32 timeout, Task& task, Boolean& usedCache, Boolean asyncWrite, Boolean inRetry)
   at System.Data.SqlClient.SqlCommand.RunExecuteReader(CommandBehavior cmdBehavior, RunBehavior runBehavior, Boolean returnStream, String method)
   at System.Data.SqlClient.SqlCommand.ExecuteReader(CommandBehavior behavior, String method)
   at System.Data.SqlClient.SqlCommand.ExecuteReader()
   at DataAnalyzer.Support.Dataaccess.IntegrationResults(List`1 eResultList, String extconstring) in D:\NEW LIVE PROJECT\Extrnal soures\Extrnal soures\DataAnalyzer\Support\Dataaccess.cs:line 787

--------------------------------------------------------------------------------------------------------
08-30-2026 07:31:02
ExecuteReader requires an open and available Connection. The connection's current state is closed.
   at System.Data.SqlClient.SqlCommand.ValidateCommand(String method, Boolean async)
   at System.Data.SqlClient.SqlCommand.RunExecuteReader(CommandBehavior cmdBehavior, RunBehavior runBehavior, Boolean returnStream, String method, TaskCompletionSource`1 completion, Int32 timeout, Task& task, Boolean& usedCache, Boolean asyncWrite, Boolean inRetry)
   at System.Data.SqlClient.SqlCommand.RunExecuteReader(CommandBehavior cmdBehavior, RunBehavior runBehavior, Boolean returnStream, String method)
   at System.Data.SqlClient.SqlCommand.ExecuteReader(CommandBehavior behavior, String method)
   at System.Data.SqlClient.SqlCommand.ExecuteReader()
   at DataAnalyzer.Support.Dataaccess.IntegrationResults(List`1 eResultList, String extconstring) in D:\NEW LIVE PROJECT\Extrnal soures\Extrnal soures\DataAnalyzer\Support\Dataaccess.cs:line 787

--------------------------------------------------------------------------------------------------------
08-30-2026 07:31:02
ExecuteReader requires an open and available Connection. The connection's current state is closed.
   at System.Data.SqlClient.SqlCommand.ValidateCommand(String method, Boolean async)
   at System.Data.SqlClient.SqlCommand.RunExecuteReader(CommandBehavior cmdBehavior, RunBehavior runBehavior, Boolean returnStream, String method, TaskCompletionSource`1 completion, Int32 timeout, Task& task, Boolean& usedCache, Boolean asyncWrite, Boolean inRetry)
   at System.Data.SqlClient.SqlCommand.RunExecuteReader(CommandBehavior cmdBehavior, RunBehavior runBehavior, Boolean returnStream, String method)
   at System.Data.SqlClient.SqlCommand.ExecuteReader(CommandBehavior behavior, String method)
   at System.Data.SqlClient.SqlCommand.ExecuteReader()
   at DataAnalyzer.Support.Dataaccess.IntegrationResults(List`1 eResultList, String extconstring) in D:\NEW LIVE PROJECT\Extrnal soures\Extrnal soures\DataAnalyzer\Support\Dataaccess.cs:line 787

--------------------------------------------------------------------------------------------------------
08-30-2026 07:31:02
ExecuteReader requires an open and available Connection. The connection's current state is closed.
   at System.Data.SqlClient.SqlCommand.ValidateCommand(String method, Boolean async)
   at System.Data.SqlClient.SqlCommand.RunExecuteReader(CommandBehavior cmdBehavior, RunBehavior runBehavior, Boolean returnStream, String method, TaskCompletionSource`1 completion, Int32 timeout, Task& task, Boolean& usedCache, Boolean asyncWrite, Boolean inRetry)
   at System.Data.SqlClient.SqlCommand.RunExecuteReader(CommandBehavior cmdBehavior, RunBehavior runBehavior, Boolean returnStream, String method)
   at System.Data.SqlClient.SqlCommand.ExecuteReader(CommandBehavior behavior, String method)
   at System.Data.SqlClient.SqlCommand.ExecuteReader()
   at DataAnalyzer.Support.Dataaccess.IntegrationResults(List`1 eResultList, String extconstring) in D:\NEW LIVE PROJECT\Extrnal soures\Extrnal soures\DataAnalyzer\Support\Dataaccess.cs:line 787

--------------------------------------------------------------------------------------------------------
08-30-2026 07:31:02
ExecuteReader requires an open and available Connection. The connection's current state is closed.
   at System.Data.SqlClient.SqlCommand.ValidateCommand(String method, Boolean async)
   at System.Data.SqlClient.SqlCommand.RunExecuteReader(CommandBehavior cmdBehavior, RunBehavior runBehavior, Boolean returnStream, String method, TaskCompletionSource`1 completion, Int32 timeout, Task& task, Boolean& usedCache, Boolean asyncWrite, Boolean inRetry)
   at System.Data.SqlClient.SqlCommand.RunExecuteReader(CommandBehavior cmdBehavior, RunBehavior runBehavior, Boolean returnStream, String method)
   at System.Data.SqlClient.SqlCommand.ExecuteReader(CommandBehavior behavior, String method)
   at System.Data.SqlClient.SqlCommand.ExecuteReader()
   at DataAnalyzer.Support.Dataaccess.IntegrationResults(List`1 eResultList, String extconstring) in D:\NEW LIVE PROJECT\Extrnal soures\Extrnal soures\DataAnalyzer\Support\Dataaccess.cs:line 787

--------------------------------------------------------------------------------------------------------
08-30-2026 07:31:02
ExecuteReader requires an open and available Connection. The connection's current state is closed.
   at System.Data.SqlClient.SqlCommand.ValidateCommand(String method, Boolean async)
   at System.Data.SqlClient.SqlCommand.RunExecuteReader(CommandBehavior cmdBehavior, RunBehavior runBehavior, Boolean returnStream, String method, TaskCompletionSource`1 completion, Int32 timeout, Task& task, Boolean& usedCache, Boolean asyncWrite, Boolean inRetry)
   at System.Data.SqlClient.SqlCommand.RunExecuteReader(CommandBehavior cmdBehavior, RunBehavior runBehavior, Boolean returnStream, String method)
   at System.Data.SqlClient.SqlCommand.ExecuteReader(CommandBehavior behavior, String method)
   at System.Data.SqlClient.SqlCommand.ExecuteReader()
   at DataAnalyzer.Support.Dataaccess.IntegrationResults(List`1 eResultList, String extconstring) in D:\NEW LIVE PROJECT\Extrnal soures\Extrnal soures\DataAnalyzer\Support\Dataaccess.cs:line 787

--------------------------------------------------------------------------------------------------------
08-30-2026 07:31:02
ExecuteReader requires an open and available Connection. The connection's current state is closed.
   at System.Data.SqlClient.SqlCommand.ValidateCommand(String method, Boolean async)
   at System.Data.SqlClient.SqlCommand.RunExecuteReader(CommandBehavior cmdBehavior, RunBehavior runBehavior, Boolean returnStream, String method, TaskCompletionSource`1 completion, Int32 timeout, Task& task, Boolean& usedCache, Boolean asyncWrite, Boolean inRetry)
   at System.Data.SqlClient.SqlCommand.RunExecuteReader(CommandBehavior cmdBehavior, RunBehavior runBehavior, Boolean returnStream, String method)
   at System.Data.SqlClient.SqlCommand.ExecuteReader(CommandBehavior behavior, String method)
   at System.Data.SqlClient.SqlCommand.ExecuteReader()
   at DataAnalyzer.Support.Dataaccess.IntegrationResults(List`1 eResultList, String extconstring) in D:\NEW LIVE PROJECT\Extrnal soures\Extrnal soures\DataAnalyzer\Support\Dataaccess.cs:line 787

--------------------------------------------------------------------------------------------------------
08-30-2026 07:31:02
ExecuteReader requires an open and available Connection. The connection's current state is closed.
   at System.Data.SqlClient.SqlCommand.ValidateCommand(String method, Boolean async)
   at System.Data.SqlClient.SqlCommand.RunExecuteReader(CommandBehavior cmdBehavior, RunBehavior runBehavior, Boolean returnStream, String method, TaskCompletionSource`1 completion, Int32 timeout, Task& task, Boolean& usedCache, Boolean asyncWrite, Boolean inRetry)
   at System.Data.SqlClient.SqlCommand.RunExecuteReader(CommandBehavior cmdBehavior, RunBehavior runBehavior, Boolean returnStream, String method)
   at System.Data.SqlClient.SqlCommand.ExecuteReader(CommandBehavior behavior, String method)
   at System.Data.SqlClient.SqlCommand.ExecuteReader()
   at DataAnalyzer.Support.Dataaccess.IntegrationResults(List`1 eResultList, String extconstring) in D:\NEW LIVE PROJECT\Extrnal soures\Extrnal soures\DataAnalyzer\Support\Dataaccess.cs:line 787

--------------------------------------------------------------------------------------------------------
08-30-2026 07:31:02
ExecuteReader requires an open and available Connection. The connection's current state is closed.
   at System.Data.SqlClient.SqlCommand.ValidateCommand(String method, Boolean async)
   at System.Data.SqlClient.SqlCommand.RunExecuteReader(CommandBehavior cmdBehavior, RunBehavior runBehavior, Boolean returnStream, String method, TaskCompletionSource`1 completion, Int32 timeout, Task& task, Boolean& usedCache, Boolean asyncWrite, Boolean inRetry)
   at System.Data.SqlClient.SqlCommand.RunExecuteReader(CommandBehavior cmdBehavior, RunBehavior runBehavior, Boolean returnStream, String method)
   at System.Data.SqlClient.SqlCommand.ExecuteReader(CommandBehavior behavior, String method)
   at System.Data.SqlClient.SqlCommand.ExecuteReader()
   at DataAnalyzer.Support.Dataaccess.IntegrationResults(List`1 eResultList, String extconstring) in D:\NEW LIVE PROJECT\Extrnal soures\Extrnal soures\DataAnalyzer\Support\Dataaccess.cs:line 787

--------------------------------------------------------------------------------------------------------
08-30-2026 07:31:02
ExecuteReader requires an open and available Connection. The connection's current state is closed.
   at System.Data.SqlClient.SqlCommand.ValidateCommand(String method, Boolean async)
   at System.Data.SqlClient.SqlCommand.RunExecuteReader(CommandBehavior cmdBehavior, RunBehavior runBehavior, Boolean returnStream, String method, TaskCompletionSource`1 completion, Int32 timeout, Task& task, Boolean& usedCache, Boolean asyncWrite, Boolean inRetry)
   at System.Data.SqlClient.SqlCommand.RunExecuteReader(CommandBehavior cmdBehavior, RunBehavior runBehavior, Boolean returnStream, String method)
   at System.Data.SqlClient.SqlCommand.ExecuteReader(CommandBehavior behavior, String method)
   at System.Data.SqlClient.SqlCommand.ExecuteReader()
   at DataAnalyzer.Support.Dataaccess.IntegrationResults(List`1 eResultList, String extconstring) in D:\NEW LIVE PROJECT\Extrnal soures\Extrnal soures\DataAnalyzer\Support\Dataaccess.cs:line 787

--------------------------------------------------------------------------------------------------------
08-30-2026 07:31:02
ExecuteReader requires an open and available Connection. The connection's current state is closed.
   at System.Data.SqlClient.SqlCommand.ValidateCommand(String method, Boolean async)
   at System.Data.SqlClient.SqlCommand.RunExecuteReader(CommandBehavior cmdBehavior, RunBehavior runBehavior, Boolean returnStream, String method, TaskCompletionSource`1 completion, Int32 timeout, Task& task, Boolean& usedCache, Boolean asyncWrite, Boolean inRetry)
   at System.Data.SqlClient.SqlCommand.RunExecuteReader(CommandBehavior cmdBehavior, RunBehavior runBehavior, Boolean returnStream, String method)
   at System.Data.SqlClient.SqlCommand.ExecuteReader(CommandBehavior behavior, String method)
   at System.Data.SqlClient.SqlCommand.ExecuteReader()
   at DataAnalyzer.Support.Dataaccess.IntegrationResults(List`1 eResultList, String extconstring) in D:\NEW LIVE PROJECT\Extrnal soures\Extrnal soures\DataAnalyzer\Support\Dataaccess.cs:line 787

--------------------------------------------------------------------------------------------------------
08-30-2026 07:31:02
ExecuteReader requires an open and available Connection. The connection's current state is closed.
   at System.Data.SqlClient.SqlCommand.ValidateCommand(String method, Boolean async)
   at System.Data.SqlClient.SqlCommand.RunExecuteReader(CommandBehavior cmdBehavior, RunBehavior runBehavior, Boolean returnStream, String method, TaskCompletionSource`1 completion, Int32 timeout, Task& task, Boolean& usedCache, Boolean asyncWrite, Boolean inRetry)
   at System.Data.SqlClient.SqlCommand.RunExecuteReader(CommandBehavior cmdBehavior, RunBehavior runBehavior, Boolean returnStream, String method)
   at System.Data.SqlClient.SqlCommand.ExecuteReader(CommandBehavior behavior, String method)
   at System.Data.SqlClient.SqlCommand.ExecuteReader()
   at DataAnalyzer.Support.Dataaccess.IntegrationResults(List`1 eResultList, String extconstring) in D:\NEW LIVE PROJECT\Extrnal soures\Extrnal soures\DataAnalyzer\Support\Dataaccess.cs:line 787

--------------------------------------------------------------------------------------------------------
08-30-2026 07:31:02
ExecuteReader requires an open and available Connection. The connection's current state is closed.
   at System.Data.SqlClient.SqlCommand.ValidateCommand(String method, Boolean async)
   at System.Data.SqlClient.SqlCommand.RunExecuteReader(CommandBehavior cmdBehavior, RunBehavior runBehavior, Boolean returnStream, String method, TaskCompletionSource`1 completion, Int32 timeout, Task& task, Boolean& usedCache, Boolean asyncWrite, Boolean inRetry)
   at System.Data.SqlClient.SqlCommand.RunExecuteReader(CommandBehavior cmdBehavior, RunBehavior runBehavior, Boolean returnStream, String method)
   at System.Data.SqlClient.SqlCommand.ExecuteReader(CommandBehavior behavior, String method)
   at System.Data.SqlClient.SqlCommand.ExecuteReader()
   at DataAnalyzer.Support.Dataaccess.IntegrationResults(List`1 eResultList, String extconstring) in D:\NEW LIVE PROJECT\Extrnal soures\Extrnal soures\DataAnalyzer\Support\Dataaccess.cs:line 787

--------------------------------------------------------------------------------------------------------
08-30-2026 07:31:03
Execution Timeout Expired.  The timeout period elapsed prior to completion of the operation or the server is not responding.
   at System.Data.SqlClient.SqlConnection.OnError(SqlException exception, Boolean breakConnection, Action`1 wrapCloseInAction)
   at System.Data.SqlClient.SqlInternalConnection.OnError(SqlException exception, Boolean breakConnection, Action`1 wrapCloseInAction)
   at System.Data.SqlClient.TdsParser.ThrowExceptionAndWarning(TdsParserStateObject stateObj, Boolean callerHasConnectionLock, Boolean asyncClose)
   at System.Data.SqlClient.TdsParser.TryRun(RunBehavior runBehavior, SqlCommand cmdHandler, SqlDataReader dataStream, BulkCopySimpleResultSet bulkCopyHandler, TdsParserStateObject stateObj, Boolean& dataReady)
   at System.Data.SqlClient.SqlCommand.FinishExecuteReader(SqlDataReader ds, RunBehavior runBehavior, String resetOptionsString, Boolean isInternal, Boolean forDescribeParameterEncryption, Boolean shouldCacheForAlwaysEncrypted)
   at System.Data.SqlClient.SqlCommand.RunExecuteReaderTds(CommandBehavior cmdBehavior, RunBehavior runBehavior, Boolean returnStream, Boolean async, Int32 timeout, Task& task, Boolean asyncWrite, Boolean inRetry, SqlDataReader ds, Boolean describeParameterEncryptionRequest)
   at System.Data.SqlClient.SqlCommand.RunExecuteReader(CommandBehavior cmdBehavior, RunBehavior runBehavior, Boolean returnStream, String method, TaskCompletionSource`1 completion, Int32 timeout, Task& task, Boolean& usedCache, Boolean asyncWrite, Boolean inRetry)
   at System.Data.SqlClient.SqlCommand.InternalExecuteNonQuery(TaskCompletionSource`1 completion, String methodName, Boolean sendToPipe, Int32 timeout, Boolean& usedCache, Boolean asyncWrite, Boolean inRetry)
   at System.Data.SqlClient.SqlCommand.ExecuteNonQuery()
   at DataAnalyzer.Support.Dataaccess.IntegrationResults(List`1 eResultList, String extconstring) in D:\NEW LIVE PROJECT\Extrnal soures\Extrnal soures\DataAnalyzer\Support\Dataaccess.cs:line 819

--------------------------------------------------------------------------------------------------------
08-30-2026 07:31:03
ExecuteReader requires an open and available Connection. The connection's current state is closed.
   at System.Data.SqlClient.SqlCommand.ValidateCommand(String method, Boolean async)
   at System.Data.SqlClient.SqlCommand.RunExecuteReader(CommandBehavior cmdBehavior, RunBehavior runBehavior, Boolean returnStream, String method, TaskCompletionSource`1 completion, Int32 timeout, Task& task, Boolean& usedCache, Boolean asyncWrite, Boolean inRetry)
   at System.Data.SqlClient.SqlCommand.RunExecuteReader(CommandBehavior cmdBehavior, RunBehavior runBehavior, Boolean returnStream, String method)
   at System.Data.SqlClient.SqlCommand.ExecuteReader(CommandBehavior behavior, String method)
   at System.Data.SqlClient.SqlCommand.ExecuteReader()
   at DataAnalyzer.Support.Dataaccess.IntegrationResults(List`1 eResultList, String extconstring) in D:\NEW LIVE PROJECT\Extrnal soures\Extrnal soures\DataAnalyzer\Support\Dataaccess.cs:line 787

--------------------------------------------------------------------------------------------------------
08-30-2026 07:31:03
ExecuteReader requires an open and available Connection. The connection's current state is closed.
   at System.Data.SqlClient.SqlCommand.ValidateCommand(String method, Boolean async)
   at System.Data.SqlClient.SqlCommand.RunExecuteReader(CommandBehavior cmdBehavior, RunBehavior runBehavior, Boolean returnStream, String method, TaskCompletionSource`1 completion, Int32 timeout, Task& task, Boolean& usedCache, Boolean asyncWrite, Boolean inRetry)
   at System.Data.SqlClient.SqlCommand.RunExecuteReader(CommandBehavior cmdBehavior, RunBehavior runBehavior, Boolean returnStream, String method)
   at System.Data.SqlClient.SqlCommand.ExecuteReader(CommandBehavior behavior, String method)
   at System.Data.SqlClient.SqlCommand.ExecuteReader()
   at DataAnalyzer.Support.Dataaccess.IntegrationResults(List`1 eResultList, String extconstring) in D:\NEW LIVE PROJECT\Extrnal soures\Extrnal soures\DataAnalyzer\Support\Dataaccess.cs:line 787

--------------------------------------------------------------------------------------------------------
08-30-2026 07:31:03
ExecuteReader requires an open and available Connection. The connection's current state is closed.
   at System.Data.SqlClient.SqlCommand.ValidateCommand(String method, Boolean async)
   at System.Data.SqlClient.SqlCommand.RunExecuteReader(CommandBehavior cmdBehavior, RunBehavior runBehavior, Boolean returnStream, String method, TaskCompletionSource`1 completion, Int32 timeout, Task& task, Boolean& usedCache, Boolean asyncWrite, Boolean inRetry)
   at System.Data.SqlClient.SqlCommand.RunExecuteReader(CommandBehavior cmdBehavior, RunBehavior runBehavior, Boolean returnStream, String method)
   at System.Data.SqlClient.SqlCommand.ExecuteReader(CommandBehavior behavior, String method)
   at System.Data.SqlClient.SqlCommand.ExecuteReader()
   at DataAnalyzer.Support.Dataaccess.IntegrationResults(List`1 eResultList, String extconstring) in D:\NEW LIVE PROJECT\Extrnal soures\Extrnal soures\DataAnalyzer\Support\Dataaccess.cs:line 787

--------------------------------------------------------------------------------------------------------
08-30-2026 07:31:03
ExecuteReader requires an open and available Connection. The connection's current state is closed.
   at System.Data.SqlClient.SqlCommand.ValidateCommand(String method, Boolean async)
   at System.Data.SqlClient.SqlCommand.RunExecuteReader(CommandBehavior cmdBehavior, RunBehavior runBehavior, Boolean returnStream, String method, TaskCompletionSource`1 completion, Int32 timeout, Task& task, Boolean& usedCache, Boolean asyncWrite, Boolean inRetry)
   at System.Data.SqlClient.SqlCommand.RunExecuteReader(CommandBehavior cmdBehavior, RunBehavior runBehavior, Boolean returnStream, String method)
   at System.Data.SqlClient.SqlCommand.ExecuteReader(CommandBehavior behavior, String method)
   at System.Data.SqlClient.SqlCommand.ExecuteReader()
   at DataAnalyzer.Support.Dataaccess.IntegrationResults(List`1 eResultList, String extconstring) in D:\NEW LIVE PROJECT\Extrnal soures\Extrnal soures\DataAnalyzer\Support\Dataaccess.cs:line 787

--------------------------------------------------------------------------------------------------------
08-30-2026 07:31:03
ExecuteReader requires an open and available Connection. The connection's current state is closed.
   at System.Data.SqlClient.SqlCommand.ValidateCommand(String method, Boolean async)
   at System.Data.SqlClient.SqlCommand.RunExecuteReader(CommandBehavior cmdBehavior, RunBehavior runBehavior, Boolean returnStream, String method, TaskCompletionSource`1 completion, Int32 timeout, Task& task, Boolean& usedCache, Boolean asyncWrite, Boolean inRetry)
   at System.Data.SqlClient.SqlCommand.RunExecuteReader(CommandBehavior cmdBehavior, RunBehavior runBehavior, Boolean returnStream, String method)
   at System.Data.SqlClient.SqlCommand.ExecuteReader(CommandBehavior behavior, String method)
   at System.Data.SqlClient.SqlCommand.ExecuteReader()
   at DataAnalyzer.Support.Dataaccess.IntegrationResults(List`1 eResultList, String extconstring) in D:\NEW LIVE PROJECT\Extrnal soures\Extrnal soures\DataAnalyzer\Support\Dataaccess.cs:line 787

--------------------------------------------------------------------------------------------------------
08-30-2026 07:31:03
ExecuteReader requires an open and available Connection. The connection's current state is closed.
   at System.Data.SqlClient.SqlCommand.ValidateCommand(String method, Boolean async)
   at System.Data.SqlClient.SqlCommand.RunExecuteReader(CommandBehavior cmdBehavior, RunBehavior runBehavior, Boolean returnStream, String method, TaskCompletionSource`1 completion, Int32 timeout, Task& task, Boolean& usedCache, Boolean asyncWrite, Boolean inRetry)
   at System.Data.SqlClient.SqlCommand.RunExecuteReader(CommandBehavior cmdBehavior, RunBehavior runBehavior, Boolean returnStream, String method)
   at System.Data.SqlClient.SqlCommand.ExecuteReader(CommandBehavior behavior, String method)
   at System.Data.SqlClient.SqlCommand.ExecuteReader()
   at DataAnalyzer.Support.Dataaccess.IntegrationResults(List`1 eResultList, String extconstring) in D:\NEW LIVE PROJECT\Extrnal soures\Extrnal soures\DataAnalyzer\Support\Dataaccess.cs:line 787

--------------------------------------------------------------------------------------------------------
08-30-2026 07:31:03
ExecuteReader requires an open and available Connection. The connection's current state is closed.
   at System.Data.SqlClient.SqlCommand.ValidateCommand(String method, Boolean async)
   at System.Data.SqlClient.SqlCommand.RunExecuteReader(CommandBehavior cmdBehavior, RunBehavior runBehavior, Boolean returnStream, String method, TaskCompletionSource`1 completion, Int32 timeout, Task& task, Boolean& usedCache, Boolean asyncWrite, Boolean inRetry)
   at System.Data.SqlClient.SqlCommand.RunExecuteReader(CommandBehavior cmdBehavior, RunBehavior runBehavior, Boolean returnStream, String method)
   at System.Data.SqlClient.SqlCommand.ExecuteReader(CommandBehavior behavior, String method)
   at System.Data.SqlClient.SqlCommand.ExecuteReader()
   at DataAnalyzer.Support.Dataaccess.IntegrationResults(List`1 eResultList, String extconstring) in D:\NEW LIVE PROJECT\Extrnal soures\Extrnal soures\DataAnalyzer\Support\Dataaccess.cs:line 787

--------------------------------------------------------------------------------------------------------
08-30-2026 07:31:03
ExecuteReader requires an open and available Connection. The connection's current state is closed.
   at System.Data.SqlClient.SqlCommand.ValidateCommand(String method, Boolean async)
   at System.Data.SqlClient.SqlCommand.RunExecuteReader(CommandBehavior cmdBehavior, RunBehavior runBehavior, Boolean returnStream, String method, TaskCompletionSource`1 completion, Int32 timeout, Task& task, Boolean& usedCache, Boolean asyncWrite, Boolean inRetry)
   at System.Data.SqlClient.SqlCommand.RunExecuteReader(CommandBehavior cmdBehavior, RunBehavior runBehavior, Boolean returnStream, String method)
   at System.Data.SqlClient.SqlCommand.ExecuteReader(CommandBehavior behavior, String method)
   at System.Data.SqlClient.SqlCommand.ExecuteReader()
   at DataAnalyzer.Support.Dataaccess.IntegrationResults(List`1 eResultList, String extconstring) in D:\NEW LIVE PROJECT\Extrnal soures\Extrnal soures\DataAnalyzer\Support\Dataaccess.cs:line 787

--------------------------------------------------------------------------------------------------------
08-30-2026 07:31:03
ExecuteReader requires an open and available Connection. The connection's current state is closed.
   at System.Data.SqlClient.SqlCommand.ValidateCommand(String method, Boolean async)
   at System.Data.SqlClient.SqlCommand.RunExecuteReader(CommandBehavior cmdBehavior, RunBehavior runBehavior, Boolean returnStream, String method, TaskCompletionSource`1 completion, Int32 timeout, Task& task, Boolean& usedCache, Boolean asyncWrite, Boolean inRetry)
   at System.Data.SqlClient.SqlCommand.RunExecuteReader(CommandBehavior cmdBehavior, RunBehavior runBehavior, Boolean returnStream, String method)
   at System.Data.SqlClient.SqlCommand.ExecuteReader(CommandBehavior behavior, String method)
   at System.Data.SqlClient.SqlCommand.ExecuteReader()
   at DataAnalyzer.Support.Dataaccess.IntegrationResults(List`1 eResultList, String extconstring) in D:\NEW LIVE PROJECT\Extrnal soures\Extrnal soures\DataAnalyzer\Support\Dataaccess.cs:line 787

--------------------------------------------------------------------------------------------------------
08-30-2026 07:31:03
ExecuteReader requires an open and available Connection. The connection's current state is closed.
   at System.Data.SqlClient.SqlCommand.ValidateCommand(String method, Boolean async)
   at System.Data.SqlClient.SqlCommand.RunExecuteReader(CommandBehavior cmdBehavior, RunBehavior runBehavior, Boolean returnStream, String method, TaskCompletionSource`1 completion, Int32 timeout, Task& task, Boolean& usedCache, Boolean asyncWrite, Boolean inRetry)
   at System.Data.SqlClient.SqlCommand.RunExecuteReader(CommandBehavior cmdBehavior, RunBehavior runBehavior, Boolean returnStream, String method)
   at System.Data.SqlClient.SqlCommand.ExecuteReader(CommandBehavior behavior, String method)
   at System.Data.SqlClient.SqlCommand.ExecuteReader()
   at DataAnalyzer.Support.Dataaccess.IntegrationResults(List`1 eResultList, String extconstring) in D:\NEW LIVE PROJECT\Extrnal soures\Extrnal soures\DataAnalyzer\Support\Dataaccess.cs:line 787

--------------------------------------------------------------------------------------------------------
08-30-2026 07:31:03
ExecuteReader requires an open and available Connection. The connection's current state is closed.
   at System.Data.SqlClient.SqlCommand.ValidateCommand(String method, Boolean async)
   at System.Data.SqlClient.SqlCommand.RunExecuteReader(CommandBehavior cmdBehavior, RunBehavior runBehavior, Boolean returnStream, String method, TaskCompletionSource`1 completion, Int32 timeout, Task& task, Boolean& usedCache, Boolean asyncWrite, Boolean inRetry)
   at System.Data.SqlClient.SqlCommand.RunExecuteReader(CommandBehavior cmdBehavior, RunBehavior runBehavior, Boolean returnStream, String method)
   at System.Data.SqlClient.SqlCommand.ExecuteReader(CommandBehavior behavior, String method)
   at System.Data.SqlClient.SqlCommand.ExecuteReader()
   at DataAnalyzer.Support.Dataaccess.IntegrationResults(List`1 eResultList, String extconstring) in D:\NEW LIVE PROJECT\Extrnal soures\Extrnal soures\DataAnalyzer\Support\Dataaccess.cs:line 787

--------------------------------------------------------------------------------------------------------
08-30-2026 07:31:03
Execution Timeout Expired.  The timeout period elapsed prior to completion of the operation or the server is not responding.
   at System.Data.SqlClient.SqlConnection.OnError(SqlException exception, Boolean breakConnection, Action`1 wrapCloseInAction)
   at System.Data.SqlClient.SqlInternalConnection.OnError(SqlException exception, Boolean breakConnection, Action`1 wrapCloseInAction)
   at System.Data.SqlClient.TdsParser.ThrowExceptionAndWarning(TdsParserStateObject stateObj, Boolean callerHasConnectionLock, Boolean asyncClose)
   at System.Data.SqlClient.TdsParser.TryRun(RunBehavior runBehavior, SqlCommand cmdHandler, SqlDataReader dataStream, BulkCopySimpleResultSet bulkCopyHandler, TdsParserStateObject stateObj, Boolean& dataReady)
   at System.Data.SqlClient.SqlCommand.FinishExecuteReader(SqlDataReader ds, RunBehavior runBehavior, String resetOptionsString, Boolean isInternal, Boolean forDescribeParameterEncryption, Boolean shouldCacheForAlwaysEncrypted)
   at System.Data.SqlClient.SqlCommand.RunExecuteReaderTds(CommandBehavior cmdBehavior, RunBehavior runBehavior, Boolean returnStream, Boolean async, Int32 timeout, Task& task, Boolean asyncWrite, Boolean inRetry, SqlDataReader ds, Boolean describeParameterEncryptionRequest)
   at System.Data.SqlClient.SqlCommand.RunExecuteReader(CommandBehavior cmdBehavior, RunBehavior runBehavior, Boolean returnStream, String method, TaskCompletionSource`1 completion, Int32 timeout, Task& task, Boolean& usedCache, Boolean asyncWrite, Boolean inRetry)
   at System.Data.SqlClient.SqlCommand.InternalExecuteNonQuery(TaskCompletionSource`1 completion, String methodName, Boolean sendToPipe, Int32 timeout, Boolean& usedCache, Boolean asyncWrite, Boolean inRetry)
   at System.Data.SqlClient.SqlCommand.ExecuteNonQuery()
   at DataAnalyzer.Support.Dataaccess.IntegrationResults(List`1 eResultList, String extconstring) in D:\NEW LIVE PROJECT\Extrnal soures\Extrnal soures\DataAnalyzer\Support\Dataaccess.cs:line 833

--------------------------------------------------------------------------------------------------------
08-30-2026 07:31:03
ExecuteReader requires an open and available Connection. The connection's current state is closed.
   at System.Data.SqlClient.SqlCommand.ValidateCommand(String method, Boolean async)
   at System.Data.SqlClient.SqlCommand.RunExecuteReader(CommandBehavior cmdBehavior, RunBehavior runBehavior, Boolean returnStream, String method, TaskCompletionSource`1 completion, Int32 timeout, Task& task, Boolean& usedCache, Boolean asyncWrite, Boolean inRetry)
   at System.Data.SqlClient.SqlCommand.RunExecuteReader(CommandBehavior cmdBehavior, RunBehavior runBehavior, Boolean returnStream, String method)
   at System.Data.SqlClient.SqlCommand.ExecuteReader(CommandBehavior behavior, String method)
   at System.Data.SqlClient.SqlCommand.ExecuteReader()
   at DataAnalyzer.Support.Dataaccess.IntegrationResults(List`1 eResultList, String extconstring) in D:\NEW LIVE PROJECT\Extrnal soures\Extrnal soures\DataAnalyzer\Support\Dataaccess.cs:line 787

--------------------------------------------------------------------------------------------------------
08-30-2026 07:31:03
ExecuteReader requires an open and available Connection. The connection's current state is closed.
   at System.Data.SqlClient.SqlCommand.ValidateCommand(String method, Boolean async)
   at System.Data.SqlClient.SqlCommand.RunExecuteReader(CommandBehavior cmdBehavior, RunBehavior runBehavior, Boolean returnStream, String method, TaskCompletionSource`1 completion, Int32 timeout, Task& task, Boolean& usedCache, Boolean asyncWrite, Boolean inRetry)
   at System.Data.SqlClient.SqlCommand.RunExecuteReader(CommandBehavior cmdBehavior, RunBehavior runBehavior, Boolean returnStream, String method)
   at System.Data.SqlClient.SqlCommand.ExecuteReader(CommandBehavior behavior, String method)
   at System.Data.SqlClient.SqlCommand.ExecuteReader()
   at DataAnalyzer.Support.Dataaccess.IntegrationResults(List`1 eResultList, String extconstring) in D:\NEW LIVE PROJECT\Extrnal soures\Extrnal soures\DataAnalyzer\Support\Dataaccess.cs:line 787

--------------------------------------------------------------------------------------------------------
08-30-2026 07:31:03
ExecuteReader requires an open and available Connection. The connection's current state is closed.
   at System.Data.SqlClient.SqlCommand.ValidateCommand(String method, Boolean async)
   at System.Data.SqlClient.SqlCommand.RunExecuteReader(CommandBehavior cmdBehavior, RunBehavior runBehavior, Boolean returnStream, String method, TaskCompletionSource`1 completion, Int32 timeout, Task& task, Boolean& usedCache, Boolean asyncWrite, Boolean inRetry)
   at System.Data.SqlClient.SqlCommand.RunExecuteReader(CommandBehavior cmdBehavior, RunBehavior runBehavior, Boolean returnStream, String method)
   at System.Data.SqlClient.SqlCommand.ExecuteReader(CommandBehavior behavior, String method)
   at System.Data.SqlClient.SqlCommand.ExecuteReader()
   at DataAnalyzer.Support.Dataaccess.IntegrationResults(List`1 eResultList, String extconstring) in D:\NEW LIVE PROJECT\Extrnal soures\Extrnal soures\DataAnalyzer\Support\Dataaccess.cs:line 787

--------------------------------------------------------------------------------------------------------
08-30-2026 07:31:03
ExecuteReader requires an open and available Connection. The connection's current state is closed.
   at System.Data.SqlClient.SqlCommand.ValidateCommand(String method, Boolean async)
   at System.Data.SqlClient.SqlCommand.RunExecuteReader(CommandBehavior cmdBehavior, RunBehavior runBehavior, Boolean returnStream, String method, TaskCompletionSource`1 completion, Int32 timeout, Task& task, Boolean& usedCache, Boolean asyncWrite, Boolean inRetry)
   at System.Data.SqlClient.SqlCommand.RunExecuteReader(CommandBehavior cmdBehavior, RunBehavior runBehavior, Boolean returnStream, String method)
   at System.Data.SqlClient.SqlCommand.ExecuteReader(CommandBehavior behavior, String method)
   at System.Data.SqlClient.SqlCommand.ExecuteReader()
   at DataAnalyzer.Support.Dataaccess.IntegrationResults(List`1 eResultList, String extconstring) in D:\NEW LIVE PROJECT\Extrnal soures\Extrnal soures\DataAnalyzer\Support\Dataaccess.cs:line 787

--------------------------------------------------------------------------------------------------------
08-30-2026 07:31:03
ExecuteReader requires an open and available Connection. The connection's current state is closed.
   at System.Data.SqlClient.SqlCommand.ValidateCommand(String method, Boolean async)
   at System.Data.SqlClient.SqlCommand.RunExecuteReader(CommandBehavior cmdBehavior, RunBehavior runBehavior, Boolean returnStream, String method, TaskCompletionSource`1 completion, Int32 timeout, Task& task, Boolean& usedCache, Boolean asyncWrite, Boolean inRetry)
   at System.Data.SqlClient.SqlCommand.RunExecuteReader(CommandBehavior cmdBehavior, RunBehavior runBehavior, Boolean returnStream, String method)
   at System.Data.SqlClient.SqlCommand.ExecuteReader(CommandBehavior behavior, String method)
   at System.Data.SqlClient.SqlCommand.ExecuteReader()
   at DataAnalyzer.Support.Dataaccess.IntegrationResults(List`1 eResultList, String extconstring) in D:\NEW LIVE PROJECT\Extrnal soures\Extrnal soures\DataAnalyzer\Support\Dataaccess.cs:line 787

--------------------------------------------------------------------------------------------------------
08-30-2026 07:31:03
ExecuteReader requires an open and available Connection. The connection's current state is closed.
   at System.Data.SqlClient.SqlCommand.ValidateCommand(String method, Boolean async)
   at System.Data.SqlClient.SqlCommand.RunExecuteReader(CommandBehavior cmdBehavior, RunBehavior runBehavior, Boolean returnStream, String method, TaskCompletionSource`1 completion, Int32 timeout, Task& task, Boolean& usedCache, Boolean asyncWrite, Boolean inRetry)
   at System.Data.SqlClient.SqlCommand.RunExecuteReader(CommandBehavior cmdBehavior, RunBehavior runBehavior, Boolean returnStream, String method)
   at System.Data.SqlClient.SqlCommand.ExecuteReader(CommandBehavior behavior, String method)
   at System.Data.SqlClient.SqlCommand.ExecuteReader()
   at DataAnalyzer.Support.Dataaccess.IntegrationResults(List`1 eResultList, String extconstring) in D:\NEW LIVE PROJECT\Extrnal soures\Extrnal soures\DataAnalyzer\Support\Dataaccess.cs:line 787

--------------------------------------------------------------------------------------------------------
08-30-2026 07:31:03
ExecuteReader requires an open and available Connection. The connection's current state is closed.
   at System.Data.SqlClient.SqlCommand.ValidateCommand(String method, Boolean async)
   at System.Data.SqlClient.SqlCommand.RunExecuteReader(CommandBehavior cmdBehavior, RunBehavior runBehavior, Boolean returnStream, String method, TaskCompletionSource`1 completion, Int32 timeout, Task& task, Boolean& usedCache, Boolean asyncWrite, Boolean inRetry)
   at System.Data.SqlClient.SqlCommand.RunExecuteReader(CommandBehavior cmdBehavior, RunBehavior runBehavior, Boolean returnStream, String method)
   at System.Data.SqlClient.SqlCommand.ExecuteReader(CommandBehavior behavior, String method)
   at System.Data.SqlClient.SqlCommand.ExecuteReader()
   at DataAnalyzer.Support.Dataaccess.IntegrationResults(List`1 eResultList, String extconstring) in D:\NEW LIVE PROJECT\Extrnal soures\Extrnal soures\DataAnalyzer\Support\Dataaccess.cs:line 787

--------------------------------------------------------------------------------------------------------
08-30-2026 07:31:03
ExecuteReader requires an open and available Connection. The connection's current state is closed.
   at System.Data.SqlClient.SqlCommand.ValidateCommand(String method, Boolean async)
   at System.Data.SqlClient.SqlCommand.RunExecuteReader(CommandBehavior cmdBehavior, RunBehavior runBehavior, Boolean returnStream, String method, TaskCompletionSource`1 completion, Int32 timeout, Task& task, Boolean& usedCache, Boolean asyncWrite, Boolean inRetry)
   at System.Data.SqlClient.SqlCommand.RunExecuteReader(CommandBehavior cmdBehavior, RunBehavior runBehavior, Boolean returnStream, String method)
   at System.Data.SqlClient.SqlCommand.ExecuteReader(CommandBehavior behavior, String method)
   at System.Data.SqlClient.SqlCommand.ExecuteReader()
   at DataAnalyzer.Support.Dataaccess.IntegrationResults(List`1 eResultList, String extconstring) in D:\NEW LIVE PROJECT\Extrnal soures\Extrnal soures\DataAnalyzer\Support\Dataaccess.cs:line 787

--------------------------------------------------------------------------------------------------------
08-30-2026 07:31:03
ExecuteReader requires an open and available Connection. The connection's current state is closed.
   at System.Data.SqlClient.SqlCommand.ValidateCommand(String method, Boolean async)
   at System.Data.SqlClient.SqlCommand.RunExecuteReader(CommandBehavior cmdBehavior, RunBehavior runBehavior, Boolean returnStream, String method, TaskCompletionSource`1 completion, Int32 timeout, Task& task, Boolean& usedCache, Boolean asyncWrite, Boolean inRetry)
   at System.Data.SqlClient.SqlCommand.RunExecuteReader(CommandBehavior cmdBehavior, RunBehavior runBehavior, Boolean returnStream, String method)
   at System.Data.SqlClient.SqlCommand.ExecuteReader(CommandBehavior behavior, String method)
   at System.Data.SqlClient.SqlCommand.ExecuteReader()
   at DataAnalyzer.Support.Dataaccess.IntegrationResults(List`1 eResultList, String extconstring) in D:\NEW LIVE PROJECT\Extrnal soures\Extrnal soures\DataAnalyzer\Support\Dataaccess.cs:line 787

--------------------------------------------------------------------------------------------------------
08-30-2026 07:31:03
ExecuteReader requires an open and available Connection. The connection's current state is closed.
   at System.Data.SqlClient.SqlCommand.ValidateCommand(String method, Boolean async)
   at System.Data.SqlClient.SqlCommand.RunExecuteReader(CommandBehavior cmdBehavior, RunBehavior runBehavior, Boolean returnStream, String method, TaskCompletionSource`1 completion, Int32 timeout, Task& task, Boolean& usedCache, Boolean asyncWrite, Boolean inRetry)
   at System.Data.SqlClient.SqlCommand.RunExecuteReader(CommandBehavior cmdBehavior, RunBehavior runBehavior, Boolean returnStream, String method)
   at System.Data.SqlClient.SqlCommand.ExecuteReader(CommandBehavior behavior, String method)
   at System.Data.SqlClient.SqlCommand.ExecuteReader()
   at DataAnalyzer.Support.Dataaccess.IntegrationResults(List`1 eResultList, String extconstring) in D:\NEW LIVE PROJECT\Extrnal soures\Extrnal soures\DataAnalyzer\Support\Dataaccess.cs:line 787

--------------------------------------------------------------------------------------------------------
08-30-2026 07:31:03
ExecuteReader requires an open and available Connection. The connection's current state is closed.
   at System.Data.SqlClient.SqlCommand.ValidateCommand(String method, Boolean async)
   at System.Data.SqlClient.SqlCommand.RunExecuteReader(CommandBehavior cmdBehavior, RunBehavior runBehavior, Boolean returnStream, String method, TaskCompletionSource`1 completion, Int32 timeout, Task& task, Boolean& usedCache, Boolean asyncWrite, Boolean inRetry)
   at System.Data.SqlClient.SqlCommand.RunExecuteReader(CommandBehavior cmdBehavior, RunBehavior runBehavior, Boolean returnStream, String method)
   at System.Data.SqlClient.SqlCommand.ExecuteReader(CommandBehavior behavior, String method)
   at System.Data.SqlClient.SqlCommand.ExecuteReader()
   at DataAnalyzer.Support.Dataaccess.IntegrationResults(List`1 eResultList, String extconstring) in D:\NEW LIVE PROJECT\Extrnal soures\Extrnal soures\DataAnalyzer\Support\Dataaccess.cs:line 787

--------------------------------------------------------------------------------------------------------
08-30-2026 07:31:03
ExecuteReader requires an open and available Connection. The connection's current state is closed.
   at System.Data.SqlClient.SqlCommand.ValidateCommand(String method, Boolean async)
   at System.Data.SqlClient.SqlCommand.RunExecuteReader(CommandBehavior cmdBehavior, RunBehavior runBehavior, Boolean returnStream, String method, TaskCompletionSource`1 completion, Int32 timeout, Task& task, Boolean& usedCache, Boolean asyncWrite, Boolean inRetry)
   at System.Data.SqlClient.SqlCommand.RunExecuteReader(CommandBehavior cmdBehavior, RunBehavior runBehavior, Boolean returnStream, String method)
   at System.Data.SqlClient.SqlCommand.ExecuteReader(CommandBehavior behavior, String method)
   at System.Data.SqlClient.SqlCommand.ExecuteReader()
   at DataAnalyzer.Support.Dataaccess.IntegrationResults(List`1 eResultList, String extconstring) in D:\NEW LIVE PROJECT\Extrnal soures\Extrnal soures\DataAnalyzer\Support\Dataaccess.cs:line 787

--------------------------------------------------------------------------------------------------------
08-30-2026 07:31:03
Execution Timeout Expired.  The timeout period elapsed prior to completion of the operation or the server is not responding.
   at System.Data.SqlClient.SqlConnection.OnError(SqlException exception, Boolean breakConnection, Action`1 wrapCloseInAction)
   at System.Data.SqlClient.SqlInternalConnection.OnError(SqlException exception, Boolean breakConnection, Action`1 wrapCloseInAction)
   at System.Data.SqlClient.TdsParser.ThrowExceptionAndWarning(TdsParserStateObject stateObj, Boolean callerHasConnectionLock, Boolean asyncClose)
   at System.Data.SqlClient.TdsParser.TryRun(RunBehavior runBehavior, SqlCommand cmdHandler, SqlDataReader dataStream, BulkCopySimpleResultSet bulkCopyHandler, TdsParserStateObject stateObj, Boolean& dataReady)
   at System.Data.SqlClient.SqlCommand.FinishExecuteReader(SqlDataReader ds, RunBehavior runBehavior, String resetOptionsString, Boolean isInternal, Boolean forDescribeParameterEncryption, Boolean shouldCacheForAlwaysEncrypted)
   at System.Data.SqlClient.SqlCommand.RunExecuteReaderTds(CommandBehavior cmdBehavior, RunBehavior runBehavior, Boolean returnStream, Boolean async, Int32 timeout, Task& task, Boolean asyncWrite, Boolean inRetry, SqlDataReader ds, Boolean describeParameterEncryptionRequest)
   at System.Data.SqlClient.SqlCommand.RunExecuteReader(CommandBehavior cmdBehavior, RunBehavior runBehavior, Boolean returnStream, String method, TaskCompletionSource`1 completion, Int32 timeout, Task& task, Boolean& usedCache, Boolean asyncWrite, Boolean inRetry)
   at System.Data.SqlClient.SqlCommand.InternalExecuteNonQuery(TaskCompletionSource`1 completion, String methodName, Boolean sendToPipe, Int32 timeout, Boolean& usedCache, Boolean asyncWrite, Boolean inRetry)
   at System.Data.SqlClient.SqlCommand.ExecuteNonQuery()
   at DataAnalyzer.Support.Dataaccess.IntegrationResults(List`1 eResultList, String extconstring) in D:\NEW LIVE PROJECT\Extrnal soures\Extrnal soures\DataAnalyzer\Support\Dataaccess.cs:line 819

--------------------------------------------------------------------------------------------------------
08-30-2026 07:31:03
ExecuteReader requires an open and available Connection. The connection's current state is closed.
   at System.Data.SqlClient.SqlCommand.ValidateCommand(String method, Boolean async)
   at System.Data.SqlClient.SqlCommand.RunExecuteReader(CommandBehavior cmdBehavior, RunBehavior runBehavior, Boolean returnStream, String method, TaskCompletionSource`1 completion, Int32 timeout, Task& task, Boolean& usedCache, Boolean asyncWrite, Boolean inRetry)
   at System.Data.SqlClient.SqlCommand.RunExecuteReader(CommandBehavior cmdBehavior, RunBehavior runBehavior, Boolean returnStream, String method)
   at System.Data.SqlClient.SqlCommand.ExecuteReader(CommandBehavior behavior, String method)
   at System.Data.SqlClient.SqlCommand.ExecuteReader()
   at DataAnalyzer.Support.Dataaccess.IntegrationResults(List`1 eResultList, String extconstring) in D:\NEW LIVE PROJECT\Extrnal soures\Extrnal soures\DataAnalyzer\Support\Dataaccess.cs:line 787

--------------------------------------------------------------------------------------------------------
08-30-2026 07:31:03
ExecuteReader requires an open and available Connection. The connection's current state is closed.
   at System.Data.SqlClient.SqlCommand.ValidateCommand(String method, Boolean async)
   at System.Data.SqlClient.SqlCommand.RunExecuteReader(CommandBehavior cmdBehavior, RunBehavior runBehavior, Boolean returnStream, String method, TaskCompletionSource`1 completion, Int32 timeout, Task& task, Boolean& usedCache, Boolean asyncWrite, Boolean inRetry)
   at System.Data.SqlClient.SqlCommand.RunExecuteReader(CommandBehavior cmdBehavior, RunBehavior runBehavior, Boolean returnStream, String method)
   at System.Data.SqlClient.SqlCommand.ExecuteReader(CommandBehavior behavior, String method)
   at System.Data.SqlClient.SqlCommand.ExecuteReader()
   at DataAnalyzer.Support.Dataaccess.IntegrationResults(List`1 eResultList, String extconstring) in D:\NEW LIVE PROJECT\Extrnal soures\Extrnal soures\DataAnalyzer\Support\Dataaccess.cs:line 787

--------------------------------------------------------------------------------------------------------
08-30-2026 07:31:03
ExecuteReader requires an open and available Connection. The connection's current state is closed.
   at System.Data.SqlClient.SqlCommand.ValidateCommand(String method, Boolean async)
   at System.Data.SqlClient.SqlCommand.RunExecuteReader(CommandBehavior cmdBehavior, RunBehavior runBehavior, Boolean returnStream, String method, TaskCompletionSource`1 completion, Int32 timeout, Task& task, Boolean& usedCache, Boolean asyncWrite, Boolean inRetry)
   at System.Data.SqlClient.SqlCommand.RunExecuteReader(CommandBehavior cmdBehavior, RunBehavior runBehavior, Boolean returnStream, String method)
   at System.Data.SqlClient.SqlCommand.ExecuteReader(CommandBehavior behavior, String method)
   at System.Data.SqlClient.SqlCommand.ExecuteReader()
   at DataAnalyzer.Support.Dataaccess.IntegrationResults(List`1 eResultList, String extconstring) in D:\NEW LIVE PROJECT\Extrnal soures\Extrnal soures\DataAnalyzer\Support\Dataaccess.cs:line 787

--------------------------------------------------------------------------------------------------------
08-30-2026 07:31:03
ExecuteReader requires an open and available Connection. The connection's current state is closed.
   at System.Data.SqlClient.SqlCommand.ValidateCommand(String method, Boolean async)
   at System.Data.SqlClient.SqlCommand.RunExecuteReader(CommandBehavior cmdBehavior, RunBehavior runBehavior, Boolean returnStream, String method, TaskCompletionSource`1 completion, Int32 timeout, Task& task, Boolean& usedCache, Boolean asyncWrite, Boolean inRetry)
   at System.Data.SqlClient.SqlCommand.RunExecuteReader(CommandBehavior cmdBehavior, RunBehavior runBehavior, Boolean returnStream, String method)
   at System.Data.SqlClient.SqlCommand.ExecuteReader(CommandBehavior behavior, String method)
   at System.Data.SqlClient.SqlCommand.ExecuteReader()
   at DataAnalyzer.Support.Dataaccess.IntegrationResults(List`1 eResultList, String extconstring) in D:\NEW LIVE PROJECT\Extrnal soures\Extrnal soures\DataAnalyzer\Support\Dataaccess.cs:line 787

--------------------------------------------------------------------------------------------------------
08-30-2026 07:31:03
Execution Timeout Expired.  The timeout period elapsed prior to completion of the operation or the server is not responding.
   at System.Data.SqlClient.SqlConnection.OnError(SqlException exception, Boolean breakConnection, Action`1 wrapCloseInAction)
   at System.Data.SqlClient.SqlInternalConnection.OnError(SqlException exception, Boolean breakConnection, Action`1 wrapCloseInAction)
   at System.Data.SqlClient.TdsParser.ThrowExceptionAndWarning(TdsParserStateObject stateObj, Boolean callerHasConnectionLock, Boolean asyncClose)
   at System.Data.SqlClient.TdsParser.TryRun(RunBehavior runBehavior, SqlCommand cmdHandler, SqlDataReader dataStream, BulkCopySimpleResultSet bulkCopyHandler, TdsParserStateObject stateObj, Boolean& dataReady)
   at System.Data.SqlClient.SqlCommand.FinishExecuteReader(SqlDataReader ds, RunBehavior runBehavior, String resetOptionsString, Boolean isInternal, Boolean forDescribeParameterEncryption, Boolean shouldCacheForAlwaysEncrypted)
   at System.Data.SqlClient.SqlCommand.RunExecuteReaderTds(CommandBehavior cmdBehavior, RunBehavior runBehavior, Boolean returnStream, Boolean async, Int32 timeout, Task& task, Boolean asyncWrite, Boolean inRetry, SqlDataReader ds, Boolean describeParameterEncryptionRequest)
   at System.Data.SqlClient.SqlCommand.RunExecuteReader(CommandBehavior cmdBehavior, RunBehavior runBehavior, Boolean returnStream, String method, TaskCompletionSource`1 completion, Int32 timeout, Task& task, Boolean& usedCache, Boolean asyncWrite, Boolean inRetry)
   at System.Data.SqlClient.SqlCommand.InternalExecuteNonQuery(TaskCompletionSource`1 completion, String methodName, Boolean sendToPipe, Int32 timeout, Boolean& usedCache, Boolean asyncWrite, Boolean inRetry)
   at System.Data.SqlClient.SqlCommand.ExecuteNonQuery()
   at DataAnalyzer.Support.Dataaccess.IntegrationResults(List`1 eResultList, String extconstring) in D:\NEW LIVE PROJECT\Extrnal soures\Extrnal soures\DataAnalyzer\Support\Dataaccess.cs:line 833

--------------------------------------------------------------------------------------------------------
08-30-2026 07:31:03
ExecuteReader requires an open and available Connection. The connection's current state is closed.
   at System.Data.SqlClient.SqlCommand.ValidateCommand(String method, Boolean async)
   at System.Data.SqlClient.SqlCommand.RunExecuteReader(CommandBehavior cmdBehavior, RunBehavior runBehavior, Boolean returnStream, String method, TaskCompletionSource`1 completion, Int32 timeout, Task& task, Boolean& usedCache, Boolean asyncWrite, Boolean inRetry)
   at System.Data.SqlClient.SqlCommand.RunExecuteReader(CommandBehavior cmdBehavior, RunBehavior runBehavior, Boolean returnStream, String method)
   at System.Data.SqlClient.SqlCommand.ExecuteReader(CommandBehavior behavior, String method)
   at System.Data.SqlClient.SqlCommand.ExecuteReader()
   at DataAnalyzer.Support.Dataaccess.IntegrationResults(List`1 eResultList, String extconstring) in D:\NEW LIVE PROJECT\Extrnal soures\Extrnal soures\DataAnalyzer\Support\Dataaccess.cs:line 787

--------------------------------------------------------------------------------------------------------
08-30-2026 07:31:03
ExecuteReader requires an open and available Connection. The connection's current state is closed.
   at System.Data.SqlClient.SqlCommand.ValidateCommand(String method, Boolean async)
   at System.Data.SqlClient.SqlCommand.RunExecuteReader(CommandBehavior cmdBehavior, RunBehavior runBehavior, Boolean returnStream, String method, TaskCompletionSource`1 completion, Int32 timeout, Task& task, Boolean& usedCache, Boolean asyncWrite, Boolean inRetry)
   at System.Data.SqlClient.SqlCommand.RunExecuteReader(CommandBehavior cmdBehavior, RunBehavior runBehavior, Boolean returnStream, String method)
   at System.Data.SqlClient.SqlCommand.ExecuteReader(CommandBehavior behavior, String method)
   at System.Data.SqlClient.SqlCommand.ExecuteReader()
   at DataAnalyzer.Support.Dataaccess.IntegrationResults(List`1 eResultList, String extconstring) in D:\NEW LIVE PROJECT\Extrnal soures\Extrnal soures\DataAnalyzer\Support\Dataaccess.cs:line 787

--------------------------------------------------------------------------------------------------------
08-30-2026 07:31:03
ExecuteReader requires an open and available Connection. The connection's current state is closed.
   at System.Data.SqlClient.SqlCommand.ValidateCommand(String method, Boolean async)
   at System.Data.SqlClient.SqlCommand.RunExecuteReader(CommandBehavior cmdBehavior, RunBehavior runBehavior, Boolean returnStream, String method, TaskCompletionSource`1 completion, Int32 timeout, Task& task, Boolean& usedCache, Boolean asyncWrite, Boolean inRetry)
   at System.Data.SqlClient.SqlCommand.RunExecuteReader(CommandBehavior cmdBehavior, RunBehavior runBehavior, Boolean returnStream, String method)
   at System.Data.SqlClient.SqlCommand.ExecuteReader(CommandBehavior behavior, String method)
   at System.Data.SqlClient.SqlCommand.ExecuteReader()
   at DataAnalyzer.Support.Dataaccess.IntegrationResults(List`1 eResultList, String extconstring) in D:\NEW LIVE PROJECT\Extrnal soures\Extrnal soures\DataAnalyzer\Support\Dataaccess.cs:line 787

--------------------------------------------------------------------------------------------------------
08-30-2026 07:31:03
ExecuteReader requires an open and available Connection. The connection's current state is closed.
   at System.Data.SqlClient.SqlCommand.ValidateCommand(String method, Boolean async)
   at System.Data.SqlClient.SqlCommand.RunExecuteReader(CommandBehavior cmdBehavior, RunBehavior runBehavior, Boolean returnStream, String method, TaskCompletionSource`1 completion, Int32 timeout, Task& task, Boolean& usedCache, Boolean asyncWrite, Boolean inRetry)
   at System.Data.SqlClient.SqlCommand.RunExecuteReader(CommandBehavior cmdBehavior, RunBehavior runBehavior, Boolean returnStream, String method)
   at System.Data.SqlClient.SqlCommand.ExecuteReader(CommandBehavior behavior, String method)
   at System.Data.SqlClient.SqlCommand.ExecuteReader()
   at DataAnalyzer.Support.Dataaccess.IntegrationResults(List`1 eResultList, String extconstring) in D:\NEW LIVE PROJECT\Extrnal soures\Extrnal soures\DataAnalyzer\Support\Dataaccess.cs:line 787

--------------------------------------------------------------------------------------------------------
08-30-2026 07:31:03
ExecuteReader requires an open and available Connection. The connection's current state is closed.
   at System.Data.SqlClient.SqlCommand.ValidateCommand(String method, Boolean async)
   at System.Data.SqlClient.SqlCommand.RunExecuteReader(CommandBehavior cmdBehavior, RunBehavior runBehavior, Boolean returnStream, String method, TaskCompletionSource`1 completion, Int32 timeout, Task& task, Boolean& usedCache, Boolean asyncWrite, Boolean inRetry)
   at System.Data.SqlClient.SqlCommand.RunExecuteReader(CommandBehavior cmdBehavior, RunBehavior runBehavior, Boolean returnStream, String method)
   at System.Data.SqlClient.SqlCommand.ExecuteReader(CommandBehavior behavior, String method)
   at System.Data.SqlClient.SqlCommand.ExecuteReader()
   at DataAnalyzer.Support.Dataaccess.IntegrationResults(List`1 eResultList, String extconstring) in D:\NEW LIVE PROJECT\Extrnal soures\Extrnal soures\DataAnalyzer\Support\Dataaccess.cs:line 787

--------------------------------------------------------------------------------------------------------
08-30-2026 07:31:03
ExecuteReader requires an open and available Connection. The connection's current state is closed.
   at System.Data.SqlClient.SqlCommand.ValidateCommand(String method, Boolean async)
   at System.Data.SqlClient.SqlCommand.RunExecuteReader(CommandBehavior cmdBehavior, RunBehavior runBehavior, Boolean returnStream, String method, TaskCompletionSource`1 completion, Int32 timeout, Task& task, Boolean& usedCache, Boolean asyncWrite, Boolean inRetry)
   at System.Data.SqlClient.SqlCommand.RunExecuteReader(CommandBehavior cmdBehavior, RunBehavior runBehavior, Boolean returnStream, String method)
   at System.Data.SqlClient.SqlCommand.ExecuteReader(CommandBehavior behavior, String method)
   at System.Data.SqlClient.SqlCommand.ExecuteReader()
   at DataAnalyzer.Support.Dataaccess.IntegrationResults(List`1 eResultList, String extconstring) in D:\NEW LIVE PROJECT\Extrnal soures\Extrnal soures\DataAnalyzer\Support\Dataaccess.cs:line 787

--------------------------------------------------------------------------------------------------------
08-30-2026 07:31:03
ExecuteReader requires an open and available Connection. The connection's current state is closed.
   at System.Data.SqlClient.SqlCommand.ValidateCommand(String method, Boolean async)
   at System.Data.SqlClient.SqlCommand.RunExecuteReader(CommandBehavior cmdBehavior, RunBehavior runBehavior, Boolean returnStream, String method, TaskCompletionSource`1 completion, Int32 timeout, Task& task, Boolean& usedCache, Boolean asyncWrite, Boolean inRetry)
   at System.Data.SqlClient.SqlCommand.RunExecuteReader(CommandBehavior cmdBehavior, RunBehavior runBehavior, Boolean returnStream, String method)
   at System.Data.SqlClient.SqlCommand.ExecuteReader(CommandBehavior behavior, String method)
   at System.Data.SqlClient.SqlCommand.ExecuteReader()
   at DataAnalyzer.Support.Dataaccess.IntegrationResults(List`1 eResultList, String extconstring) in D:\NEW LIVE PROJECT\Extrnal soures\Extrnal soures\DataAnalyzer\Support\Dataaccess.cs:line 787

--------------------------------------------------------------------------------------------------------
08-30-2026 07:31:03
ExecuteReader requires an open and available Connection. The connection's current state is closed.
   at System.Data.SqlClient.SqlCommand.ValidateCommand(String method, Boolean async)
   at System.Data.SqlClient.SqlCommand.RunExecuteReader(CommandBehavior cmdBehavior, RunBehavior runBehavior, Boolean returnStream, String method, TaskCompletionSource`1 completion, Int32 timeout, Task& task, Boolean& usedCache, Boolean asyncWrite, Boolean inRetry)
   at System.Data.SqlClient.SqlCommand.RunExecuteReader(CommandBehavior cmdBehavior, RunBehavior runBehavior, Boolean returnStream, String method)
   at System.Data.SqlClient.SqlCommand.ExecuteReader(CommandBehavior behavior, String method)
   at System.Data.SqlClient.SqlCommand.ExecuteReader()
   at DataAnalyzer.Support.Dataaccess.IntegrationResults(List`1 eResultList, String extconstring) in D:\NEW LIVE PROJECT\Extrnal soures\Extrnal soures\DataAnalyzer\Support\Dataaccess.cs:line 787

--------------------------------------------------------------------------------------------------------
08-30-2026 07:31:03
ExecuteReader requires an open and available Connection. The connection's current state is closed.
   at System.Data.SqlClient.SqlCommand.ValidateCommand(String method, Boolean async)
   at System.Data.SqlClient.SqlCommand.RunExecuteReader(CommandBehavior cmdBehavior, RunBehavior runBehavior, Boolean returnStream, String method, TaskCompletionSource`1 completion, Int32 timeout, Task& task, Boolean& usedCache, Boolean asyncWrite, Boolean inRetry)
   at System.Data.SqlClient.SqlCommand.RunExecuteReader(CommandBehavior cmdBehavior, RunBehavior runBehavior, Boolean returnStream, String method)
   at System.Data.SqlClient.SqlCommand.ExecuteReader(CommandBehavior behavior, String method)
   at System.Data.SqlClient.SqlCommand.ExecuteReader()
   at DataAnalyzer.Support.Dataaccess.IntegrationResults(List`1 eResultList, String extconstring) in D:\NEW LIVE PROJECT\Extrnal soures\Extrnal soures\DataAnalyzer\Support\Dataaccess.cs:line 787

--------------------------------------------------------------------------------------------------------
08-30-2026 07:31:03
ExecuteReader requires an open and available Connection. The connection's current state is closed.
   at System.Data.SqlClient.SqlCommand.ValidateCommand(String method, Boolean async)
   at System.Data.SqlClient.SqlCommand.RunExecuteReader(CommandBehavior cmdBehavior, RunBehavior runBehavior, Boolean returnStream, String method, TaskCompletionSource`1 completion, Int32 timeout, Task& task, Boolean& usedCache, Boolean asyncWrite, Boolean inRetry)
   at System.Data.SqlClient.SqlCommand.RunExecuteReader(CommandBehavior cmdBehavior, RunBehavior runBehavior, Boolean returnStream, String method)
   at System.Data.SqlClient.SqlCommand.ExecuteReader(CommandBehavior behavior, String method)
   at System.Data.SqlClient.SqlCommand.ExecuteReader()
   at DataAnalyzer.Support.Dataaccess.IntegrationResults(List`1 eResultList, String extconstring) in D:\NEW LIVE PROJECT\Extrnal soures\Extrnal soures\DataAnalyzer\Support\Dataaccess.cs:line 787

--------------------------------------------------------------------------------------------------------
08-30-2026 07:31:03
ExecuteReader requires an open and available Connection. The connection's current state is closed.
   at System.Data.SqlClient.SqlCommand.ValidateCommand(String method, Boolean async)
   at System.Data.SqlClient.SqlCommand.RunExecuteReader(CommandBehavior cmdBehavior, RunBehavior runBehavior, Boolean returnStream, String method, TaskCompletionSource`1 completion, Int32 timeout, Task& task, Boolean& usedCache, Boolean asyncWrite, Boolean inRetry)
   at System.Data.SqlClient.SqlCommand.RunExecuteReader(CommandBehavior cmdBehavior, RunBehavior runBehavior, Boolean returnStream, String method)
   at System.Data.SqlClient.SqlCommand.ExecuteReader(CommandBehavior behavior, String method)
   at System.Data.SqlClient.SqlCommand.ExecuteReader()
   at DataAnalyzer.Support.Dataaccess.IntegrationResults(List`1 eResultList, String extconstring) in D:\NEW LIVE PROJECT\Extrnal soures\Extrnal soures\DataAnalyzer\Support\Dataaccess.cs:line 787

--------------------------------------------------------------------------------------------------------
08-30-2026 07:31:03
ExecuteReader requires an open and available Connection. The connection's current state is closed.
   at System.Data.SqlClient.SqlCommand.ValidateCommand(String method, Boolean async)
   at System.Data.SqlClient.SqlCommand.RunExecuteReader(CommandBehavior cmdBehavior, RunBehavior runBehavior, Boolean returnStream, String method, TaskCompletionSource`1 completion, Int32 timeout, Task& task, Boolean& usedCache, Boolean asyncWrite, Boolean inRetry)
   at System.Data.SqlClient.SqlCommand.RunExecuteReader(CommandBehavior cmdBehavior, RunBehavior runBehavior, Boolean returnStream, String method)
   at System.Data.SqlClient.SqlCommand.ExecuteReader(CommandBehavior behavior, String method)
   at System.Data.SqlClient.SqlCommand.ExecuteReader()
   at DataAnalyzer.Support.Dataaccess.IntegrationResults(List`1 eResultList, String extconstring) in D:\NEW LIVE PROJECT\Extrnal soures\Extrnal soures\DataAnalyzer\Support\Dataaccess.cs:line 787

--------------------------------------------------------------------------------------------------------
08-30-2026 07:31:03
ExecuteReader requires an open and available Connection. The connection's current state is closed.
   at System.Data.SqlClient.SqlCommand.ValidateCommand(String method, Boolean async)
   at System.Data.SqlClient.SqlCommand.RunExecuteReader(CommandBehavior cmdBehavior, RunBehavior runBehavior, Boolean returnStream, String method, TaskCompletionSource`1 completion, Int32 timeout, Task& task, Boolean& usedCache, Boolean asyncWrite, Boolean inRetry)
   at System.Data.SqlClient.SqlCommand.RunExecuteReader(CommandBehavior cmdBehavior, RunBehavior runBehavior, Boolean returnStream, String method)
   at System.Data.SqlClient.SqlCommand.ExecuteReader(CommandBehavior behavior, String method)
   at System.Data.SqlClient.SqlCommand.ExecuteReader()
   at DataAnalyzer.Support.Dataaccess.IntegrationResults(List`1 eResultList, String extconstring) in D:\NEW LIVE PROJECT\Extrnal soures\Extrnal soures\DataAnalyzer\Support\Dataaccess.cs:line 787

--------------------------------------------------------------------------------------------------------
08-30-2026 07:31:03
ExecuteReader requires an open and available Connection. The connection's current state is closed.
   at System.Data.SqlClient.SqlCommand.ValidateCommand(String method, Boolean async)
   at System.Data.SqlClient.SqlCommand.RunExecuteReader(CommandBehavior cmdBehavior, RunBehavior runBehavior, Boolean returnStream, String method, TaskCompletionSource`1 completion, Int32 timeout, Task& task, Boolean& usedCache, Boolean asyncWrite, Boolean inRetry)
   at System.Data.SqlClient.SqlCommand.RunExecuteReader(CommandBehavior cmdBehavior, RunBehavior runBehavior, Boolean returnStream, String method)
   at System.Data.SqlClient.SqlCommand.ExecuteReader(CommandBehavior behavior, String method)
   at System.Data.SqlClient.SqlCommand.ExecuteReader()
   at DataAnalyzer.Support.Dataaccess.IntegrationResults(List`1 eResultList, String extconstring) in D:\NEW LIVE PROJECT\Extrnal soures\Extrnal soures\DataAnalyzer\Support\Dataaccess.cs:line 787

--------------------------------------------------------------------------------------------------------
08-30-2026 07:31:03
ExecuteReader requires an open and available Connection. The connection's current state is closed.
   at System.Data.SqlClient.SqlCommand.ValidateCommand(String method, Boolean async)
   at System.Data.SqlClient.SqlCommand.RunExecuteReader(CommandBehavior cmdBehavior, RunBehavior runBehavior, Boolean returnStream, String method, TaskCompletionSource`1 completion, Int32 timeout, Task& task, Boolean& usedCache, Boolean asyncWrite, Boolean inRetry)
   at System.Data.SqlClient.SqlCommand.RunExecuteReader(CommandBehavior cmdBehavior, RunBehavior runBehavior, Boolean returnStream, String method)
   at System.Data.SqlClient.SqlCommand.ExecuteReader(CommandBehavior behavior, String method)
   at System.Data.SqlClient.SqlCommand.ExecuteReader()
   at DataAnalyzer.Support.Dataaccess.IntegrationResults(List`1 eResultList, String extconstring) in D:\NEW LIVE PROJECT\Extrnal soures\Extrnal soures\DataAnalyzer\Support\Dataaccess.cs:line 787

--------------------------------------------------------------------------------------------------------
08-30-2026 07:31:03
ExecuteReader requires an open and available Connection. The connection's current state is closed.
   at System.Data.SqlClient.SqlCommand.ValidateCommand(String method, Boolean async)
   at System.Data.SqlClient.SqlCommand.RunExecuteReader(CommandBehavior cmdBehavior, RunBehavior runBehavior, Boolean returnStream, String method, TaskCompletionSource`1 completion, Int32 timeout, Task& task, Boolean& usedCache, Boolean asyncWrite, Boolean inRetry)
   at System.Data.SqlClient.SqlCommand.RunExecuteReader(CommandBehavior cmdBehavior, RunBehavior runBehavior, Boolean returnStream, String method)
   at System.Data.SqlClient.SqlCommand.ExecuteReader(CommandBehavior behavior, String method)
   at System.Data.SqlClient.SqlCommand.ExecuteReader()
   at DataAnalyzer.Support.Dataaccess.IntegrationResults(List`1 eResultList, String extconstring) in D:\NEW LIVE PROJECT\Extrnal soures\Extrnal soures\DataAnalyzer\Support\Dataaccess.cs:line 787

--------------------------------------------------------------------------------------------------------
08-30-2026 07:31:03
ExecuteReader requires an open and available Connection. The connection's current state is closed.
   at System.Data.SqlClient.SqlCommand.ValidateCommand(String method, Boolean async)
   at System.Data.SqlClient.SqlCommand.RunExecuteReader(CommandBehavior cmdBehavior, RunBehavior runBehavior, Boolean returnStream, String method, TaskCompletionSource`1 completion, Int32 timeout, Task& task, Boolean& usedCache, Boolean asyncWrite, Boolean inRetry)
   at System.Data.SqlClient.SqlCommand.RunExecuteReader(CommandBehavior cmdBehavior, RunBehavior runBehavior, Boolean returnStream, String method)
   at System.Data.SqlClient.SqlCommand.ExecuteReader(CommandBehavior behavior, String method)
   at System.Data.SqlClient.SqlCommand.ExecuteReader()
   at DataAnalyzer.Support.Dataaccess.IntegrationResults(List`1 eResultList, String extconstring) in D:\NEW LIVE PROJECT\Extrnal soures\Extrnal soures\DataAnalyzer\Support\Dataaccess.cs:line 787

--------------------------------------------------------------------------------------------------------
08-30-2026 07:31:03
Execution Timeout Expired.  The timeout period elapsed prior to completion of the operation or the server is not responding.
   at System.Data.SqlClient.SqlConnection.OnError(SqlException exception, Boolean breakConnection, Action`1 wrapCloseInAction)
   at System.Data.SqlClient.SqlInternalConnection.OnError(SqlException exception, Boolean breakConnection, Action`1 wrapCloseInAction)
   at System.Data.SqlClient.TdsParser.ThrowExceptionAndWarning(TdsParserStateObject stateObj, Boolean callerHasConnectionLock, Boolean asyncClose)
   at System.Data.SqlClient.TdsParser.TryRun(RunBehavior runBehavior, SqlCommand cmdHandler, SqlDataReader dataStream, BulkCopySimpleResultSet bulkCopyHandler, TdsParserStateObject stateObj, Boolean& dataReady)
   at System.Data.SqlClient.SqlCommand.FinishExecuteReader(SqlDataReader ds, RunBehavior runBehavior, String resetOptionsString, Boolean isInternal, Boolean forDescribeParameterEncryption, Boolean shouldCacheForAlwaysEncrypted)
   at System.Data.SqlClient.SqlCommand.RunExecuteReaderTds(CommandBehavior cmdBehavior, RunBehavior runBehavior, Boolean returnStream, Boolean async, Int32 timeout, Task& task, Boolean asyncWrite, Boolean inRetry, SqlDataReader ds, Boolean describeParameterEncryptionRequest)
   at System.Data.SqlClient.SqlCommand.RunExecuteReader(CommandBehavior cmdBehavior, RunBehavior runBehavior, Boolean returnStream, String method, TaskCompletionSource`1 completion, Int32 timeout, Task& task, Boolean& usedCache, Boolean asyncWrite, Boolean inRetry)
   at System.Data.SqlClient.SqlCommand.InternalExecuteNonQuery(TaskCompletionSource`1 completion, String methodName, Boolean sendToPipe, Int32 timeout, Boolean& usedCache, Boolean asyncWrite, Boolean inRetry)
   at System.Data.SqlClient.SqlCommand.ExecuteNonQuery()
   at DataAnalyzer.Support.Dataaccess.IntegrationResults(List`1 eResultList, String extconstring) in D:\NEW LIVE PROJECT\Extrnal soures\Extrnal soures\DataAnalyzer\Support\Dataaccess.cs:line 819

--------------------------------------------------------------------------------------------------------
08-30-2026 07:31:04
Execution Timeout Expired.  The timeout period elapsed prior to completion of the operation or the server is not responding.
   at System.Data.SqlClient.SqlConnection.OnError(SqlException exception, Boolean breakConnection, Action`1 wrapCloseInAction)
   at System.Data.SqlClient.SqlInternalConnection.OnError(SqlException exception, Boolean breakConnection, Action`1 wrapCloseInAction)
   at System.Data.SqlClient.TdsParser.ThrowExceptionAndWarning(TdsParserStateObject stateObj, Boolean callerHasConnectionLock, Boolean asyncClose)
   at System.Data.SqlClient.TdsParser.TryRun(RunBehavior runBehavior, SqlCommand cmdHandler, SqlDataReader dataStream, BulkCopySimpleResultSet bulkCopyHandler, TdsParserStateObject stateObj, Boolean& dataReady)
   at System.Data.SqlClient.SqlCommand.FinishExecuteReader(SqlDataReader ds, RunBehavior runBehavior, String resetOptionsString, Boolean isInternal, Boolean forDescribeParameterEncryption, Boolean shouldCacheForAlwaysEncrypted)
   at System.Data.SqlClient.SqlCommand.RunExecuteReaderTds(CommandBehavior cmdBehavior, RunBehavior runBehavior, Boolean returnStream, Boolean async, Int32 timeout, Task& task, Boolean asyncWrite, Boolean inRetry, SqlDataReader ds, Boolean describeParameterEncryptionRequest)
   at System.Data.SqlClient.SqlCommand.RunExecuteReader(CommandBehavior cmdBehavior, RunBehavior runBehavior, Boolean returnStream, String method, TaskCompletionSource`1 completion, Int32 timeout, Task& task, Boolean& usedCache, Boolean asyncWrite, Boolean inRetry)
   at System.Data.SqlClient.SqlCommand.InternalExecuteNonQuery(TaskCompletionSource`1 completion, String methodName, Boolean sendToPipe, Int32 timeout, Boolean& usedCache, Boolean asyncWrite, Boolean inRetry)
   at System.Data.SqlClient.SqlCommand.ExecuteNonQuery()
   at DataAnalyzer.Support.Dataaccess.IntegrationResults(List`1 eResultList, String extconstring) in D:\NEW LIVE PROJECT\Extrnal soures\Extrnal soures\DataAnalyzer\Support\Dataaccess.cs:line 819

--------------------------------------------------------------------------------------------------------
08-30-2026 07:31:04
ExecuteReader requires an open and available Connection. The connection's current state is closed.
   at System.Data.SqlClient.SqlCommand.ValidateCommand(String method, Boolean async)
   at System.Data.SqlClient.SqlCommand.RunExecuteReader(CommandBehavior cmdBehavior, RunBehavior runBehavior, Boolean returnStream, String method, TaskCompletionSource`1 completion, Int32 timeout, Task& task, Boolean& usedCache, Boolean asyncWrite, Boolean inRetry)
   at System.Data.SqlClient.SqlCommand.RunExecuteReader(CommandBehavior cmdBehavior, RunBehavior runBehavior, Boolean returnStream, String method)
   at System.Data.SqlClient.SqlCommand.ExecuteReader(CommandBehavior behavior, String method)
   at System.Data.SqlClient.SqlCommand.ExecuteReader()
   at DataAnalyzer.Support.Dataaccess.IntegrationResults(List`1 eResultList, String extconstring) in D:\NEW LIVE PROJECT\Extrnal soures\Extrnal soures\DataAnalyzer\Support\Dataaccess.cs:line 787

--------------------------------------------------------------------------------------------------------
08-30-2026 07:31:04
ExecuteReader requires an open and available Connection. The connection's current state is closed.
   at System.Data.SqlClient.SqlCommand.ValidateCommand(String method, Boolean async)
   at System.Data.SqlClient.SqlCommand.RunExecuteReader(CommandBehavior cmdBehavior, RunBehavior runBehavior, Boolean returnStream, String method, TaskCompletionSource`1 completion, Int32 timeout, Task& task, Boolean& usedCache, Boolean asyncWrite, Boolean inRetry)
   at System.Data.SqlClient.SqlCommand.RunExecuteReader(CommandBehavior cmdBehavior, RunBehavior runBehavior, Boolean returnStream, String method)
   at System.Data.SqlClient.SqlCommand.ExecuteReader(CommandBehavior behavior, String method)
   at System.Data.SqlClient.SqlCommand.ExecuteReader()
   at DataAnalyzer.Support.Dataaccess.IntegrationResults(List`1 eResultList, String extconstring) in D:\NEW LIVE PROJECT\Extrnal soures\Extrnal soures\DataAnalyzer\Support\Dataaccess.cs:line 787

--------------------------------------------------------------------------------------------------------
08-30-2026 07:31:04
ExecuteReader requires an open and available Connection. The connection's current state is closed.
   at System.Data.SqlClient.SqlCommand.ValidateCommand(String method, Boolean async)
   at System.Data.SqlClient.SqlCommand.RunExecuteReader(CommandBehavior cmdBehavior, RunBehavior runBehavior, Boolean returnStream, String method, TaskCompletionSource`1 completion, Int32 timeout, Task& task, Boolean& usedCache, Boolean asyncWrite, Boolean inRetry)
   at System.Data.SqlClient.SqlCommand.RunExecuteReader(CommandBehavior cmdBehavior, RunBehavior runBehavior, Boolean returnStream, String method)
   at System.Data.SqlClient.SqlCommand.ExecuteReader(CommandBehavior behavior, String method)
   at System.Data.SqlClient.SqlCommand.ExecuteReader()
   at DataAnalyzer.Support.Dataaccess.IntegrationResults(List`1 eResultList, String extconstring) in D:\NEW LIVE PROJECT\Extrnal soures\Extrnal soures\DataAnalyzer\Support\Dataaccess.cs:line 787

--------------------------------------------------------------------------------------------------------
08-30-2026 07:31:04
ExecuteReader requires an open and available Connection. The connection's current state is closed.
   at System.Data.SqlClient.SqlCommand.ValidateCommand(String method, Boolean async)
   at System.Data.SqlClient.SqlCommand.RunExecuteReader(CommandBehavior cmdBehavior, RunBehavior runBehavior, Boolean returnStream, String method, TaskCompletionSource`1 completion, Int32 timeout, Task& task, Boolean& usedCache, Boolean asyncWrite, Boolean inRetry)
   at System.Data.SqlClient.SqlCommand.RunExecuteReader(CommandBehavior cmdBehavior, RunBehavior runBehavior, Boolean returnStream, String method)
   at System.Data.SqlClient.SqlCommand.ExecuteReader(CommandBehavior behavior, String method)
   at System.Data.SqlClient.SqlCommand.ExecuteReader()
   at DataAnalyzer.Support.Dataaccess.IntegrationResults(List`1 eResultList, String extconstring) in D:\NEW LIVE PROJECT\Extrnal soures\Extrnal soures\DataAnalyzer\Support\Dataaccess.cs:line 787

--------------------------------------------------------------------------------------------------------
08-30-2026 07:31:04
ExecuteReader requires an open and available Connection. The connection's current state is closed.
   at System.Data.SqlClient.SqlCommand.ValidateCommand(String method, Boolean async)
   at System.Data.SqlClient.SqlCommand.RunExecuteReader(CommandBehavior cmdBehavior, RunBehavior runBehavior, Boolean returnStream, String method, TaskCompletionSource`1 completion, Int32 timeout, Task& task, Boolean& usedCache, Boolean asyncWrite, Boolean inRetry)
   at System.Data.SqlClient.SqlCommand.RunExecuteReader(CommandBehavior cmdBehavior, RunBehavior runBehavior, Boolean returnStream, String method)
   at System.Data.SqlClient.SqlCommand.ExecuteReader(CommandBehavior behavior, String method)
   at System.Data.SqlClient.SqlCommand.ExecuteReader()
   at DataAnalyzer.Support.Dataaccess.IntegrationResults(List`1 eResultList, String extconstring) in D:\NEW LIVE PROJECT\Extrnal soures\Extrnal soures\DataAnalyzer\Support\Dataaccess.cs:line 787

--------------------------------------------------------------------------------------------------------
08-30-2026 07:31:04
ExecuteReader requires an open and available Connection. The connection's current state is closed.
   at System.Data.SqlClient.SqlCommand.ValidateCommand(String method, Boolean async)
   at System.Data.SqlClient.SqlCommand.RunExecuteReader(CommandBehavior cmdBehavior, RunBehavior runBehavior, Boolean returnStream, String method, TaskCompletionSource`1 completion, Int32 timeout, Task& task, Boolean& usedCache, Boolean asyncWrite, Boolean inRetry)
   at System.Data.SqlClient.SqlCommand.RunExecuteReader(CommandBehavior cmdBehavior, RunBehavior runBehavior, Boolean returnStream, String method)
   at System.Data.SqlClient.SqlCommand.ExecuteReader(CommandBehavior behavior, String method)
   at System.Data.SqlClient.SqlCommand.ExecuteReader()
   at DataAnalyzer.Support.Dataaccess.IntegrationResults(List`1 eResultList, String extconstring) in D:\NEW LIVE PROJECT\Extrnal soures\Extrnal soures\DataAnalyzer\Support\Dataaccess.cs:line 787

--------------------------------------------------------------------------------------------------------
08-30-2026 07:31:04
ExecuteReader requires an open and available Connection. The connection's current state is closed.
   at System.Data.SqlClient.SqlCommand.ValidateCommand(String method, Boolean async)
   at System.Data.SqlClient.SqlCommand.RunExecuteReader(CommandBehavior cmdBehavior, RunBehavior runBehavior, Boolean returnStream, String method, TaskCompletionSource`1 completion, Int32 timeout, Task& task, Boolean& usedCache, Boolean asyncWrite, Boolean inRetry)
   at System.Data.SqlClient.SqlCommand.RunExecuteReader(CommandBehavior cmdBehavior, RunBehavior runBehavior, Boolean returnStream, String method)
   at System.Data.SqlClient.SqlCommand.ExecuteReader(CommandBehavior behavior, String method)
   at System.Data.SqlClient.SqlCommand.ExecuteReader()
   at DataAnalyzer.Support.Dataaccess.IntegrationResults(List`1 eResultList, String extconstring) in D:\NEW LIVE PROJECT\Extrnal soures\Extrnal soures\DataAnalyzer\Support\Dataaccess.cs:line 787

--------------------------------------------------------------------------------------------------------
08-30-2026 07:31:04
ExecuteReader requires an open and available Connection. The connection's current state is closed.
   at System.Data.SqlClient.SqlCommand.ValidateCommand(String method, Boolean async)
   at System.Data.SqlClient.SqlCommand.RunExecuteReader(CommandBehavior cmdBehavior, RunBehavior runBehavior, Boolean returnStream, String method, TaskCompletionSource`1 completion, Int32 timeout, Task& task, Boolean& usedCache, Boolean asyncWrite, Boolean inRetry)
   at System.Data.SqlClient.SqlCommand.RunExecuteReader(CommandBehavior cmdBehavior, RunBehavior runBehavior, Boolean returnStream, String method)
   at System.Data.SqlClient.SqlCommand.ExecuteReader(CommandBehavior behavior, String method)
   at System.Data.SqlClient.SqlCommand.ExecuteReader()
   at DataAnalyzer.Support.Dataaccess.IntegrationResults(List`1 eResultList, String extconstring) in D:\NEW LIVE PROJECT\Extrnal soures\Extrnal soures\DataAnalyzer\Support\Dataaccess.cs:line 787

--------------------------------------------------------------------------------------------------------
08-30-2026 07:31:04
ExecuteReader requires an open and available Connection. The connection's current state is closed.
   at System.Data.SqlClient.SqlCommand.ValidateCommand(String method, Boolean async)
   at System.Data.SqlClient.SqlCommand.RunExecuteReader(CommandBehavior cmdBehavior, RunBehavior runBehavior, Boolean returnStream, String method, TaskCompletionSource`1 completion, Int32 timeout, Task& task, Boolean& usedCache, Boolean asyncWrite, Boolean inRetry)
   at System.Data.SqlClient.SqlCommand.RunExecuteReader(CommandBehavior cmdBehavior, RunBehavior runBehavior, Boolean returnStream, String method)
   at System.Data.SqlClient.SqlCommand.ExecuteReader(CommandBehavior behavior, String method)
   at System.Data.SqlClient.SqlCommand.ExecuteReader()
   at DataAnalyzer.Support.Dataaccess.IntegrationResults(List`1 eResultList, String extconstring) in D:\NEW LIVE PROJECT\Extrnal soures\Extrnal soures\DataAnalyzer\Support\Dataaccess.cs:line 787

--------------------------------------------------------------------------------------------------------
08-30-2026 07:31:04
ExecuteReader requires an open and available Connection. The connection's current state is closed.
   at System.Data.SqlClient.SqlCommand.ValidateCommand(String method, Boolean async)
   at System.Data.SqlClient.SqlCommand.RunExecuteReader(CommandBehavior cmdBehavior, RunBehavior runBehavior, Boolean returnStream, String method, TaskCompletionSource`1 completion, Int32 timeout, Task& task, Boolean& usedCache, Boolean asyncWrite, Boolean inRetry)
   at System.Data.SqlClient.SqlCommand.RunExecuteReader(CommandBehavior cmdBehavior, RunBehavior runBehavior, Boolean returnStream, String method)
   at System.Data.SqlClient.SqlCommand.ExecuteReader(CommandBehavior behavior, String method)
   at System.Data.SqlClient.SqlCommand.ExecuteReader()
   at DataAnalyzer.Support.Dataaccess.IntegrationResults(List`1 eResultList, String extconstring) in D:\NEW LIVE PROJECT\Extrnal soures\Extrnal soures\DataAnalyzer\Support\Dataaccess.cs:line 787

--------------------------------------------------------------------------------------------------------
08-30-2026 07:31:04
ExecuteReader requires an open and available Connection. The connection's current state is closed.
   at System.Data.SqlClient.SqlCommand.ValidateCommand(String method, Boolean async)
   at System.Data.SqlClient.SqlCommand.RunExecuteReader(CommandBehavior cmdBehavior, RunBehavior runBehavior, Boolean returnStream, String method, TaskCompletionSource`1 completion, Int32 timeout, Task& task, Boolean& usedCache, Boolean asyncWrite, Boolean inRetry)
   at System.Data.SqlClient.SqlCommand.RunExecuteReader(CommandBehavior cmdBehavior, RunBehavior runBehavior, Boolean returnStream, String method)
   at System.Data.SqlClient.SqlCommand.ExecuteReader(CommandBehavior behavior, String method)
   at System.Data.SqlClient.SqlCommand.ExecuteReader()
   at DataAnalyzer.Support.Dataaccess.IntegrationResults(List`1 eResultList, String extconstring) in D:\NEW LIVE PROJECT\Extrnal soures\Extrnal soures\DataAnalyzer\Support\Dataaccess.cs:line 787

--------------------------------------------------------------------------------------------------------
08-30-2026 07:31:04
Execution Timeout Expired.  The timeout period elapsed prior to completion of the operation or the server is not responding.
   at System.Data.SqlClient.SqlConnection.OnError(SqlException exception, Boolean breakConnection, Action`1 wrapCloseInAction)
   at System.Data.SqlClient.SqlInternalConnection.OnError(SqlException exception, Boolean breakConnection, Action`1 wrapCloseInAction)
   at System.Data.SqlClient.TdsParser.ThrowExceptionAndWarning(TdsParserStateObject stateObj, Boolean callerHasConnectionLock, Boolean asyncClose)
   at System.Data.SqlClient.TdsParser.TryRun(RunBehavior runBehavior, SqlCommand cmdHandler, SqlDataReader dataStream, BulkCopySimpleResultSet bulkCopyHandler, TdsParserStateObject stateObj, Boolean& dataReady)
   at System.Data.SqlClient.SqlCommand.FinishExecuteReader(SqlDataReader ds, RunBehavior runBehavior, String resetOptionsString, Boolean isInternal, Boolean forDescribeParameterEncryption, Boolean shouldCacheForAlwaysEncrypted)
   at System.Data.SqlClient.SqlCommand.RunExecuteReaderTds(CommandBehavior cmdBehavior, RunBehavior runBehavior, Boolean returnStream, Boolean async, Int32 timeout, Task& task, Boolean asyncWrite, Boolean inRetry, SqlDataReader ds, Boolean describeParameterEncryptionRequest)
   at System.Data.SqlClient.SqlCommand.RunExecuteReader(CommandBehavior cmdBehavior, RunBehavior runBehavior, Boolean returnStream, String method, TaskCompletionSource`1 completion, Int32 timeout, Task& task, Boolean& usedCache, Boolean asyncWrite, Boolean inRetry)
   at System.Data.SqlClient.SqlCommand.InternalExecuteNonQuery(TaskCompletionSource`1 completion, String methodName, Boolean sendToPipe, Int32 timeout, Boolean& usedCache, Boolean asyncWrite, Boolean inRetry)
   at System.Data.SqlClient.SqlCommand.ExecuteNonQuery()
   at DataAnalyzer.Support.Dataaccess.IntegrationResults(List`1 eResultList, String extconstring) in D:\NEW LIVE PROJECT\Extrnal soures\Extrnal soures\DataAnalyzer\Support\Dataaccess.cs:line 833

--------------------------------------------------------------------------------------------------------
08-30-2026 07:31:04
ExecuteReader requires an open and available Connection. The connection's current state is closed.
   at System.Data.SqlClient.SqlCommand.ValidateCommand(String method, Boolean async)
   at System.Data.SqlClient.SqlCommand.RunExecuteReader(CommandBehavior cmdBehavior, RunBehavior runBehavior, Boolean returnStream, String method, TaskCompletionSource`1 completion, Int32 timeout, Task& task, Boolean& usedCache, Boolean asyncWrite, Boolean inRetry)
   at System.Data.SqlClient.SqlCommand.RunExecuteReader(CommandBehavior cmdBehavior, RunBehavior runBehavior, Boolean returnStream, String method)
   at System.Data.SqlClient.SqlCommand.ExecuteReader(CommandBehavior behavior, String method)
   at System.Data.SqlClient.SqlCommand.ExecuteReader()
   at DataAnalyzer.Support.Dataaccess.IntegrationResults(List`1 eResultList, String extconstring) in D:\NEW LIVE PROJECT\Extrnal soures\Extrnal soures\DataAnalyzer\Support\Dataaccess.cs:line 787

--------------------------------------------------------------------------------------------------------
08-30-2026 07:31:04
ExecuteReader requires an open and available Connection. The connection's current state is closed.
   at System.Data.SqlClient.SqlCommand.ValidateCommand(String method, Boolean async)
   at System.Data.SqlClient.SqlCommand.RunExecuteReader(CommandBehavior cmdBehavior, RunBehavior runBehavior, Boolean returnStream, String method, TaskCompletionSource`1 completion, Int32 timeout, Task& task, Boolean& usedCache, Boolean asyncWrite, Boolean inRetry)
   at System.Data.SqlClient.SqlCommand.RunExecuteReader(CommandBehavior cmdBehavior, RunBehavior runBehavior, Boolean returnStream, String method)
   at System.Data.SqlClient.SqlCommand.ExecuteReader(CommandBehavior behavior, String method)
   at System.Data.SqlClient.SqlCommand.ExecuteReader()
   at DataAnalyzer.Support.Dataaccess.IntegrationResults(List`1 eResultList, String extconstring) in D:\NEW LIVE PROJECT\Extrnal soures\Extrnal soures\DataAnalyzer\Support\Dataaccess.cs:line 787

--------------------------------------------------------------------------------------------------------
08-30-2026 07:31:04
ExecuteReader requires an open and available Connection. The connection's current state is closed.
   at System.Data.SqlClient.SqlCommand.ValidateCommand(String method, Boolean async)
   at System.Data.SqlClient.SqlCommand.RunExecuteReader(CommandBehavior cmdBehavior, RunBehavior runBehavior, Boolean returnStream, String method, TaskCompletionSource`1 completion, Int32 timeout, Task& task, Boolean& usedCache, Boolean asyncWrite, Boolean inRetry)
   at System.Data.SqlClient.SqlCommand.RunExecuteReader(CommandBehavior cmdBehavior, RunBehavior runBehavior, Boolean returnStream, String method)
   at System.Data.SqlClient.SqlCommand.ExecuteReader(CommandBehavior behavior, String method)
   at System.Data.SqlClient.SqlCommand.ExecuteReader()
   at DataAnalyzer.Support.Dataaccess.IntegrationResults(List`1 eResultList, String extconstring) in D:\NEW LIVE PROJECT\Extrnal soures\Extrnal soures\DataAnalyzer\Support\Dataaccess.cs:line 787

--------------------------------------------------------------------------------------------------------
08-30-2026 07:31:04
ExecuteReader requires an open and available Connection. The connection's current state is closed.
   at System.Data.SqlClient.SqlCommand.ValidateCommand(String method, Boolean async)
   at System.Data.SqlClient.SqlCommand.RunExecuteReader(CommandBehavior cmdBehavior, RunBehavior runBehavior, Boolean returnStream, String method, TaskCompletionSource`1 completion, Int32 timeout, Task& task, Boolean& usedCache, Boolean asyncWrite, Boolean inRetry)
   at System.Data.SqlClient.SqlCommand.RunExecuteReader(CommandBehavior cmdBehavior, RunBehavior runBehavior, Boolean returnStream, String method)
   at System.Data.SqlClient.SqlCommand.ExecuteReader(CommandBehavior behavior, String method)
   at System.Data.SqlClient.SqlCommand.ExecuteReader()
   at DataAnalyzer.Support.Dataaccess.IntegrationResults(List`1 eResultList, String extconstring) in D:\NEW LIVE PROJECT\Extrnal soures\Extrnal soures\DataAnalyzer\Support\Dataaccess.cs:line 787

--------------------------------------------------------------------------------------------------------
08-30-2026 07:31:04
ExecuteReader requires an open and available Connection. The connection's current state is closed.
   at System.Data.SqlClient.SqlCommand.ValidateCommand(String method, Boolean async)
   at System.Data.SqlClient.SqlCommand.RunExecuteReader(CommandBehavior cmdBehavior, RunBehavior runBehavior, Boolean returnStream, String method, TaskCompletionSource`1 completion, Int32 timeout, Task& task, Boolean& usedCache, Boolean asyncWrite, Boolean inRetry)
   at System.Data.SqlClient.SqlCommand.RunExecuteReader(CommandBehavior cmdBehavior, RunBehavior runBehavior, Boolean returnStream, String method)
   at System.Data.SqlClient.SqlCommand.ExecuteReader(CommandBehavior behavior, String method)
   at System.Data.SqlClient.SqlCommand.ExecuteReader()
   at DataAnalyzer.Support.Dataaccess.IntegrationResults(List`1 eResultList, String extconstring) in D:\NEW LIVE PROJECT\Extrnal soures\Extrnal soures\DataAnalyzer\Support\Dataaccess.cs:line 787

--------------------------------------------------------------------------------------------------------
08-30-2026 07:31:04
ExecuteReader requires an open and available Connection. The connection's current state is closed.
   at System.Data.SqlClient.SqlCommand.ValidateCommand(String method, Boolean async)
   at System.Data.SqlClient.SqlCommand.RunExecuteReader(CommandBehavior cmdBehavior, RunBehavior runBehavior, Boolean returnStream, String method, TaskCompletionSource`1 completion, Int32 timeout, Task& task, Boolean& usedCache, Boolean asyncWrite, Boolean inRetry)
   at System.Data.SqlClient.SqlCommand.RunExecuteReader(CommandBehavior cmdBehavior, RunBehavior runBehavior, Boolean returnStream, String method)
   at System.Data.SqlClient.SqlCommand.ExecuteReader(CommandBehavior behavior, String method)
   at System.Data.SqlClient.SqlCommand.ExecuteReader()
   at DataAnalyzer.Support.Dataaccess.IntegrationResults(List`1 eResultList, String extconstring) in D:\NEW LIVE PROJECT\Extrnal soures\Extrnal soures\DataAnalyzer\Support\Dataaccess.cs:line 787

--------------------------------------------------------------------------------------------------------
08-30-2026 07:31:04
ExecuteReader requires an open and available Connection. The connection's current state is closed.
   at System.Data.SqlClient.SqlCommand.ValidateCommand(String method, Boolean async)
   at System.Data.SqlClient.SqlCommand.RunExecuteReader(CommandBehavior cmdBehavior, RunBehavior runBehavior, Boolean returnStream, String method, TaskCompletionSource`1 completion, Int32 timeout, Task& task, Boolean& usedCache, Boolean asyncWrite, Boolean inRetry)
   at System.Data.SqlClient.SqlCommand.RunExecuteReader(CommandBehavior cmdBehavior, RunBehavior runBehavior, Boolean returnStream, String method)
   at System.Data.SqlClient.SqlCommand.ExecuteReader(CommandBehavior behavior, String method)
   at System.Data.SqlClient.SqlCommand.ExecuteReader()
   at DataAnalyzer.Support.Dataaccess.IntegrationResults(List`1 eResultList, String extconstring) in D:\NEW LIVE PROJECT\Extrnal soures\Extrnal soures\DataAnalyzer\Support\Dataaccess.cs:line 787

--------------------------------------------------------------------------------------------------------
08-30-2026 07:31:04
ExecuteReader requires an open and available Connection. The connection's current state is closed.
   at System.Data.SqlClient.SqlCommand.ValidateCommand(String method, Boolean async)
   at System.Data.SqlClient.SqlCommand.RunExecuteReader(CommandBehavior cmdBehavior, RunBehavior runBehavior, Boolean returnStream, String method, TaskCompletionSource`1 completion, Int32 timeout, Task& task, Boolean& usedCache, Boolean asyncWrite, Boolean inRetry)
   at System.Data.SqlClient.SqlCommand.RunExecuteReader(CommandBehavior cmdBehavior, RunBehavior runBehavior, Boolean returnStream, String method)
   at System.Data.SqlClient.SqlCommand.ExecuteReader(CommandBehavior behavior, String method)
   at System.Data.SqlClient.SqlCommand.ExecuteReader()
   at DataAnalyzer.Support.Dataaccess.IntegrationResults(List`1 eResultList, String extconstring) in D:\NEW LIVE PROJECT\Extrnal soures\Extrnal soures\DataAnalyzer\Support\Dataaccess.cs:line 787

--------------------------------------------------------------------------------------------------------
08-30-2026 07:31:04
ExecuteReader requires an open and available Connection. The connection's current state is closed.
   at System.Data.SqlClient.SqlCommand.ValidateCommand(String method, Boolean async)
   at System.Data.SqlClient.SqlCommand.RunExecuteReader(CommandBehavior cmdBehavior, RunBehavior runBehavior, Boolean returnStream, String method, TaskCompletionSource`1 completion, Int32 timeout, Task& task, Boolean& usedCache, Boolean asyncWrite, Boolean inRetry)
   at System.Data.SqlClient.SqlCommand.RunExecuteReader(CommandBehavior cmdBehavior, RunBehavior runBehavior, Boolean returnStream, String method)
   at System.Data.SqlClient.SqlCommand.ExecuteReader(CommandBehavior behavior, String method)
   at System.Data.SqlClient.SqlCommand.ExecuteReader()
   at DataAnalyzer.Support.Dataaccess.IntegrationResults(List`1 eResultList, String extconstring) in D:\NEW LIVE PROJECT\Extrnal soures\Extrnal soures\DataAnalyzer\Support\Dataaccess.cs:line 787

--------------------------------------------------------------------------------------------------------
08-30-2026 07:31:04
ExecuteReader requires an open and available Connection. The connection's current state is closed.
   at System.Data.SqlClient.SqlCommand.ValidateCommand(String method, Boolean async)
   at System.Data.SqlClient.SqlCommand.RunExecuteReader(CommandBehavior cmdBehavior, RunBehavior runBehavior, Boolean returnStream, String method, TaskCompletionSource`1 completion, Int32 timeout, Task& task, Boolean& usedCache, Boolean asyncWrite, Boolean inRetry)
   at System.Data.SqlClient.SqlCommand.RunExecuteReader(CommandBehavior cmdBehavior, RunBehavior runBehavior, Boolean returnStream, String method)
   at System.Data.SqlClient.SqlCommand.ExecuteReader(CommandBehavior behavior, String method)
   at System.Data.SqlClient.SqlCommand.ExecuteReader()
   at DataAnalyzer.Support.Dataaccess.IntegrationResults(List`1 eResultList, String extconstring) in D:\NEW LIVE PROJECT\Extrnal soures\Extrnal soures\DataAnalyzer\Support\Dataaccess.cs:line 787

--------------------------------------------------------------------------------------------------------
08-30-2026 07:31:04
ExecuteReader requires an open and available Connection. The connection's current state is closed.
   at System.Data.SqlClient.SqlCommand.ValidateCommand(String method, Boolean async)
   at System.Data.SqlClient.SqlCommand.RunExecuteReader(CommandBehavior cmdBehavior, RunBehavior runBehavior, Boolean returnStream, String method, TaskCompletionSource`1 completion, Int32 timeout, Task& task, Boolean& usedCache, Boolean asyncWrite, Boolean inRetry)
   at System.Data.SqlClient.SqlCommand.RunExecuteReader(CommandBehavior cmdBehavior, RunBehavior runBehavior, Boolean returnStream, String method)
   at System.Data.SqlClient.SqlCommand.ExecuteReader(CommandBehavior behavior, String method)
   at System.Data.SqlClient.SqlCommand.ExecuteReader()
   at DataAnalyzer.Support.Dataaccess.IntegrationResults(List`1 eResultList, String extconstring) in D:\NEW LIVE PROJECT\Extrnal soures\Extrnal soures\DataAnalyzer\Support\Dataaccess.cs:line 787

--------------------------------------------------------------------------------------------------------
08-30-2026 07:31:04
ExecuteReader requires an open and available Connection. The connection's current state is closed.
   at System.Data.SqlClient.SqlCommand.ValidateCommand(String method, Boolean async)
   at System.Data.SqlClient.SqlCommand.RunExecuteReader(CommandBehavior cmdBehavior, RunBehavior runBehavior, Boolean returnStream, String method, TaskCompletionSource`1 completion, Int32 timeout, Task& task, Boolean& usedCache, Boolean asyncWrite, Boolean inRetry)
   at System.Data.SqlClient.SqlCommand.RunExecuteReader(CommandBehavior cmdBehavior, RunBehavior runBehavior, Boolean returnStream, String method)
   at System.Data.SqlClient.SqlCommand.ExecuteReader(CommandBehavior behavior, String method)
   at System.Data.SqlClient.SqlCommand.ExecuteReader()
   at DataAnalyzer.Support.Dataaccess.IntegrationResults(List`1 eResultList, String extconstring) in D:\NEW LIVE PROJECT\Extrnal soures\Extrnal soures\DataAnalyzer\Support\Dataaccess.cs:line 787

--------------------------------------------------------------------------------------------------------
08-30-2026 07:31:04
ExecuteReader requires an open and available Connection. The connection's current state is closed.
   at System.Data.SqlClient.SqlCommand.ValidateCommand(String method, Boolean async)
   at System.Data.SqlClient.SqlCommand.RunExecuteReader(CommandBehavior cmdBehavior, RunBehavior runBehavior, Boolean returnStream, String method, TaskCompletionSource`1 completion, Int32 timeout, Task& task, Boolean& usedCache, Boolean asyncWrite, Boolean inRetry)
   at System.Data.SqlClient.SqlCommand.RunExecuteReader(CommandBehavior cmdBehavior, RunBehavior runBehavior, Boolean returnStream, String method)
   at System.Data.SqlClient.SqlCommand.ExecuteReader(CommandBehavior behavior, String method)
   at System.Data.SqlClient.SqlCommand.ExecuteReader()
   at DataAnalyzer.Support.Dataaccess.IntegrationResults(List`1 eResultList, String extconstring) in D:\NEW LIVE PROJECT\Extrnal soures\Extrnal soures\DataAnalyzer\Support\Dataaccess.cs:line 787

--------------------------------------------------------------------------------------------------------
08-30-2026 07:31:04
ExecuteReader requires an open and available Connection. The connection's current state is closed.
   at System.Data.SqlClient.SqlCommand.ValidateCommand(String method, Boolean async)
   at System.Data.SqlClient.SqlCommand.RunExecuteReader(CommandBehavior cmdBehavior, RunBehavior runBehavior, Boolean returnStream, String method, TaskCompletionSource`1 completion, Int32 timeout, Task& task, Boolean& usedCache, Boolean asyncWrite, Boolean inRetry)
   at System.Data.SqlClient.SqlCommand.RunExecuteReader(CommandBehavior cmdBehavior, RunBehavior runBehavior, Boolean returnStream, String method)
   at System.Data.SqlClient.SqlCommand.ExecuteReader(CommandBehavior behavior, String method)
   at System.Data.SqlClient.SqlCommand.ExecuteReader()
   at DataAnalyzer.Support.Dataaccess.IntegrationResults(List`1 eResultList, String extconstring) in D:\NEW LIVE PROJECT\Extrnal soures\Extrnal soures\DataAnalyzer\Support\Dataaccess.cs:line 787

--------------------------------------------------------------------------------------------------------
08-30-2026 07:31:04
ExecuteReader requires an open and available Connection. The connection's current state is closed.
   at System.Data.SqlClient.SqlCommand.ValidateCommand(String method, Boolean async)
   at System.Data.SqlClient.SqlCommand.RunExecuteReader(CommandBehavior cmdBehavior, RunBehavior runBehavior, Boolean returnStream, String method, TaskCompletionSource`1 completion, Int32 timeout, Task& task, Boolean& usedCache, Boolean asyncWrite, Boolean inRetry)
   at System.Data.SqlClient.SqlCommand.RunExecuteReader(CommandBehavior cmdBehavior, RunBehavior runBehavior, Boolean returnStream, String method)
   at System.Data.SqlClient.SqlCommand.ExecuteReader(CommandBehavior behavior, String method)
   at System.Data.SqlClient.SqlCommand.ExecuteReader()
   at DataAnalyzer.Support.Dataaccess.IntegrationResults(List`1 eResultList, String extconstring) in D:\NEW LIVE PROJECT\Extrnal soures\Extrnal soures\DataAnalyzer\Support\Dataaccess.cs:line 787

--------------------------------------------------------------------------------------------------------
08-30-2026 07:31:04
ExecuteReader requires an open and available Connection. The connection's current state is closed.
   at System.Data.SqlClient.SqlCommand.ValidateCommand(String method, Boolean async)
   at System.Data.SqlClient.SqlCommand.RunExecuteReader(CommandBehavior cmdBehavior, RunBehavior runBehavior, Boolean returnStream, String method, TaskCompletionSource`1 completion, Int32 timeout, Task& task, Boolean& usedCache, Boolean asyncWrite, Boolean inRetry)
   at System.Data.SqlClient.SqlCommand.RunExecuteReader(CommandBehavior cmdBehavior, RunBehavior runBehavior, Boolean returnStream, String method)
   at System.Data.SqlClient.SqlCommand.ExecuteReader(CommandBehavior behavior, String method)
   at System.Data.SqlClient.SqlCommand.ExecuteReader()
   at DataAnalyzer.Support.Dataaccess.IntegrationResults(List`1 eResultList, String extconstring) in D:\NEW LIVE PROJECT\Extrnal soures\Extrnal soures\DataAnalyzer\Support\Dataaccess.cs:line 787

--------------------------------------------------------------------------------------------------------
08-30-2026 07:31:04
ExecuteReader requires an open and available Connection. The connection's current state is closed.
   at System.Data.SqlClient.SqlCommand.ValidateCommand(String method, Boolean async)
   at System.Data.SqlClient.SqlCommand.RunExecuteReader(CommandBehavior cmdBehavior, RunBehavior runBehavior, Boolean returnStream, String method, TaskCompletionSource`1 completion, Int32 timeout, Task& task, Boolean& usedCache, Boolean asyncWrite, Boolean inRetry)
   at System.Data.SqlClient.SqlCommand.RunExecuteReader(CommandBehavior cmdBehavior, RunBehavior runBehavior, Boolean returnStream, String method)
   at System.Data.SqlClient.SqlCommand.ExecuteReader(CommandBehavior behavior, String method)
   at System.Data.SqlClient.SqlCommand.ExecuteReader()
   at DataAnalyzer.Support.Dataaccess.IntegrationResults(List`1 eResultList, String extconstring) in D:\NEW LIVE PROJECT\Extrnal soures\Extrnal soures\DataAnalyzer\Support\Dataaccess.cs:line 787

--------------------------------------------------------------------------------------------------------
08-30-2026 07:31:04
Execution Timeout Expired.  The timeout period elapsed prior to completion of the operation or the server is not responding.
   at System.Data.SqlClient.SqlConnection.OnError(SqlException exception, Boolean breakConnection, Action`1 wrapCloseInAction)
   at System.Data.SqlClient.SqlInternalConnection.OnError(SqlException exception, Boolean breakConnection, Action`1 wrapCloseInAction)
   at System.Data.SqlClient.TdsParser.ThrowExceptionAndWarning(TdsParserStateObject stateObj, Boolean callerHasConnectionLock, Boolean asyncClose)
   at System.Data.SqlClient.TdsParser.TryRun(RunBehavior runBehavior, SqlCommand cmdHandler, SqlDataReader dataStream, BulkCopySimpleResultSet bulkCopyHandler, TdsParserStateObject stateObj, Boolean& dataReady)
   at System.Data.SqlClient.SqlCommand.FinishExecuteReader(SqlDataReader ds, RunBehavior runBehavior, String resetOptionsString, Boolean isInternal, Boolean forDescribeParameterEncryption, Boolean shouldCacheForAlwaysEncrypted)
   at System.Data.SqlClient.SqlCommand.RunExecuteReaderTds(CommandBehavior cmdBehavior, RunBehavior runBehavior, Boolean returnStream, Boolean async, Int32 timeout, Task& task, Boolean asyncWrite, Boolean inRetry, SqlDataReader ds, Boolean describeParameterEncryptionRequest)
   at System.Data.SqlClient.SqlCommand.RunExecuteReader(CommandBehavior cmdBehavior, RunBehavior runBehavior, Boolean returnStream, String method, TaskCompletionSource`1 completion, Int32 timeout, Task& task, Boolean& usedCache, Boolean asyncWrite, Boolean inRetry)
   at System.Data.SqlClient.SqlCommand.InternalExecuteNonQuery(TaskCompletionSource`1 completion, String methodName, Boolean sendToPipe, Int32 timeout, Boolean& usedCache, Boolean asyncWrite, Boolean inRetry)
   at System.Data.SqlClient.SqlCommand.ExecuteNonQuery()
   at DataAnalyzer.Support.Dataaccess.IntegrationResults(List`1 eResultList, String extconstring) in D:\NEW LIVE PROJECT\Extrnal soures\Extrnal soures\DataAnalyzer\Support\Dataaccess.cs:line 833

--------------------------------------------------------------------------------------------------------
08-30-2026 07:31:04
ExecuteReader requires an open and available Connection. The connection's current state is closed.
   at System.Data.SqlClient.SqlCommand.ValidateCommand(String method, Boolean async)
   at System.Data.SqlClient.SqlCommand.RunExecuteReader(CommandBehavior cmdBehavior, RunBehavior runBehavior, Boolean returnStream, String method, TaskCompletionSource`1 completion, Int32 timeout, Task& task, Boolean& usedCache, Boolean asyncWrite, Boolean inRetry)
   at System.Data.SqlClient.SqlCommand.RunExecuteReader(CommandBehavior cmdBehavior, RunBehavior runBehavior, Boolean returnStream, String method)
   at System.Data.SqlClient.SqlCommand.ExecuteReader(CommandBehavior behavior, String method)
   at System.Data.SqlClient.SqlCommand.ExecuteReader()
   at DataAnalyzer.Support.Dataaccess.IntegrationResults(List`1 eResultList, String extconstring) in D:\NEW LIVE PROJECT\Extrnal soures\Extrnal soures\DataAnalyzer\Support\Dataaccess.cs:line 787

--------------------------------------------------------------------------------------------------------
08-30-2026 07:31:04
ExecuteReader requires an open and available Connection. The connection's current state is closed.
   at System.Data.SqlClient.SqlCommand.ValidateCommand(String method, Boolean async)
   at System.Data.SqlClient.SqlCommand.RunExecuteReader(CommandBehavior cmdBehavior, RunBehavior runBehavior, Boolean returnStream, String method, TaskCompletionSource`1 completion, Int32 timeout, Task& task, Boolean& usedCache, Boolean asyncWrite, Boolean inRetry)
   at System.Data.SqlClient.SqlCommand.RunExecuteReader(CommandBehavior cmdBehavior, RunBehavior runBehavior, Boolean returnStream, String method)
   at System.Data.SqlClient.SqlCommand.ExecuteReader(CommandBehavior behavior, String method)
   at System.Data.SqlClient.SqlCommand.ExecuteReader()
   at DataAnalyzer.Support.Dataaccess.IntegrationResults(List`1 eResultList, String extconstring) in D:\NEW LIVE PROJECT\Extrnal soures\Extrnal soures\DataAnalyzer\Support\Dataaccess.cs:line 787

--------------------------------------------------------------------------------------------------------
08-30-2026 07:31:04
ExecuteReader requires an open and available Connection. The connection's current state is closed.
   at System.Data.SqlClient.SqlCommand.ValidateCommand(String method, Boolean async)
   at System.Data.SqlClient.SqlCommand.RunExecuteReader(CommandBehavior cmdBehavior, RunBehavior runBehavior, Boolean returnStream, String method, TaskCompletionSource`1 completion, Int32 timeout, Task& task, Boolean& usedCache, Boolean asyncWrite, Boolean inRetry)
   at System.Data.SqlClient.SqlCommand.RunExecuteReader(CommandBehavior cmdBehavior, RunBehavior runBehavior, Boolean returnStream, String method)
   at System.Data.SqlClient.SqlCommand.ExecuteReader(CommandBehavior behavior, String method)
   at System.Data.SqlClient.SqlCommand.ExecuteReader()
   at DataAnalyzer.Support.Dataaccess.IntegrationResults(List`1 eResultList, String extconstring) in D:\NEW LIVE PROJECT\Extrnal soures\Extrnal soures\DataAnalyzer\Support\Dataaccess.cs:line 787

--------------------------------------------------------------------------------------------------------
08-30-2026 07:31:04
ExecuteReader requires an open and available Connection. The connection's current state is closed.
   at System.Data.SqlClient.SqlCommand.ValidateCommand(String method, Boolean async)
   at System.Data.SqlClient.SqlCommand.RunExecuteReader(CommandBehavior cmdBehavior, RunBehavior runBehavior, Boolean returnStream, String method, TaskCompletionSource`1 completion, Int32 timeout, Task& task, Boolean& usedCache, Boolean asyncWrite, Boolean inRetry)
   at System.Data.SqlClient.SqlCommand.RunExecuteReader(CommandBehavior cmdBehavior, RunBehavior runBehavior, Boolean returnStream, String method)
   at System.Data.SqlClient.SqlCommand.ExecuteReader(CommandBehavior behavior, String method)
   at System.Data.SqlClient.SqlCommand.ExecuteReader()
   at DataAnalyzer.Support.Dataaccess.IntegrationResults(List`1 eResultList, String extconstring) in D:\NEW LIVE PROJECT\Extrnal soures\Extrnal soures\DataAnalyzer\Support\Dataaccess.cs:line 787

--------------------------------------------------------------------------------------------------------
08-30-2026 07:31:04
ExecuteReader requires an open and available Connection. The connection's current state is closed.
   at System.Data.SqlClient.SqlCommand.ValidateCommand(String method, Boolean async)
   at System.Data.SqlClient.SqlCommand.RunExecuteReader(CommandBehavior cmdBehavior, RunBehavior runBehavior, Boolean returnStream, String method, TaskCompletionSource`1 completion, Int32 timeout, Task& task, Boolean& usedCache, Boolean asyncWrite, Boolean inRetry)
   at System.Data.SqlClient.SqlCommand.RunExecuteReader(CommandBehavior cmdBehavior, RunBehavior runBehavior, Boolean returnStream, String method)
   at System.Data.SqlClient.SqlCommand.ExecuteReader(CommandBehavior behavior, String method)
   at System.Data.SqlClient.SqlCommand.ExecuteReader()
   at DataAnalyzer.Support.Dataaccess.IntegrationResults(List`1 eResultList, String extconstring) in D:\NEW LIVE PROJECT\Extrnal soures\Extrnal soures\DataAnalyzer\Support\Dataaccess.cs:line 787

--------------------------------------------------------------------------------------------------------
08-30-2026 07:31:04
ExecuteReader requires an open and available Connection. The connection's current state is closed.
   at System.Data.SqlClient.SqlCommand.ValidateCommand(String method, Boolean async)
   at System.Data.SqlClient.SqlCommand.RunExecuteReader(CommandBehavior cmdBehavior, RunBehavior runBehavior, Boolean returnStream, String method, TaskCompletionSource`1 completion, Int32 timeout, Task& task, Boolean& usedCache, Boolean asyncWrite, Boolean inRetry)
   at System.Data.SqlClient.SqlCommand.RunExecuteReader(CommandBehavior cmdBehavior, RunBehavior runBehavior, Boolean returnStream, String method)
   at System.Data.SqlClient.SqlCommand.ExecuteReader(CommandBehavior behavior, String method)
   at System.Data.SqlClient.SqlCommand.ExecuteReader()
   at DataAnalyzer.Support.Dataaccess.IntegrationResults(List`1 eResultList, String extconstring) in D:\NEW LIVE PROJECT\Extrnal soures\Extrnal soures\DataAnalyzer\Support\Dataaccess.cs:line 787

--------------------------------------------------------------------------------------------------------
08-30-2026 07:31:04
ExecuteReader requires an open and available Connection. The connection's current state is closed.
   at System.Data.SqlClient.SqlCommand.ValidateCommand(String method, Boolean async)
   at System.Data.SqlClient.SqlCommand.RunExecuteReader(CommandBehavior cmdBehavior, RunBehavior runBehavior, Boolean returnStream, String method, TaskCompletionSource`1 completion, Int32 timeout, Task& task, Boolean& usedCache, Boolean asyncWrite, Boolean inRetry)
   at System.Data.SqlClient.SqlCommand.RunExecuteReader(CommandBehavior cmdBehavior, RunBehavior runBehavior, Boolean returnStream, String method)
   at System.Data.SqlClient.SqlCommand.ExecuteReader(CommandBehavior behavior, String method)
   at System.Data.SqlClient.SqlCommand.ExecuteReader()
   at DataAnalyzer.Support.Dataaccess.IntegrationResults(List`1 eResultList, String extconstring) in D:\NEW LIVE PROJECT\Extrnal soures\Extrnal soures\DataAnalyzer\Support\Dataaccess.cs:line 787

--------------------------------------------------------------------------------------------------------
08-30-2026 07:31:04
ExecuteReader requires an open and available Connection. The connection's current state is closed.
   at System.Data.SqlClient.SqlCommand.ValidateCommand(String method, Boolean async)
   at System.Data.SqlClient.SqlCommand.RunExecuteReader(CommandBehavior cmdBehavior, RunBehavior runBehavior, Boolean returnStream, String method, TaskCompletionSource`1 completion, Int32 timeout, Task& task, Boolean& usedCache, Boolean asyncWrite, Boolean inRetry)
   at System.Data.SqlClient.SqlCommand.RunExecuteReader(CommandBehavior cmdBehavior, RunBehavior runBehavior, Boolean returnStream, String method)
   at System.Data.SqlClient.SqlCommand.ExecuteReader(CommandBehavior behavior, String method)
   at System.Data.SqlClient.SqlCommand.ExecuteReader()
   at DataAnalyzer.Support.Dataaccess.IntegrationResults(List`1 eResultList, String extconstring) in D:\NEW LIVE PROJECT\Extrnal soures\Extrnal soures\DataAnalyzer\Support\Dataaccess.cs:line 787

--------------------------------------------------------------------------------------------------------
08-30-2026 07:31:04
ExecuteReader requires an open and available Connection. The connection's current state is closed.
   at System.Data.SqlClient.SqlCommand.ValidateCommand(String method, Boolean async)
   at System.Data.SqlClient.SqlCommand.RunExecuteReader(CommandBehavior cmdBehavior, RunBehavior runBehavior, Boolean returnStream, String method, TaskCompletionSource`1 completion, Int32 timeout, Task& task, Boolean& usedCache, Boolean asyncWrite, Boolean inRetry)
   at System.Data.SqlClient.SqlCommand.RunExecuteReader(CommandBehavior cmdBehavior, RunBehavior runBehavior, Boolean returnStream, String method)
   at System.Data.SqlClient.SqlCommand.ExecuteReader(CommandBehavior behavior, String method)
   at System.Data.SqlClient.SqlCommand.ExecuteReader()
   at DataAnalyzer.Support.Dataaccess.IntegrationResults(List`1 eResultList, String extconstring) in D:\NEW LIVE PROJECT\Extrnal soures\Extrnal soures\DataAnalyzer\Support\Dataaccess.cs:line 787

--------------------------------------------------------------------------------------------------------
08-30-2026 07:31:04
ExecuteReader requires an open and available Connection. The connection's current state is closed.
   at System.Data.SqlClient.SqlCommand.ValidateCommand(String method, Boolean async)
   at System.Data.SqlClient.SqlCommand.RunExecuteReader(CommandBehavior cmdBehavior, RunBehavior runBehavior, Boolean returnStream, String method, TaskCompletionSource`1 completion, Int32 timeout, Task& task, Boolean& usedCache, Boolean asyncWrite, Boolean inRetry)
   at System.Data.SqlClient.SqlCommand.RunExecuteReader(CommandBehavior cmdBehavior, RunBehavior runBehavior, Boolean returnStream, String method)
   at System.Data.SqlClient.SqlCommand.ExecuteReader(CommandBehavior behavior, String method)
   at System.Data.SqlClient.SqlCommand.ExecuteReader()
   at DataAnalyzer.Support.Dataaccess.IntegrationResults(List`1 eResultList, String extconstring) in D:\NEW LIVE PROJECT\Extrnal soures\Extrnal soures\DataAnalyzer\Support\Dataaccess.cs:line 787

--------------------------------------------------------------------------------------------------------
08-30-2026 07:31:04
ExecuteReader requires an open and available Connection. The connection's current state is closed.
   at System.Data.SqlClient.SqlCommand.ValidateCommand(String method, Boolean async)
   at System.Data.SqlClient.SqlCommand.RunExecuteReader(CommandBehavior cmdBehavior, RunBehavior runBehavior, Boolean returnStream, String method, TaskCompletionSource`1 completion, Int32 timeout, Task& task, Boolean& usedCache, Boolean asyncWrite, Boolean inRetry)
   at System.Data.SqlClient.SqlCommand.RunExecuteReader(CommandBehavior cmdBehavior, RunBehavior runBehavior, Boolean returnStream, String method)
   at System.Data.SqlClient.SqlCommand.ExecuteReader(CommandBehavior behavior, String method)
   at System.Data.SqlClient.SqlCommand.ExecuteReader()
   at DataAnalyzer.Support.Dataaccess.IntegrationResults(List`1 eResultList, String extconstring) in D:\NEW LIVE PROJECT\Extrnal soures\Extrnal soures\DataAnalyzer\Support\Dataaccess.cs:line 787

--------------------------------------------------------------------------------------------------------
08-30-2026 07:31:04
ExecuteReader requires an open and available Connection. The connection's current state is closed.
   at System.Data.SqlClient.SqlCommand.ValidateCommand(String method, Boolean async)
   at System.Data.SqlClient.SqlCommand.RunExecuteReader(CommandBehavior cmdBehavior, RunBehavior runBehavior, Boolean returnStream, String method, TaskCompletionSource`1 completion, Int32 timeout, Task& task, Boolean& usedCache, Boolean asyncWrite, Boolean inRetry)
   at System.Data.SqlClient.SqlCommand.RunExecuteReader(CommandBehavior cmdBehavior, RunBehavior runBehavior, Boolean returnStream, String method)
   at System.Data.SqlClient.SqlCommand.ExecuteReader(CommandBehavior behavior, String method)
   at System.Data.SqlClient.SqlCommand.ExecuteReader()
   at DataAnalyzer.Support.Dataaccess.IntegrationResults(List`1 eResultList, String extconstring) in D:\NEW LIVE PROJECT\Extrnal soures\Extrnal soures\DataAnalyzer\Support\Dataaccess.cs:line 787

--------------------------------------------------------------------------------------------------------
08-30-2026 07:31:04
ExecuteReader requires an open and available Connection. The connection's current state is closed.
   at System.Data.SqlClient.SqlCommand.ValidateCommand(String method, Boolean async)
   at System.Data.SqlClient.SqlCommand.RunExecuteReader(CommandBehavior cmdBehavior, RunBehavior runBehavior, Boolean returnStream, String method, TaskCompletionSource`1 completion, Int32 timeout, Task& task, Boolean& usedCache, Boolean asyncWrite, Boolean inRetry)
   at System.Data.SqlClient.SqlCommand.RunExecuteReader(CommandBehavior cmdBehavior, RunBehavior runBehavior, Boolean returnStream, String method)
   at System.Data.SqlClient.SqlCommand.ExecuteReader(CommandBehavior behavior, String method)
   at System.Data.SqlClient.SqlCommand.ExecuteReader()
   at DataAnalyzer.Support.Dataaccess.IntegrationResults(List`1 eResultList, String extconstring) in D:\NEW LIVE PROJECT\Extrnal soures\Extrnal soures\DataAnalyzer\Support\Dataaccess.cs:line 787

--------------------------------------------------------------------------------------------------------
08-30-2026 07:31:04
ExecuteReader requires an open and available Connection. The connection's current state is closed.
   at System.Data.SqlClient.SqlCommand.ValidateCommand(String method, Boolean async)
   at System.Data.SqlClient.SqlCommand.RunExecuteReader(CommandBehavior cmdBehavior, RunBehavior runBehavior, Boolean returnStream, String method, TaskCompletionSource`1 completion, Int32 timeout, Task& task, Boolean& usedCache, Boolean asyncWrite, Boolean inRetry)
   at System.Data.SqlClient.SqlCommand.RunExecuteReader(CommandBehavior cmdBehavior, RunBehavior runBehavior, Boolean returnStream, String method)
   at System.Data.SqlClient.SqlCommand.ExecuteReader(CommandBehavior behavior, String method)
   at System.Data.SqlClient.SqlCommand.ExecuteReader()
   at DataAnalyzer.Support.Dataaccess.IntegrationResults(List`1 eResultList, String extconstring) in D:\NEW LIVE PROJECT\Extrnal soures\Extrnal soures\DataAnalyzer\Support\Dataaccess.cs:line 787

--------------------------------------------------------------------------------------------------------
08-30-2026 07:31:04
ExecuteReader requires an open and available Connection. The connection's current state is closed.
   at System.Data.SqlClient.SqlCommand.ValidateCommand(String method, Boolean async)
   at System.Data.SqlClient.SqlCommand.RunExecuteReader(CommandBehavior cmdBehavior, RunBehavior runBehavior, Boolean returnStream, String method, TaskCompletionSource`1 completion, Int32 timeout, Task& task, Boolean& usedCache, Boolean asyncWrite, Boolean inRetry)
   at System.Data.SqlClient.SqlCommand.RunExecuteReader(CommandBehavior cmdBehavior, RunBehavior runBehavior, Boolean returnStream, String method)
   at System.Data.SqlClient.SqlCommand.ExecuteReader(CommandBehavior behavior, String method)
   at System.Data.SqlClient.SqlCommand.ExecuteReader()
   at DataAnalyzer.Support.Dataaccess.IntegrationResults(List`1 eResultList, String extconstring) in D:\NEW LIVE PROJECT\Extrnal soures\Extrnal soures\DataAnalyzer\Support\Dataaccess.cs:line 787

--------------------------------------------------------------------------------------------------------
08-30-2026 07:31:04
ExecuteReader requires an open and available Connection. The connection's current state is closed.
   at System.Data.SqlClient.SqlCommand.ValidateCommand(String method, Boolean async)
   at System.Data.SqlClient.SqlCommand.RunExecuteReader(CommandBehavior cmdBehavior, RunBehavior runBehavior, Boolean returnStream, String method, TaskCompletionSource`1 completion, Int32 timeout, Task& task, Boolean& usedCache, Boolean asyncWrite, Boolean inRetry)
   at System.Data.SqlClient.SqlCommand.RunExecuteReader(CommandBehavior cmdBehavior, RunBehavior runBehavior, Boolean returnStream, String method)
   at System.Data.SqlClient.SqlCommand.ExecuteReader(CommandBehavior behavior, String method)
   at System.Data.SqlClient.SqlCommand.ExecuteReader()
   at DataAnalyzer.Support.Dataaccess.IntegrationResults(List`1 eResultList, String extconstring) in D:\NEW LIVE PROJECT\Extrnal soures\Extrnal soures\DataAnalyzer\Support\Dataaccess.cs:line 787

--------------------------------------------------------------------------------------------------------
08-30-2026 07:31:04
ExecuteReader requires an open and available Connection. The connection's current state is closed.
   at System.Data.SqlClient.SqlCommand.ValidateCommand(String method, Boolean async)
   at System.Data.SqlClient.SqlCommand.RunExecuteReader(CommandBehavior cmdBehavior, RunBehavior runBehavior, Boolean returnStream, String method, TaskCompletionSource`1 completion, Int32 timeout, Task& task, Boolean& usedCache, Boolean asyncWrite, Boolean inRetry)
   at System.Data.SqlClient.SqlCommand.RunExecuteReader(CommandBehavior cmdBehavior, RunBehavior runBehavior, Boolean returnStream, String method)
   at System.Data.SqlClient.SqlCommand.ExecuteReader(CommandBehavior behavior, String method)
   at System.Data.SqlClient.SqlCommand.ExecuteReader()
   at DataAnalyzer.Support.Dataaccess.IntegrationResults(List`1 eResultList, String extconstring) in D:\NEW LIVE PROJECT\Extrnal soures\Extrnal soures\DataAnalyzer\Support\Dataaccess.cs:line 787

--------------------------------------------------------------------------------------------------------
08-30-2026 07:31:07
'.', hexadecimal value 0x00, is an invalid character. Line 69648, position 14.
   at System.Xml.XmlTextReaderImpl.Throw(Exception e)
   at System.Xml.XmlTextReaderImpl.Throw(String res, String[] args)
   at System.Xml.XmlTextReaderImpl.ParseText(Int32& startPos, Int32& endPos, Int32& outOrChars)
   at System.Xml.XmlTextReaderImpl.ParseText()
   at System.Xml.XmlTextReaderImpl.ParseElementContent()
   at System.Xml.XmlTextReaderImpl.Read()
   at System.Xml.XmlLoader.LoadNode(Boolean skipOverWhitespace)
   at System.Xml.XmlLoader.LoadDocSequence(XmlDocument parentDoc)
   at System.Xml.XmlLoader.Load(XmlDocument doc, XmlReader reader, Boolean preserveWhitespace)
   at System.Xml.XmlDocument.Load(XmlReader reader)
   at System.Xml.XmlDocument.Load(String filename)
   at DataAnalyzer.Support.FileManager.WriteInputMessage(InputMessages Message, String FileName) in D:\NEW LIVE PROJECT\Extrnal soures\Extrnal soures\DataAnalyzer\Support\FileManager.cs:line 1102

--------------------------------------------------------------------------------------------------------
08-30-2026 07:31:50
'.', hexadecimal value 0x00, is an invalid character. Line 69648, position 14.
   at System.Xml.XmlTextReaderImpl.Throw(Exception e)
   at System.Xml.XmlTextReaderImpl.Throw(String res, String[] args)
   at System.Xml.XmlTextReaderImpl.ParseText(Int32& startPos, Int32& endPos, Int32& outOrChars)
   at System.Xml.XmlTextReaderImpl.ParseText()
   at System.Xml.XmlTextReaderImpl.ParseElementContent()
   at System.Xml.XmlTextReaderImpl.Read()
   at System.Xml.XmlLoader.LoadNode(Boolean skipOverWhitespace)
   at System.Xml.XmlLoader.LoadDocSequence(XmlDocument parentDoc)
   at System.Xml.XmlLoader.Load(XmlDocument doc, XmlReader reader, Boolean preserveWhitespace)
   at System.Xml.XmlDocument.Load(XmlReader reader)
   at System.Xml.XmlDocument.Load(String filename)
   at DataAnalyzer.Support.FileManager.WriteInputMessage(InputMessages Message, String FileName) in D:\NEW LIVE PROJECT\Extrnal soures\Extrnal soures\DataAnalyzer\Support\FileManager.cs:line 1102

--------------------------------------------------------------------------------------------------------
08-30-2026 07:31:54
'.', hexadecimal value 0x00, is an invalid character. Line 69648, position 14.
   at System.Xml.XmlTextReaderImpl.Throw(Exception e)
   at System.Xml.XmlTextReaderImpl.Throw(String res, String[] args)
   at System.Xml.XmlTextReaderImpl.ParseText(Int32& startPos, Int32& endPos, Int32& outOrChars)
   at System.Xml.XmlTextReaderImpl.ParseText()
   at System.Xml.XmlTextReaderImpl.ParseElementContent()
   at System.Xml.XmlTextReaderImpl.Read()
   at System.Xml.XmlLoader.LoadNode(Boolean skipOverWhitespace)
   at System.Xml.XmlLoader.LoadDocSequence(XmlDocument parentDoc)
   at System.Xml.XmlLoader.Load(XmlDocument doc, XmlReader reader, Boolean preserveWhitespace)
   at System.Xml.XmlDocument.Load(XmlReader reader)
   at System.Xml.XmlDocument.Load(String filename)
   at DataAnalyzer.Support.FileManager.WriteInputMessage(InputMessages Message, String FileName) in D:\NEW LIVE PROJECT\Extrnal soures\Extrnal soures\DataAnalyzer\Support\FileManager.cs:line 1102

--------------------------------------------------------------------------------------------------------
08-30-2026 07:32:15
'.', hexadecimal value 0x00, is an invalid character. Line 69648, position 14.
   at System.Xml.XmlTextReaderImpl.Throw(Exception e)
   at System.Xml.XmlTextReaderImpl.Throw(String res, String[] args)
   at System.Xml.XmlTextReaderImpl.ParseText(Int32& startPos, Int32& endPos, Int32& outOrChars)
   at System.Xml.XmlTextReaderImpl.ParseText()
   at System.Xml.XmlTextReaderImpl.ParseElementContent()
   at System.Xml.XmlTextReaderImpl.Read()
   at System.Xml.XmlLoader.LoadNode(Boolean skipOverWhitespace)
   at System.Xml.XmlLoader.LoadDocSequence(XmlDocument parentDoc)
   at System.Xml.XmlLoader.Load(XmlDocument doc, XmlReader reader, Boolean preserveWhitespace)
   at System.Xml.XmlDocument.Load(XmlReader reader)
   at System.Xml.XmlDocument.Load(String filename)
   at DataAnalyzer.Support.FileManager.WriteInputMessage(InputMessages Message, String FileName) in D:\NEW LIVE PROJECT\Extrnal soures\Extrnal soures\DataAnalyzer\Support\FileManager.cs:line 1102

--------------------------------------------------------------------------------------------------------
08-30-2026 07:32:46
'.', hexadecimal value 0x00, is an invalid character. Line 69648, position 14.
   at System.Xml.XmlTextReaderImpl.Throw(Exception e)
   at System.Xml.XmlTextReaderImpl.Throw(String res, String[] args)
   at System.Xml.XmlTextReaderImpl.ParseText(Int32& startPos, Int32& endPos, Int32& outOrChars)
   at System.Xml.XmlTextReaderImpl.ParseText()
   at System.Xml.XmlTextReaderImpl.ParseElementContent()
   at System.Xml.XmlTextReaderImpl.Read()
   at System.Xml.XmlLoader.LoadNode(Boolean skipOverWhitespace)
   at System.Xml.XmlLoader.LoadDocSequence(XmlDocument parentDoc)
   at System.Xml.XmlLoader.Load(XmlDocument doc, XmlReader reader, Boolean preserveWhitespace)
   at System.Xml.XmlDocument.Load(XmlReader reader)
   at System.Xml.XmlDocument.Load(String filename)
   at DataAnalyzer.Support.FileManager.WriteInputMessage(InputMessages Message, String FileName) in D:\NEW LIVE PROJECT\Extrnal soures\Extrnal soures\DataAnalyzer\Support\FileManager.cs:line 1102

--------------------------------------------------------------------------------------------------------
08-30-2026 07:58:25
'.', hexadecimal value 0x00, is an invalid character. Line 69648, position 14.
   at System.Xml.XmlTextReaderImpl.Throw(Exception e)
   at System.Xml.XmlTextReaderImpl.Throw(String res, String[] args)
   at System.Xml.XmlTextReaderImpl.ParseText(Int32& startPos, Int32& endPos, Int32& outOrChars)
   at System.Xml.XmlTextReaderImpl.ParseText()
   at System.Xml.XmlTextReaderImpl.ParseElementContent()
   at System.Xml.XmlTextReaderImpl.Read()
   at System.Xml.XmlLoader.LoadNode(Boolean skipOverWhitespace)
   at System.Xml.XmlLoader.LoadDocSequence(XmlDocument parentDoc)
   at System.Xml.XmlLoader.Load(XmlDocument doc, XmlReader reader, Boolean preserveWhitespace)
   at System.Xml.XmlDocument.Load(XmlReader reader)
   at System.Xml.XmlDocument.Load(String filename)
   at DataAnalyzer.Support.FileManager.WriteInputMessage(InputMessages Message, String FileName) in D:\NEW LIVE PROJECT\Extrnal soures\Extrnal soures\DataAnalyzer\Support\FileManager.cs:line 1102

--------------------------------------------------------------------------------------------------------
08-30-2026 07:59:34
'.', hexadecimal value 0x00, is an invalid character. Line 69648, position 14.
   at System.Xml.XmlTextReaderImpl.Throw(Exception e)
   at System.Xml.XmlTextReaderImpl.Throw(String res, String[] args)
   at System.Xml.XmlTextReaderImpl.ParseText(Int32& startPos, Int32& endPos, Int32& outOrChars)
   at System.Xml.XmlTextReaderImpl.ParseText()
   at System.Xml.XmlTextReaderImpl.ParseElementContent()
   at System.Xml.XmlTextReaderImpl.Read()
   at System.Xml.XmlLoader.LoadNode(Boolean skipOverWhitespace)
   at System.Xml.XmlLoader.LoadDocSequence(XmlDocument parentDoc)
   at System.Xml.XmlLoader.Load(XmlDocument doc, XmlReader reader, Boolean preserveWhitespace)
   at System.Xml.XmlDocument.Load(XmlReader reader)
   at System.Xml.XmlDocument.Load(String filename)
   at DataAnalyzer.Support.FileManager.WriteInputMessage(InputMessages Message, String FileName) in D:\NEW LIVE PROJECT\Extrnal soures\Extrnal soures\DataAnalyzer\Support\FileManager.cs:line 1102

--------------------------------------------------------------------------------------------------------
08-30-2026 08:02:16
'.', hexadecimal value 0x00, is an invalid character. Line 69648, position 14.
   at System.Xml.XmlTextReaderImpl.Throw(Exception e)
   at System.Xml.XmlTextReaderImpl.Throw(String res, String[] args)
   at System.Xml.XmlTextReaderImpl.ParseText(Int32& startPos, Int32& endPos, Int32& outOrChars)
   at System.Xml.XmlTextReaderImpl.ParseText()
   at System.Xml.XmlTextReaderImpl.ParseElementContent()
   at System.Xml.XmlTextReaderImpl.Read()
   at System.Xml.XmlLoader.LoadNode(Boolean skipOverWhitespace)
   at System.Xml.XmlLoader.LoadDocSequence(XmlDocument parentDoc)
   at System.Xml.XmlLoader.Load(XmlDocument doc, XmlReader reader, Boolean preserveWhitespace)
   at System.Xml.XmlDocument.Load(XmlReader reader)
   at System.Xml.XmlDocument.Load(String filename)
   at DataAnalyzer.Support.FileManager.WriteInputMessage(InputMessages Message, String FileName) in D:\NEW LIVE PROJECT\Extrnal soures\Extrnal soures\DataAnalyzer\Support\FileManager.cs:line 1102

--------------------------------------------------------------------------------------------------------
08-30-2026 08:05:16
'.', hexadecimal value 0x00, is an invalid character. Line 69648, position 14.
   at System.Xml.XmlTextReaderImpl.Throw(Exception e)
   at System.Xml.XmlTextReaderImpl.Throw(String res, String[] args)
   at System.Xml.XmlTextReaderImpl.ParseText(Int32& startPos, Int32& endPos, Int32& outOrChars)
   at System.Xml.XmlTextReaderImpl.ParseText()
   at System.Xml.XmlTextReaderImpl.ParseElementContent()
   at System.Xml.XmlTextReaderImpl.Read()
   at System.Xml.XmlLoader.LoadNode(Boolean skipOverWhitespace)
   at System.Xml.XmlLoader.LoadDocSequence(XmlDocument parentDoc)
   at System.Xml.XmlLoader.Load(XmlDocument doc, XmlReader reader, Boolean preserveWhitespace)
   at System.Xml.XmlDocument.Load(XmlReader reader)
   at System.Xml.XmlDocument.Load(String filename)
   at DataAnalyzer.Support.FileManager.WriteInputMessage(InputMessages Message, String FileName) in D:\NEW LIVE PROJECT\Extrnal soures\Extrnal soures\DataAnalyzer\Support\FileManager.cs:line 1102

--------------------------------------------------------------------------------------------------------
08-30-2026 08:07:59
'.', hexadecimal value 0x00, is an invalid character. Line 69648, position 14.
   at System.Xml.XmlTextReaderImpl.Throw(Exception e)
   at System.Xml.XmlTextReaderImpl.Throw(String res, String[] args)
   at System.Xml.XmlTextReaderImpl.ParseText(Int32& startPos, Int32& endPos, Int32& outOrChars)
   at System.Xml.XmlTextReaderImpl.ParseText()
   at System.Xml.XmlTextReaderImpl.ParseElementContent()
   at System.Xml.XmlTextReaderImpl.Read()
   at System.Xml.XmlLoader.LoadNode(Boolean skipOverWhitespace)
   at System.Xml.XmlLoader.LoadDocSequence(XmlDocument parentDoc)
   at System.Xml.XmlLoader.Load(XmlDocument doc, XmlReader reader, Boolean preserveWhitespace)
   at System.Xml.XmlDocument.Load(XmlReader reader)
   at System.Xml.XmlDocument.Load(String filename)
   at DataAnalyzer.Support.FileManager.WriteInputMessage(InputMessages Message, String FileName) in D:\NEW LIVE PROJECT\Extrnal soures\Extrnal soures\DataAnalyzer\Support\FileManager.cs:line 1102

--------------------------------------------------------------------------------------------------------
08-30-2026 08:10:24
'.', hexadecimal value 0x00, is an invalid character. Line 69648, position 14.
   at System.Xml.XmlTextReaderImpl.Throw(Exception e)
   at System.Xml.XmlTextReaderImpl.Throw(String res, String[] args)
   at System.Xml.XmlTextReaderImpl.ParseText(Int32& startPos, Int32& endPos, Int32& outOrChars)
   at System.Xml.XmlTextReaderImpl.ParseText()
   at System.Xml.XmlTextReaderImpl.ParseElementContent()
   at System.Xml.XmlTextReaderImpl.Read()
   at System.Xml.XmlLoader.LoadNode(Boolean skipOverWhitespace)
   at System.Xml.XmlLoader.LoadDocSequence(XmlDocument parentDoc)
   at System.Xml.XmlLoader.Load(XmlDocument doc, XmlReader reader, Boolean preserveWhitespace)
   at System.Xml.XmlDocument.Load(XmlReader reader)
   at System.Xml.XmlDocument.Load(String filename)
   at DataAnalyzer.Support.FileManager.WriteInputMessage(InputMessages Message, String FileName) in D:\NEW LIVE PROJECT\Extrnal soures\Extrnal soures\DataAnalyzer\Support\FileManager.cs:line 1102

--------------------------------------------------------------------------------------------------------
08-30-2026 08:13:24
'.', hexadecimal value 0x00, is an invalid character. Line 69648, position 14.
   at System.Xml.XmlTextReaderImpl.Throw(Exception e)
   at System.Xml.XmlTextReaderImpl.Throw(String res, String[] args)
   at System.Xml.XmlTextReaderImpl.ParseText(Int32& startPos, Int32& endPos, Int32& outOrChars)
   at System.Xml.XmlTextReaderImpl.ParseText()
   at System.Xml.XmlTextReaderImpl.ParseElementContent()
   at System.Xml.XmlTextReaderImpl.Read()
   at System.Xml.XmlLoader.LoadNode(Boolean skipOverWhitespace)
   at System.Xml.XmlLoader.LoadDocSequence(XmlDocument parentDoc)
   at System.Xml.XmlLoader.Load(XmlDocument doc, XmlReader reader, Boolean preserveWhitespace)
   at System.Xml.XmlDocument.Load(XmlReader reader)
   at System.Xml.XmlDocument.Load(String filename)
   at DataAnalyzer.Support.FileManager.WriteInputMessage(InputMessages Message, String FileName) in D:\NEW LIVE PROJECT\Extrnal soures\Extrnal soures\DataAnalyzer\Support\FileManager.cs:line 1102

--------------------------------------------------------------------------------------------------------
08-30-2026 08:23:05
'.', hexadecimal value 0x00, is an invalid character. Line 69648, position 14.
   at System.Xml.XmlTextReaderImpl.Throw(Exception e)
   at System.Xml.XmlTextReaderImpl.Throw(String res, String[] args)
   at System.Xml.XmlTextReaderImpl.ParseText(Int32& startPos, Int32& endPos, Int32& outOrChars)
   at System.Xml.XmlTextReaderImpl.ParseText()
   at System.Xml.XmlTextReaderImpl.ParseElementContent()
   at System.Xml.XmlTextReaderImpl.Read()
   at System.Xml.XmlLoader.LoadNode(Boolean skipOverWhitespace)
   at System.Xml.XmlLoader.LoadDocSequence(XmlDocument parentDoc)
   at System.Xml.XmlLoader.Load(XmlDocument doc, XmlReader reader, Boolean preserveWhitespace)
   at System.Xml.XmlDocument.Load(XmlReader reader)
   at System.Xml.XmlDocument.Load(String filename)
   at DataAnalyzer.Support.FileManager.WriteInputMessage(InputMessages Message, String FileName) in D:\NEW LIVE PROJECT\Extrnal soures\Extrnal soures\DataAnalyzer\Support\FileManager.cs:line 1102

--------------------------------------------------------------------------------------------------------
08-30-2026 08:29:22
'.', hexadecimal value 0x00, is an invalid character. Line 69648, position 14.
   at System.Xml.XmlTextReaderImpl.Throw(Exception e)
   at System.Xml.XmlTextReaderImpl.Throw(String res, String[] args)
   at System.Xml.XmlTextReaderImpl.ParseText(Int32& startPos, Int32& endPos, Int32& outOrChars)
   at System.Xml.XmlTextReaderImpl.ParseText()
   at System.Xml.XmlTextReaderImpl.ParseElementContent()
   at System.Xml.XmlTextReaderImpl.Read()
   at System.Xml.XmlLoader.LoadNode(Boolean skipOverWhitespace)
   at System.Xml.XmlLoader.LoadDocSequence(XmlDocument parentDoc)
   at System.Xml.XmlLoader.Load(XmlDocument doc, XmlReader reader, Boolean preserveWhitespace)
   at System.Xml.XmlDocument.Load(XmlReader reader)
   at System.Xml.XmlDocument.Load(String filename)
   at DataAnalyzer.Support.FileManager.WriteInputMessage(InputMessages Message, String FileName) in D:\NEW LIVE PROJECT\Extrnal soures\Extrnal soures\DataAnalyzer\Support\FileManager.cs:line 1102

--------------------------------------------------------------------------------------------------------
08-30-2026 08:37:14
'.', hexadecimal value 0x00, is an invalid character. Line 69648, position 14.
   at System.Xml.XmlTextReaderImpl.Throw(Exception e)
   at System.Xml.XmlTextReaderImpl.Throw(String res, String[] args)
   at System.Xml.XmlTextReaderImpl.ParseText(Int32& startPos, Int32& endPos, Int32& outOrChars)
   at System.Xml.XmlTextReaderImpl.ParseText()
   at System.Xml.XmlTextReaderImpl.ParseElementContent()
   at System.Xml.XmlTextReaderImpl.Read()
   at System.Xml.XmlLoader.LoadNode(Boolean skipOverWhitespace)
   at System.Xml.XmlLoader.LoadDocSequence(XmlDocument parentDoc)
   at System.Xml.XmlLoader.Load(XmlDocument doc, XmlReader reader, Boolean preserveWhitespace)
   at System.Xml.XmlDocument.Load(XmlReader reader)
   at System.Xml.XmlDocument.Load(String filename)
   at DataAnalyzer.Support.FileManager.WriteInputMessage(InputMessages Message, String FileName) in D:\NEW LIVE PROJECT\Extrnal soures\Extrnal soures\DataAnalyzer\Support\FileManager.cs:line 1102

--------------------------------------------------------------------------------------------------------
08-30-2026 08:56:09
'.', hexadecimal value 0x00, is an invalid character. Line 69648, position 14.
   at System.Xml.XmlTextReaderImpl.Throw(Exception e)
   at System.Xml.XmlTextReaderImpl.Throw(String res, String[] args)
   at System.Xml.XmlTextReaderImpl.ParseText(Int32& startPos, Int32& endPos, Int32& outOrChars)
   at System.Xml.XmlTextReaderImpl.ParseText()
   at System.Xml.XmlTextReaderImpl.ParseElementContent()
   at System.Xml.XmlTextReaderImpl.Read()
   at System.Xml.XmlLoader.LoadNode(Boolean skipOverWhitespace)
   at System.Xml.XmlLoader.LoadDocSequence(XmlDocument parentDoc)
   at System.Xml.XmlLoader.Load(XmlDocument doc, XmlReader reader, Boolean preserveWhitespace)
   at System.Xml.XmlDocument.Load(XmlReader reader)
   at System.Xml.XmlDocument.Load(String filename)
   at DataAnalyzer.Support.FileManager.WriteInputMessage(InputMessages Message, String FileName) in D:\NEW LIVE PROJECT\Extrnal soures\Extrnal soures\DataAnalyzer\Support\FileManager.cs:line 1102

--------------------------------------------------------------------------------------------------------
08-30-2026 08:56:09
'.', hexadecimal value 0x00, is an invalid character. Line 69648, position 14.
   at System.Xml.XmlTextReaderImpl.Throw(Exception e)
   at System.Xml.XmlTextReaderImpl.Throw(String res, String[] args)
   at System.Xml.XmlTextReaderImpl.ParseText(Int32& startPos, Int32& endPos, Int32& outOrChars)
   at System.Xml.XmlTextReaderImpl.ParseText()
   at System.Xml.XmlTextReaderImpl.ParseElementContent()
   at System.Xml.XmlTextReaderImpl.Read()
   at System.Xml.XmlLoader.LoadNode(Boolean skipOverWhitespace)
   at System.Xml.XmlLoader.LoadDocSequence(XmlDocument parentDoc)
   at System.Xml.XmlLoader.Load(XmlDocument doc, XmlReader reader, Boolean preserveWhitespace)
   at System.Xml.XmlDocument.Load(XmlReader reader)
   at System.Xml.XmlDocument.Load(String filename)
   at DataAnalyzer.Support.FileManager.WriteInputMessage(InputMessages Message, String FileName) in D:\NEW LIVE PROJECT\Extrnal soures\Extrnal soures\DataAnalyzer\Support\FileManager.cs:line 1102

--------------------------------------------------------------------------------------------------------
08-30-2026 08:56:26
'.', hexadecimal value 0x00, is an invalid character. Line 69648, position 14.
   at System.Xml.XmlTextReaderImpl.Throw(Exception e)
   at System.Xml.XmlTextReaderImpl.Throw(String res, String[] args)
   at System.Xml.XmlTextReaderImpl.ParseText(Int32& startPos, Int32& endPos, Int32& outOrChars)
   at System.Xml.XmlTextReaderImpl.ParseText()
   at System.Xml.XmlTextReaderImpl.ParseElementContent()
   at System.Xml.XmlTextReaderImpl.Read()
   at System.Xml.XmlLoader.LoadNode(Boolean skipOverWhitespace)
   at System.Xml.XmlLoader.LoadDocSequence(XmlDocument parentDoc)
   at System.Xml.XmlLoader.Load(XmlDocument doc, XmlReader reader, Boolean preserveWhitespace)
   at System.Xml.XmlDocument.Load(XmlReader reader)
   at System.Xml.XmlDocument.Load(String filename)
   at DataAnalyzer.Support.FileManager.WriteInputMessage(InputMessages Message, String FileName) in D:\NEW LIVE PROJECT\Extrnal soures\Extrnal soures\DataAnalyzer\Support\FileManager.cs:line 1102

--------------------------------------------------------------------------------------------------------
08-30-2026 08:57:26
'.', hexadecimal value 0x00, is an invalid character. Line 69648, position 14.
   at System.Xml.XmlTextReaderImpl.Throw(Exception e)
   at System.Xml.XmlTextReaderImpl.Throw(String res, String[] args)
   at System.Xml.XmlTextReaderImpl.ParseText(Int32& startPos, Int32& endPos, Int32& outOrChars)
   at System.Xml.XmlTextReaderImpl.ParseText()
   at System.Xml.XmlTextReaderImpl.ParseElementContent()
   at System.Xml.XmlTextReaderImpl.Read()
   at System.Xml.XmlLoader.LoadNode(Boolean skipOverWhitespace)
   at System.Xml.XmlLoader.LoadDocSequence(XmlDocument parentDoc)
   at System.Xml.XmlLoader.Load(XmlDocument doc, XmlReader reader, Boolean preserveWhitespace)
   at System.Xml.XmlDocument.Load(XmlReader reader)
   at System.Xml.XmlDocument.Load(String filename)
   at DataAnalyzer.Support.FileManager.WriteInputMessage(InputMessages Message, String FileName) in D:\NEW LIVE PROJECT\Extrnal soures\Extrnal soures\DataAnalyzer\Support\FileManager.cs:line 1102

--------------------------------------------------------------------------------------------------------
08-30-2026 09:04:18
'.', hexadecimal value 0x00, is an invalid character. Line 69648, position 14.
   at System.Xml.XmlTextReaderImpl.Throw(Exception e)
   at System.Xml.XmlTextReaderImpl.Throw(String res, String[] args)
   at System.Xml.XmlTextReaderImpl.ParseText(Int32& startPos, Int32& endPos, Int32& outOrChars)
   at System.Xml.XmlTextReaderImpl.ParseText()
   at System.Xml.XmlTextReaderImpl.ParseElementContent()
   at System.Xml.XmlTextReaderImpl.Read()
   at System.Xml.XmlLoader.LoadNode(Boolean skipOverWhitespace)
   at System.Xml.XmlLoader.LoadDocSequence(XmlDocument parentDoc)
   at System.Xml.XmlLoader.Load(XmlDocument doc, XmlReader reader, Boolean preserveWhitespace)
   at System.Xml.XmlDocument.Load(XmlReader reader)
   at System.Xml.XmlDocument.Load(String filename)
   at DataAnalyzer.Support.FileManager.WriteInputMessage(InputMessages Message, String FileName) in D:\NEW LIVE PROJECT\Extrnal soures\Extrnal soures\DataAnalyzer\Support\FileManager.cs:line 1102

--------------------------------------------------------------------------------------------------------
08-30-2026 09:18:07
'.', hexadecimal value 0x00, is an invalid character. Line 69648, position 14.
   at System.Xml.XmlTextReaderImpl.Throw(Exception e)
   at System.Xml.XmlTextReaderImpl.Throw(String res, String[] args)
   at System.Xml.XmlTextReaderImpl.ParseText(Int32& startPos, Int32& endPos, Int32& outOrChars)
   at System.Xml.XmlTextReaderImpl.ParseText()
   at System.Xml.XmlTextReaderImpl.ParseElementContent()
   at System.Xml.XmlTextReaderImpl.Read()
   at System.Xml.XmlLoader.LoadNode(Boolean skipOverWhitespace)
   at System.Xml.XmlLoader.LoadDocSequence(XmlDocument parentDoc)
   at System.Xml.XmlLoader.Load(XmlDocument doc, XmlReader reader, Boolean preserveWhitespace)
   at System.Xml.XmlDocument.Load(XmlReader reader)
   at System.Xml.XmlDocument.Load(String filename)
   at DataAnalyzer.Support.FileManager.WriteInputMessage(InputMessages Message, String FileName) in D:\NEW LIVE PROJECT\Extrnal soures\Extrnal soures\DataAnalyzer\Support\FileManager.cs:line 1102

--------------------------------------------------------------------------------------------------------
08-30-2026 09:18:07
'.', hexadecimal value 0x00, is an invalid character. Line 69648, position 14.
   at System.Xml.XmlTextReaderImpl.Throw(Exception e)
   at System.Xml.XmlTextReaderImpl.Throw(String res, String[] args)
   at System.Xml.XmlTextReaderImpl.ParseText(Int32& startPos, Int32& endPos, Int32& outOrChars)
   at System.Xml.XmlTextReaderImpl.ParseText()
   at System.Xml.XmlTextReaderImpl.ParseElementContent()
   at System.Xml.XmlTextReaderImpl.Read()
   at System.Xml.XmlLoader.LoadNode(Boolean skipOverWhitespace)
   at System.Xml.XmlLoader.LoadDocSequence(XmlDocument parentDoc)
   at System.Xml.XmlLoader.Load(XmlDocument doc, XmlReader reader, Boolean preserveWhitespace)
   at System.Xml.XmlDocument.Load(XmlReader reader)
   at System.Xml.XmlDocument.Load(String filename)
   at DataAnalyzer.Support.FileManager.WriteInputMessage(InputMessages Message, String FileName) in D:\NEW LIVE PROJECT\Extrnal soures\Extrnal soures\DataAnalyzer\Support\FileManager.cs:line 1102

--------------------------------------------------------------------------------------------------------
08-30-2026 09:18:08
'.', hexadecimal value 0x00, is an invalid character. Line 69648, position 14.
   at System.Xml.XmlTextReaderImpl.Throw(Exception e)
   at System.Xml.XmlTextReaderImpl.Throw(String res, String[] args)
   at System.Xml.XmlTextReaderImpl.ParseText(Int32& startPos, Int32& endPos, Int32& outOrChars)
   at System.Xml.XmlTextReaderImpl.ParseText()
   at System.Xml.XmlTextReaderImpl.ParseElementContent()
   at System.Xml.XmlTextReaderImpl.Read()
   at System.Xml.XmlLoader.LoadNode(Boolean skipOverWhitespace)
   at System.Xml.XmlLoader.LoadDocSequence(XmlDocument parentDoc)
   at System.Xml.XmlLoader.Load(XmlDocument doc, XmlReader reader, Boolean preserveWhitespace)
   at System.Xml.XmlDocument.Load(XmlReader reader)
   at System.Xml.XmlDocument.Load(String filename)
   at DataAnalyzer.Support.FileManager.WriteInputMessage(InputMessages Message, String FileName) in D:\NEW LIVE PROJECT\Extrnal soures\Extrnal soures\DataAnalyzer\Support\FileManager.cs:line 1102

--------------------------------------------------------------------------------------------------------
08-30-2026 09:18:08
'.', hexadecimal value 0x00, is an invalid character. Line 69648, position 14.
   at System.Xml.XmlTextReaderImpl.Throw(Exception e)
   at System.Xml.XmlTextReaderImpl.Throw(String res, String[] args)
   at System.Xml.XmlTextReaderImpl.ParseText(Int32& startPos, Int32& endPos, Int32& outOrChars)
   at System.Xml.XmlTextReaderImpl.ParseText()
   at System.Xml.XmlTextReaderImpl.ParseElementContent()
   at System.Xml.XmlTextReaderImpl.Read()
   at System.Xml.XmlLoader.LoadNode(Boolean skipOverWhitespace)
   at System.Xml.XmlLoader.LoadDocSequence(XmlDocument parentDoc)
   at System.Xml.XmlLoader.Load(XmlDocument doc, XmlReader reader, Boolean preserveWhitespace)
   at System.Xml.XmlDocument.Load(XmlReader reader)
   at System.Xml.XmlDocument.Load(String filename)
   at DataAnalyzer.Support.FileManager.WriteInputMessage(InputMessages Message, String FileName) in D:\NEW LIVE PROJECT\Extrnal soures\Extrnal soures\DataAnalyzer\Support\FileManager.cs:line 1102

--------------------------------------------------------------------------------------------------------
08-30-2026 09:25:48
'.', hexadecimal value 0x00, is an invalid character. Line 69648, position 14.
   at System.Xml.XmlTextReaderImpl.Throw(Exception e)
   at System.Xml.XmlTextReaderImpl.Throw(String res, String[] args)
   at System.Xml.XmlTextReaderImpl.ParseText(Int32& startPos, Int32& endPos, Int32& outOrChars)
   at System.Xml.XmlTextReaderImpl.ParseText()
   at System.Xml.XmlTextReaderImpl.ParseElementContent()
   at System.Xml.XmlTextReaderImpl.Read()
   at System.Xml.XmlLoader.LoadNode(Boolean skipOverWhitespace)
   at System.Xml.XmlLoader.LoadDocSequence(XmlDocument parentDoc)
   at System.Xml.XmlLoader.Load(XmlDocument doc, XmlReader reader, Boolean preserveWhitespace)
   at System.Xml.XmlDocument.Load(XmlReader reader)
   at System.Xml.XmlDocument.Load(String filename)
   at DataAnalyzer.Support.FileManager.WriteInputMessage(InputMessages Message, String FileName) in D:\NEW LIVE PROJECT\Extrnal soures\Extrnal soures\DataAnalyzer\Support\FileManager.cs:line 1102

--------------------------------------------------------------------------------------------------------
08-30-2026 09:25:48
'.', hexadecimal value 0x00, is an invalid character. Line 69648, position 14.
   at System.Xml.XmlTextReaderImpl.Throw(Exception e)
   at System.Xml.XmlTextReaderImpl.Throw(String res, String[] args)
   at System.Xml.XmlTextReaderImpl.ParseText(Int32& startPos, Int32& endPos, Int32& outOrChars)
   at System.Xml.XmlTextReaderImpl.ParseText()
   at System.Xml.XmlTextReaderImpl.ParseElementContent()
   at System.Xml.XmlTextReaderImpl.Read()
   at System.Xml.XmlLoader.LoadNode(Boolean skipOverWhitespace)
   at System.Xml.XmlLoader.LoadDocSequence(XmlDocument parentDoc)
   at System.Xml.XmlLoader.Load(XmlDocument doc, XmlReader reader, Boolean preserveWhitespace)
   at System.Xml.XmlDocument.Load(XmlReader reader)
   at System.Xml.XmlDocument.Load(String filename)
   at DataAnalyzer.Support.FileManager.WriteInputMessage(InputMessages Message, String FileName) in D:\NEW LIVE PROJECT\Extrnal soures\Extrnal soures\DataAnalyzer\Support\FileManager.cs:line 1102

--------------------------------------------------------------------------------------------------------
08-30-2026 09:25:49
'.', hexadecimal value 0x00, is an invalid character. Line 69648, position 14.
   at System.Xml.XmlTextReaderImpl.Throw(Exception e)
   at System.Xml.XmlTextReaderImpl.Throw(String res, String[] args)
   at System.Xml.XmlTextReaderImpl.ParseText(Int32& startPos, Int32& endPos, Int32& outOrChars)
   at System.Xml.XmlTextReaderImpl.ParseText()
   at System.Xml.XmlTextReaderImpl.ParseElementContent()
   at System.Xml.XmlTextReaderImpl.Read()
   at System.Xml.XmlLoader.LoadNode(Boolean skipOverWhitespace)
   at System.Xml.XmlLoader.LoadDocSequence(XmlDocument parentDoc)
   at System.Xml.XmlLoader.Load(XmlDocument doc, XmlReader reader, Boolean preserveWhitespace)
   at System.Xml.XmlDocument.Load(XmlReader reader)
   at System.Xml.XmlDocument.Load(String filename)
   at DataAnalyzer.Support.FileManager.WriteInputMessage(InputMessages Message, String FileName) in D:\NEW LIVE PROJECT\Extrnal soures\Extrnal soures\DataAnalyzer\Support\FileManager.cs:line 1102

--------------------------------------------------------------------------------------------------------
08-30-2026 09:25:49
'.', hexadecimal value 0x00, is an invalid character. Line 69648, position 14.
   at System.Xml.XmlTextReaderImpl.Throw(Exception e)
   at System.Xml.XmlTextReaderImpl.Throw(String res, String[] args)
   at System.Xml.XmlTextReaderImpl.ParseText(Int32& startPos, Int32& endPos, Int32& outOrChars)
   at System.Xml.XmlTextReaderImpl.ParseText()
   at System.Xml.XmlTextReaderImpl.ParseElementContent()
   at System.Xml.XmlTextReaderImpl.Read()
   at System.Xml.XmlLoader.LoadNode(Boolean skipOverWhitespace)
   at System.Xml.XmlLoader.LoadDocSequence(XmlDocument parentDoc)
   at System.Xml.XmlLoader.Load(XmlDocument doc, XmlReader reader, Boolean preserveWhitespace)
   at System.Xml.XmlDocument.Load(XmlReader reader)
   at System.Xml.XmlDocument.Load(String filename)
   at DataAnalyzer.Support.FileManager.WriteInputMessage(InputMessages Message, String FileName) in D:\NEW LIVE PROJECT\Extrnal soures\Extrnal soures\DataAnalyzer\Support\FileManager.cs:line 1102

--------------------------------------------------------------------------------------------------------
08-30-2026 09:25:49
'.', hexadecimal value 0x00, is an invalid character. Line 69648, position 14.
   at System.Xml.XmlTextReaderImpl.Throw(Exception e)
   at System.Xml.XmlTextReaderImpl.Throw(String res, String[] args)
   at System.Xml.XmlTextReaderImpl.ParseText(Int32& startPos, Int32& endPos, Int32& outOrChars)
   at System.Xml.XmlTextReaderImpl.ParseText()
   at System.Xml.XmlTextReaderImpl.ParseElementContent()
   at System.Xml.XmlTextReaderImpl.Read()
   at System.Xml.XmlLoader.LoadNode(Boolean skipOverWhitespace)
   at System.Xml.XmlLoader.LoadDocSequence(XmlDocument parentDoc)
   at System.Xml.XmlLoader.Load(XmlDocument doc, XmlReader reader, Boolean preserveWhitespace)
   at System.Xml.XmlDocument.Load(XmlReader reader)
   at System.Xml.XmlDocument.Load(String filename)
   at DataAnalyzer.Support.FileManager.WriteInputMessage(InputMessages Message, String FileName) in D:\NEW LIVE PROJECT\Extrnal soures\Extrnal soures\DataAnalyzer\Support\FileManager.cs:line 1102

--------------------------------------------------------------------------------------------------------
08-30-2026 09:25:49
'.', hexadecimal value 0x00, is an invalid character. Line 69648, position 14.
   at System.Xml.XmlTextReaderImpl.Throw(Exception e)
   at System.Xml.XmlTextReaderImpl.Throw(String res, String[] args)
   at System.Xml.XmlTextReaderImpl.ParseText(Int32& startPos, Int32& endPos, Int32& outOrChars)
   at System.Xml.XmlTextReaderImpl.ParseText()
   at System.Xml.XmlTextReaderImpl.ParseElementContent()
   at System.Xml.XmlTextReaderImpl.Read()
   at System.Xml.XmlLoader.LoadNode(Boolean skipOverWhitespace)
   at System.Xml.XmlLoader.LoadDocSequence(XmlDocument parentDoc)
   at System.Xml.XmlLoader.Load(XmlDocument doc, XmlReader reader, Boolean preserveWhitespace)
   at System.Xml.XmlDocument.Load(XmlReader reader)
   at System.Xml.XmlDocument.Load(String filename)
   at DataAnalyzer.Support.FileManager.WriteInputMessage(InputMessages Message, String FileName) in D:\NEW LIVE PROJECT\Extrnal soures\Extrnal soures\DataAnalyzer\Support\FileManager.cs:line 1102

--------------------------------------------------------------------------------------------------------
08-30-2026 09:25:50
'.', hexadecimal value 0x00, is an invalid character. Line 69648, position 14.
   at System.Xml.XmlTextReaderImpl.Throw(Exception e)
   at System.Xml.XmlTextReaderImpl.Throw(String res, String[] args)
   at System.Xml.XmlTextReaderImpl.ParseText(Int32& startPos, Int32& endPos, Int32& outOrChars)
   at System.Xml.XmlTextReaderImpl.ParseText()
   at System.Xml.XmlTextReaderImpl.ParseElementContent()
   at System.Xml.XmlTextReaderImpl.Read()
   at System.Xml.XmlLoader.LoadNode(Boolean skipOverWhitespace)
   at System.Xml.XmlLoader.LoadDocSequence(XmlDocument parentDoc)
   at System.Xml.XmlLoader.Load(XmlDocument doc, XmlReader reader, Boolean preserveWhitespace)
   at System.Xml.XmlDocument.Load(XmlReader reader)
   at System.Xml.XmlDocument.Load(String filename)
   at DataAnalyzer.Support.FileManager.WriteInputMessage(InputMessages Message, String FileName) in D:\NEW LIVE PROJECT\Extrnal soures\Extrnal soures\DataAnalyzer\Support\FileManager.cs:line 1102

--------------------------------------------------------------------------------------------------------
08-30-2026 09:25:50
'.', hexadecimal value 0x00, is an invalid character. Line 69648, position 14.
   at System.Xml.XmlTextReaderImpl.Throw(Exception e)
   at System.Xml.XmlTextReaderImpl.Throw(String res, String[] args)
   at System.Xml.XmlTextReaderImpl.ParseText(Int32& startPos, Int32& endPos, Int32& outOrChars)
   at System.Xml.XmlTextReaderImpl.ParseText()
   at System.Xml.XmlTextReaderImpl.ParseElementContent()
   at System.Xml.XmlTextReaderImpl.Read()
   at System.Xml.XmlLoader.LoadNode(Boolean skipOverWhitespace)
   at System.Xml.XmlLoader.LoadDocSequence(XmlDocument parentDoc)
   at System.Xml.XmlLoader.Load(XmlDocument doc, XmlReader reader, Boolean preserveWhitespace)
   at System.Xml.XmlDocument.Load(XmlReader reader)
   at System.Xml.XmlDocument.Load(String filename)
   at DataAnalyzer.Support.FileManager.WriteInputMessage(InputMessages Message, String FileName) in D:\NEW LIVE PROJECT\Extrnal soures\Extrnal soures\DataAnalyzer\Support\FileManager.cs:line 1102

--------------------------------------------------------------------------------------------------------
08-30-2026 09:25:50
'.', hexadecimal value 0x00, is an invalid character. Line 69648, position 14.
   at System.Xml.XmlTextReaderImpl.Throw(Exception e)
   at System.Xml.XmlTextReaderImpl.Throw(String res, String[] args)
   at System.Xml.XmlTextReaderImpl.ParseText(Int32& startPos, Int32& endPos, Int32& outOrChars)
   at System.Xml.XmlTextReaderImpl.ParseText()
   at System.Xml.XmlTextReaderImpl.ParseElementContent()
   at System.Xml.XmlTextReaderImpl.Read()
   at System.Xml.XmlLoader.LoadNode(Boolean skipOverWhitespace)
   at System.Xml.XmlLoader.LoadDocSequence(XmlDocument parentDoc)
   at System.Xml.XmlLoader.Load(XmlDocument doc, XmlReader reader, Boolean preserveWhitespace)
   at System.Xml.XmlDocument.Load(XmlReader reader)
   at System.Xml.XmlDocument.Load(String filename)
   at DataAnalyzer.Support.FileManager.WriteInputMessage(InputMessages Message, String FileName) in D:\NEW LIVE PROJECT\Extrnal soures\Extrnal soures\DataAnalyzer\Support\FileManager.cs:line 1102

--------------------------------------------------------------------------------------------------------
08-30-2026 09:25:50
'.', hexadecimal value 0x00, is an invalid character. Line 69648, position 14.
   at System.Xml.XmlTextReaderImpl.Throw(Exception e)
   at System.Xml.XmlTextReaderImpl.Throw(String res, String[] args)
   at System.Xml.XmlTextReaderImpl.ParseText(Int32& startPos, Int32& endPos, Int32& outOrChars)
   at System.Xml.XmlTextReaderImpl.ParseText()
   at System.Xml.XmlTextReaderImpl.ParseElementContent()
   at System.Xml.XmlTextReaderImpl.Read()
   at System.Xml.XmlLoader.LoadNode(Boolean skipOverWhitespace)
   at System.Xml.XmlLoader.LoadDocSequence(XmlDocument parentDoc)
   at System.Xml.XmlLoader.Load(XmlDocument doc, XmlReader reader, Boolean preserveWhitespace)
   at System.Xml.XmlDocument.Load(XmlReader reader)
   at System.Xml.XmlDocument.Load(String filename)
   at DataAnalyzer.Support.FileManager.WriteInputMessage(InputMessages Message, String FileName) in D:\NEW LIVE PROJECT\Extrnal soures\Extrnal soures\DataAnalyzer\Support\FileManager.cs:line 1102

--------------------------------------------------------------------------------------------------------
08-30-2026 09:25:50
'.', hexadecimal value 0x00, is an invalid character. Line 69648, position 14.
   at System.Xml.XmlTextReaderImpl.Throw(Exception e)
   at System.Xml.XmlTextReaderImpl.Throw(String res, String[] args)
   at System.Xml.XmlTextReaderImpl.ParseText(Int32& startPos, Int32& endPos, Int32& outOrChars)
   at System.Xml.XmlTextReaderImpl.ParseText()
   at System.Xml.XmlTextReaderImpl.ParseElementContent()
   at System.Xml.XmlTextReaderImpl.Read()
   at System.Xml.XmlLoader.LoadNode(Boolean skipOverWhitespace)
   at System.Xml.XmlLoader.LoadDocSequence(XmlDocument parentDoc)
   at System.Xml.XmlLoader.Load(XmlDocument doc, XmlReader reader, Boolean preserveWhitespace)
   at System.Xml.XmlDocument.Load(XmlReader reader)
   at System.Xml.XmlDocument.Load(String filename)
   at DataAnalyzer.Support.FileManager.WriteInputMessage(InputMessages Message, String FileName) in D:\NEW LIVE PROJECT\Extrnal soures\Extrnal soures\DataAnalyzer\Support\FileManager.cs:line 1102

--------------------------------------------------------------------------------------------------------
08-30-2026 09:25:52
'.', hexadecimal value 0x00, is an invalid character. Line 69648, position 14.
   at System.Xml.XmlTextReaderImpl.Throw(Exception e)
   at System.Xml.XmlTextReaderImpl.Throw(String res, String[] args)
   at System.Xml.XmlTextReaderImpl.ParseText(Int32& startPos, Int32& endPos, Int32& outOrChars)
   at System.Xml.XmlTextReaderImpl.ParseText()
   at System.Xml.XmlTextReaderImpl.ParseElementContent()
   at System.Xml.XmlTextReaderImpl.Read()
   at System.Xml.XmlLoader.LoadNode(Boolean skipOverWhitespace)
   at System.Xml.XmlLoader.LoadDocSequence(XmlDocument parentDoc)
   at System.Xml.XmlLoader.Load(XmlDocument doc, XmlReader reader, Boolean preserveWhitespace)
   at System.Xml.XmlDocument.Load(XmlReader reader)
   at System.Xml.XmlDocument.Load(String filename)
   at DataAnalyzer.Support.FileManager.WriteInputMessage(InputMessages Message, String FileName) in D:\NEW LIVE PROJECT\Extrnal soures\Extrnal soures\DataAnalyzer\Support\FileManager.cs:line 1102

--------------------------------------------------------------------------------------------------------
08-30-2026 09:25:52
'.', hexadecimal value 0x00, is an invalid character. Line 69648, position 14.
   at System.Xml.XmlTextReaderImpl.Throw(Exception e)
   at System.Xml.XmlTextReaderImpl.Throw(String res, String[] args)
   at System.Xml.XmlTextReaderImpl.ParseText(Int32& startPos, Int32& endPos, Int32& outOrChars)
   at System.Xml.XmlTextReaderImpl.ParseText()
   at System.Xml.XmlTextReaderImpl.ParseElementContent()
   at System.Xml.XmlTextReaderImpl.Read()
   at System.Xml.XmlLoader.LoadNode(Boolean skipOverWhitespace)
   at System.Xml.XmlLoader.LoadDocSequence(XmlDocument parentDoc)
   at System.Xml.XmlLoader.Load(XmlDocument doc, XmlReader reader, Boolean preserveWhitespace)
   at System.Xml.XmlDocument.Load(XmlReader reader)
   at System.Xml.XmlDocument.Load(String filename)
   at DataAnalyzer.Support.FileManager.WriteInputMessage(InputMessages Message, String FileName) in D:\NEW LIVE PROJECT\Extrnal soures\Extrnal soures\DataAnalyzer\Support\FileManager.cs:line 1102

--------------------------------------------------------------------------------------------------------
08-30-2026 09:26:39
'.', hexadecimal value 0x00, is an invalid character. Line 69648, position 14.
   at System.Xml.XmlTextReaderImpl.Throw(Exception e)
   at System.Xml.XmlTextReaderImpl.Throw(String res, String[] args)
   at System.Xml.XmlTextReaderImpl.ParseText(Int32& startPos, Int32& endPos, Int32& outOrChars)
   at System.Xml.XmlTextReaderImpl.ParseText()
   at System.Xml.XmlTextReaderImpl.ParseElementContent()
   at System.Xml.XmlTextReaderImpl.Read()
   at System.Xml.XmlLoader.LoadNode(Boolean skipOverWhitespace)
   at System.Xml.XmlLoader.LoadDocSequence(XmlDocument parentDoc)
   at System.Xml.XmlLoader.Load(XmlDocument doc, XmlReader reader, Boolean preserveWhitespace)
   at System.Xml.XmlDocument.Load(XmlReader reader)
   at System.Xml.XmlDocument.Load(String filename)
   at DataAnalyzer.Support.FileManager.WriteInputMessage(InputMessages Message, String FileName) in D:\NEW LIVE PROJECT\Extrnal soures\Extrnal soures\DataAnalyzer\Support\FileManager.cs:line 1102

--------------------------------------------------------------------------------------------------------
08-30-2026 09:26:56
'.', hexadecimal value 0x00, is an invalid character. Line 69648, position 14.
   at System.Xml.XmlTextReaderImpl.Throw(Exception e)
   at System.Xml.XmlTextReaderImpl.Throw(String res, String[] args)
   at System.Xml.XmlTextReaderImpl.ParseText(Int32& startPos, Int32& endPos, Int32& outOrChars)
   at System.Xml.XmlTextReaderImpl.ParseText()
   at System.Xml.XmlTextReaderImpl.ParseElementContent()
   at System.Xml.XmlTextReaderImpl.Read()
   at System.Xml.XmlLoader.LoadNode(Boolean skipOverWhitespace)
   at System.Xml.XmlLoader.LoadDocSequence(XmlDocument parentDoc)
   at System.Xml.XmlLoader.Load(XmlDocument doc, XmlReader reader, Boolean preserveWhitespace)
   at System.Xml.XmlDocument.Load(XmlReader reader)
   at System.Xml.XmlDocument.Load(String filename)
   at DataAnalyzer.Support.FileManager.WriteInputMessage(InputMessages Message, String FileName) in D:\NEW LIVE PROJECT\Extrnal soures\Extrnal soures\DataAnalyzer\Support\FileManager.cs:line 1102

--------------------------------------------------------------------------------------------------------
08-30-2026 09:29:39
'.', hexadecimal value 0x00, is an invalid character. Line 69648, position 14.
   at System.Xml.XmlTextReaderImpl.Throw(Exception e)
   at System.Xml.XmlTextReaderImpl.Throw(String res, String[] args)
   at System.Xml.XmlTextReaderImpl.ParseText(Int32& startPos, Int32& endPos, Int32& outOrChars)
   at System.Xml.XmlTextReaderImpl.ParseText()
   at System.Xml.XmlTextReaderImpl.ParseElementContent()
   at System.Xml.XmlTextReaderImpl.Read()
   at System.Xml.XmlLoader.LoadNode(Boolean skipOverWhitespace)
   at System.Xml.XmlLoader.LoadDocSequence(XmlDocument parentDoc)
   at System.Xml.XmlLoader.Load(XmlDocument doc, XmlReader reader, Boolean preserveWhitespace)
   at System.Xml.XmlDocument.Load(XmlReader reader)
   at System.Xml.XmlDocument.Load(String filename)
   at DataAnalyzer.Support.FileManager.WriteInputMessage(InputMessages Message, String FileName) in D:\NEW LIVE PROJECT\Extrnal soures\Extrnal soures\DataAnalyzer\Support\FileManager.cs:line 1102

--------------------------------------------------------------------------------------------------------
08-30-2026 09:32:13
'.', hexadecimal value 0x00, is an invalid character. Line 69648, position 14.
   at System.Xml.XmlTextReaderImpl.Throw(Exception e)
   at System.Xml.XmlTextReaderImpl.Throw(String res, String[] args)
   at System.Xml.XmlTextReaderImpl.ParseText(Int32& startPos, Int32& endPos, Int32& outOrChars)
   at System.Xml.XmlTextReaderImpl.ParseText()
   at System.Xml.XmlTextReaderImpl.ParseElementContent()
   at System.Xml.XmlTextReaderImpl.Read()
   at System.Xml.XmlLoader.LoadNode(Boolean skipOverWhitespace)
   at System.Xml.XmlLoader.LoadDocSequence(XmlDocument parentDoc)
   at System.Xml.XmlLoader.Load(XmlDocument doc, XmlReader reader, Boolean preserveWhitespace)
   at System.Xml.XmlDocument.Load(XmlReader reader)
   at System.Xml.XmlDocument.Load(String filename)
   at DataAnalyzer.Support.FileManager.WriteInputMessage(InputMessages Message, String FileName) in D:\NEW LIVE PROJECT\Extrnal soures\Extrnal soures\DataAnalyzer\Support\FileManager.cs:line 1102

--------------------------------------------------------------------------------------------------------
08-30-2026 09:34:38
'.', hexadecimal value 0x00, is an invalid character. Line 69648, position 14.
   at System.Xml.XmlTextReaderImpl.Throw(Exception e)
   at System.Xml.XmlTextReaderImpl.Throw(String res, String[] args)
   at System.Xml.XmlTextReaderImpl.ParseText(Int32& startPos, Int32& endPos, Int32& outOrChars)
   at System.Xml.XmlTextReaderImpl.ParseText()
   at System.Xml.XmlTextReaderImpl.ParseElementContent()
   at System.Xml.XmlTextReaderImpl.Read()
   at System.Xml.XmlLoader.LoadNode(Boolean skipOverWhitespace)
   at System.Xml.XmlLoader.LoadDocSequence(XmlDocument parentDoc)
   at System.Xml.XmlLoader.Load(XmlDocument doc, XmlReader reader, Boolean preserveWhitespace)
   at System.Xml.XmlDocument.Load(XmlReader reader)
   at System.Xml.XmlDocument.Load(String filename)
   at DataAnalyzer.Support.FileManager.WriteInputMessage(InputMessages Message, String FileName) in D:\NEW LIVE PROJECT\Extrnal soures\Extrnal soures\DataAnalyzer\Support\FileManager.cs:line 1102

--------------------------------------------------------------------------------------------------------
08-30-2026 09:34:55
'.', hexadecimal value 0x00, is an invalid character. Line 69648, position 14.
   at System.Xml.XmlTextReaderImpl.Throw(Exception e)
   at System.Xml.XmlTextReaderImpl.Throw(String res, String[] args)
   at System.Xml.XmlTextReaderImpl.ParseText(Int32& startPos, Int32& endPos, Int32& outOrChars)
   at System.Xml.XmlTextReaderImpl.ParseText()
   at System.Xml.XmlTextReaderImpl.ParseElementContent()
   at System.Xml.XmlTextReaderImpl.Read()
   at System.Xml.XmlLoader.LoadNode(Boolean skipOverWhitespace)
   at System.Xml.XmlLoader.LoadDocSequence(XmlDocument parentDoc)
   at System.Xml.XmlLoader.Load(XmlDocument doc, XmlReader reader, Boolean preserveWhitespace)
   at System.Xml.XmlDocument.Load(XmlReader reader)
   at System.Xml.XmlDocument.Load(String filename)
   at DataAnalyzer.Support.FileManager.WriteInputMessage(InputMessages Message, String FileName) in D:\NEW LIVE PROJECT\Extrnal soures\Extrnal soures\DataAnalyzer\Support\FileManager.cs:line 1102

--------------------------------------------------------------------------------------------------------
08-30-2026 09:35:04
'.', hexadecimal value 0x00, is an invalid character. Line 69648, position 14.
   at System.Xml.XmlTextReaderImpl.Throw(Exception e)
   at System.Xml.XmlTextReaderImpl.Throw(String res, String[] args)
   at System.Xml.XmlTextReaderImpl.ParseText(Int32& startPos, Int32& endPos, Int32& outOrChars)
   at System.Xml.XmlTextReaderImpl.ParseText()
   at System.Xml.XmlTextReaderImpl.ParseElementContent()
   at System.Xml.XmlTextReaderImpl.Read()
   at System.Xml.XmlLoader.LoadNode(Boolean skipOverWhitespace)
   at System.Xml.XmlLoader.LoadDocSequence(XmlDocument parentDoc)
   at System.Xml.XmlLoader.Load(XmlDocument doc, XmlReader reader, Boolean preserveWhitespace)
   at System.Xml.XmlDocument.Load(XmlReader reader)
   at System.Xml.XmlDocument.Load(String filename)
   at DataAnalyzer.Support.FileManager.WriteInputMessage(InputMessages Message, String FileName) in D:\NEW LIVE PROJECT\Extrnal soures\Extrnal soures\DataAnalyzer\Support\FileManager.cs:line 1102

--------------------------------------------------------------------------------------------------------
08-30-2026 09:35:12
'.', hexadecimal value 0x00, is an invalid character. Line 69648, position 14.
   at System.Xml.XmlTextReaderImpl.Throw(Exception e)
   at System.Xml.XmlTextReaderImpl.Throw(String res, String[] args)
   at System.Xml.XmlTextReaderImpl.ParseText(Int32& startPos, Int32& endPos, Int32& outOrChars)
   at System.Xml.XmlTextReaderImpl.ParseText()
   at System.Xml.XmlTextReaderImpl.ParseElementContent()
   at System.Xml.XmlTextReaderImpl.Read()
   at System.Xml.XmlLoader.LoadNode(Boolean skipOverWhitespace)
   at System.Xml.XmlLoader.LoadDocSequence(XmlDocument parentDoc)
   at System.Xml.XmlLoader.Load(XmlDocument doc, XmlReader reader, Boolean preserveWhitespace)
   at System.Xml.XmlDocument.Load(XmlReader reader)
   at System.Xml.XmlDocument.Load(String filename)
   at DataAnalyzer.Support.FileManager.WriteInputMessage(InputMessages Message, String FileName) in D:\NEW LIVE PROJECT\Extrnal soures\Extrnal soures\DataAnalyzer\Support\FileManager.cs:line 1102

--------------------------------------------------------------------------------------------------------
08-30-2026 10:07:40
'.', hexadecimal value 0x00, is an invalid character. Line 69648, position 14.
   at System.Xml.XmlTextReaderImpl.Throw(Exception e)
   at System.Xml.XmlTextReaderImpl.Throw(String res, String[] args)
   at System.Xml.XmlTextReaderImpl.ParseText(Int32& startPos, Int32& endPos, Int32& outOrChars)
   at System.Xml.XmlTextReaderImpl.ParseText()
   at System.Xml.XmlTextReaderImpl.ParseElementContent()
   at System.Xml.XmlTextReaderImpl.Read()
   at System.Xml.XmlLoader.LoadNode(Boolean skipOverWhitespace)
   at System.Xml.XmlLoader.LoadDocSequence(XmlDocument parentDoc)
   at System.Xml.XmlLoader.Load(XmlDocument doc, XmlReader reader, Boolean preserveWhitespace)
   at System.Xml.XmlDocument.Load(XmlReader reader)
   at System.Xml.XmlDocument.Load(String filename)
   at DataAnalyzer.Support.FileManager.WriteInputMessage(InputMessages Message, String FileName) in D:\NEW LIVE PROJECT\Extrnal soures\Extrnal soures\DataAnalyzer\Support\FileManager.cs:line 1102

--------------------------------------------------------------------------------------------------------
08-30-2026 10:07:49
'.', hexadecimal value 0x00, is an invalid character. Line 69648, position 14.
   at System.Xml.XmlTextReaderImpl.Throw(Exception e)
   at System.Xml.XmlTextReaderImpl.Throw(String res, String[] args)
   at System.Xml.XmlTextReaderImpl.ParseText(Int32& startPos, Int32& endPos, Int32& outOrChars)
   at System.Xml.XmlTextReaderImpl.ParseText()
   at System.Xml.XmlTextReaderImpl.ParseElementContent()
   at System.Xml.XmlTextReaderImpl.Read()
   at System.Xml.XmlLoader.LoadNode(Boolean skipOverWhitespace)
   at System.Xml.XmlLoader.LoadDocSequence(XmlDocument parentDoc)
   at System.Xml.XmlLoader.Load(XmlDocument doc, XmlReader reader, Boolean preserveWhitespace)
   at System.Xml.XmlDocument.Load(XmlReader reader)
   at System.Xml.XmlDocument.Load(String filename)
   at DataAnalyzer.Support.FileManager.WriteInputMessage(InputMessages Message, String FileName) in D:\NEW LIVE PROJECT\Extrnal soures\Extrnal soures\DataAnalyzer\Support\FileManager.cs:line 1102

--------------------------------------------------------------------------------------------------------
08-30-2026 10:07:57
'.', hexadecimal value 0x00, is an invalid character. Line 69648, position 14.
   at System.Xml.XmlTextReaderImpl.Throw(Exception e)
   at System.Xml.XmlTextReaderImpl.Throw(String res, String[] args)
   at System.Xml.XmlTextReaderImpl.ParseText(Int32& startPos, Int32& endPos, Int32& outOrChars)
   at System.Xml.XmlTextReaderImpl.ParseText()
   at System.Xml.XmlTextReaderImpl.ParseElementContent()
   at System.Xml.XmlTextReaderImpl.Read()
   at System.Xml.XmlLoader.LoadNode(Boolean skipOverWhitespace)
   at System.Xml.XmlLoader.LoadDocSequence(XmlDocument parentDoc)
   at System.Xml.XmlLoader.Load(XmlDocument doc, XmlReader reader, Boolean preserveWhitespace)
   at System.Xml.XmlDocument.Load(XmlReader reader)
   at System.Xml.XmlDocument.Load(String filename)
   at DataAnalyzer.Support.FileManager.WriteInputMessage(InputMessages Message, String FileName) in D:\NEW LIVE PROJECT\Extrnal soures\Extrnal soures\DataAnalyzer\Support\FileManager.cs:line 1102

--------------------------------------------------------------------------------------------------------
08-30-2026 10:08:06
'.', hexadecimal value 0x00, is an invalid character. Line 69648, position 14.
   at System.Xml.XmlTextReaderImpl.Throw(Exception e)
   at System.Xml.XmlTextReaderImpl.Throw(String res, String[] args)
   at System.Xml.XmlTextReaderImpl.ParseText(Int32& startPos, Int32& endPos, Int32& outOrChars)
   at System.Xml.XmlTextReaderImpl.ParseText()
   at System.Xml.XmlTextReaderImpl.ParseElementContent()
   at System.Xml.XmlTextReaderImpl.Read()
   at System.Xml.XmlLoader.LoadNode(Boolean skipOverWhitespace)
   at System.Xml.XmlLoader.LoadDocSequence(XmlDocument parentDoc)
   at System.Xml.XmlLoader.Load(XmlDocument doc, XmlReader reader, Boolean preserveWhitespace)
   at System.Xml.XmlDocument.Load(XmlReader reader)
   at System.Xml.XmlDocument.Load(String filename)
   at DataAnalyzer.Support.FileManager.WriteInputMessage(InputMessages Message, String FileName) in D:\NEW LIVE PROJECT\Extrnal soures\Extrnal soures\DataAnalyzer\Support\FileManager.cs:line 1102

--------------------------------------------------------------------------------------------------------
08-30-2026 10:08:14
'.', hexadecimal value 0x00, is an invalid character. Line 69648, position 14.
   at System.Xml.XmlTextReaderImpl.Throw(Exception e)
   at System.Xml.XmlTextReaderImpl.Throw(String res, String[] args)
   at System.Xml.XmlTextReaderImpl.ParseText(Int32& startPos, Int32& endPos, Int32& outOrChars)
   at System.Xml.XmlTextReaderImpl.ParseText()
   at System.Xml.XmlTextReaderImpl.ParseElementContent()
   at System.Xml.XmlTextReaderImpl.Read()
   at System.Xml.XmlLoader.LoadNode(Boolean skipOverWhitespace)
   at System.Xml.XmlLoader.LoadDocSequence(XmlDocument parentDoc)
   at System.Xml.XmlLoader.Load(XmlDocument doc, XmlReader reader, Boolean preserveWhitespace)
   at System.Xml.XmlDocument.Load(XmlReader reader)
   at System.Xml.XmlDocument.Load(String filename)
   at DataAnalyzer.Support.FileManager.WriteInputMessage(InputMessages Message, String FileName) in D:\NEW LIVE PROJECT\Extrnal soures\Extrnal soures\DataAnalyzer\Support\FileManager.cs:line 1102

--------------------------------------------------------------------------------------------------------
08-30-2026 10:08:23
'.', hexadecimal value 0x00, is an invalid character. Line 69648, position 14.
   at System.Xml.XmlTextReaderImpl.Throw(Exception e)
   at System.Xml.XmlTextReaderImpl.Throw(String res, String[] args)
   at System.Xml.XmlTextReaderImpl.ParseText(Int32& startPos, Int32& endPos, Int32& outOrChars)
   at System.Xml.XmlTextReaderImpl.ParseText()
   at System.Xml.XmlTextReaderImpl.ParseElementContent()
   at System.Xml.XmlTextReaderImpl.Read()
   at System.Xml.XmlLoader.LoadNode(Boolean skipOverWhitespace)
   at System.Xml.XmlLoader.LoadDocSequence(XmlDocument parentDoc)
   at System.Xml.XmlLoader.Load(XmlDocument doc, XmlReader reader, Boolean preserveWhitespace)
   at System.Xml.XmlDocument.Load(XmlReader reader)
   at System.Xml.XmlDocument.Load(String filename)
   at DataAnalyzer.Support.FileManager.WriteInputMessage(InputMessages Message, String FileName) in D:\NEW LIVE PROJECT\Extrnal soures\Extrnal soures\DataAnalyzer\Support\FileManager.cs:line 1102

--------------------------------------------------------------------------------------------------------
08-30-2026 10:08:31
'.', hexadecimal value 0x00, is an invalid character. Line 69648, position 14.
   at System.Xml.XmlTextReaderImpl.Throw(Exception e)
   at System.Xml.XmlTextReaderImpl.Throw(String res, String[] args)
   at System.Xml.XmlTextReaderImpl.ParseText(Int32& startPos, Int32& endPos, Int32& outOrChars)
   at System.Xml.XmlTextReaderImpl.ParseText()
   at System.Xml.XmlTextReaderImpl.ParseElementContent()
   at System.Xml.XmlTextReaderImpl.Read()
   at System.Xml.XmlLoader.LoadNode(Boolean skipOverWhitespace)
   at System.Xml.XmlLoader.LoadDocSequence(XmlDocument parentDoc)
   at System.Xml.XmlLoader.Load(XmlDocument doc, XmlReader reader, Boolean preserveWhitespace)
   at System.Xml.XmlDocument.Load(XmlReader reader)
   at System.Xml.XmlDocument.Load(String filename)
   at DataAnalyzer.Support.FileManager.WriteInputMessage(InputMessages Message, String FileName) in D:\NEW LIVE PROJECT\Extrnal soures\Extrnal soures\DataAnalyzer\Support\FileManager.cs:line 1102

--------------------------------------------------------------------------------------------------------
08-30-2026 10:08:38
A network-related or instance-specific error occurred while establishing a connection to SQL Server. The server was not found or was not accessible. Verify that the instance name is correct and that SQL Server is configured to allow remote connections. (provider: TCP Provider, error: 0 - The wait operation timed out.)
   at System.Data.SqlClient.SqlInternalConnectionTds..ctor(DbConnectionPoolIdentity identity, SqlConnectionString connectionOptions, SqlCredential credential, Object providerInfo, String newPassword, SecureString newSecurePassword, Boolean redirectedUserInstance, SqlConnectionString userConnectionOptions, SessionData reconnectSessionData, DbConnectionPool pool, String accessToken, Boolean applyTransientFaultHandling, SqlAuthenticationProviderManager sqlAuthProviderManager)
   at System.Data.SqlClient.SqlConnectionFactory.CreateConnection(DbConnectionOptions options, DbConnectionPoolKey poolKey, Object poolGroupProviderInfo, DbConnectionPool pool, DbConnection owningConnection, DbConnectionOptions userOptions)
   at System.Data.ProviderBase.DbConnectionFactory.CreatePooledConnection(DbConnectionPool pool, DbConnection owningObject, DbConnectionOptions options, DbConnectionPoolKey poolKey, DbConnectionOptions userOptions)
   at System.Data.ProviderBase.DbConnectionPool.CreateObject(DbConnection owningObject, DbConnectionOptions userOptions, DbConnectionInternal oldConnection)
   at System.Data.ProviderBase.DbConnectionPool.UserCreateRequest(DbConnection owningObject, DbConnectionOptions userOptions, DbConnectionInternal oldConnection)
   at System.Data.ProviderBase.DbConnectionPool.TryGetConnection(DbConnection owningObject, UInt32 waitForMultipleObjectsTimeout, Boolean allowCreate, Boolean onlyOneCheckConnection, DbConnectionOptions userOptions, DbConnectionInternal& connection)
   at System.Data.ProviderBase.DbConnectionPool.TryGetConnection(DbConnection owningObject, TaskCompletionSource`1 retry, DbConnectionOptions userOptions, DbConnectionInternal& connection)
   at System.Data.ProviderBase.DbConnectionFactory.TryGetConnection(DbConnection owningConnection, TaskCompletionSource`1 retry, DbConnectionOptions userOptions, DbConnectionInternal oldConnection, DbConnectionInternal& connection)
   at System.Data.ProviderBase.DbConnectionInternal.TryOpenConnectionInternal(DbConnection outerConnection, DbConnectionFactory connectionFactory, TaskCompletionSource`1 retry, DbConnectionOptions userOptions)
   at System.Data.ProviderBase.DbConnectionClosed.TryOpenConnection(DbConnection outerConnection, DbConnectionFactory connectionFactory, TaskCompletionSource`1 retry, DbConnectionOptions userOptions)
   at System.Data.SqlClient.SqlConnection.TryOpenInner(TaskCompletionSource`1 retry)
   at System.Data.SqlClient.SqlConnection.TryOpen(TaskCompletionSource`1 retry)
   at System.Data.SqlClient.SqlConnection.Open()
   at DataAnalyzer.Support.Dataaccess.Machinemapping(String S2MachineID) in D:\NEW LIVE PROJECT\Extrnal soures\Extrnal soures\DataAnalyzer\Support\Dataaccess.cs:line 214

--------------------------------------------------------------------------------------------------------
08-30-2026 10:08:38
A network-related or instance-specific error occurred while establishing a connection to SQL Server. The server was not found or was not accessible. Verify that the instance name is correct and that SQL Server is configured to allow remote connections. (provider: TCP Provider, error: 0 - The wait operation timed out.)
   at System.Data.ProviderBase.DbConnectionPool.TryGetConnection(DbConnection owningObject, UInt32 waitForMultipleObjectsTimeout, Boolean allowCreate, Boolean onlyOneCheckConnection, DbConnectionOptions userOptions, DbConnectionInternal& connection)
   at System.Data.ProviderBase.DbConnectionPool.TryGetConnection(DbConnection owningObject, TaskCompletionSource`1 retry, DbConnectionOptions userOptions, DbConnectionInternal& connection)
   at System.Data.ProviderBase.DbConnectionFactory.TryGetConnection(DbConnection owningConnection, TaskCompletionSource`1 retry, DbConnectionOptions userOptions, DbConnectionInternal oldConnection, DbConnectionInternal& connection)
   at System.Data.ProviderBase.DbConnectionInternal.TryOpenConnectionInternal(DbConnection outerConnection, DbConnectionFactory connectionFactory, TaskCompletionSource`1 retry, DbConnectionOptions userOptions)
   at System.Data.ProviderBase.DbConnectionClosed.TryOpenConnection(DbConnection outerConnection, DbConnectionFactory connectionFactory, TaskCompletionSource`1 retry, DbConnectionOptions userOptions)
   at System.Data.SqlClient.SqlConnection.TryOpenInner(TaskCompletionSource`1 retry)
   at System.Data.SqlClient.SqlConnection.TryOpen(TaskCompletionSource`1 retry)
   at System.Data.SqlClient.SqlConnection.Open()
   at DataAnalyzer.Support.Dataaccess.Machinemapping(String S2MachineID) in D:\NEW LIVE PROJECT\Extrnal soures\Extrnal soures\DataAnalyzer\Support\Dataaccess.cs:line 214

--------------------------------------------------------------------------------------------------------
08-30-2026 10:08:40
A network-related or instance-specific error occurred while establishing a connection to SQL Server. The server was not found or was not accessible. Verify that the instance name is correct and that SQL Server is configured to allow remote connections. (provider: TCP Provider, error: 0 - The wait operation timed out.)
   at System.Data.ProviderBase.DbConnectionPool.TryGetConnection(DbConnection owningObject, UInt32 waitForMultipleObjectsTimeout, Boolean allowCreate, Boolean onlyOneCheckConnection, DbConnectionOptions userOptions, DbConnectionInternal& connection)
   at System.Data.ProviderBase.DbConnectionPool.TryGetConnection(DbConnection owningObject, TaskCompletionSource`1 retry, DbConnectionOptions userOptions, DbConnectionInternal& connection)
   at System.Data.ProviderBase.DbConnectionFactory.TryGetConnection(DbConnection owningConnection, TaskCompletionSource`1 retry, DbConnectionOptions userOptions, DbConnectionInternal oldConnection, DbConnectionInternal& connection)
   at System.Data.ProviderBase.DbConnectionInternal.TryOpenConnectionInternal(DbConnection outerConnection, DbConnectionFactory connectionFactory, TaskCompletionSource`1 retry, DbConnectionOptions userOptions)
   at System.Data.ProviderBase.DbConnectionClosed.TryOpenConnection(DbConnection outerConnection, DbConnectionFactory connectionFactory, TaskCompletionSource`1 retry, DbConnectionOptions userOptions)
   at System.Data.SqlClient.SqlConnection.TryOpenInner(TaskCompletionSource`1 retry)
   at System.Data.SqlClient.SqlConnection.TryOpen(TaskCompletionSource`1 retry)
   at System.Data.SqlClient.SqlConnection.Open()
   at DataAnalyzer.Support.Dataaccess.Machinemapping(String S2MachineID) in D:\NEW LIVE PROJECT\Extrnal soures\Extrnal soures\DataAnalyzer\Support\Dataaccess.cs:line 214

--------------------------------------------------------------------------------------------------------
08-30-2026 10:08:40
'.', hexadecimal value 0x00, is an invalid character. Line 69648, position 14.
   at System.Xml.XmlTextReaderImpl.Throw(Exception e)
   at System.Xml.XmlTextReaderImpl.Throw(String res, String[] args)
   at System.Xml.XmlTextReaderImpl.ParseText(Int32& startPos, Int32& endPos, Int32& outOrChars)
   at System.Xml.XmlTextReaderImpl.ParseText()
   at System.Xml.XmlTextReaderImpl.ParseElementContent()
   at System.Xml.XmlTextReaderImpl.Read()
   at System.Xml.XmlLoader.LoadNode(Boolean skipOverWhitespace)
   at System.Xml.XmlLoader.LoadDocSequence(XmlDocument parentDoc)
   at System.Xml.XmlLoader.Load(XmlDocument doc, XmlReader reader, Boolean preserveWhitespace)
   at System.Xml.XmlDocument.Load(XmlReader reader)
   at System.Xml.XmlDocument.Load(String filename)
   at DataAnalyzer.Support.FileManager.WriteInputMessage(InputMessages Message, String FileName) in D:\NEW LIVE PROJECT\Extrnal soures\Extrnal soures\DataAnalyzer\Support\FileManager.cs:line 1102

--------------------------------------------------------------------------------------------------------
08-30-2026 10:08:48
'.', hexadecimal value 0x00, is an invalid character. Line 69648, position 14.
   at System.Xml.XmlTextReaderImpl.Throw(Exception e)
   at System.Xml.XmlTextReaderImpl.Throw(String res, String[] args)
   at System.Xml.XmlTextReaderImpl.ParseText(Int32& startPos, Int32& endPos, Int32& outOrChars)
   at System.Xml.XmlTextReaderImpl.ParseText()
   at System.Xml.XmlTextReaderImpl.ParseElementContent()
   at System.Xml.XmlTextReaderImpl.Read()
   at System.Xml.XmlLoader.LoadNode(Boolean skipOverWhitespace)
   at System.Xml.XmlLoader.LoadDocSequence(XmlDocument parentDoc)
   at System.Xml.XmlLoader.Load(XmlDocument doc, XmlReader reader, Boolean preserveWhitespace)
   at System.Xml.XmlDocument.Load(XmlReader reader)
   at System.Xml.XmlDocument.Load(String filename)
   at DataAnalyzer.Support.FileManager.WriteInputMessage(InputMessages Message, String FileName) in D:\NEW LIVE PROJECT\Extrnal soures\Extrnal soures\DataAnalyzer\Support\FileManager.cs:line 1102

--------------------------------------------------------------------------------------------------------
08-30-2026 10:09:14
'.', hexadecimal value 0x00, is an invalid character. Line 69648, position 14.
   at System.Xml.XmlTextReaderImpl.Throw(Exception e)
   at System.Xml.XmlTextReaderImpl.Throw(String res, String[] args)
   at System.Xml.XmlTextReaderImpl.ParseText(Int32& startPos, Int32& endPos, Int32& outOrChars)
   at System.Xml.XmlTextReaderImpl.ParseText()
   at System.Xml.XmlTextReaderImpl.ParseElementContent()
   at System.Xml.XmlTextReaderImpl.Read()
   at System.Xml.XmlLoader.LoadNode(Boolean skipOverWhitespace)
   at System.Xml.XmlLoader.LoadDocSequence(XmlDocument parentDoc)
   at System.Xml.XmlLoader.Load(XmlDocument doc, XmlReader reader, Boolean preserveWhitespace)
   at System.Xml.XmlDocument.Load(XmlReader reader)
   at System.Xml.XmlDocument.Load(String filename)
   at DataAnalyzer.Support.FileManager.WriteInputMessage(InputMessages Message, String FileName) in D:\NEW LIVE PROJECT\Extrnal soures\Extrnal soures\DataAnalyzer\Support\FileManager.cs:line 1102

--------------------------------------------------------------------------------------------------------
08-30-2026 10:13:15
'.', hexadecimal value 0x00, is an invalid character. Line 69648, position 14.
   at System.Xml.XmlTextReaderImpl.Throw(Exception e)
   at System.Xml.XmlTextReaderImpl.Throw(String res, String[] args)
   at System.Xml.XmlTextReaderImpl.ParseText(Int32& startPos, Int32& endPos, Int32& outOrChars)
   at System.Xml.XmlTextReaderImpl.ParseText()
   at System.Xml.XmlTextReaderImpl.ParseElementContent()
   at System.Xml.XmlTextReaderImpl.Read()
   at System.Xml.XmlLoader.LoadNode(Boolean skipOverWhitespace)
   at System.Xml.XmlLoader.LoadDocSequence(XmlDocument parentDoc)
   at System.Xml.XmlLoader.Load(XmlDocument doc, XmlReader reader, Boolean preserveWhitespace)
   at System.Xml.XmlDocument.Load(XmlReader reader)
   at System.Xml.XmlDocument.Load(String filename)
   at DataAnalyzer.Support.FileManager.WriteInputMessage(InputMessages Message, String FileName) in D:\NEW LIVE PROJECT\Extrnal soures\Extrnal soures\DataAnalyzer\Support\FileManager.cs:line 1102

--------------------------------------------------------------------------------------------------------
08-30-2026 10:18:30
'.', hexadecimal value 0x00, is an invalid character. Line 69648, position 14.
   at System.Xml.XmlTextReaderImpl.Throw(Exception e)
   at System.Xml.XmlTextReaderImpl.Throw(String res, String[] args)
   at System.Xml.XmlTextReaderImpl.ParseText(Int32& startPos, Int32& endPos, Int32& outOrChars)
   at System.Xml.XmlTextReaderImpl.ParseText()
   at System.Xml.XmlTextReaderImpl.ParseElementContent()
   at System.Xml.XmlTextReaderImpl.Read()
   at System.Xml.XmlLoader.LoadNode(Boolean skipOverWhitespace)
   at System.Xml.XmlLoader.LoadDocSequence(XmlDocument parentDoc)
   at System.Xml.XmlLoader.Load(XmlDocument doc, XmlReader reader, Boolean preserveWhitespace)
   at System.Xml.XmlDocument.Load(XmlReader reader)
   at System.Xml.XmlDocument.Load(String filename)
   at DataAnalyzer.Support.FileManager.WriteInputMessage(InputMessages Message, String FileName) in D:\NEW LIVE PROJECT\Extrnal soures\Extrnal soures\DataAnalyzer\Support\FileManager.cs:line 1102

--------------------------------------------------------------------------------------------------------
08-30-2026 10:19:21
'.', hexadecimal value 0x00, is an invalid character. Line 69648, position 14.
   at System.Xml.XmlTextReaderImpl.Throw(Exception e)
   at System.Xml.XmlTextReaderImpl.Throw(String res, String[] args)
   at System.Xml.XmlTextReaderImpl.ParseText(Int32& startPos, Int32& endPos, Int32& outOrChars)
   at System.Xml.XmlTextReaderImpl.ParseText()
   at System.Xml.XmlTextReaderImpl.ParseElementContent()
   at System.Xml.XmlTextReaderImpl.Read()
   at System.Xml.XmlLoader.LoadNode(Boolean skipOverWhitespace)
   at System.Xml.XmlLoader.LoadDocSequence(XmlDocument parentDoc)
   at System.Xml.XmlLoader.Load(XmlDocument doc, XmlReader reader, Boolean preserveWhitespace)
   at System.Xml.XmlDocument.Load(XmlReader reader)
   at System.Xml.XmlDocument.Load(String filename)
   at DataAnalyzer.Support.FileManager.WriteInputMessage(InputMessages Message, String FileName) in D:\NEW LIVE PROJECT\Extrnal soures\Extrnal soures\DataAnalyzer\Support\FileManager.cs:line 1102

--------------------------------------------------------------------------------------------------------
08-30-2026 10:20:04
'.', hexadecimal value 0x00, is an invalid character. Line 69648, position 14.
   at System.Xml.XmlTextReaderImpl.Throw(Exception e)
   at System.Xml.XmlTextReaderImpl.Throw(String res, String[] args)
   at System.Xml.XmlTextReaderImpl.ParseText(Int32& startPos, Int32& endPos, Int32& outOrChars)
   at System.Xml.XmlTextReaderImpl.ParseText()
   at System.Xml.XmlTextReaderImpl.ParseElementContent()
   at System.Xml.XmlTextReaderImpl.Read()
   at System.Xml.XmlLoader.LoadNode(Boolean skipOverWhitespace)
   at System.Xml.XmlLoader.LoadDocSequence(XmlDocument parentDoc)
   at System.Xml.XmlLoader.Load(XmlDocument doc, XmlReader reader, Boolean preserveWhitespace)
   at System.Xml.XmlDocument.Load(XmlReader reader)
   at System.Xml.XmlDocument.Load(String filename)
   at DataAnalyzer.Support.FileManager.WriteInputMessage(InputMessages Message, String FileName) in D:\NEW LIVE PROJECT\Extrnal soures\Extrnal soures\DataAnalyzer\Support\FileManager.cs:line 1102

--------------------------------------------------------------------------------------------------------
08-30-2026 10:20:21
'.', hexadecimal value 0x00, is an invalid character. Line 69648, position 14.
   at System.Xml.XmlTextReaderImpl.Throw(Exception e)
   at System.Xml.XmlTextReaderImpl.Throw(String res, String[] args)
   at System.Xml.XmlTextReaderImpl.ParseText(Int32& startPos, Int32& endPos, Int32& outOrChars)
   at System.Xml.XmlTextReaderImpl.ParseText()
   at System.Xml.XmlTextReaderImpl.ParseElementContent()
   at System.Xml.XmlTextReaderImpl.Read()
   at System.Xml.XmlLoader.LoadNode(Boolean skipOverWhitespace)
   at System.Xml.XmlLoader.LoadDocSequence(XmlDocument parentDoc)
   at System.Xml.XmlLoader.Load(XmlDocument doc, XmlReader reader, Boolean preserveWhitespace)
   at System.Xml.XmlDocument.Load(XmlReader reader)
   at System.Xml.XmlDocument.Load(String filename)
   at DataAnalyzer.Support.FileManager.WriteInputMessage(InputMessages Message, String FileName) in D:\NEW LIVE PROJECT\Extrnal soures\Extrnal soures\DataAnalyzer\Support\FileManager.cs:line 1102

--------------------------------------------------------------------------------------------------------
08-30-2026 10:20:30
'.', hexadecimal value 0x00, is an invalid character. Line 69648, position 14.
   at System.Xml.XmlTextReaderImpl.Throw(Exception e)
   at System.Xml.XmlTextReaderImpl.Throw(String res, String[] args)
   at System.Xml.XmlTextReaderImpl.ParseText(Int32& startPos, Int32& endPos, Int32& outOrChars)
   at System.Xml.XmlTextReaderImpl.ParseText()
   at System.Xml.XmlTextReaderImpl.ParseElementContent()
   at System.Xml.XmlTextReaderImpl.Read()
   at System.Xml.XmlLoader.LoadNode(Boolean skipOverWhitespace)
   at System.Xml.XmlLoader.LoadDocSequence(XmlDocument parentDoc)
   at System.Xml.XmlLoader.Load(XmlDocument doc, XmlReader reader, Boolean preserveWhitespace)
   at System.Xml.XmlDocument.Load(XmlReader reader)
   at System.Xml.XmlDocument.Load(String filename)
   at DataAnalyzer.Support.FileManager.WriteInputMessage(InputMessages Message, String FileName) in D:\NEW LIVE PROJECT\Extrnal soures\Extrnal soures\DataAnalyzer\Support\FileManager.cs:line 1102

--------------------------------------------------------------------------------------------------------
08-30-2026 10:20:38
'.', hexadecimal value 0x00, is an invalid character. Line 69648, position 14.
   at System.Xml.XmlTextReaderImpl.Throw(Exception e)
   at System.Xml.XmlTextReaderImpl.Throw(String res, String[] args)
   at System.Xml.XmlTextReaderImpl.ParseText(Int32& startPos, Int32& endPos, Int32& outOrChars)
   at System.Xml.XmlTextReaderImpl.ParseText()
   at System.Xml.XmlTextReaderImpl.ParseElementContent()
   at System.Xml.XmlTextReaderImpl.Read()
   at System.Xml.XmlLoader.LoadNode(Boolean skipOverWhitespace)
   at System.Xml.XmlLoader.LoadDocSequence(XmlDocument parentDoc)
   at System.Xml.XmlLoader.Load(XmlDocument doc, XmlReader reader, Boolean preserveWhitespace)
   at System.Xml.XmlDocument.Load(XmlReader reader)
   at System.Xml.XmlDocument.Load(String filename)
   at DataAnalyzer.Support.FileManager.WriteInputMessage(InputMessages Message, String FileName) in D:\NEW LIVE PROJECT\Extrnal soures\Extrnal soures\DataAnalyzer\Support\FileManager.cs:line 1102

--------------------------------------------------------------------------------------------------------
08-30-2026 10:27:55
'.', hexadecimal value 0x00, is an invalid character. Line 69648, position 14.
   at System.Xml.XmlTextReaderImpl.Throw(Exception e)
   at System.Xml.XmlTextReaderImpl.Throw(String res, String[] args)
   at System.Xml.XmlTextReaderImpl.ParseText(Int32& startPos, Int32& endPos, Int32& outOrChars)
   at System.Xml.XmlTextReaderImpl.ParseText()
   at System.Xml.XmlTextReaderImpl.ParseElementContent()
   at System.Xml.XmlTextReaderImpl.Read()
   at System.Xml.XmlLoader.LoadNode(Boolean skipOverWhitespace)
   at System.Xml.XmlLoader.LoadDocSequence(XmlDocument parentDoc)
   at System.Xml.XmlLoader.Load(XmlDocument doc, XmlReader reader, Boolean preserveWhitespace)
   at System.Xml.XmlDocument.Load(XmlReader reader)
   at System.Xml.XmlDocument.Load(String filename)
   at DataAnalyzer.Support.FileManager.WriteInputMessage(InputMessages Message, String FileName) in D:\NEW LIVE PROJECT\Extrnal soures\Extrnal soures\DataAnalyzer\Support\FileManager.cs:line 1102

--------------------------------------------------------------------------------------------------------
08-30-2026 10:30:54
'.', hexadecimal value 0x00, is an invalid character. Line 69648, position 14.
   at System.Xml.XmlTextReaderImpl.Throw(Exception e)
   at System.Xml.XmlTextReaderImpl.Throw(String res, String[] args)
   at System.Xml.XmlTextReaderImpl.ParseText(Int32& startPos, Int32& endPos, Int32& outOrChars)
   at System.Xml.XmlTextReaderImpl.ParseText()
   at System.Xml.XmlTextReaderImpl.ParseElementContent()
   at System.Xml.XmlTextReaderImpl.Read()
   at System.Xml.XmlLoader.LoadNode(Boolean skipOverWhitespace)
   at System.Xml.XmlLoader.LoadDocSequence(XmlDocument parentDoc)
   at System.Xml.XmlLoader.Load(XmlDocument doc, XmlReader reader, Boolean preserveWhitespace)
   at System.Xml.XmlDocument.Load(XmlReader reader)
   at System.Xml.XmlDocument.Load(String filename)
   at DataAnalyzer.Support.FileManager.WriteInputMessage(InputMessages Message, String FileName) in D:\NEW LIVE PROJECT\Extrnal soures\Extrnal soures\DataAnalyzer\Support\FileManager.cs:line 1102

--------------------------------------------------------------------------------------------------------
08-30-2026 10:34:47
'.', hexadecimal value 0x00, is an invalid character. Line 69648, position 14.
   at System.Xml.XmlTextReaderImpl.Throw(Exception e)
   at System.Xml.XmlTextReaderImpl.Throw(String res, String[] args)
   at System.Xml.XmlTextReaderImpl.ParseText(Int32& startPos, Int32& endPos, Int32& outOrChars)
   at System.Xml.XmlTextReaderImpl.ParseText()
   at System.Xml.XmlTextReaderImpl.ParseElementContent()
   at System.Xml.XmlTextReaderImpl.Read()
   at System.Xml.XmlLoader.LoadNode(Boolean skipOverWhitespace)
   at System.Xml.XmlLoader.LoadDocSequence(XmlDocument parentDoc)
   at System.Xml.XmlLoader.Load(XmlDocument doc, XmlReader reader, Boolean preserveWhitespace)
   at System.Xml.XmlDocument.Load(XmlReader reader)
   at System.Xml.XmlDocument.Load(String filename)
   at DataAnalyzer.Support.FileManager.WriteInputMessage(InputMessages Message, String FileName) in D:\NEW LIVE PROJECT\Extrnal soures\Extrnal soures\DataAnalyzer\Support\FileManager.cs:line 1102

--------------------------------------------------------------------------------------------------------
08-30-2026 10:36:46
'.', hexadecimal value 0x00, is an invalid character. Line 69648, position 14.
   at System.Xml.XmlTextReaderImpl.Throw(Exception e)
   at System.Xml.XmlTextReaderImpl.Throw(String res, String[] args)
   at System.Xml.XmlTextReaderImpl.ParseText(Int32& startPos, Int32& endPos, Int32& outOrChars)
   at System.Xml.XmlTextReaderImpl.ParseText()
   at System.Xml.XmlTextReaderImpl.ParseElementContent()
   at System.Xml.XmlTextReaderImpl.Read()
   at System.Xml.XmlLoader.LoadNode(Boolean skipOverWhitespace)
   at System.Xml.XmlLoader.LoadDocSequence(XmlDocument parentDoc)
   at System.Xml.XmlLoader.Load(XmlDocument doc, XmlReader reader, Boolean preserveWhitespace)
   at System.Xml.XmlDocument.Load(XmlReader reader)
   at System.Xml.XmlDocument.Load(String filename)
   at DataAnalyzer.Support.FileManager.WriteInputMessage(InputMessages Message, String FileName) in D:\NEW LIVE PROJECT\Extrnal soures\Extrnal soures\DataAnalyzer\Support\FileManager.cs:line 1102

--------------------------------------------------------------------------------------------------------
08-30-2026 10:39:03
'.', hexadecimal value 0x00, is an invalid character. Line 69648, position 14.
   at System.Xml.XmlTextReaderImpl.Throw(Exception e)
   at System.Xml.XmlTextReaderImpl.Throw(String res, String[] args)
   at System.Xml.XmlTextReaderImpl.ParseText(Int32& startPos, Int32& endPos, Int32& outOrChars)
   at System.Xml.XmlTextReaderImpl.ParseText()
   at System.Xml.XmlTextReaderImpl.ParseElementContent()
   at System.Xml.XmlTextReaderImpl.Read()
   at System.Xml.XmlLoader.LoadNode(Boolean skipOverWhitespace)
   at System.Xml.XmlLoader.LoadDocSequence(XmlDocument parentDoc)
   at System.Xml.XmlLoader.Load(XmlDocument doc, XmlReader reader, Boolean preserveWhitespace)
   at System.Xml.XmlDocument.Load(XmlReader reader)
   at System.Xml.XmlDocument.Load(String filename)
   at DataAnalyzer.Support.FileManager.WriteInputMessage(InputMessages Message, String FileName) in D:\NEW LIVE PROJECT\Extrnal soures\Extrnal soures\DataAnalyzer\Support\FileManager.cs:line 1102

--------------------------------------------------------------------------------------------------------
08-30-2026 10:40:45
'.', hexadecimal value 0x00, is an invalid character. Line 69648, position 14.
   at System.Xml.XmlTextReaderImpl.Throw(Exception e)
   at System.Xml.XmlTextReaderImpl.Throw(String res, String[] args)
   at System.Xml.XmlTextReaderImpl.ParseText(Int32& startPos, Int32& endPos, Int32& outOrChars)
   at System.Xml.XmlTextReaderImpl.ParseText()
   at System.Xml.XmlTextReaderImpl.ParseElementContent()
   at System.Xml.XmlTextReaderImpl.Read()
   at System.Xml.XmlLoader.LoadNode(Boolean skipOverWhitespace)
   at System.Xml.XmlLoader.LoadDocSequence(XmlDocument parentDoc)
   at System.Xml.XmlLoader.Load(XmlDocument doc, XmlReader reader, Boolean preserveWhitespace)
   at System.Xml.XmlDocument.Load(XmlReader reader)
   at System.Xml.XmlDocument.Load(String filename)
   at DataAnalyzer.Support.FileManager.WriteInputMessage(InputMessages Message, String FileName) in D:\NEW LIVE PROJECT\Extrnal soures\Extrnal soures\DataAnalyzer\Support\FileManager.cs:line 1102

--------------------------------------------------------------------------------------------------------
08-30-2026 10:40:54
'.', hexadecimal value 0x00, is an invalid character. Line 69648, position 14.
   at System.Xml.XmlTextReaderImpl.Throw(Exception e)
   at System.Xml.XmlTextReaderImpl.Throw(String res, String[] args)
   at System.Xml.XmlTextReaderImpl.ParseText(Int32& startPos, Int32& endPos, Int32& outOrChars)
   at System.Xml.XmlTextReaderImpl.ParseText()
   at System.Xml.XmlTextReaderImpl.ParseElementContent()
   at System.Xml.XmlTextReaderImpl.Read()
   at System.Xml.XmlLoader.LoadNode(Boolean skipOverWhitespace)
   at System.Xml.XmlLoader.LoadDocSequence(XmlDocument parentDoc)
   at System.Xml.XmlLoader.Load(XmlDocument doc, XmlReader reader, Boolean preserveWhitespace)
   at System.Xml.XmlDocument.Load(XmlReader reader)
   at System.Xml.XmlDocument.Load(String filename)
   at DataAnalyzer.Support.FileManager.WriteInputMessage(InputMessages Message, String FileName) in D:\NEW LIVE PROJECT\Extrnal soures\Extrnal soures\DataAnalyzer\Support\FileManager.cs:line 1102

--------------------------------------------------------------------------------------------------------
08-30-2026 10:41:28
'.', hexadecimal value 0x00, is an invalid character. Line 69648, position 14.
   at System.Xml.XmlTextReaderImpl.Throw(Exception e)
   at System.Xml.XmlTextReaderImpl.Throw(String res, String[] args)
   at System.Xml.XmlTextReaderImpl.ParseText(Int32& startPos, Int32& endPos, Int32& outOrChars)
   at System.Xml.XmlTextReaderImpl.ParseText()
   at System.Xml.XmlTextReaderImpl.ParseElementContent()
   at System.Xml.XmlTextReaderImpl.Read()
   at System.Xml.XmlLoader.LoadNode(Boolean skipOverWhitespace)
   at System.Xml.XmlLoader.LoadDocSequence(XmlDocument parentDoc)
   at System.Xml.XmlLoader.Load(XmlDocument doc, XmlReader reader, Boolean preserveWhitespace)
   at System.Xml.XmlDocument.Load(XmlReader reader)
   at System.Xml.XmlDocument.Load(String filename)
   at DataAnalyzer.Support.FileManager.WriteInputMessage(InputMessages Message, String FileName) in D:\NEW LIVE PROJECT\Extrnal soures\Extrnal soures\DataAnalyzer\Support\FileManager.cs:line 1102

--------------------------------------------------------------------------------------------------------
08-30-2026 10:41:45
'.', hexadecimal value 0x00, is an invalid character. Line 69648, position 14.
   at System.Xml.XmlTextReaderImpl.Throw(Exception e)
   at System.Xml.XmlTextReaderImpl.Throw(String res, String[] args)
   at System.Xml.XmlTextReaderImpl.ParseText(Int32& startPos, Int32& endPos, Int32& outOrChars)
   at System.Xml.XmlTextReaderImpl.ParseText()
   at System.Xml.XmlTextReaderImpl.ParseElementContent()
   at System.Xml.XmlTextReaderImpl.Read()
   at System.Xml.XmlLoader.LoadNode(Boolean skipOverWhitespace)
   at System.Xml.XmlLoader.LoadDocSequence(XmlDocument parentDoc)
   at System.Xml.XmlLoader.Load(XmlDocument doc, XmlReader reader, Boolean preserveWhitespace)
   at System.Xml.XmlDocument.Load(XmlReader reader)
   at System.Xml.XmlDocument.Load(String filename)
   at DataAnalyzer.Support.FileManager.WriteInputMessage(InputMessages Message, String FileName) in D:\NEW LIVE PROJECT\Extrnal soures\Extrnal soures\DataAnalyzer\Support\FileManager.cs:line 1102

--------------------------------------------------------------------------------------------------------
08-30-2026 10:41:54
'.', hexadecimal value 0x00, is an invalid character. Line 69648, position 14.
   at System.Xml.XmlTextReaderImpl.Throw(Exception e)
   at System.Xml.XmlTextReaderImpl.Throw(String res, String[] args)
   at System.Xml.XmlTextReaderImpl.ParseText(Int32& startPos, Int32& endPos, Int32& outOrChars)
   at System.Xml.XmlTextReaderImpl.ParseText()
   at System.Xml.XmlTextReaderImpl.ParseElementContent()
   at System.Xml.XmlTextReaderImpl.Read()
   at System.Xml.XmlLoader.LoadNode(Boolean skipOverWhitespace)
   at System.Xml.XmlLoader.LoadDocSequence(XmlDocument parentDoc)
   at System.Xml.XmlLoader.Load(XmlDocument doc, XmlReader reader, Boolean preserveWhitespace)
   at System.Xml.XmlDocument.Load(XmlReader reader)
   at System.Xml.XmlDocument.Load(String filename)
   at DataAnalyzer.Support.FileManager.WriteInputMessage(InputMessages Message, String FileName) in D:\NEW LIVE PROJECT\Extrnal soures\Extrnal soures\DataAnalyzer\Support\FileManager.cs:line 1102

--------------------------------------------------------------------------------------------------------
08-30-2026 10:43:02
'.', hexadecimal value 0x00, is an invalid character. Line 69648, position 14.
   at System.Xml.XmlTextReaderImpl.Throw(Exception e)
   at System.Xml.XmlTextReaderImpl.Throw(String res, String[] args)
   at System.Xml.XmlTextReaderImpl.ParseText(Int32& startPos, Int32& endPos, Int32& outOrChars)
   at System.Xml.XmlTextReaderImpl.ParseText()
   at System.Xml.XmlTextReaderImpl.ParseElementContent()
   at System.Xml.XmlTextReaderImpl.Read()
   at System.Xml.XmlLoader.LoadNode(Boolean skipOverWhitespace)
   at System.Xml.XmlLoader.LoadDocSequence(XmlDocument parentDoc)
   at System.Xml.XmlLoader.Load(XmlDocument doc, XmlReader reader, Boolean preserveWhitespace)
   at System.Xml.XmlDocument.Load(XmlReader reader)
   at System.Xml.XmlDocument.Load(String filename)
   at DataAnalyzer.Support.FileManager.WriteInputMessage(InputMessages Message, String FileName) in D:\NEW LIVE PROJECT\Extrnal soures\Extrnal soures\DataAnalyzer\Support\FileManager.cs:line 1102

--------------------------------------------------------------------------------------------------------
08-30-2026 10:43:19
'.', hexadecimal value 0x00, is an invalid character. Line 69648, position 14.
   at System.Xml.XmlTextReaderImpl.Throw(Exception e)
   at System.Xml.XmlTextReaderImpl.Throw(String res, String[] args)
   at System.Xml.XmlTextReaderImpl.ParseText(Int32& startPos, Int32& endPos, Int32& outOrChars)
   at System.Xml.XmlTextReaderImpl.ParseText()
   at System.Xml.XmlTextReaderImpl.ParseElementContent()
   at System.Xml.XmlTextReaderImpl.Read()
   at System.Xml.XmlLoader.LoadNode(Boolean skipOverWhitespace)
   at System.Xml.XmlLoader.LoadDocSequence(XmlDocument parentDoc)
   at System.Xml.XmlLoader.Load(XmlDocument doc, XmlReader reader, Boolean preserveWhitespace)
   at System.Xml.XmlDocument.Load(XmlReader reader)
   at System.Xml.XmlDocument.Load(String filename)
   at DataAnalyzer.Support.FileManager.WriteInputMessage(InputMessages Message, String FileName) in D:\NEW LIVE PROJECT\Extrnal soures\Extrnal soures\DataAnalyzer\Support\FileManager.cs:line 1102

--------------------------------------------------------------------------------------------------------
08-30-2026 10:43:28
'.', hexadecimal value 0x00, is an invalid character. Line 69648, position 14.
   at System.Xml.XmlTextReaderImpl.Throw(Exception e)
   at System.Xml.XmlTextReaderImpl.Throw(String res, String[] args)
   at System.Xml.XmlTextReaderImpl.ParseText(Int32& startPos, Int32& endPos, Int32& outOrChars)
   at System.Xml.XmlTextReaderImpl.ParseText()
   at System.Xml.XmlTextReaderImpl.ParseElementContent()
   at System.Xml.XmlTextReaderImpl.Read()
   at System.Xml.XmlLoader.LoadNode(Boolean skipOverWhitespace)
   at System.Xml.XmlLoader.LoadDocSequence(XmlDocument parentDoc)
   at System.Xml.XmlLoader.Load(XmlDocument doc, XmlReader reader, Boolean preserveWhitespace)
   at System.Xml.XmlDocument.Load(XmlReader reader)
   at System.Xml.XmlDocument.Load(String filename)
   at DataAnalyzer.Support.FileManager.WriteInputMessage(InputMessages Message, String FileName) in D:\NEW LIVE PROJECT\Extrnal soures\Extrnal soures\DataAnalyzer\Support\FileManager.cs:line 1102

--------------------------------------------------------------------------------------------------------
08-30-2026 10:45:11
'.', hexadecimal value 0x00, is an invalid character. Line 69648, position 14.
   at System.Xml.XmlTextReaderImpl.Throw(Exception e)
   at System.Xml.XmlTextReaderImpl.Throw(String res, String[] args)
   at System.Xml.XmlTextReaderImpl.ParseText(Int32& startPos, Int32& endPos, Int32& outOrChars)
   at System.Xml.XmlTextReaderImpl.ParseText()
   at System.Xml.XmlTextReaderImpl.ParseElementContent()
   at System.Xml.XmlTextReaderImpl.Read()
   at System.Xml.XmlLoader.LoadNode(Boolean skipOverWhitespace)
   at System.Xml.XmlLoader.LoadDocSequence(XmlDocument parentDoc)
   at System.Xml.XmlLoader.Load(XmlDocument doc, XmlReader reader, Boolean preserveWhitespace)
   at System.Xml.XmlDocument.Load(XmlReader reader)
   at System.Xml.XmlDocument.Load(String filename)
   at DataAnalyzer.Support.FileManager.WriteInputMessage(InputMessages Message, String FileName) in D:\NEW LIVE PROJECT\Extrnal soures\Extrnal soures\DataAnalyzer\Support\FileManager.cs:line 1102

--------------------------------------------------------------------------------------------------------
08-30-2026 10:47:53
'.', hexadecimal value 0x00, is an invalid character. Line 69648, position 14.
   at System.Xml.XmlTextReaderImpl.Throw(Exception e)
   at System.Xml.XmlTextReaderImpl.Throw(String res, String[] args)
   at System.Xml.XmlTextReaderImpl.ParseText(Int32& startPos, Int32& endPos, Int32& outOrChars)
   at System.Xml.XmlTextReaderImpl.ParseText()
   at System.Xml.XmlTextReaderImpl.ParseElementContent()
   at System.Xml.XmlTextReaderImpl.Read()
   at System.Xml.XmlLoader.LoadNode(Boolean skipOverWhitespace)
   at System.Xml.XmlLoader.LoadDocSequence(XmlDocument parentDoc)
   at System.Xml.XmlLoader.Load(XmlDocument doc, XmlReader reader, Boolean preserveWhitespace)
   at System.Xml.XmlDocument.Load(XmlReader reader)
   at System.Xml.XmlDocument.Load(String filename)
   at DataAnalyzer.Support.FileManager.WriteInputMessage(InputMessages Message, String FileName) in D:\NEW LIVE PROJECT\Extrnal soures\Extrnal soures\DataAnalyzer\Support\FileManager.cs:line 1102

--------------------------------------------------------------------------------------------------------
08-30-2026 10:50:52
'.', hexadecimal value 0x00, is an invalid character. Line 69648, position 14.
   at System.Xml.XmlTextReaderImpl.Throw(Exception e)
   at System.Xml.XmlTextReaderImpl.Throw(String res, String[] args)
   at System.Xml.XmlTextReaderImpl.ParseText(Int32& startPos, Int32& endPos, Int32& outOrChars)
   at System.Xml.XmlTextReaderImpl.ParseText()
   at System.Xml.XmlTextReaderImpl.ParseElementContent()
   at System.Xml.XmlTextReaderImpl.Read()
   at System.Xml.XmlLoader.LoadNode(Boolean skipOverWhitespace)
   at System.Xml.XmlLoader.LoadDocSequence(XmlDocument parentDoc)
   at System.Xml.XmlLoader.Load(XmlDocument doc, XmlReader reader, Boolean preserveWhitespace)
   at System.Xml.XmlDocument.Load(XmlReader reader)
   at System.Xml.XmlDocument.Load(String filename)
   at DataAnalyzer.Support.FileManager.WriteInputMessage(InputMessages Message, String FileName) in D:\NEW LIVE PROJECT\Extrnal soures\Extrnal soures\DataAnalyzer\Support\FileManager.cs:line 1102

--------------------------------------------------------------------------------------------------------
08-30-2026 10:51:10
'.', hexadecimal value 0x00, is an invalid character. Line 69648, position 14.
   at System.Xml.XmlTextReaderImpl.Throw(Exception e)
   at System.Xml.XmlTextReaderImpl.Throw(String res, String[] args)
   at System.Xml.XmlTextReaderImpl.ParseText(Int32& startPos, Int32& endPos, Int32& outOrChars)
   at System.Xml.XmlTextReaderImpl.ParseText()
   at System.Xml.XmlTextReaderImpl.ParseElementContent()
   at System.Xml.XmlTextReaderImpl.Read()
   at System.Xml.XmlLoader.LoadNode(Boolean skipOverWhitespace)
   at System.Xml.XmlLoader.LoadDocSequence(XmlDocument parentDoc)
   at System.Xml.XmlLoader.Load(XmlDocument doc, XmlReader reader, Boolean preserveWhitespace)
   at System.Xml.XmlDocument.Load(XmlReader reader)
   at System.Xml.XmlDocument.Load(String filename)
   at DataAnalyzer.Support.FileManager.WriteInputMessage(InputMessages Message, String FileName) in D:\NEW LIVE PROJECT\Extrnal soures\Extrnal soures\DataAnalyzer\Support\FileManager.cs:line 1102

--------------------------------------------------------------------------------------------------------
08-30-2026 11:09:58
'.', hexadecimal value 0x00, is an invalid character. Line 69648, position 14.
   at System.Xml.XmlTextReaderImpl.Throw(Exception e)
   at System.Xml.XmlTextReaderImpl.Throw(String res, String[] args)
   at System.Xml.XmlTextReaderImpl.ParseText(Int32& startPos, Int32& endPos, Int32& outOrChars)
   at System.Xml.XmlTextReaderImpl.ParseText()
   at System.Xml.XmlTextReaderImpl.ParseElementContent()
   at System.Xml.XmlTextReaderImpl.Read()
   at System.Xml.XmlLoader.LoadNode(Boolean skipOverWhitespace)
   at System.Xml.XmlLoader.LoadDocSequence(XmlDocument parentDoc)
   at System.Xml.XmlLoader.Load(XmlDocument doc, XmlReader reader, Boolean preserveWhitespace)
   at System.Xml.XmlDocument.Load(XmlReader reader)
   at System.Xml.XmlDocument.Load(String filename)
   at DataAnalyzer.Support.FileManager.WriteInputMessage(InputMessages Message, String FileName) in D:\NEW LIVE PROJECT\Extrnal soures\Extrnal soures\DataAnalyzer\Support\FileManager.cs:line 1102

--------------------------------------------------------------------------------------------------------
08-30-2026 11:20:40
'.', hexadecimal value 0x00, is an invalid character. Line 69648, position 14.
   at System.Xml.XmlTextReaderImpl.Throw(Exception e)
   at System.Xml.XmlTextReaderImpl.Throw(String res, String[] args)
   at System.Xml.XmlTextReaderImpl.ParseText(Int32& startPos, Int32& endPos, Int32& outOrChars)
   at System.Xml.XmlTextReaderImpl.ParseText()
   at System.Xml.XmlTextReaderImpl.ParseElementContent()
   at System.Xml.XmlTextReaderImpl.Read()
   at System.Xml.XmlLoader.LoadNode(Boolean skipOverWhitespace)
   at System.Xml.XmlLoader.LoadDocSequence(XmlDocument parentDoc)
   at System.Xml.XmlLoader.Load(XmlDocument doc, XmlReader reader, Boolean preserveWhitespace)
   at System.Xml.XmlDocument.Load(XmlReader reader)
   at System.Xml.XmlDocument.Load(String filename)
   at DataAnalyzer.Support.FileManager.WriteInputMessage(InputMessages Message, String FileName) in D:\NEW LIVE PROJECT\Extrnal soures\Extrnal soures\DataAnalyzer\Support\FileManager.cs:line 1102

--------------------------------------------------------------------------------------------------------
08-30-2026 11:28:46
'.', hexadecimal value 0x00, is an invalid character. Line 69648, position 14.
   at System.Xml.XmlTextReaderImpl.Throw(Exception e)
   at System.Xml.XmlTextReaderImpl.Throw(String res, String[] args)
   at System.Xml.XmlTextReaderImpl.ParseText(Int32& startPos, Int32& endPos, Int32& outOrChars)
   at System.Xml.XmlTextReaderImpl.ParseText()
   at System.Xml.XmlTextReaderImpl.ParseElementContent()
   at System.Xml.XmlTextReaderImpl.Read()
   at System.Xml.XmlLoader.LoadNode(Boolean skipOverWhitespace)
   at System.Xml.XmlLoader.LoadDocSequence(XmlDocument parentDoc)
   at System.Xml.XmlLoader.Load(XmlDocument doc, XmlReader reader, Boolean preserveWhitespace)
   at System.Xml.XmlDocument.Load(XmlReader reader)
   at System.Xml.XmlDocument.Load(String filename)
   at DataAnalyzer.Support.FileManager.WriteInputMessage(InputMessages Message, String FileName) in D:\NEW LIVE PROJECT\Extrnal soures\Extrnal soures\DataAnalyzer\Support\FileManager.cs:line 1102

--------------------------------------------------------------------------------------------------------
08-30-2026 11:46:11
'.', hexadecimal value 0x00, is an invalid character. Line 69648, position 14.
   at System.Xml.XmlTextReaderImpl.Throw(Exception e)
   at System.Xml.XmlTextReaderImpl.Throw(String res, String[] args)
   at System.Xml.XmlTextReaderImpl.ParseText(Int32& startPos, Int32& endPos, Int32& outOrChars)
   at System.Xml.XmlTextReaderImpl.ParseText()
   at System.Xml.XmlTextReaderImpl.ParseElementContent()
   at System.Xml.XmlTextReaderImpl.Read()
   at System.Xml.XmlLoader.LoadNode(Boolean skipOverWhitespace)
   at System.Xml.XmlLoader.LoadDocSequence(XmlDocument parentDoc)
   at System.Xml.XmlLoader.Load(XmlDocument doc, XmlReader reader, Boolean preserveWhitespace)
   at System.Xml.XmlDocument.Load(XmlReader reader)
   at System.Xml.XmlDocument.Load(String filename)
   at DataAnalyzer.Support.FileManager.WriteInputMessage(InputMessages Message, String FileName) in D:\NEW LIVE PROJECT\Extrnal soures\Extrnal soures\DataAnalyzer\Support\FileManager.cs:line 1102

--------------------------------------------------------------------------------------------------------
08-30-2026 11:48:31
'.', hexadecimal value 0x00, is an invalid character. Line 69648, position 14.
   at System.Xml.XmlTextReaderImpl.Throw(Exception e)
   at System.Xml.XmlTextReaderImpl.Throw(String res, String[] args)
   at System.Xml.XmlTextReaderImpl.ParseText(Int32& startPos, Int32& endPos, Int32& outOrChars)
   at System.Xml.XmlTextReaderImpl.ParseText()
   at System.Xml.XmlTextReaderImpl.ParseElementContent()
   at System.Xml.XmlTextReaderImpl.Read()
   at System.Xml.XmlLoader.LoadNode(Boolean skipOverWhitespace)
   at System.Xml.XmlLoader.LoadDocSequence(XmlDocument parentDoc)
   at System.Xml.XmlLoader.Load(XmlDocument doc, XmlReader reader, Boolean preserveWhitespace)
   at System.Xml.XmlDocument.Load(XmlReader reader)
   at System.Xml.XmlDocument.Load(String filename)
   at DataAnalyzer.Support.FileManager.WriteInputMessage(InputMessages Message, String FileName) in D:\NEW LIVE PROJECT\Extrnal soures\Extrnal soures\DataAnalyzer\Support\FileManager.cs:line 1102

--------------------------------------------------------------------------------------------------------
08-30-2026 12:07:26
'.', hexadecimal value 0x00, is an invalid character. Line 69648, position 14.
   at System.Xml.XmlTextReaderImpl.Throw(Exception e)
   at System.Xml.XmlTextReaderImpl.Throw(String res, String[] args)
   at System.Xml.XmlTextReaderImpl.ParseText(Int32& startPos, Int32& endPos, Int32& outOrChars)
   at System.Xml.XmlTextReaderImpl.ParseText()
   at System.Xml.XmlTextReaderImpl.ParseElementContent()
   at System.Xml.XmlTextReaderImpl.Read()
   at System.Xml.XmlLoader.LoadNode(Boolean skipOverWhitespace)
   at System.Xml.XmlLoader.LoadDocSequence(XmlDocument parentDoc)
   at System.Xml.XmlLoader.Load(XmlDocument doc, XmlReader reader, Boolean preserveWhitespace)
   at System.Xml.XmlDocument.Load(XmlReader reader)
   at System.Xml.XmlDocument.Load(String filename)
   at DataAnalyzer.Support.FileManager.WriteInputMessage(InputMessages Message, String FileName) in D:\NEW LIVE PROJECT\Extrnal soures\Extrnal soures\DataAnalyzer\Support\FileManager.cs:line 1102

--------------------------------------------------------------------------------------------------------
08-30-2026 12:17:17
'.', hexadecimal value 0x00, is an invalid character. Line 69648, position 14.
   at System.Xml.XmlTextReaderImpl.Throw(Exception e)
   at System.Xml.XmlTextReaderImpl.Throw(String res, String[] args)
   at System.Xml.XmlTextReaderImpl.ParseText(Int32& startPos, Int32& endPos, Int32& outOrChars)
   at System.Xml.XmlTextReaderImpl.ParseText()
   at System.Xml.XmlTextReaderImpl.ParseElementContent()
   at System.Xml.XmlTextReaderImpl.Read()
   at System.Xml.XmlLoader.LoadNode(Boolean skipOverWhitespace)
   at System.Xml.XmlLoader.LoadDocSequence(XmlDocument parentDoc)
   at System.Xml.XmlLoader.Load(XmlDocument doc, XmlReader reader, Boolean preserveWhitespace)
   at System.Xml.XmlDocument.Load(XmlReader reader)
   at System.Xml.XmlDocument.Load(String filename)
   at DataAnalyzer.Support.FileManager.WriteInputMessage(InputMessages Message, String FileName) in D:\NEW LIVE PROJECT\Extrnal soures\Extrnal soures\DataAnalyzer\Support\FileManager.cs:line 1102

--------------------------------------------------------------------------------------------------------
08-30-2026 12:19:25
'.', hexadecimal value 0x00, is an invalid character. Line 69648, position 14.
   at System.Xml.XmlTextReaderImpl.Throw(Exception e)
   at System.Xml.XmlTextReaderImpl.Throw(String res, String[] args)
   at System.Xml.XmlTextReaderImpl.ParseText(Int32& startPos, Int32& endPos, Int32& outOrChars)
   at System.Xml.XmlTextReaderImpl.ParseText()
   at System.Xml.XmlTextReaderImpl.ParseElementContent()
   at System.Xml.XmlTextReaderImpl.Read()
   at System.Xml.XmlLoader.LoadNode(Boolean skipOverWhitespace)
   at System.Xml.XmlLoader.LoadDocSequence(XmlDocument parentDoc)
   at System.Xml.XmlLoader.Load(XmlDocument doc, XmlReader reader, Boolean preserveWhitespace)
   at System.Xml.XmlDocument.Load(XmlReader reader)
   at System.Xml.XmlDocument.Load(String filename)
   at DataAnalyzer.Support.FileManager.WriteInputMessage(InputMessages Message, String FileName) in D:\NEW LIVE PROJECT\Extrnal soures\Extrnal soures\DataAnalyzer\Support\FileManager.cs:line 1102

--------------------------------------------------------------------------------------------------------
08-30-2026 14:32:05
A transport-level error has occurred when receiving results from the server. (provider: TCP Provider, error: 0 - The specified network name is no longer available.)
   at System.Data.SqlClient.SqlConnection.OnError(SqlException exception, Boolean breakConnection, Action`1 wrapCloseInAction)
   at System.Data.SqlClient.SqlInternalConnection.OnError(SqlException exception, Boolean breakConnection, Action`1 wrapCloseInAction)
   at System.Data.SqlClient.TdsParser.ThrowExceptionAndWarning(TdsParserStateObject stateObj, Boolean callerHasConnectionLock, Boolean asyncClose)
   at System.Data.SqlClient.TdsParserStateObject.ReadSniError(TdsParserStateObject stateObj, UInt32 error)
   at System.Data.SqlClient.TdsParserStateObject.ReadSniSyncOverAsync()
   at System.Data.SqlClient.TdsParserStateObject.TryReadNetworkPacket()
   at System.Data.SqlClient.TdsParserStateObject.TryPrepareBuffer()
   at System.Data.SqlClient.TdsParserStateObject.TryReadByte(Byte& value)
   at System.Data.SqlClient.TdsParser.TryRun(RunBehavior runBehavior, SqlCommand cmdHandler, SqlDataReader dataStream, BulkCopySimpleResultSet bulkCopyHandler, TdsParserStateObject stateObj, Boolean& dataReady)
   at System.Data.SqlClient.SqlDataReader.TryConsumeMetaData()
   at System.Data.SqlClient.SqlDataReader.get_MetaData()
   at System.Data.SqlClient.SqlCommand.FinishExecuteReader(SqlDataReader ds, RunBehavior runBehavior, String resetOptionsString, Boolean isInternal, Boolean forDescribeParameterEncryption, Boolean shouldCacheForAlwaysEncrypted)
   at System.Data.SqlClient.SqlCommand.RunExecuteReaderTds(CommandBehavior cmdBehavior, RunBehavior runBehavior, Boolean returnStream, Boolean async, Int32 timeout, Task& task, Boolean asyncWrite, Boolean inRetry, SqlDataReader ds, Boolean describeParameterEncryptionRequest)
   at System.Data.SqlClient.SqlCommand.RunExecuteReader(CommandBehavior cmdBehavior, RunBehavior runBehavior, Boolean returnStream, String method, TaskCompletionSource`1 completion, Int32 timeout, Task& task, Boolean& usedCache, Boolean asyncWrite, Boolean inRetry)
   at System.Data.SqlClient.SqlCommand.RunExecuteReader(CommandBehavior cmdBehavior, RunBehavior runBehavior, Boolean returnStream, String method)
   at System.Data.SqlClient.SqlCommand.ExecuteReader(CommandBehavior behavior, String method)
   at System.Data.SqlClient.SqlCommand.ExecuteReader()
   at DataAnalyzer.Support.Dataaccess.IntegrationOrders(List`1 req, String format) in D:\NEW LIVE PROJECT\Extrnal soures\Extrnal soures\DataAnalyzer\Support\Dataaccess.cs:line 1041

--------------------------------------------------------------------------------------------------------
08-30-2026 14:36:07
'.', hexadecimal value 0x00, is an invalid character. Line 69648, position 14.
   at System.Xml.XmlTextReaderImpl.Throw(Exception e)
   at System.Xml.XmlTextReaderImpl.Throw(String res, String[] args)
   at System.Xml.XmlTextReaderImpl.ParseText(Int32& startPos, Int32& endPos, Int32& outOrChars)
   at System.Xml.XmlTextReaderImpl.ParseText()
   at System.Xml.XmlTextReaderImpl.ParseElementContent()
   at System.Xml.XmlTextReaderImpl.Read()
   at System.Xml.XmlLoader.LoadNode(Boolean skipOverWhitespace)
   at System.Xml.XmlLoader.LoadDocSequence(XmlDocument parentDoc)
   at System.Xml.XmlLoader.Load(XmlDocument doc, XmlReader reader, Boolean preserveWhitespace)
   at System.Xml.XmlDocument.Load(XmlReader reader)
   at System.Xml.XmlDocument.Load(String filename)
   at DataAnalyzer.Support.FileManager.WriteInputMessage(InputMessages Message, String FileName) in D:\NEW LIVE PROJECT\Extrnal soures\Extrnal soures\DataAnalyzer\Support\FileManager.cs:line 1102

--------------------------------------------------------------------------------------------------------
08-30-2026 14:36:29
'.', hexadecimal value 0x00, is an invalid character. Line 69648, position 14.
   at System.Xml.XmlTextReaderImpl.Throw(Exception e)
   at System.Xml.XmlTextReaderImpl.Throw(String res, String[] args)
   at System.Xml.XmlTextReaderImpl.ParseText(Int32& startPos, Int32& endPos, Int32& outOrChars)
   at System.Xml.XmlTextReaderImpl.ParseText()
   at System.Xml.XmlTextReaderImpl.ParseElementContent()
   at System.Xml.XmlTextReaderImpl.Read()
   at System.Xml.XmlLoader.LoadNode(Boolean skipOverWhitespace)
   at System.Xml.XmlLoader.LoadDocSequence(XmlDocument parentDoc)
   at System.Xml.XmlLoader.Load(XmlDocument doc, XmlReader reader, Boolean preserveWhitespace)
   at System.Xml.XmlDocument.Load(XmlReader reader)
   at System.Xml.XmlDocument.Load(String filename)
   at DataAnalyzer.Support.FileManager.WriteInputMessage(InputMessages Message, String FileName) in D:\NEW LIVE PROJECT\Extrnal soures\Extrnal soures\DataAnalyzer\Support\FileManager.cs:line 1102

--------------------------------------------------------------------------------------------------------
08-30-2026 14:36:42
Execution Timeout Expired.  The timeout period elapsed prior to completion of the operation or the server is not responding.
   at System.Data.SqlClient.SqlInternalConnection.OnError(SqlException exception, Boolean breakConnection, Action`1 wrapCloseInAction)
   at System.Data.SqlClient.TdsParser.ThrowExceptionAndWarning(TdsParserStateObject stateObj, Boolean callerHasConnectionLock, Boolean asyncClose)
   at System.Data.SqlClient.TdsParserStateObject.ReadSniError(TdsParserStateObject stateObj, UInt32 error)
   at System.Data.SqlClient.TdsParserStateObject.ReadSniSyncOverAsync()
   at System.Data.SqlClient.TdsParserStateObject.TryReadNetworkPacket()
   at System.Data.SqlClient.TdsParserStateObject.TryPrepareBuffer()
   at System.Data.SqlClient.TdsParserStateObject.TryReadByte(Byte& value)
   at System.Data.SqlClient.TdsParser.TryRun(RunBehavior runBehavior, SqlCommand cmdHandler, SqlDataReader dataStream, BulkCopySimpleResultSet bulkCopyHandler, TdsParserStateObject stateObj, Boolean& dataReady)
   at System.Data.SqlClient.SqlDataReader.TryConsumeMetaData()
   at System.Data.SqlClient.SqlDataReader.get_MetaData()
   at System.Data.SqlClient.SqlCommand.FinishExecuteReader(SqlDataReader ds, RunBehavior runBehavior, String resetOptionsString, Boolean isInternal, Boolean forDescribeParameterEncryption, Boolean shouldCacheForAlwaysEncrypted)
   at System.Data.SqlClient.SqlCommand.RunExecuteReaderTds(CommandBehavior cmdBehavior, RunBehavior runBehavior, Boolean returnStream, Boolean async, Int32 timeout, Task& task, Boolean asyncWrite, Boolean inRetry, SqlDataReader ds, Boolean describeParameterEncryptionRequest)
   at System.Data.SqlClient.SqlCommand.RunExecuteReader(CommandBehavior cmdBehavior, RunBehavior runBehavior, Boolean returnStream, String method, TaskCompletionSource`1 completion, Int32 timeout, Task& task, Boolean& usedCache, Boolean asyncWrite, Boolean inRetry)
   at System.Data.SqlClient.SqlCommand.RunExecuteReader(CommandBehavior cmdBehavior, RunBehavior runBehavior, Boolean returnStream, String method)
   at System.Data.SqlClient.SqlCommand.ExecuteReader(CommandBehavior behavior, String method)
   at System.Data.SqlClient.SqlCommand.ExecuteReader()
   at DataAnalyzer.Support.Dataaccess.Machinemapping(String S2MachineID) in D:\NEW LIVE PROJECT\Extrnal soures\Extrnal soures\DataAnalyzer\Support\Dataaccess.cs:line 219

--------------------------------------------------------------------------------------------------------
08-30-2026 14:37:04
Execution Timeout Expired.  The timeout period elapsed prior to completion of the operation or the server is not responding.
   at System.Data.SqlClient.SqlInternalConnection.OnError(SqlException exception, Boolean breakConnection, Action`1 wrapCloseInAction)
   at System.Data.SqlClient.TdsParser.ThrowExceptionAndWarning(TdsParserStateObject stateObj, Boolean callerHasConnectionLock, Boolean asyncClose)
   at System.Data.SqlClient.TdsParserStateObject.ReadSniError(TdsParserStateObject stateObj, UInt32 error)
   at System.Data.SqlClient.TdsParserStateObject.ReadSniSyncOverAsync()
   at System.Data.SqlClient.TdsParserStateObject.TryReadNetworkPacket()
   at System.Data.SqlClient.TdsParserStateObject.TryPrepareBuffer()
   at System.Data.SqlClient.TdsParserStateObject.TryReadByte(Byte& value)
   at System.Data.SqlClient.TdsParser.TryRun(RunBehavior runBehavior, SqlCommand cmdHandler, SqlDataReader dataStream, BulkCopySimpleResultSet bulkCopyHandler, TdsParserStateObject stateObj, Boolean& dataReady)
   at System.Data.SqlClient.SqlDataReader.TryConsumeMetaData()
   at System.Data.SqlClient.SqlDataReader.get_MetaData()
   at System.Data.SqlClient.SqlCommand.FinishExecuteReader(SqlDataReader ds, RunBehavior runBehavior, String resetOptionsString, Boolean isInternal, Boolean forDescribeParameterEncryption, Boolean shouldCacheForAlwaysEncrypted)
   at System.Data.SqlClient.SqlCommand.RunExecuteReaderTds(CommandBehavior cmdBehavior, RunBehavior runBehavior, Boolean returnStream, Boolean async, Int32 timeout, Task& task, Boolean asyncWrite, Boolean inRetry, SqlDataReader ds, Boolean describeParameterEncryptionRequest)
   at System.Data.SqlClient.SqlCommand.RunExecuteReader(CommandBehavior cmdBehavior, RunBehavior runBehavior, Boolean returnStream, String method, TaskCompletionSource`1 completion, Int32 timeout, Task& task, Boolean& usedCache, Boolean asyncWrite, Boolean inRetry)
   at System.Data.SqlClient.SqlCommand.RunExecuteReader(CommandBehavior cmdBehavior, RunBehavior runBehavior, Boolean returnStream, String method)
   at System.Data.SqlClient.SqlCommand.ExecuteReader(CommandBehavior behavior, String method)
   at System.Data.SqlClient.SqlCommand.ExecuteReader()
   at DataAnalyzer.Support.Dataaccess.Machinemapping(String S2MachineID) in D:\NEW LIVE PROJECT\Extrnal soures\Extrnal soures\DataAnalyzer\Support\Dataaccess.cs:line 219

--------------------------------------------------------------------------------------------------------
08-30-2026 14:39:37
'.', hexadecimal value 0x00, is an invalid character. Line 69648, position 14.
   at System.Xml.XmlTextReaderImpl.Throw(Exception e)
   at System.Xml.XmlTextReaderImpl.Throw(String res, String[] args)
   at System.Xml.XmlTextReaderImpl.ParseText(Int32& startPos, Int32& endPos, Int32& outOrChars)
   at System.Xml.XmlTextReaderImpl.ParseText()
   at System.Xml.XmlTextReaderImpl.ParseElementContent()
   at System.Xml.XmlTextReaderImpl.Read()
   at System.Xml.XmlLoader.LoadNode(Boolean skipOverWhitespace)
   at System.Xml.XmlLoader.LoadDocSequence(XmlDocument parentDoc)
   at System.Xml.XmlLoader.Load(XmlDocument doc, XmlReader reader, Boolean preserveWhitespace)
   at System.Xml.XmlDocument.Load(XmlReader reader)
   at System.Xml.XmlDocument.Load(String filename)
   at DataAnalyzer.Support.FileManager.WriteInputMessage(InputMessages Message, String FileName) in D:\NEW LIVE PROJECT\Extrnal soures\Extrnal soures\DataAnalyzer\Support\FileManager.cs:line 1102

--------------------------------------------------------------------------------------------------------
08-30-2026 14:40:12
Execution Timeout Expired.  The timeout period elapsed prior to completion of the operation or the server is not responding.
   at System.Data.SqlClient.SqlInternalConnection.OnError(SqlException exception, Boolean breakConnection, Action`1 wrapCloseInAction)
   at System.Data.SqlClient.TdsParser.ThrowExceptionAndWarning(TdsParserStateObject stateObj, Boolean callerHasConnectionLock, Boolean asyncClose)
   at System.Data.SqlClient.TdsParserStateObject.ReadSniError(TdsParserStateObject stateObj, UInt32 error)
   at System.Data.SqlClient.TdsParserStateObject.ReadSniSyncOverAsync()
   at System.Data.SqlClient.TdsParserStateObject.TryReadNetworkPacket()
   at System.Data.SqlClient.TdsParserStateObject.TryPrepareBuffer()
   at System.Data.SqlClient.TdsParserStateObject.TryReadByte(Byte& value)
   at System.Data.SqlClient.TdsParser.TryRun(RunBehavior runBehavior, SqlCommand cmdHandler, SqlDataReader dataStream, BulkCopySimpleResultSet bulkCopyHandler, TdsParserStateObject stateObj, Boolean& dataReady)
   at System.Data.SqlClient.SqlDataReader.TryConsumeMetaData()
   at System.Data.SqlClient.SqlDataReader.get_MetaData()
   at System.Data.SqlClient.SqlCommand.FinishExecuteReader(SqlDataReader ds, RunBehavior runBehavior, String resetOptionsString, Boolean isInternal, Boolean forDescribeParameterEncryption, Boolean shouldCacheForAlwaysEncrypted)
   at System.Data.SqlClient.SqlCommand.RunExecuteReaderTds(CommandBehavior cmdBehavior, RunBehavior runBehavior, Boolean returnStream, Boolean async, Int32 timeout, Task& task, Boolean asyncWrite, Boolean inRetry, SqlDataReader ds, Boolean describeParameterEncryptionRequest)
   at System.Data.SqlClient.SqlCommand.RunExecuteReader(CommandBehavior cmdBehavior, RunBehavior runBehavior, Boolean returnStream, String method, TaskCompletionSource`1 completion, Int32 timeout, Task& task, Boolean& usedCache, Boolean asyncWrite, Boolean inRetry)
   at System.Data.SqlClient.SqlCommand.RunExecuteReader(CommandBehavior cmdBehavior, RunBehavior runBehavior, Boolean returnStream, String method)
   at System.Data.SqlClient.SqlCommand.ExecuteReader(CommandBehavior behavior, String method)
   at System.Data.SqlClient.SqlCommand.ExecuteReader()
   at DataAnalyzer.Support.Dataaccess.Machinemapping(String S2MachineID) in D:\NEW LIVE PROJECT\Extrnal soures\Extrnal soures\DataAnalyzer\Support\Dataaccess.cs:line 219

--------------------------------------------------------------------------------------------------------
08-30-2026 14:44:11
'.', hexadecimal value 0x00, is an invalid character. Line 69648, position 14.
   at System.Xml.XmlTextReaderImpl.Throw(Exception e)
   at System.Xml.XmlTextReaderImpl.Throw(String res, String[] args)
   at System.Xml.XmlTextReaderImpl.ParseText(Int32& startPos, Int32& endPos, Int32& outOrChars)
   at System.Xml.XmlTextReaderImpl.ParseText()
   at System.Xml.XmlTextReaderImpl.ParseElementContent()
   at System.Xml.XmlTextReaderImpl.Read()
   at System.Xml.XmlLoader.LoadNode(Boolean skipOverWhitespace)
   at System.Xml.XmlLoader.LoadDocSequence(XmlDocument parentDoc)
   at System.Xml.XmlLoader.Load(XmlDocument doc, XmlReader reader, Boolean preserveWhitespace)
   at System.Xml.XmlDocument.Load(XmlReader reader)
   at System.Xml.XmlDocument.Load(String filename)
   at DataAnalyzer.Support.FileManager.WriteInputMessage(InputMessages Message, String FileName) in D:\NEW LIVE PROJECT\Extrnal soures\Extrnal soures\DataAnalyzer\Support\FileManager.cs:line 1102

--------------------------------------------------------------------------------------------------------
08-30-2026 14:44:28
'.', hexadecimal value 0x00, is an invalid character. Line 69648, position 14.
   at System.Xml.XmlTextReaderImpl.Throw(Exception e)
   at System.Xml.XmlTextReaderImpl.Throw(String res, String[] args)
   at System.Xml.XmlTextReaderImpl.ParseText(Int32& startPos, Int32& endPos, Int32& outOrChars)
   at System.Xml.XmlTextReaderImpl.ParseText()
   at System.Xml.XmlTextReaderImpl.ParseElementContent()
   at System.Xml.XmlTextReaderImpl.Read()
   at System.Xml.XmlLoader.LoadNode(Boolean skipOverWhitespace)
   at System.Xml.XmlLoader.LoadDocSequence(XmlDocument parentDoc)
   at System.Xml.XmlLoader.Load(XmlDocument doc, XmlReader reader, Boolean preserveWhitespace)
   at System.Xml.XmlDocument.Load(XmlReader reader)
   at System.Xml.XmlDocument.Load(String filename)
   at DataAnalyzer.Support.FileManager.WriteInputMessage(InputMessages Message, String FileName) in D:\NEW LIVE PROJECT\Extrnal soures\Extrnal soures\DataAnalyzer\Support\FileManager.cs:line 1102

--------------------------------------------------------------------------------------------------------
08-30-2026 14:44:36
'.', hexadecimal value 0x00, is an invalid character. Line 69648, position 14.
   at System.Xml.XmlTextReaderImpl.Throw(Exception e)
   at System.Xml.XmlTextReaderImpl.Throw(String res, String[] args)
   at System.Xml.XmlTextReaderImpl.ParseText(Int32& startPos, Int32& endPos, Int32& outOrChars)
   at System.Xml.XmlTextReaderImpl.ParseText()
   at System.Xml.XmlTextReaderImpl.ParseElementContent()
   at System.Xml.XmlTextReaderImpl.Read()
   at System.Xml.XmlLoader.LoadNode(Boolean skipOverWhitespace)
   at System.Xml.XmlLoader.LoadDocSequence(XmlDocument parentDoc)
   at System.Xml.XmlLoader.Load(XmlDocument doc, XmlReader reader, Boolean preserveWhitespace)
   at System.Xml.XmlDocument.Load(XmlReader reader)
   at System.Xml.XmlDocument.Load(String filename)
   at DataAnalyzer.Support.FileManager.WriteInputMessage(InputMessages Message, String FileName) in D:\NEW LIVE PROJECT\Extrnal soures\Extrnal soures\DataAnalyzer\Support\FileManager.cs:line 1102

--------------------------------------------------------------------------------------------------------
08-30-2026 14:44:46
Execution Timeout Expired.  The timeout period elapsed prior to completion of the operation or the server is not responding.
   at System.Data.SqlClient.SqlInternalConnection.OnError(SqlException exception, Boolean breakConnection, Action`1 wrapCloseInAction)
   at System.Data.SqlClient.TdsParser.ThrowExceptionAndWarning(TdsParserStateObject stateObj, Boolean callerHasConnectionLock, Boolean asyncClose)
   at System.Data.SqlClient.TdsParserStateObject.ReadSniError(TdsParserStateObject stateObj, UInt32 error)
   at System.Data.SqlClient.TdsParserStateObject.ReadSniSyncOverAsync()
   at System.Data.SqlClient.TdsParserStateObject.TryReadNetworkPacket()
   at System.Data.SqlClient.TdsParserStateObject.TryPrepareBuffer()
   at System.Data.SqlClient.TdsParserStateObject.TryReadByte(Byte& value)
   at System.Data.SqlClient.TdsParser.TryRun(RunBehavior runBehavior, SqlCommand cmdHandler, SqlDataReader dataStream, BulkCopySimpleResultSet bulkCopyHandler, TdsParserStateObject stateObj, Boolean& dataReady)
   at System.Data.SqlClient.SqlDataReader.TryConsumeMetaData()
   at System.Data.SqlClient.SqlDataReader.get_MetaData()
   at System.Data.SqlClient.SqlCommand.FinishExecuteReader(SqlDataReader ds, RunBehavior runBehavior, String resetOptionsString, Boolean isInternal, Boolean forDescribeParameterEncryption, Boolean shouldCacheForAlwaysEncrypted)
   at System.Data.SqlClient.SqlCommand.RunExecuteReaderTds(CommandBehavior cmdBehavior, RunBehavior runBehavior, Boolean returnStream, Boolean async, Int32 timeout, Task& task, Boolean asyncWrite, Boolean inRetry, SqlDataReader ds, Boolean describeParameterEncryptionRequest)
   at System.Data.SqlClient.SqlCommand.RunExecuteReader(CommandBehavior cmdBehavior, RunBehavior runBehavior, Boolean returnStream, String method, TaskCompletionSource`1 completion, Int32 timeout, Task& task, Boolean& usedCache, Boolean asyncWrite, Boolean inRetry)
   at System.Data.SqlClient.SqlCommand.RunExecuteReader(CommandBehavior cmdBehavior, RunBehavior runBehavior, Boolean returnStream, String method)
   at System.Data.SqlClient.SqlCommand.ExecuteReader(CommandBehavior behavior, String method)
   at System.Data.SqlClient.SqlCommand.ExecuteReader()
   at DataAnalyzer.Support.Dataaccess.Machinemapping(String S2MachineID) in D:\NEW LIVE PROJECT\Extrnal soures\Extrnal soures\DataAnalyzer\Support\Dataaccess.cs:line 219

--------------------------------------------------------------------------------------------------------
08-30-2026 14:44:53
'.', hexadecimal value 0x00, is an invalid character. Line 69648, position 14.
   at System.Xml.XmlTextReaderImpl.Throw(Exception e)
   at System.Xml.XmlTextReaderImpl.Throw(String res, String[] args)
   at System.Xml.XmlTextReaderImpl.ParseText(Int32& startPos, Int32& endPos, Int32& outOrChars)
   at System.Xml.XmlTextReaderImpl.ParseText()
   at System.Xml.XmlTextReaderImpl.ParseElementContent()
   at System.Xml.XmlTextReaderImpl.Read()
   at System.Xml.XmlLoader.LoadNode(Boolean skipOverWhitespace)
   at System.Xml.XmlLoader.LoadDocSequence(XmlDocument parentDoc)
   at System.Xml.XmlLoader.Load(XmlDocument doc, XmlReader reader, Boolean preserveWhitespace)
   at System.Xml.XmlDocument.Load(XmlReader reader)
   at System.Xml.XmlDocument.Load(String filename)
   at DataAnalyzer.Support.FileManager.WriteInputMessage(InputMessages Message, String FileName) in D:\NEW LIVE PROJECT\Extrnal soures\Extrnal soures\DataAnalyzer\Support\FileManager.cs:line 1102

--------------------------------------------------------------------------------------------------------
08-30-2026 14:45:03
Execution Timeout Expired.  The timeout period elapsed prior to completion of the operation or the server is not responding.
   at System.Data.SqlClient.SqlInternalConnection.OnError(SqlException exception, Boolean breakConnection, Action`1 wrapCloseInAction)
   at System.Data.SqlClient.TdsParser.ThrowExceptionAndWarning(TdsParserStateObject stateObj, Boolean callerHasConnectionLock, Boolean asyncClose)
   at System.Data.SqlClient.TdsParserStateObject.ReadSniError(TdsParserStateObject stateObj, UInt32 error)
   at System.Data.SqlClient.TdsParserStateObject.ReadSniSyncOverAsync()
   at System.Data.SqlClient.TdsParserStateObject.TryReadNetworkPacket()
   at System.Data.SqlClient.TdsParserStateObject.TryPrepareBuffer()
   at System.Data.SqlClient.TdsParserStateObject.TryReadByte(Byte& value)
   at System.Data.SqlClient.TdsParser.TryRun(RunBehavior runBehavior, SqlCommand cmdHandler, SqlDataReader dataStream, BulkCopySimpleResultSet bulkCopyHandler, TdsParserStateObject stateObj, Boolean& dataReady)
   at System.Data.SqlClient.SqlDataReader.TryConsumeMetaData()
   at System.Data.SqlClient.SqlDataReader.get_MetaData()
   at System.Data.SqlClient.SqlCommand.FinishExecuteReader(SqlDataReader ds, RunBehavior runBehavior, String resetOptionsString, Boolean isInternal, Boolean forDescribeParameterEncryption, Boolean shouldCacheForAlwaysEncrypted)
   at System.Data.SqlClient.SqlCommand.RunExecuteReaderTds(CommandBehavior cmdBehavior, RunBehavior runBehavior, Boolean returnStream, Boolean async, Int32 timeout, Task& task, Boolean asyncWrite, Boolean inRetry, SqlDataReader ds, Boolean describeParameterEncryptionRequest)
   at System.Data.SqlClient.SqlCommand.RunExecuteReader(CommandBehavior cmdBehavior, RunBehavior runBehavior, Boolean returnStream, String method, TaskCompletionSource`1 completion, Int32 timeout, Task& task, Boolean& usedCache, Boolean asyncWrite, Boolean inRetry)
   at System.Data.SqlClient.SqlCommand.RunExecuteReader(CommandBehavior cmdBehavior, RunBehavior runBehavior, Boolean returnStream, String method)
   at System.Data.SqlClient.SqlCommand.ExecuteReader(CommandBehavior behavior, String method)
   at System.Data.SqlClient.SqlCommand.ExecuteReader()
   at DataAnalyzer.Support.Dataaccess.Machinemapping(String S2MachineID) in D:\NEW LIVE PROJECT\Extrnal soures\Extrnal soures\DataAnalyzer\Support\Dataaccess.cs:line 219

--------------------------------------------------------------------------------------------------------
08-30-2026 14:45:11
'.', hexadecimal value 0x00, is an invalid character. Line 69648, position 14.
   at System.Xml.XmlTextReaderImpl.Throw(Exception e)
   at System.Xml.XmlTextReaderImpl.Throw(String res, String[] args)
   at System.Xml.XmlTextReaderImpl.ParseText(Int32& startPos, Int32& endPos, Int32& outOrChars)
   at System.Xml.XmlTextReaderImpl.ParseText()
   at System.Xml.XmlTextReaderImpl.ParseElementContent()
   at System.Xml.XmlTextReaderImpl.Read()
   at System.Xml.XmlLoader.LoadNode(Boolean skipOverWhitespace)
   at System.Xml.XmlLoader.LoadDocSequence(XmlDocument parentDoc)
   at System.Xml.XmlLoader.Load(XmlDocument doc, XmlReader reader, Boolean preserveWhitespace)
   at System.Xml.XmlDocument.Load(XmlReader reader)
   at System.Xml.XmlDocument.Load(String filename)
   at DataAnalyzer.Support.FileManager.WriteInputMessage(InputMessages Message, String FileName) in D:\NEW LIVE PROJECT\Extrnal soures\Extrnal soures\DataAnalyzer\Support\FileManager.cs:line 1102

--------------------------------------------------------------------------------------------------------
08-30-2026 14:45:14
Execution Timeout Expired.  The timeout period elapsed prior to completion of the operation or the server is not responding.
   at System.Data.SqlClient.SqlInternalConnection.OnError(SqlException exception, Boolean breakConnection, Action`1 wrapCloseInAction)
   at System.Data.SqlClient.TdsParser.ThrowExceptionAndWarning(TdsParserStateObject stateObj, Boolean callerHasConnectionLock, Boolean asyncClose)
   at System.Data.SqlClient.TdsParserStateObject.ReadSniError(TdsParserStateObject stateObj, UInt32 error)
   at System.Data.SqlClient.TdsParserStateObject.ReadSniSyncOverAsync()
   at System.Data.SqlClient.TdsParserStateObject.TryReadNetworkPacket()
   at System.Data.SqlClient.TdsParserStateObject.TryPrepareBuffer()
   at System.Data.SqlClient.TdsParserStateObject.TryReadByte(Byte& value)
   at System.Data.SqlClient.TdsParser.TryRun(RunBehavior runBehavior, SqlCommand cmdHandler, SqlDataReader dataStream, BulkCopySimpleResultSet bulkCopyHandler, TdsParserStateObject stateObj, Boolean& dataReady)
   at System.Data.SqlClient.SqlDataReader.TryConsumeMetaData()
   at System.Data.SqlClient.SqlDataReader.get_MetaData()
   at System.Data.SqlClient.SqlCommand.FinishExecuteReader(SqlDataReader ds, RunBehavior runBehavior, String resetOptionsString, Boolean isInternal, Boolean forDescribeParameterEncryption, Boolean shouldCacheForAlwaysEncrypted)
   at System.Data.SqlClient.SqlCommand.RunExecuteReaderTds(CommandBehavior cmdBehavior, RunBehavior runBehavior, Boolean returnStream, Boolean async, Int32 timeout, Task& task, Boolean asyncWrite, Boolean inRetry, SqlDataReader ds, Boolean describeParameterEncryptionRequest)
   at System.Data.SqlClient.SqlCommand.RunExecuteReader(CommandBehavior cmdBehavior, RunBehavior runBehavior, Boolean returnStream, String method, TaskCompletionSource`1 completion, Int32 timeout, Task& task, Boolean& usedCache, Boolean asyncWrite, Boolean inRetry)
   at System.Data.SqlClient.SqlCommand.RunExecuteReader(CommandBehavior cmdBehavior, RunBehavior runBehavior, Boolean returnStream, String method)
   at System.Data.SqlClient.SqlCommand.ExecuteReader(CommandBehavior behavior, String method)
   at System.Data.SqlClient.SqlCommand.ExecuteReader()
   at DataAnalyzer.Support.Dataaccess.Machinemapping(String S2MachineID) in D:\NEW LIVE PROJECT\Extrnal soures\Extrnal soures\DataAnalyzer\Support\Dataaccess.cs:line 219

--------------------------------------------------------------------------------------------------------
08-30-2026 14:45:28
Execution Timeout Expired.  The timeout period elapsed prior to completion of the operation or the server is not responding.
   at System.Data.SqlClient.SqlInternalConnection.OnError(SqlException exception, Boolean breakConnection, Action`1 wrapCloseInAction)
   at System.Data.SqlClient.TdsParser.ThrowExceptionAndWarning(TdsParserStateObject stateObj, Boolean callerHasConnectionLock, Boolean asyncClose)
   at System.Data.SqlClient.TdsParserStateObject.ReadSniError(TdsParserStateObject stateObj, UInt32 error)
   at System.Data.SqlClient.TdsParserStateObject.ReadSniSyncOverAsync()
   at System.Data.SqlClient.TdsParserStateObject.TryReadNetworkPacket()
   at System.Data.SqlClient.TdsParserStateObject.TryPrepareBuffer()
   at System.Data.SqlClient.TdsParserStateObject.TryReadByte(Byte& value)
   at System.Data.SqlClient.TdsParser.TryRun(RunBehavior runBehavior, SqlCommand cmdHandler, SqlDataReader dataStream, BulkCopySimpleResultSet bulkCopyHandler, TdsParserStateObject stateObj, Boolean& dataReady)
   at System.Data.SqlClient.SqlDataReader.TryConsumeMetaData()
   at System.Data.SqlClient.SqlDataReader.get_MetaData()
   at System.Data.SqlClient.SqlCommand.FinishExecuteReader(SqlDataReader ds, RunBehavior runBehavior, String resetOptionsString, Boolean isInternal, Boolean forDescribeParameterEncryption, Boolean shouldCacheForAlwaysEncrypted)
   at System.Data.SqlClient.SqlCommand.RunExecuteReaderTds(CommandBehavior cmdBehavior, RunBehavior runBehavior, Boolean returnStream, Boolean async, Int32 timeout, Task& task, Boolean asyncWrite, Boolean inRetry, SqlDataReader ds, Boolean describeParameterEncryptionRequest)
   at System.Data.SqlClient.SqlCommand.RunExecuteReader(CommandBehavior cmdBehavior, RunBehavior runBehavior, Boolean returnStream, String method, TaskCompletionSource`1 completion, Int32 timeout, Task& task, Boolean& usedCache, Boolean asyncWrite, Boolean inRetry)
   at System.Data.SqlClient.SqlCommand.RunExecuteReader(CommandBehavior cmdBehavior, RunBehavior runBehavior, Boolean returnStream, String method)
   at System.Data.SqlClient.SqlCommand.ExecuteReader(CommandBehavior behavior, String method)
   at System.Data.SqlClient.SqlCommand.ExecuteReader()
   at DataAnalyzer.Support.Dataaccess.Machinemapping(String S2MachineID) in D:\NEW LIVE PROJECT\Extrnal soures\Extrnal soures\DataAnalyzer\Support\Dataaccess.cs:line 219

--------------------------------------------------------------------------------------------------------
08-30-2026 14:45:49
A connection was successfully established with the server, but then an error occurred during the login process. (provider: TCP Provider, error: 0 - The specified network name is no longer available.)
   at System.Data.SqlClient.SqlInternalConnectionTds..ctor(DbConnectionPoolIdentity identity, SqlConnectionString connectionOptions, SqlCredential credential, Object providerInfo, String newPassword, SecureString newSecurePassword, Boolean redirectedUserInstance, SqlConnectionString userConnectionOptions, SessionData reconnectSessionData, DbConnectionPool pool, String accessToken, Boolean applyTransientFaultHandling, SqlAuthenticationProviderManager sqlAuthProviderManager)
   at System.Data.SqlClient.SqlConnectionFactory.CreateConnection(DbConnectionOptions options, DbConnectionPoolKey poolKey, Object poolGroupProviderInfo, DbConnectionPool pool, DbConnection owningConnection, DbConnectionOptions userOptions)
   at System.Data.ProviderBase.DbConnectionFactory.CreatePooledConnection(DbConnectionPool pool, DbConnection owningObject, DbConnectionOptions options, DbConnectionPoolKey poolKey, DbConnectionOptions userOptions)
   at System.Data.ProviderBase.DbConnectionPool.CreateObject(DbConnection owningObject, DbConnectionOptions userOptions, DbConnectionInternal oldConnection)
   at System.Data.ProviderBase.DbConnectionPool.UserCreateRequest(DbConnection owningObject, DbConnectionOptions userOptions, DbConnectionInternal oldConnection)
   at System.Data.ProviderBase.DbConnectionPool.TryGetConnection(DbConnection owningObject, UInt32 waitForMultipleObjectsTimeout, Boolean allowCreate, Boolean onlyOneCheckConnection, DbConnectionOptions userOptions, DbConnectionInternal& connection)
   at System.Data.ProviderBase.DbConnectionPool.TryGetConnection(DbConnection owningObject, TaskCompletionSource`1 retry, DbConnectionOptions userOptions, DbConnectionInternal& connection)
   at System.Data.ProviderBase.DbConnectionFactory.TryGetConnection(DbConnection owningConnection, TaskCompletionSource`1 retry, DbConnectionOptions userOptions, DbConnectionInternal oldConnection, DbConnectionInternal& connection)
   at System.Data.ProviderBase.DbConnectionInternal.TryOpenConnectionInternal(DbConnection outerConnection, DbConnectionFactory connectionFactory, TaskCompletionSource`1 retry, DbConnectionOptions userOptions)
   at System.Data.ProviderBase.DbConnectionClosed.TryOpenConnection(DbConnection outerConnection, DbConnectionFactory connectionFactory, TaskCompletionSource`1 retry, DbConnectionOptions userOptions)
   at System.Data.SqlClient.SqlConnection.TryOpenInner(TaskCompletionSource`1 retry)
   at System.Data.SqlClient.SqlConnection.TryOpen(TaskCompletionSource`1 retry)
   at System.Data.SqlClient.SqlConnection.Open()
   at DataAnalyzer.Support.Dataaccess.Machinemapping(String S2MachineID) in D:\NEW LIVE PROJECT\Extrnal soures\Extrnal soures\DataAnalyzer\Support\Dataaccess.cs:line 214

--------------------------------------------------------------------------------------------------------
08-30-2026 14:46:02
'.', hexadecimal value 0x00, is an invalid character. Line 69648, position 14.
   at System.Xml.XmlTextReaderImpl.Throw(Exception e)
   at System.Xml.XmlTextReaderImpl.Throw(String res, String[] args)
   at System.Xml.XmlTextReaderImpl.ParseText(Int32& startPos, Int32& endPos, Int32& outOrChars)
   at System.Xml.XmlTextReaderImpl.ParseText()
   at System.Xml.XmlTextReaderImpl.ParseElementContent()
   at System.Xml.XmlTextReaderImpl.Read()
   at System.Xml.XmlLoader.LoadNode(Boolean skipOverWhitespace)
   at System.Xml.XmlLoader.LoadDocSequence(XmlDocument parentDoc)
   at System.Xml.XmlLoader.Load(XmlDocument doc, XmlReader reader, Boolean preserveWhitespace)
   at System.Xml.XmlDocument.Load(XmlReader reader)
   at System.Xml.XmlDocument.Load(String filename)
   at DataAnalyzer.Support.FileManager.WriteInputMessage(InputMessages Message, String FileName) in D:\NEW LIVE PROJECT\Extrnal soures\Extrnal soures\DataAnalyzer\Support\FileManager.cs:line 1102

--------------------------------------------------------------------------------------------------------
08-30-2026 14:46:17
A connection was successfully established with the server, but then an error occurred during the pre-login handshake. (provider: SSL Provider, error: 0 - The wait operation timed out.)
   at System.Data.SqlClient.SqlInternalConnectionTds..ctor(DbConnectionPoolIdentity identity, SqlConnectionString connectionOptions, SqlCredential credential, Object providerInfo, String newPassword, SecureString newSecurePassword, Boolean redirectedUserInstance, SqlConnectionString userConnectionOptions, SessionData reconnectSessionData, DbConnectionPool pool, String accessToken, Boolean applyTransientFaultHandling, SqlAuthenticationProviderManager sqlAuthProviderManager)
   at System.Data.SqlClient.SqlConnectionFactory.CreateConnection(DbConnectionOptions options, DbConnectionPoolKey poolKey, Object poolGroupProviderInfo, DbConnectionPool pool, DbConnection owningConnection, DbConnectionOptions userOptions)
   at System.Data.ProviderBase.DbConnectionFactory.CreatePooledConnection(DbConnectionPool pool, DbConnection owningObject, DbConnectionOptions options, DbConnectionPoolKey poolKey, DbConnectionOptions userOptions)
   at System.Data.ProviderBase.DbConnectionPool.CreateObject(DbConnection owningObject, DbConnectionOptions userOptions, DbConnectionInternal oldConnection)
   at System.Data.ProviderBase.DbConnectionPool.UserCreateRequest(DbConnection owningObject, DbConnectionOptions userOptions, DbConnectionInternal oldConnection)
   at System.Data.ProviderBase.DbConnectionPool.TryGetConnection(DbConnection owningObject, UInt32 waitForMultipleObjectsTimeout, Boolean allowCreate, Boolean onlyOneCheckConnection, DbConnectionOptions userOptions, DbConnectionInternal& connection)
   at System.Data.ProviderBase.DbConnectionPool.TryGetConnection(DbConnection owningObject, TaskCompletionSource`1 retry, DbConnectionOptions userOptions, DbConnectionInternal& connection)
   at System.Data.ProviderBase.DbConnectionFactory.TryGetConnection(DbConnection owningConnection, TaskCompletionSource`1 retry, DbConnectionOptions userOptions, DbConnectionInternal oldConnection, DbConnectionInternal& connection)
   at System.Data.ProviderBase.DbConnectionInternal.TryOpenConnectionInternal(DbConnection outerConnection, DbConnectionFactory connectionFactory, TaskCompletionSource`1 retry, DbConnectionOptions userOptions)
   at System.Data.ProviderBase.DbConnectionClosed.TryOpenConnection(DbConnection outerConnection, DbConnectionFactory connectionFactory, TaskCompletionSource`1 retry, DbConnectionOptions userOptions)
   at System.Data.SqlClient.SqlConnection.TryOpenInner(TaskCompletionSource`1 retry)
   at System.Data.SqlClient.SqlConnection.TryOpen(TaskCompletionSource`1 retry)
   at System.Data.SqlClient.SqlConnection.Open()
   at DataAnalyzer.Support.Dataaccess.Machinemapping(String S2MachineID) in D:\NEW LIVE PROJECT\Extrnal soures\Extrnal soures\DataAnalyzer\Support\Dataaccess.cs:line 214

--------------------------------------------------------------------------------------------------------
08-30-2026 14:48:19
'.', hexadecimal value 0x00, is an invalid character. Line 69648, position 14.
   at System.Xml.XmlTextReaderImpl.Throw(Exception e)
   at System.Xml.XmlTextReaderImpl.Throw(String res, String[] args)
   at System.Xml.XmlTextReaderImpl.ParseText(Int32& startPos, Int32& endPos, Int32& outOrChars)
   at System.Xml.XmlTextReaderImpl.ParseText()
   at System.Xml.XmlTextReaderImpl.ParseElementContent()
   at System.Xml.XmlTextReaderImpl.Read()
   at System.Xml.XmlLoader.LoadNode(Boolean skipOverWhitespace)
   at System.Xml.XmlLoader.LoadDocSequence(XmlDocument parentDoc)
   at System.Xml.XmlLoader.Load(XmlDocument doc, XmlReader reader, Boolean preserveWhitespace)
   at System.Xml.XmlDocument.Load(XmlReader reader)
   at System.Xml.XmlDocument.Load(String filename)
   at DataAnalyzer.Support.FileManager.WriteInputMessage(InputMessages Message, String FileName) in D:\NEW LIVE PROJECT\Extrnal soures\Extrnal soures\DataAnalyzer\Support\FileManager.cs:line 1102

--------------------------------------------------------------------------------------------------------
08-30-2026 14:48:27
'.', hexadecimal value 0x00, is an invalid character. Line 69648, position 14.
   at System.Xml.XmlTextReaderImpl.Throw(Exception e)
   at System.Xml.XmlTextReaderImpl.Throw(String res, String[] args)
   at System.Xml.XmlTextReaderImpl.ParseText(Int32& startPos, Int32& endPos, Int32& outOrChars)
   at System.Xml.XmlTextReaderImpl.ParseText()
   at System.Xml.XmlTextReaderImpl.ParseElementContent()
   at System.Xml.XmlTextReaderImpl.Read()
   at System.Xml.XmlLoader.LoadNode(Boolean skipOverWhitespace)
   at System.Xml.XmlLoader.LoadDocSequence(XmlDocument parentDoc)
   at System.Xml.XmlLoader.Load(XmlDocument doc, XmlReader reader, Boolean preserveWhitespace)
   at System.Xml.XmlDocument.Load(XmlReader reader)
   at System.Xml.XmlDocument.Load(String filename)
   at DataAnalyzer.Support.FileManager.WriteInputMessage(InputMessages Message, String FileName) in D:\NEW LIVE PROJECT\Extrnal soures\Extrnal soures\DataAnalyzer\Support\FileManager.cs:line 1102

--------------------------------------------------------------------------------------------------------
08-30-2026 14:48:34
A network-related or instance-specific error occurred while establishing a connection to SQL Server. The server was not found or was not accessible. Verify that the instance name is correct and that SQL Server is configured to allow remote connections. (provider: TCP Provider, error: 0 - The wait operation timed out.)
   at System.Data.SqlClient.SqlInternalConnectionTds..ctor(DbConnectionPoolIdentity identity, SqlConnectionString connectionOptions, SqlCredential credential, Object providerInfo, String newPassword, SecureString newSecurePassword, Boolean redirectedUserInstance, SqlConnectionString userConnectionOptions, SessionData reconnectSessionData, DbConnectionPool pool, String accessToken, Boolean applyTransientFaultHandling, SqlAuthenticationProviderManager sqlAuthProviderManager)
   at System.Data.SqlClient.SqlConnectionFactory.CreateConnection(DbConnectionOptions options, DbConnectionPoolKey poolKey, Object poolGroupProviderInfo, DbConnectionPool pool, DbConnection owningConnection, DbConnectionOptions userOptions)
   at System.Data.ProviderBase.DbConnectionFactory.CreatePooledConnection(DbConnectionPool pool, DbConnection owningObject, DbConnectionOptions options, DbConnectionPoolKey poolKey, DbConnectionOptions userOptions)
   at System.Data.ProviderBase.DbConnectionPool.CreateObject(DbConnection owningObject, DbConnectionOptions userOptions, DbConnectionInternal oldConnection)
   at System.Data.ProviderBase.DbConnectionPool.UserCreateRequest(DbConnection owningObject, DbConnectionOptions userOptions, DbConnectionInternal oldConnection)
   at System.Data.ProviderBase.DbConnectionPool.TryGetConnection(DbConnection owningObject, UInt32 waitForMultipleObjectsTimeout, Boolean allowCreate, Boolean onlyOneCheckConnection, DbConnectionOptions userOptions, DbConnectionInternal& connection)
   at System.Data.ProviderBase.DbConnectionPool.TryGetConnection(DbConnection owningObject, TaskCompletionSource`1 retry, DbConnectionOptions userOptions, DbConnectionInternal& connection)
   at System.Data.ProviderBase.DbConnectionFactory.TryGetConnection(DbConnection owningConnection, TaskCompletionSource`1 retry, DbConnectionOptions userOptions, DbConnectionInternal oldConnection, DbConnectionInternal& connection)
   at System.Data.ProviderBase.DbConnectionInternal.TryOpenConnectionInternal(DbConnection outerConnection, DbConnectionFactory connectionFactory, TaskCompletionSource`1 retry, DbConnectionOptions userOptions)
   at System.Data.ProviderBase.DbConnectionClosed.TryOpenConnection(DbConnection outerConnection, DbConnectionFactory connectionFactory, TaskCompletionSource`1 retry, DbConnectionOptions userOptions)
   at System.Data.SqlClient.SqlConnection.TryOpenInner(TaskCompletionSource`1 retry)
   at System.Data.SqlClient.SqlConnection.TryOpen(TaskCompletionSource`1 retry)
   at System.Data.SqlClient.SqlConnection.Open()
   at DataAnalyzer.Support.Dataaccess.Machinemapping(String S2MachineID) in D:\NEW LIVE PROJECT\Extrnal soures\Extrnal soures\DataAnalyzer\Support\Dataaccess.cs:line 214

--------------------------------------------------------------------------------------------------------
08-30-2026 14:48:34
A network-related or instance-specific error occurred while establishing a connection to SQL Server. The server was not found or was not accessible. Verify that the instance name is correct and that SQL Server is configured to allow remote connections. (provider: TCP Provider, error: 0 - The wait operation timed out.)
   at System.Data.ProviderBase.DbConnectionPool.TryGetConnection(DbConnection owningObject, UInt32 waitForMultipleObjectsTimeout, Boolean allowCreate, Boolean onlyOneCheckConnection, DbConnectionOptions userOptions, DbConnectionInternal& connection)
   at System.Data.ProviderBase.DbConnectionPool.TryGetConnection(DbConnection owningObject, TaskCompletionSource`1 retry, DbConnectionOptions userOptions, DbConnectionInternal& connection)
   at System.Data.ProviderBase.DbConnectionFactory.TryGetConnection(DbConnection owningConnection, TaskCompletionSource`1 retry, DbConnectionOptions userOptions, DbConnectionInternal oldConnection, DbConnectionInternal& connection)
   at System.Data.ProviderBase.DbConnectionInternal.TryOpenConnectionInternal(DbConnection outerConnection, DbConnectionFactory connectionFactory, TaskCompletionSource`1 retry, DbConnectionOptions userOptions)
   at System.Data.ProviderBase.DbConnectionClosed.TryOpenConnection(DbConnection outerConnection, DbConnectionFactory connectionFactory, TaskCompletionSource`1 retry, DbConnectionOptions userOptions)
   at System.Data.SqlClient.SqlConnection.TryOpenInner(TaskCompletionSource`1 retry)
   at System.Data.SqlClient.SqlConnection.TryOpen(TaskCompletionSource`1 retry)
   at System.Data.SqlClient.SqlConnection.Open()
   at DataAnalyzer.Support.Dataaccess.Machinemapping(String S2MachineID) in D:\NEW LIVE PROJECT\Extrnal soures\Extrnal soures\DataAnalyzer\Support\Dataaccess.cs:line 214

--------------------------------------------------------------------------------------------------------
08-30-2026 14:48:36
A network-related or instance-specific error occurred while establishing a connection to SQL Server. The server was not found or was not accessible. Verify that the instance name is correct and that SQL Server is configured to allow remote connections. (provider: TCP Provider, error: 0 - The wait operation timed out.)
   at System.Data.ProviderBase.DbConnectionPool.TryGetConnection(DbConnection owningObject, UInt32 waitForMultipleObjectsTimeout, Boolean allowCreate, Boolean onlyOneCheckConnection, DbConnectionOptions userOptions, DbConnectionInternal& connection)
   at System.Data.ProviderBase.DbConnectionPool.TryGetConnection(DbConnection owningObject, TaskCompletionSource`1 retry, DbConnectionOptions userOptions, DbConnectionInternal& connection)
   at System.Data.ProviderBase.DbConnectionFactory.TryGetConnection(DbConnection owningConnection, TaskCompletionSource`1 retry, DbConnectionOptions userOptions, DbConnectionInternal oldConnection, DbConnectionInternal& connection)
   at System.Data.ProviderBase.DbConnectionInternal.TryOpenConnectionInternal(DbConnection outerConnection, DbConnectionFactory connectionFactory, TaskCompletionSource`1 retry, DbConnectionOptions userOptions)
   at System.Data.ProviderBase.DbConnectionClosed.TryOpenConnection(DbConnection outerConnection, DbConnectionFactory connectionFactory, TaskCompletionSource`1 retry, DbConnectionOptions userOptions)
   at System.Data.SqlClient.SqlConnection.TryOpenInner(TaskCompletionSource`1 retry)
   at System.Data.SqlClient.SqlConnection.TryOpen(TaskCompletionSource`1 retry)
   at System.Data.SqlClient.SqlConnection.Open()
   at DataAnalyzer.Support.Dataaccess.Machinemapping(String S2MachineID) in D:\NEW LIVE PROJECT\Extrnal soures\Extrnal soures\DataAnalyzer\Support\Dataaccess.cs:line 214

--------------------------------------------------------------------------------------------------------
08-30-2026 14:48:36
'.', hexadecimal value 0x00, is an invalid character. Line 69648, position 14.
   at System.Xml.XmlTextReaderImpl.Throw(Exception e)
   at System.Xml.XmlTextReaderImpl.Throw(String res, String[] args)
   at System.Xml.XmlTextReaderImpl.ParseText(Int32& startPos, Int32& endPos, Int32& outOrChars)
   at System.Xml.XmlTextReaderImpl.ParseText()
   at System.Xml.XmlTextReaderImpl.ParseElementContent()
   at System.Xml.XmlTextReaderImpl.Read()
   at System.Xml.XmlLoader.LoadNode(Boolean skipOverWhitespace)
   at System.Xml.XmlLoader.LoadDocSequence(XmlDocument parentDoc)
   at System.Xml.XmlLoader.Load(XmlDocument doc, XmlReader reader, Boolean preserveWhitespace)
   at System.Xml.XmlDocument.Load(XmlReader reader)
   at System.Xml.XmlDocument.Load(String filename)
   at DataAnalyzer.Support.FileManager.WriteInputMessage(InputMessages Message, String FileName) in D:\NEW LIVE PROJECT\Extrnal soures\Extrnal soures\DataAnalyzer\Support\FileManager.cs:line 1102

--------------------------------------------------------------------------------------------------------
08-30-2026 14:48:45
A network-related or instance-specific error occurred while establishing a connection to SQL Server. The server was not found or was not accessible. Verify that the instance name is correct and that SQL Server is configured to allow remote connections. (provider: TCP Provider, error: 0 - The wait operation timed out.)
   at System.Data.ProviderBase.DbConnectionPool.TryGetConnection(DbConnection owningObject, UInt32 waitForMultipleObjectsTimeout, Boolean allowCreate, Boolean onlyOneCheckConnection, DbConnectionOptions userOptions, DbConnectionInternal& connection)
   at System.Data.ProviderBase.DbConnectionPool.TryGetConnection(DbConnection owningObject, TaskCompletionSource`1 retry, DbConnectionOptions userOptions, DbConnectionInternal& connection)
   at System.Data.ProviderBase.DbConnectionFactory.TryGetConnection(DbConnection owningConnection, TaskCompletionSource`1 retry, DbConnectionOptions userOptions, DbConnectionInternal oldConnection, DbConnectionInternal& connection)
   at System.Data.ProviderBase.DbConnectionInternal.TryOpenConnectionInternal(DbConnection outerConnection, DbConnectionFactory connectionFactory, TaskCompletionSource`1 retry, DbConnectionOptions userOptions)
   at System.Data.ProviderBase.DbConnectionClosed.TryOpenConnection(DbConnection outerConnection, DbConnectionFactory connectionFactory, TaskCompletionSource`1 retry, DbConnectionOptions userOptions)
   at System.Data.SqlClient.SqlConnection.TryOpenInner(TaskCompletionSource`1 retry)
   at System.Data.SqlClient.SqlConnection.TryOpen(TaskCompletionSource`1 retry)
   at System.Data.SqlClient.SqlConnection.Open()
   at DataAnalyzer.Support.Dataaccess.Machinemapping(String S2MachineID) in D:\NEW LIVE PROJECT\Extrnal soures\Extrnal soures\DataAnalyzer\Support\Dataaccess.cs:line 214

--------------------------------------------------------------------------------------------------------
08-30-2026 14:48:45
'.', hexadecimal value 0x00, is an invalid character. Line 69648, position 14.
   at System.Xml.XmlTextReaderImpl.Throw(Exception e)
   at System.Xml.XmlTextReaderImpl.Throw(String res, String[] args)
   at System.Xml.XmlTextReaderImpl.ParseText(Int32& startPos, Int32& endPos, Int32& outOrChars)
   at System.Xml.XmlTextReaderImpl.ParseText()
   at System.Xml.XmlTextReaderImpl.ParseElementContent()
   at System.Xml.XmlTextReaderImpl.Read()
   at System.Xml.XmlLoader.LoadNode(Boolean skipOverWhitespace)
   at System.Xml.XmlLoader.LoadDocSequence(XmlDocument parentDoc)
   at System.Xml.XmlLoader.Load(XmlDocument doc, XmlReader reader, Boolean preserveWhitespace)
   at System.Xml.XmlDocument.Load(XmlReader reader)
   at System.Xml.XmlDocument.Load(String filename)
   at DataAnalyzer.Support.FileManager.WriteInputMessage(InputMessages Message, String FileName) in D:\NEW LIVE PROJECT\Extrnal soures\Extrnal soures\DataAnalyzer\Support\FileManager.cs:line 1102

--------------------------------------------------------------------------------------------------------
08-30-2026 14:48:53
A network-related or instance-specific error occurred while establishing a connection to SQL Server. The server was not found or was not accessible. Verify that the instance name is correct and that SQL Server is configured to allow remote connections. (provider: TCP Provider, error: 0 - The wait operation timed out.)
   at System.Data.ProviderBase.DbConnectionPool.TryGetConnection(DbConnection owningObject, UInt32 waitForMultipleObjectsTimeout, Boolean allowCreate, Boolean onlyOneCheckConnection, DbConnectionOptions userOptions, DbConnectionInternal& connection)
   at System.Data.ProviderBase.DbConnectionPool.TryGetConnection(DbConnection owningObject, TaskCompletionSource`1 retry, DbConnectionOptions userOptions, DbConnectionInternal& connection)
   at System.Data.ProviderBase.DbConnectionFactory.TryGetConnection(DbConnection owningConnection, TaskCompletionSource`1 retry, DbConnectionOptions userOptions, DbConnectionInternal oldConnection, DbConnectionInternal& connection)
   at System.Data.ProviderBase.DbConnectionInternal.TryOpenConnectionInternal(DbConnection outerConnection, DbConnectionFactory connectionFactory, TaskCompletionSource`1 retry, DbConnectionOptions userOptions)
   at System.Data.ProviderBase.DbConnectionClosed.TryOpenConnection(DbConnection outerConnection, DbConnectionFactory connectionFactory, TaskCompletionSource`1 retry, DbConnectionOptions userOptions)
   at System.Data.SqlClient.SqlConnection.TryOpenInner(TaskCompletionSource`1 retry)
   at System.Data.SqlClient.SqlConnection.TryOpen(TaskCompletionSource`1 retry)
   at System.Data.SqlClient.SqlConnection.Open()
   at DataAnalyzer.Support.Dataaccess.Machinemapping(String S2MachineID) in D:\NEW LIVE PROJECT\Extrnal soures\Extrnal soures\DataAnalyzer\Support\Dataaccess.cs:line 214

--------------------------------------------------------------------------------------------------------
08-30-2026 14:48:53
'.', hexadecimal value 0x00, is an invalid character. Line 69648, position 14.
   at System.Xml.XmlTextReaderImpl.Throw(Exception e)
   at System.Xml.XmlTextReaderImpl.Throw(String res, String[] args)
   at System.Xml.XmlTextReaderImpl.ParseText(Int32& startPos, Int32& endPos, Int32& outOrChars)
   at System.Xml.XmlTextReaderImpl.ParseText()
   at System.Xml.XmlTextReaderImpl.ParseElementContent()
   at System.Xml.XmlTextReaderImpl.Read()
   at System.Xml.XmlLoader.LoadNode(Boolean skipOverWhitespace)
   at System.Xml.XmlLoader.LoadDocSequence(XmlDocument parentDoc)
   at System.Xml.XmlLoader.Load(XmlDocument doc, XmlReader reader, Boolean preserveWhitespace)
   at System.Xml.XmlDocument.Load(XmlReader reader)
   at System.Xml.XmlDocument.Load(String filename)
   at DataAnalyzer.Support.FileManager.WriteInputMessage(InputMessages Message, String FileName) in D:\NEW LIVE PROJECT\Extrnal soures\Extrnal soures\DataAnalyzer\Support\FileManager.cs:line 1102

--------------------------------------------------------------------------------------------------------
08-30-2026 14:52:04
'.', hexadecimal value 0x00, is an invalid character. Line 69648, position 14.
   at System.Xml.XmlTextReaderImpl.Throw(Exception e)
   at System.Xml.XmlTextReaderImpl.Throw(String res, String[] args)
   at System.Xml.XmlTextReaderImpl.ParseText(Int32& startPos, Int32& endPos, Int32& outOrChars)
   at System.Xml.XmlTextReaderImpl.ParseText()
   at System.Xml.XmlTextReaderImpl.ParseElementContent()
   at System.Xml.XmlTextReaderImpl.Read()
   at System.Xml.XmlLoader.LoadNode(Boolean skipOverWhitespace)
   at System.Xml.XmlLoader.LoadDocSequence(XmlDocument parentDoc)
   at System.Xml.XmlLoader.Load(XmlDocument doc, XmlReader reader, Boolean preserveWhitespace)
   at System.Xml.XmlDocument.Load(XmlReader reader)
   at System.Xml.XmlDocument.Load(String filename)
   at DataAnalyzer.Support.FileManager.WriteInputMessage(InputMessages Message, String FileName) in D:\NEW LIVE PROJECT\Extrnal soures\Extrnal soures\DataAnalyzer\Support\FileManager.cs:line 1102

--------------------------------------------------------------------------------------------------------
08-30-2026 14:52:19
A network-related or instance-specific error occurred while establishing a connection to SQL Server. The server was not found or was not accessible. Verify that the instance name is correct and that SQL Server is configured to allow remote connections. (provider: TCP Provider, error: 0 - The wait operation timed out.)
   at System.Data.SqlClient.SqlInternalConnectionTds..ctor(DbConnectionPoolIdentity identity, SqlConnectionString connectionOptions, SqlCredential credential, Object providerInfo, String newPassword, SecureString newSecurePassword, Boolean redirectedUserInstance, SqlConnectionString userConnectionOptions, SessionData reconnectSessionData, DbConnectionPool pool, String accessToken, Boolean applyTransientFaultHandling, SqlAuthenticationProviderManager sqlAuthProviderManager)
   at System.Data.SqlClient.SqlConnectionFactory.CreateConnection(DbConnectionOptions options, DbConnectionPoolKey poolKey, Object poolGroupProviderInfo, DbConnectionPool pool, DbConnection owningConnection, DbConnectionOptions userOptions)
   at System.Data.ProviderBase.DbConnectionFactory.CreatePooledConnection(DbConnectionPool pool, DbConnection owningObject, DbConnectionOptions options, DbConnectionPoolKey poolKey, DbConnectionOptions userOptions)
   at System.Data.ProviderBase.DbConnectionPool.CreateObject(DbConnection owningObject, DbConnectionOptions userOptions, DbConnectionInternal oldConnection)
   at System.Data.ProviderBase.DbConnectionPool.UserCreateRequest(DbConnection owningObject, DbConnectionOptions userOptions, DbConnectionInternal oldConnection)
   at System.Data.ProviderBase.DbConnectionPool.TryGetConnection(DbConnection owningObject, UInt32 waitForMultipleObjectsTimeout, Boolean allowCreate, Boolean onlyOneCheckConnection, DbConnectionOptions userOptions, DbConnectionInternal& connection)
   at System.Data.ProviderBase.DbConnectionPool.TryGetConnection(DbConnection owningObject, TaskCompletionSource`1 retry, DbConnectionOptions userOptions, DbConnectionInternal& connection)
   at System.Data.ProviderBase.DbConnectionFactory.TryGetConnection(DbConnection owningConnection, TaskCompletionSource`1 retry, DbConnectionOptions userOptions, DbConnectionInternal oldConnection, DbConnectionInternal& connection)
   at System.Data.ProviderBase.DbConnectionInternal.TryOpenConnectionInternal(DbConnection outerConnection, DbConnectionFactory connectionFactory, TaskCompletionSource`1 retry, DbConnectionOptions userOptions)
   at System.Data.ProviderBase.DbConnectionClosed.TryOpenConnection(DbConnection outerConnection, DbConnectionFactory connectionFactory, TaskCompletionSource`1 retry, DbConnectionOptions userOptions)
   at System.Data.SqlClient.SqlConnection.TryOpenInner(TaskCompletionSource`1 retry)
   at System.Data.SqlClient.SqlConnection.TryOpen(TaskCompletionSource`1 retry)
   at System.Data.SqlClient.SqlConnection.Open()
   at DataAnalyzer.Support.Dataaccess.Machinemapping(String S2MachineID) in D:\NEW LIVE PROJECT\Extrnal soures\Extrnal soures\DataAnalyzer\Support\Dataaccess.cs:line 214

--------------------------------------------------------------------------------------------------------
08-30-2026 14:54:21
'.', hexadecimal value 0x00, is an invalid character. Line 69648, position 14.
   at System.Xml.XmlTextReaderImpl.Throw(Exception e)
   at System.Xml.XmlTextReaderImpl.Throw(String res, String[] args)
   at System.Xml.XmlTextReaderImpl.ParseText(Int32& startPos, Int32& endPos, Int32& outOrChars)
   at System.Xml.XmlTextReaderImpl.ParseText()
   at System.Xml.XmlTextReaderImpl.ParseElementContent()
   at System.Xml.XmlTextReaderImpl.Read()
   at System.Xml.XmlLoader.LoadNode(Boolean skipOverWhitespace)
   at System.Xml.XmlLoader.LoadDocSequence(XmlDocument parentDoc)
   at System.Xml.XmlLoader.Load(XmlDocument doc, XmlReader reader, Boolean preserveWhitespace)
   at System.Xml.XmlDocument.Load(XmlReader reader)
   at System.Xml.XmlDocument.Load(String filename)
   at DataAnalyzer.Support.FileManager.WriteInputMessage(InputMessages Message, String FileName) in D:\NEW LIVE PROJECT\Extrnal soures\Extrnal soures\DataAnalyzer\Support\FileManager.cs:line 1102

--------------------------------------------------------------------------------------------------------
08-30-2026 14:54:36
A network-related or instance-specific error occurred while establishing a connection to SQL Server. The server was not found or was not accessible. Verify that the instance name is correct and that SQL Server is configured to allow remote connections. (provider: TCP Provider, error: 0 - The wait operation timed out.)
   at System.Data.SqlClient.SqlInternalConnectionTds..ctor(DbConnectionPoolIdentity identity, SqlConnectionString connectionOptions, SqlCredential credential, Object providerInfo, String newPassword, SecureString newSecurePassword, Boolean redirectedUserInstance, SqlConnectionString userConnectionOptions, SessionData reconnectSessionData, DbConnectionPool pool, String accessToken, Boolean applyTransientFaultHandling, SqlAuthenticationProviderManager sqlAuthProviderManager)
   at System.Data.SqlClient.SqlConnectionFactory.CreateConnection(DbConnectionOptions options, DbConnectionPoolKey poolKey, Object poolGroupProviderInfo, DbConnectionPool pool, DbConnection owningConnection, DbConnectionOptions userOptions)
   at System.Data.ProviderBase.DbConnectionFactory.CreatePooledConnection(DbConnectionPool pool, DbConnection owningObject, DbConnectionOptions options, DbConnectionPoolKey poolKey, DbConnectionOptions userOptions)
   at System.Data.ProviderBase.DbConnectionPool.CreateObject(DbConnection owningObject, DbConnectionOptions userOptions, DbConnectionInternal oldConnection)
   at System.Data.ProviderBase.DbConnectionPool.UserCreateRequest(DbConnection owningObject, DbConnectionOptions userOptions, DbConnectionInternal oldConnection)
   at System.Data.ProviderBase.DbConnectionPool.TryGetConnection(DbConnection owningObject, UInt32 waitForMultipleObjectsTimeout, Boolean allowCreate, Boolean onlyOneCheckConnection, DbConnectionOptions userOptions, DbConnectionInternal& connection)
   at System.Data.ProviderBase.DbConnectionPool.TryGetConnection(DbConnection owningObject, TaskCompletionSource`1 retry, DbConnectionOptions userOptions, DbConnectionInternal& connection)
   at System.Data.ProviderBase.DbConnectionFactory.TryGetConnection(DbConnection owningConnection, TaskCompletionSource`1 retry, DbConnectionOptions userOptions, DbConnectionInternal oldConnection, DbConnectionInternal& connection)
   at System.Data.ProviderBase.DbConnectionInternal.TryOpenConnectionInternal(DbConnection outerConnection, DbConnectionFactory connectionFactory, TaskCompletionSource`1 retry, DbConnectionOptions userOptions)
   at System.Data.ProviderBase.DbConnectionClosed.TryOpenConnection(DbConnection outerConnection, DbConnectionFactory connectionFactory, TaskCompletionSource`1 retry, DbConnectionOptions userOptions)
   at System.Data.SqlClient.SqlConnection.TryOpenInner(TaskCompletionSource`1 retry)
   at System.Data.SqlClient.SqlConnection.TryOpen(TaskCompletionSource`1 retry)
   at System.Data.SqlClient.SqlConnection.Open()
   at DataAnalyzer.Support.Dataaccess.Machinemapping(String S2MachineID) in D:\NEW LIVE PROJECT\Extrnal soures\Extrnal soures\DataAnalyzer\Support\Dataaccess.cs:line 214

--------------------------------------------------------------------------------------------------------
08-30-2026 14:57:13
'.', hexadecimal value 0x00, is an invalid character. Line 69648, position 14.
   at System.Xml.XmlTextReaderImpl.Throw(Exception e)
   at System.Xml.XmlTextReaderImpl.Throw(String res, String[] args)
   at System.Xml.XmlTextReaderImpl.ParseText(Int32& startPos, Int32& endPos, Int32& outOrChars)
   at System.Xml.XmlTextReaderImpl.ParseText()
   at System.Xml.XmlTextReaderImpl.ParseElementContent()
   at System.Xml.XmlTextReaderImpl.Read()
   at System.Xml.XmlLoader.LoadNode(Boolean skipOverWhitespace)
   at System.Xml.XmlLoader.LoadDocSequence(XmlDocument parentDoc)
   at System.Xml.XmlLoader.Load(XmlDocument doc, XmlReader reader, Boolean preserveWhitespace)
   at System.Xml.XmlDocument.Load(XmlReader reader)
   at System.Xml.XmlDocument.Load(String filename)
   at DataAnalyzer.Support.FileManager.WriteInputMessage(InputMessages Message, String FileName) in D:\NEW LIVE PROJECT\Extrnal soures\Extrnal soures\DataAnalyzer\Support\FileManager.cs:line 1102

--------------------------------------------------------------------------------------------------------
08-30-2026 14:57:28
A network-related or instance-specific error occurred while establishing a connection to SQL Server. The server was not found or was not accessible. Verify that the instance name is correct and that SQL Server is configured to allow remote connections. (provider: TCP Provider, error: 0 - The wait operation timed out.)
   at System.Data.SqlClient.SqlInternalConnectionTds..ctor(DbConnectionPoolIdentity identity, SqlConnectionString connectionOptions, SqlCredential credential, Object providerInfo, String newPassword, SecureString newSecurePassword, Boolean redirectedUserInstance, SqlConnectionString userConnectionOptions, SessionData reconnectSessionData, DbConnectionPool pool, String accessToken, Boolean applyTransientFaultHandling, SqlAuthenticationProviderManager sqlAuthProviderManager)
   at System.Data.SqlClient.SqlConnectionFactory.CreateConnection(DbConnectionOptions options, DbConnectionPoolKey poolKey, Object poolGroupProviderInfo, DbConnectionPool pool, DbConnection owningConnection, DbConnectionOptions userOptions)
   at System.Data.ProviderBase.DbConnectionFactory.CreatePooledConnection(DbConnectionPool pool, DbConnection owningObject, DbConnectionOptions options, DbConnectionPoolKey poolKey, DbConnectionOptions userOptions)
   at System.Data.ProviderBase.DbConnectionPool.CreateObject(DbConnection owningObject, DbConnectionOptions userOptions, DbConnectionInternal oldConnection)
   at System.Data.ProviderBase.DbConnectionPool.UserCreateRequest(DbConnection owningObject, DbConnectionOptions userOptions, DbConnectionInternal oldConnection)
   at System.Data.ProviderBase.DbConnectionPool.TryGetConnection(DbConnection owningObject, UInt32 waitForMultipleObjectsTimeout, Boolean allowCreate, Boolean onlyOneCheckConnection, DbConnectionOptions userOptions, DbConnectionInternal& connection)
   at System.Data.ProviderBase.DbConnectionPool.TryGetConnection(DbConnection owningObject, TaskCompletionSource`1 retry, DbConnectionOptions userOptions, DbConnectionInternal& connection)
   at System.Data.ProviderBase.DbConnectionFactory.TryGetConnection(DbConnection owningConnection, TaskCompletionSource`1 retry, DbConnectionOptions userOptions, DbConnectionInternal oldConnection, DbConnectionInternal& connection)
   at System.Data.ProviderBase.DbConnectionInternal.TryOpenConnectionInternal(DbConnection outerConnection, DbConnectionFactory connectionFactory, TaskCompletionSource`1 retry, DbConnectionOptions userOptions)
   at System.Data.ProviderBase.DbConnectionClosed.TryOpenConnection(DbConnection outerConnection, DbConnectionFactory connectionFactory, TaskCompletionSource`1 retry, DbConnectionOptions userOptions)
   at System.Data.SqlClient.SqlConnection.TryOpenInner(TaskCompletionSource`1 retry)
   at System.Data.SqlClient.SqlConnection.TryOpen(TaskCompletionSource`1 retry)
   at System.Data.SqlClient.SqlConnection.Open()
   at DataAnalyzer.Support.Dataaccess.Machinemapping(String S2MachineID) in D:\NEW LIVE PROJECT\Extrnal soures\Extrnal soures\DataAnalyzer\Support\Dataaccess.cs:line 214

--------------------------------------------------------------------------------------------------------
08-30-2026 15:06:07
'.', hexadecimal value 0x00, is an invalid character. Line 69648, position 14.
   at System.Xml.XmlTextReaderImpl.Throw(Exception e)
   at System.Xml.XmlTextReaderImpl.Throw(String res, String[] args)
   at System.Xml.XmlTextReaderImpl.ParseText(Int32& startPos, Int32& endPos, Int32& outOrChars)
   at System.Xml.XmlTextReaderImpl.ParseText()
   at System.Xml.XmlTextReaderImpl.ParseElementContent()
   at System.Xml.XmlTextReaderImpl.Read()
   at System.Xml.XmlLoader.LoadNode(Boolean skipOverWhitespace)
   at System.Xml.XmlLoader.LoadDocSequence(XmlDocument parentDoc)
   at System.Xml.XmlLoader.Load(XmlDocument doc, XmlReader reader, Boolean preserveWhitespace)
   at System.Xml.XmlDocument.Load(XmlReader reader)
   at System.Xml.XmlDocument.Load(String filename)
   at DataAnalyzer.Support.FileManager.WriteInputMessage(InputMessages Message, String FileName) in D:\NEW LIVE PROJECT\Extrnal soures\Extrnal soures\DataAnalyzer\Support\FileManager.cs:line 1102

--------------------------------------------------------------------------------------------------------
08-30-2026 15:06:16
'.', hexadecimal value 0x00, is an invalid character. Line 69648, position 14.
   at System.Xml.XmlTextReaderImpl.Throw(Exception e)
   at System.Xml.XmlTextReaderImpl.Throw(String res, String[] args)
   at System.Xml.XmlTextReaderImpl.ParseText(Int32& startPos, Int32& endPos, Int32& outOrChars)
   at System.Xml.XmlTextReaderImpl.ParseText()
   at System.Xml.XmlTextReaderImpl.ParseElementContent()
   at System.Xml.XmlTextReaderImpl.Read()
   at System.Xml.XmlLoader.LoadNode(Boolean skipOverWhitespace)
   at System.Xml.XmlLoader.LoadDocSequence(XmlDocument parentDoc)
   at System.Xml.XmlLoader.Load(XmlDocument doc, XmlReader reader, Boolean preserveWhitespace)
   at System.Xml.XmlDocument.Load(XmlReader reader)
   at System.Xml.XmlDocument.Load(String filename)
   at DataAnalyzer.Support.FileManager.WriteInputMessage(InputMessages Message, String FileName) in D:\NEW LIVE PROJECT\Extrnal soures\Extrnal soures\DataAnalyzer\Support\FileManager.cs:line 1102

--------------------------------------------------------------------------------------------------------
08-30-2026 15:06:23
A network-related or instance-specific error occurred while establishing a connection to SQL Server. The server was not found or was not accessible. Verify that the instance name is correct and that SQL Server is configured to allow remote connections. (provider: TCP Provider, error: 0 - The wait operation timed out.)
   at System.Data.SqlClient.SqlInternalConnectionTds..ctor(DbConnectionPoolIdentity identity, SqlConnectionString connectionOptions, SqlCredential credential, Object providerInfo, String newPassword, SecureString newSecurePassword, Boolean redirectedUserInstance, SqlConnectionString userConnectionOptions, SessionData reconnectSessionData, DbConnectionPool pool, String accessToken, Boolean applyTransientFaultHandling, SqlAuthenticationProviderManager sqlAuthProviderManager)
   at System.Data.SqlClient.SqlConnectionFactory.CreateConnection(DbConnectionOptions options, DbConnectionPoolKey poolKey, Object poolGroupProviderInfo, DbConnectionPool pool, DbConnection owningConnection, DbConnectionOptions userOptions)
   at System.Data.ProviderBase.DbConnectionFactory.CreatePooledConnection(DbConnectionPool pool, DbConnection owningObject, DbConnectionOptions options, DbConnectionPoolKey poolKey, DbConnectionOptions userOptions)
   at System.Data.ProviderBase.DbConnectionPool.CreateObject(DbConnection owningObject, DbConnectionOptions userOptions, DbConnectionInternal oldConnection)
   at System.Data.ProviderBase.DbConnectionPool.UserCreateRequest(DbConnection owningObject, DbConnectionOptions userOptions, DbConnectionInternal oldConnection)
   at System.Data.ProviderBase.DbConnectionPool.TryGetConnection(DbConnection owningObject, UInt32 waitForMultipleObjectsTimeout, Boolean allowCreate, Boolean onlyOneCheckConnection, DbConnectionOptions userOptions, DbConnectionInternal& connection)
   at System.Data.ProviderBase.DbConnectionPool.TryGetConnection(DbConnection owningObject, TaskCompletionSource`1 retry, DbConnectionOptions userOptions, DbConnectionInternal& connection)
   at System.Data.ProviderBase.DbConnectionFactory.TryGetConnection(DbConnection owningConnection, TaskCompletionSource`1 retry, DbConnectionOptions userOptions, DbConnectionInternal oldConnection, DbConnectionInternal& connection)
   at System.Data.ProviderBase.DbConnectionInternal.TryOpenConnectionInternal(DbConnection outerConnection, DbConnectionFactory connectionFactory, TaskCompletionSource`1 retry, DbConnectionOptions userOptions)
   at System.Data.ProviderBase.DbConnectionClosed.TryOpenConnection(DbConnection outerConnection, DbConnectionFactory connectionFactory, TaskCompletionSource`1 retry, DbConnectionOptions userOptions)
   at System.Data.SqlClient.SqlConnection.TryOpenInner(TaskCompletionSource`1 retry)
   at System.Data.SqlClient.SqlConnection.TryOpen(TaskCompletionSource`1 retry)
   at System.Data.SqlClient.SqlConnection.Open()
   at DataAnalyzer.Support.Dataaccess.Machinemapping(String S2MachineID) in D:\NEW LIVE PROJECT\Extrnal soures\Extrnal soures\DataAnalyzer\Support\Dataaccess.cs:line 214

--------------------------------------------------------------------------------------------------------
08-30-2026 15:06:24
'.', hexadecimal value 0x00, is an invalid character. Line 69648, position 14.
   at System.Xml.XmlTextReaderImpl.Throw(Exception e)
   at System.Xml.XmlTextReaderImpl.Throw(String res, String[] args)
   at System.Xml.XmlTextReaderImpl.ParseText(Int32& startPos, Int32& endPos, Int32& outOrChars)
   at System.Xml.XmlTextReaderImpl.ParseText()
   at System.Xml.XmlTextReaderImpl.ParseElementContent()
   at System.Xml.XmlTextReaderImpl.Read()
   at System.Xml.XmlLoader.LoadNode(Boolean skipOverWhitespace)
   at System.Xml.XmlLoader.LoadDocSequence(XmlDocument parentDoc)
   at System.Xml.XmlLoader.Load(XmlDocument doc, XmlReader reader, Boolean preserveWhitespace)
   at System.Xml.XmlDocument.Load(XmlReader reader)
   at System.Xml.XmlDocument.Load(String filename)
   at DataAnalyzer.Support.FileManager.WriteInputMessage(InputMessages Message, String FileName) in D:\NEW LIVE PROJECT\Extrnal soures\Extrnal soures\DataAnalyzer\Support\FileManager.cs:line 1102

--------------------------------------------------------------------------------------------------------
08-30-2026 15:06:31
A network-related or instance-specific error occurred while establishing a connection to SQL Server. The server was not found or was not accessible. Verify that the instance name is correct and that SQL Server is configured to allow remote connections. (provider: TCP Provider, error: 0 - The wait operation timed out.)
   at System.Data.SqlClient.SqlInternalConnectionTds..ctor(DbConnectionPoolIdentity identity, SqlConnectionString connectionOptions, SqlCredential credential, Object providerInfo, String newPassword, SecureString newSecurePassword, Boolean redirectedUserInstance, SqlConnectionString userConnectionOptions, SessionData reconnectSessionData, DbConnectionPool pool, String accessToken, Boolean applyTransientFaultHandling, SqlAuthenticationProviderManager sqlAuthProviderManager)
   at System.Data.SqlClient.SqlConnectionFactory.CreateConnection(DbConnectionOptions options, DbConnectionPoolKey poolKey, Object poolGroupProviderInfo, DbConnectionPool pool, DbConnection owningConnection, DbConnectionOptions userOptions)
   at System.Data.ProviderBase.DbConnectionFactory.CreatePooledConnection(DbConnectionPool pool, DbConnection owningObject, DbConnectionOptions options, DbConnectionPoolKey poolKey, DbConnectionOptions userOptions)
   at System.Data.ProviderBase.DbConnectionPool.CreateObject(DbConnection owningObject, DbConnectionOptions userOptions, DbConnectionInternal oldConnection)
   at System.Data.ProviderBase.DbConnectionPool.UserCreateRequest(DbConnection owningObject, DbConnectionOptions userOptions, DbConnectionInternal oldConnection)
   at System.Data.ProviderBase.DbConnectionPool.TryGetConnection(DbConnection owningObject, UInt32 waitForMultipleObjectsTimeout, Boolean allowCreate, Boolean onlyOneCheckConnection, DbConnectionOptions userOptions, DbConnectionInternal& connection)
   at System.Data.ProviderBase.DbConnectionPool.TryGetConnection(DbConnection owningObject, TaskCompletionSource`1 retry, DbConnectionOptions userOptions, DbConnectionInternal& connection)
   at System.Data.ProviderBase.DbConnectionFactory.TryGetConnection(DbConnection owningConnection, TaskCompletionSource`1 retry, DbConnectionOptions userOptions, DbConnectionInternal oldConnection, DbConnectionInternal& connection)
   at System.Data.ProviderBase.DbConnectionInternal.TryOpenConnectionInternal(DbConnection outerConnection, DbConnectionFactory connectionFactory, TaskCompletionSource`1 retry, DbConnectionOptions userOptions)
   at System.Data.ProviderBase.DbConnectionClosed.TryOpenConnection(DbConnection outerConnection, DbConnectionFactory connectionFactory, TaskCompletionSource`1 retry, DbConnectionOptions userOptions)
   at System.Data.SqlClient.SqlConnection.TryOpenInner(TaskCompletionSource`1 retry)
   at System.Data.SqlClient.SqlConnection.TryOpen(TaskCompletionSource`1 retry)
   at System.Data.SqlClient.SqlConnection.Open()
   at DataAnalyzer.Support.Dataaccess.Machinemapping(String S2MachineID) in D:\NEW LIVE PROJECT\Extrnal soures\Extrnal soures\DataAnalyzer\Support\Dataaccess.cs:line 214

--------------------------------------------------------------------------------------------------------
08-30-2026 15:06:31
A network-related or instance-specific error occurred while establishing a connection to SQL Server. The server was not found or was not accessible. Verify that the instance name is correct and that SQL Server is configured to allow remote connections. (provider: TCP Provider, error: 0 - The wait operation timed out.)
   at System.Data.ProviderBase.DbConnectionPool.TryGetConnection(DbConnection owningObject, UInt32 waitForMultipleObjectsTimeout, Boolean allowCreate, Boolean onlyOneCheckConnection, DbConnectionOptions userOptions, DbConnectionInternal& connection)
   at System.Data.ProviderBase.DbConnectionPool.TryGetConnection(DbConnection owningObject, TaskCompletionSource`1 retry, DbConnectionOptions userOptions, DbConnectionInternal& connection)
   at System.Data.ProviderBase.DbConnectionFactory.TryGetConnection(DbConnection owningConnection, TaskCompletionSource`1 retry, DbConnectionOptions userOptions, DbConnectionInternal oldConnection, DbConnectionInternal& connection)
   at System.Data.ProviderBase.DbConnectionInternal.TryOpenConnectionInternal(DbConnection outerConnection, DbConnectionFactory connectionFactory, TaskCompletionSource`1 retry, DbConnectionOptions userOptions)
   at System.Data.ProviderBase.DbConnectionClosed.TryOpenConnection(DbConnection outerConnection, DbConnectionFactory connectionFactory, TaskCompletionSource`1 retry, DbConnectionOptions userOptions)
   at System.Data.SqlClient.SqlConnection.TryOpenInner(TaskCompletionSource`1 retry)
   at System.Data.SqlClient.SqlConnection.TryOpen(TaskCompletionSource`1 retry)
   at System.Data.SqlClient.SqlConnection.Open()
   at DataAnalyzer.Support.Dataaccess.Machinemapping(String S2MachineID) in D:\NEW LIVE PROJECT\Extrnal soures\Extrnal soures\DataAnalyzer\Support\Dataaccess.cs:line 214

--------------------------------------------------------------------------------------------------------
08-30-2026 15:06:42
'.', hexadecimal value 0x00, is an invalid character. Line 69648, position 14.
   at System.Xml.XmlTextReaderImpl.Throw(Exception e)
   at System.Xml.XmlTextReaderImpl.Throw(String res, String[] args)
   at System.Xml.XmlTextReaderImpl.ParseText(Int32& startPos, Int32& endPos, Int32& outOrChars)
   at System.Xml.XmlTextReaderImpl.ParseText()
   at System.Xml.XmlTextReaderImpl.ParseElementContent()
   at System.Xml.XmlTextReaderImpl.Read()
   at System.Xml.XmlLoader.LoadNode(Boolean skipOverWhitespace)
   at System.Xml.XmlLoader.LoadDocSequence(XmlDocument parentDoc)
   at System.Xml.XmlLoader.Load(XmlDocument doc, XmlReader reader, Boolean preserveWhitespace)
   at System.Xml.XmlDocument.Load(XmlReader reader)
   at System.Xml.XmlDocument.Load(String filename)
   at DataAnalyzer.Support.FileManager.WriteInputMessage(InputMessages Message, String FileName) in D:\NEW LIVE PROJECT\Extrnal soures\Extrnal soures\DataAnalyzer\Support\FileManager.cs:line 1102

--------------------------------------------------------------------------------------------------------
08-30-2026 15:06:57
A network-related or instance-specific error occurred while establishing a connection to SQL Server. The server was not found or was not accessible. Verify that the instance name is correct and that SQL Server is configured to allow remote connections. (provider: TCP Provider, error: 0 - The wait operation timed out.)
   at System.Data.SqlClient.SqlInternalConnectionTds..ctor(DbConnectionPoolIdentity identity, SqlConnectionString connectionOptions, SqlCredential credential, Object providerInfo, String newPassword, SecureString newSecurePassword, Boolean redirectedUserInstance, SqlConnectionString userConnectionOptions, SessionData reconnectSessionData, DbConnectionPool pool, String accessToken, Boolean applyTransientFaultHandling, SqlAuthenticationProviderManager sqlAuthProviderManager)
   at System.Data.SqlClient.SqlConnectionFactory.CreateConnection(DbConnectionOptions options, DbConnectionPoolKey poolKey, Object poolGroupProviderInfo, DbConnectionPool pool, DbConnection owningConnection, DbConnectionOptions userOptions)
   at System.Data.ProviderBase.DbConnectionFactory.CreatePooledConnection(DbConnectionPool pool, DbConnection owningObject, DbConnectionOptions options, DbConnectionPoolKey poolKey, DbConnectionOptions userOptions)
   at System.Data.ProviderBase.DbConnectionPool.CreateObject(DbConnection owningObject, DbConnectionOptions userOptions, DbConnectionInternal oldConnection)
   at System.Data.ProviderBase.DbConnectionPool.UserCreateRequest(DbConnection owningObject, DbConnectionOptions userOptions, DbConnectionInternal oldConnection)
   at System.Data.ProviderBase.DbConnectionPool.TryGetConnection(DbConnection owningObject, UInt32 waitForMultipleObjectsTimeout, Boolean allowCreate, Boolean onlyOneCheckConnection, DbConnectionOptions userOptions, DbConnectionInternal& connection)
   at System.Data.ProviderBase.DbConnectionPool.TryGetConnection(DbConnection owningObject, TaskCompletionSource`1 retry, DbConnectionOptions userOptions, DbConnectionInternal& connection)
   at System.Data.ProviderBase.DbConnectionFactory.TryGetConnection(DbConnection owningConnection, TaskCompletionSource`1 retry, DbConnectionOptions userOptions, DbConnectionInternal oldConnection, DbConnectionInternal& connection)
   at System.Data.ProviderBase.DbConnectionInternal.TryOpenConnectionInternal(DbConnection outerConnection, DbConnectionFactory connectionFactory, TaskCompletionSource`1 retry, DbConnectionOptions userOptions)
   at System.Data.ProviderBase.DbConnectionClosed.TryOpenConnection(DbConnection outerConnection, DbConnectionFactory connectionFactory, TaskCompletionSource`1 retry, DbConnectionOptions userOptions)
   at System.Data.SqlClient.SqlConnection.TryOpenInner(TaskCompletionSource`1 retry)
   at System.Data.SqlClient.SqlConnection.TryOpen(TaskCompletionSource`1 retry)
   at System.Data.SqlClient.SqlConnection.Open()
   at DataAnalyzer.Support.Dataaccess.Machinemapping(String S2MachineID) in D:\NEW LIVE PROJECT\Extrnal soures\Extrnal soures\DataAnalyzer\Support\Dataaccess.cs:line 214

--------------------------------------------------------------------------------------------------------
08-30-2026 15:21:37
'.', hexadecimal value 0x00, is an invalid character. Line 69648, position 14.
   at System.Xml.XmlTextReaderImpl.Throw(Exception e)
   at System.Xml.XmlTextReaderImpl.Throw(String res, String[] args)
   at System.Xml.XmlTextReaderImpl.ParseText(Int32& startPos, Int32& endPos, Int32& outOrChars)
   at System.Xml.XmlTextReaderImpl.ParseText()
   at System.Xml.XmlTextReaderImpl.ParseElementContent()
   at System.Xml.XmlTextReaderImpl.Read()
   at System.Xml.XmlLoader.LoadNode(Boolean skipOverWhitespace)
   at System.Xml.XmlLoader.LoadDocSequence(XmlDocument parentDoc)
   at System.Xml.XmlLoader.Load(XmlDocument doc, XmlReader reader, Boolean preserveWhitespace)
   at System.Xml.XmlDocument.Load(XmlReader reader)
   at System.Xml.XmlDocument.Load(String filename)
   at DataAnalyzer.Support.FileManager.WriteInputMessage(InputMessages Message, String FileName) in D:\NEW LIVE PROJECT\Extrnal soures\Extrnal soures\DataAnalyzer\Support\FileManager.cs:line 1102

--------------------------------------------------------------------------------------------------------
08-30-2026 15:22:23
'.', hexadecimal value 0x00, is an invalid character. Line 69648, position 14.
   at System.Xml.XmlTextReaderImpl.Throw(Exception e)
   at System.Xml.XmlTextReaderImpl.Throw(String res, String[] args)
   at System.Xml.XmlTextReaderImpl.ParseText(Int32& startPos, Int32& endPos, Int32& outOrChars)
   at System.Xml.XmlTextReaderImpl.ParseText()
   at System.Xml.XmlTextReaderImpl.ParseElementContent()
   at System.Xml.XmlTextReaderImpl.Read()
   at System.Xml.XmlLoader.LoadNode(Boolean skipOverWhitespace)
   at System.Xml.XmlLoader.LoadDocSequence(XmlDocument parentDoc)
   at System.Xml.XmlLoader.Load(XmlDocument doc, XmlReader reader, Boolean preserveWhitespace)
   at System.Xml.XmlDocument.Load(XmlReader reader)
   at System.Xml.XmlDocument.Load(String filename)
   at DataAnalyzer.Support.FileManager.WriteInputMessage(InputMessages Message, String FileName) in D:\NEW LIVE PROJECT\Extrnal soures\Extrnal soures\DataAnalyzer\Support\FileManager.cs:line 1102

--------------------------------------------------------------------------------------------------------
08-30-2026 15:22:33
'.', hexadecimal value 0x00, is an invalid character. Line 69648, position 14.
   at System.Xml.XmlTextReaderImpl.Throw(Exception e)
   at System.Xml.XmlTextReaderImpl.Throw(String res, String[] args)
   at System.Xml.XmlTextReaderImpl.ParseText(Int32& startPos, Int32& endPos, Int32& outOrChars)
   at System.Xml.XmlTextReaderImpl.ParseText()
   at System.Xml.XmlTextReaderImpl.ParseElementContent()
   at System.Xml.XmlTextReaderImpl.Read()
   at System.Xml.XmlLoader.LoadNode(Boolean skipOverWhitespace)
   at System.Xml.XmlLoader.LoadDocSequence(XmlDocument parentDoc)
   at System.Xml.XmlLoader.Load(XmlDocument doc, XmlReader reader, Boolean preserveWhitespace)
   at System.Xml.XmlDocument.Load(XmlReader reader)
   at System.Xml.XmlDocument.Load(String filename)
   at DataAnalyzer.Support.FileManager.WriteInputMessage(InputMessages Message, String FileName) in D:\NEW LIVE PROJECT\Extrnal soures\Extrnal soures\DataAnalyzer\Support\FileManager.cs:line 1102

--------------------------------------------------------------------------------------------------------
08-30-2026 15:23:51
'.', hexadecimal value 0x00, is an invalid character. Line 69648, position 14.
   at System.Xml.XmlTextReaderImpl.Throw(Exception e)
   at System.Xml.XmlTextReaderImpl.Throw(String res, String[] args)
   at System.Xml.XmlTextReaderImpl.ParseText(Int32& startPos, Int32& endPos, Int32& outOrChars)
   at System.Xml.XmlTextReaderImpl.ParseText()
   at System.Xml.XmlTextReaderImpl.ParseElementContent()
   at System.Xml.XmlTextReaderImpl.Read()
   at System.Xml.XmlLoader.LoadNode(Boolean skipOverWhitespace)
   at System.Xml.XmlLoader.LoadDocSequence(XmlDocument parentDoc)
   at System.Xml.XmlLoader.Load(XmlDocument doc, XmlReader reader, Boolean preserveWhitespace)
   at System.Xml.XmlDocument.Load(XmlReader reader)
   at System.Xml.XmlDocument.Load(String filename)
   at DataAnalyzer.Support.FileManager.WriteInputMessage(InputMessages Message, String FileName) in D:\NEW LIVE PROJECT\Extrnal soures\Extrnal soures\DataAnalyzer\Support\FileManager.cs:line 1102

--------------------------------------------------------------------------------------------------------
08-30-2026 15:24:46
Execution Timeout Expired.  The timeout period elapsed prior to completion of the operation or the server is not responding.
   at System.Data.SqlClient.SqlConnection.OnError(SqlException exception, Boolean breakConnection, Action`1 wrapCloseInAction)
   at System.Data.SqlClient.SqlInternalConnection.OnError(SqlException exception, Boolean breakConnection, Action`1 wrapCloseInAction)
   at System.Data.SqlClient.TdsParser.ThrowExceptionAndWarning(TdsParserStateObject stateObj, Boolean callerHasConnectionLock, Boolean asyncClose)
   at System.Data.SqlClient.TdsParser.TryRun(RunBehavior runBehavior, SqlCommand cmdHandler, SqlDataReader dataStream, BulkCopySimpleResultSet bulkCopyHandler, TdsParserStateObject stateObj, Boolean& dataReady)
   at System.Data.SqlClient.SqlCommand.FinishExecuteReader(SqlDataReader ds, RunBehavior runBehavior, String resetOptionsString, Boolean isInternal, Boolean forDescribeParameterEncryption, Boolean shouldCacheForAlwaysEncrypted)
   at System.Data.SqlClient.SqlCommand.RunExecuteReaderTds(CommandBehavior cmdBehavior, RunBehavior runBehavior, Boolean returnStream, Boolean async, Int32 timeout, Task& task, Boolean asyncWrite, Boolean inRetry, SqlDataReader ds, Boolean describeParameterEncryptionRequest)
   at System.Data.SqlClient.SqlCommand.RunExecuteReader(CommandBehavior cmdBehavior, RunBehavior runBehavior, Boolean returnStream, String method, TaskCompletionSource`1 completion, Int32 timeout, Task& task, Boolean& usedCache, Boolean asyncWrite, Boolean inRetry)
   at System.Data.SqlClient.SqlCommand.InternalExecuteNonQuery(TaskCompletionSource`1 completion, String methodName, Boolean sendToPipe, Int32 timeout, Boolean& usedCache, Boolean asyncWrite, Boolean inRetry)
   at System.Data.SqlClient.SqlCommand.ExecuteNonQuery()
   at DataAnalyzer.Support.Dataaccess.IntegrationResults(List`1 eResultList, String extconstring) in D:\NEW LIVE PROJECT\Extrnal soures\Extrnal soures\DataAnalyzer\Support\Dataaccess.cs:line 819

--------------------------------------------------------------------------------------------------------
08-30-2026 15:24:46
ExecuteReader requires an open and available Connection. The connection's current state is closed.
   at System.Data.SqlClient.SqlCommand.ValidateCommand(String method, Boolean async)
   at System.Data.SqlClient.SqlCommand.RunExecuteReader(CommandBehavior cmdBehavior, RunBehavior runBehavior, Boolean returnStream, String method, TaskCompletionSource`1 completion, Int32 timeout, Task& task, Boolean& usedCache, Boolean asyncWrite, Boolean inRetry)
   at System.Data.SqlClient.SqlCommand.RunExecuteReader(CommandBehavior cmdBehavior, RunBehavior runBehavior, Boolean returnStream, String method)
   at System.Data.SqlClient.SqlCommand.ExecuteReader(CommandBehavior behavior, String method)
   at System.Data.SqlClient.SqlCommand.ExecuteReader()
   at DataAnalyzer.Support.Dataaccess.IntegrationResults(List`1 eResultList, String extconstring) in D:\NEW LIVE PROJECT\Extrnal soures\Extrnal soures\DataAnalyzer\Support\Dataaccess.cs:line 787

--------------------------------------------------------------------------------------------------------
08-30-2026 15:24:46
ExecuteReader requires an open and available Connection. The connection's current state is closed.
   at System.Data.SqlClient.SqlCommand.ValidateCommand(String method, Boolean async)
   at System.Data.SqlClient.SqlCommand.RunExecuteReader(CommandBehavior cmdBehavior, RunBehavior runBehavior, Boolean returnStream, String method, TaskCompletionSource`1 completion, Int32 timeout, Task& task, Boolean& usedCache, Boolean asyncWrite, Boolean inRetry)
   at System.Data.SqlClient.SqlCommand.RunExecuteReader(CommandBehavior cmdBehavior, RunBehavior runBehavior, Boolean returnStream, String method)
   at System.Data.SqlClient.SqlCommand.ExecuteReader(CommandBehavior behavior, String method)
   at System.Data.SqlClient.SqlCommand.ExecuteReader()
   at DataAnalyzer.Support.Dataaccess.IntegrationResults(List`1 eResultList, String extconstring) in D:\NEW LIVE PROJECT\Extrnal soures\Extrnal soures\DataAnalyzer\Support\Dataaccess.cs:line 787

--------------------------------------------------------------------------------------------------------
08-30-2026 15:24:46
ExecuteReader requires an open and available Connection. The connection's current state is closed.
   at System.Data.SqlClient.SqlCommand.ValidateCommand(String method, Boolean async)
   at System.Data.SqlClient.SqlCommand.RunExecuteReader(CommandBehavior cmdBehavior, RunBehavior runBehavior, Boolean returnStream, String method, TaskCompletionSource`1 completion, Int32 timeout, Task& task, Boolean& usedCache, Boolean asyncWrite, Boolean inRetry)
   at System.Data.SqlClient.SqlCommand.RunExecuteReader(CommandBehavior cmdBehavior, RunBehavior runBehavior, Boolean returnStream, String method)
   at System.Data.SqlClient.SqlCommand.ExecuteReader(CommandBehavior behavior, String method)
   at System.Data.SqlClient.SqlCommand.ExecuteReader()
   at DataAnalyzer.Support.Dataaccess.IntegrationResults(List`1 eResultList, String extconstring) in D:\NEW LIVE PROJECT\Extrnal soures\Extrnal soures\DataAnalyzer\Support\Dataaccess.cs:line 787

--------------------------------------------------------------------------------------------------------
08-30-2026 15:24:46
ExecuteReader requires an open and available Connection. The connection's current state is closed.
   at System.Data.SqlClient.SqlCommand.ValidateCommand(String method, Boolean async)
   at System.Data.SqlClient.SqlCommand.RunExecuteReader(CommandBehavior cmdBehavior, RunBehavior runBehavior, Boolean returnStream, String method, TaskCompletionSource`1 completion, Int32 timeout, Task& task, Boolean& usedCache, Boolean asyncWrite, Boolean inRetry)
   at System.Data.SqlClient.SqlCommand.RunExecuteReader(CommandBehavior cmdBehavior, RunBehavior runBehavior, Boolean returnStream, String method)
   at System.Data.SqlClient.SqlCommand.ExecuteReader(CommandBehavior behavior, String method)
   at System.Data.SqlClient.SqlCommand.ExecuteReader()
   at DataAnalyzer.Support.Dataaccess.IntegrationResults(List`1 eResultList, String extconstring) in D:\NEW LIVE PROJECT\Extrnal soures\Extrnal soures\DataAnalyzer\Support\Dataaccess.cs:line 787

--------------------------------------------------------------------------------------------------------
08-30-2026 15:24:46
ExecuteReader requires an open and available Connection. The connection's current state is closed.
   at System.Data.SqlClient.SqlCommand.ValidateCommand(String method, Boolean async)
   at System.Data.SqlClient.SqlCommand.RunExecuteReader(CommandBehavior cmdBehavior, RunBehavior runBehavior, Boolean returnStream, String method, TaskCompletionSource`1 completion, Int32 timeout, Task& task, Boolean& usedCache, Boolean asyncWrite, Boolean inRetry)
   at System.Data.SqlClient.SqlCommand.RunExecuteReader(CommandBehavior cmdBehavior, RunBehavior runBehavior, Boolean returnStream, String method)
   at System.Data.SqlClient.SqlCommand.ExecuteReader(CommandBehavior behavior, String method)
   at System.Data.SqlClient.SqlCommand.ExecuteReader()
   at DataAnalyzer.Support.Dataaccess.IntegrationResults(List`1 eResultList, String extconstring) in D:\NEW LIVE PROJECT\Extrnal soures\Extrnal soures\DataAnalyzer\Support\Dataaccess.cs:line 787

--------------------------------------------------------------------------------------------------------
08-30-2026 15:24:46
ExecuteReader requires an open and available Connection. The connection's current state is closed.
   at System.Data.SqlClient.SqlCommand.ValidateCommand(String method, Boolean async)
   at System.Data.SqlClient.SqlCommand.RunExecuteReader(CommandBehavior cmdBehavior, RunBehavior runBehavior, Boolean returnStream, String method, TaskCompletionSource`1 completion, Int32 timeout, Task& task, Boolean& usedCache, Boolean asyncWrite, Boolean inRetry)
   at System.Data.SqlClient.SqlCommand.RunExecuteReader(CommandBehavior cmdBehavior, RunBehavior runBehavior, Boolean returnStream, String method)
   at System.Data.SqlClient.SqlCommand.ExecuteReader(CommandBehavior behavior, String method)
   at System.Data.SqlClient.SqlCommand.ExecuteReader()
   at DataAnalyzer.Support.Dataaccess.IntegrationResults(List`1 eResultList, String extconstring) in D:\NEW LIVE PROJECT\Extrnal soures\Extrnal soures\DataAnalyzer\Support\Dataaccess.cs:line 787

--------------------------------------------------------------------------------------------------------
08-30-2026 15:24:46
ExecuteReader requires an open and available Connection. The connection's current state is closed.
   at System.Data.SqlClient.SqlCommand.ValidateCommand(String method, Boolean async)
   at System.Data.SqlClient.SqlCommand.RunExecuteReader(CommandBehavior cmdBehavior, RunBehavior runBehavior, Boolean returnStream, String method, TaskCompletionSource`1 completion, Int32 timeout, Task& task, Boolean& usedCache, Boolean asyncWrite, Boolean inRetry)
   at System.Data.SqlClient.SqlCommand.RunExecuteReader(CommandBehavior cmdBehavior, RunBehavior runBehavior, Boolean returnStream, String method)
   at System.Data.SqlClient.SqlCommand.ExecuteReader(CommandBehavior behavior, String method)
   at System.Data.SqlClient.SqlCommand.ExecuteReader()
   at DataAnalyzer.Support.Dataaccess.IntegrationResults(List`1 eResultList, String extconstring) in D:\NEW LIVE PROJECT\Extrnal soures\Extrnal soures\DataAnalyzer\Support\Dataaccess.cs:line 787

--------------------------------------------------------------------------------------------------------
08-30-2026 15:24:46
ExecuteReader requires an open and available Connection. The connection's current state is closed.
   at System.Data.SqlClient.SqlCommand.ValidateCommand(String method, Boolean async)
   at System.Data.SqlClient.SqlCommand.RunExecuteReader(CommandBehavior cmdBehavior, RunBehavior runBehavior, Boolean returnStream, String method, TaskCompletionSource`1 completion, Int32 timeout, Task& task, Boolean& usedCache, Boolean asyncWrite, Boolean inRetry)
   at System.Data.SqlClient.SqlCommand.RunExecuteReader(CommandBehavior cmdBehavior, RunBehavior runBehavior, Boolean returnStream, String method)
   at System.Data.SqlClient.SqlCommand.ExecuteReader(CommandBehavior behavior, String method)
   at System.Data.SqlClient.SqlCommand.ExecuteReader()
   at DataAnalyzer.Support.Dataaccess.IntegrationResults(List`1 eResultList, String extconstring) in D:\NEW LIVE PROJECT\Extrnal soures\Extrnal soures\DataAnalyzer\Support\Dataaccess.cs:line 787

--------------------------------------------------------------------------------------------------------
08-30-2026 15:26:53
'.', hexadecimal value 0x00, is an invalid character. Line 69648, position 14.
   at System.Xml.XmlTextReaderImpl.Throw(Exception e)
   at System.Xml.XmlTextReaderImpl.Throw(String res, String[] args)
   at System.Xml.XmlTextReaderImpl.ParseText(Int32& startPos, Int32& endPos, Int32& outOrChars)
   at System.Xml.XmlTextReaderImpl.ParseText()
   at System.Xml.XmlTextReaderImpl.ParseElementContent()
   at System.Xml.XmlTextReaderImpl.Read()
   at System.Xml.XmlLoader.LoadNode(Boolean skipOverWhitespace)
   at System.Xml.XmlLoader.LoadDocSequence(XmlDocument parentDoc)
   at System.Xml.XmlLoader.Load(XmlDocument doc, XmlReader reader, Boolean preserveWhitespace)
   at System.Xml.XmlDocument.Load(XmlReader reader)
   at System.Xml.XmlDocument.Load(String filename)
   at DataAnalyzer.Support.FileManager.WriteInputMessage(InputMessages Message, String FileName) in D:\NEW LIVE PROJECT\Extrnal soures\Extrnal soures\DataAnalyzer\Support\FileManager.cs:line 1102

--------------------------------------------------------------------------------------------------------
08-30-2026 15:27:24
Execution Timeout Expired.  The timeout period elapsed prior to completion of the operation or the server is not responding.
   at System.Data.SqlClient.SqlConnection.OnError(SqlException exception, Boolean breakConnection, Action`1 wrapCloseInAction)
   at System.Data.SqlClient.SqlInternalConnection.OnError(SqlException exception, Boolean breakConnection, Action`1 wrapCloseInAction)
   at System.Data.SqlClient.TdsParser.ThrowExceptionAndWarning(TdsParserStateObject stateObj, Boolean callerHasConnectionLock, Boolean asyncClose)
   at System.Data.SqlClient.TdsParser.TryRun(RunBehavior runBehavior, SqlCommand cmdHandler, SqlDataReader dataStream, BulkCopySimpleResultSet bulkCopyHandler, TdsParserStateObject stateObj, Boolean& dataReady)
   at System.Data.SqlClient.SqlCommand.FinishExecuteReader(SqlDataReader ds, RunBehavior runBehavior, String resetOptionsString, Boolean isInternal, Boolean forDescribeParameterEncryption, Boolean shouldCacheForAlwaysEncrypted)
   at System.Data.SqlClient.SqlCommand.RunExecuteReaderTds(CommandBehavior cmdBehavior, RunBehavior runBehavior, Boolean returnStream, Boolean async, Int32 timeout, Task& task, Boolean asyncWrite, Boolean inRetry, SqlDataReader ds, Boolean describeParameterEncryptionRequest)
   at System.Data.SqlClient.SqlCommand.RunExecuteReader(CommandBehavior cmdBehavior, RunBehavior runBehavior, Boolean returnStream, String method, TaskCompletionSource`1 completion, Int32 timeout, Task& task, Boolean& usedCache, Boolean asyncWrite, Boolean inRetry)
   at System.Data.SqlClient.SqlCommand.InternalExecuteNonQuery(TaskCompletionSource`1 completion, String methodName, Boolean sendToPipe, Int32 timeout, Boolean& usedCache, Boolean asyncWrite, Boolean inRetry)
   at System.Data.SqlClient.SqlCommand.ExecuteNonQuery()
   at DataAnalyzer.Support.Dataaccess.IntegrationResults(List`1 eResultList, String extconstring) in D:\NEW LIVE PROJECT\Extrnal soures\Extrnal soures\DataAnalyzer\Support\Dataaccess.cs:line 833

--------------------------------------------------------------------------------------------------------
08-30-2026 15:27:24
ExecuteReader requires an open and available Connection. The connection's current state is closed.
   at System.Data.SqlClient.SqlCommand.ValidateCommand(String method, Boolean async)
   at System.Data.SqlClient.SqlCommand.RunExecuteReader(CommandBehavior cmdBehavior, RunBehavior runBehavior, Boolean returnStream, String method, TaskCompletionSource`1 completion, Int32 timeout, Task& task, Boolean& usedCache, Boolean asyncWrite, Boolean inRetry)
   at System.Data.SqlClient.SqlCommand.RunExecuteReader(CommandBehavior cmdBehavior, RunBehavior runBehavior, Boolean returnStream, String method)
   at System.Data.SqlClient.SqlCommand.ExecuteReader(CommandBehavior behavior, String method)
   at System.Data.SqlClient.SqlCommand.ExecuteReader()
   at DataAnalyzer.Support.Dataaccess.IntegrationResults(List`1 eResultList, String extconstring) in D:\NEW LIVE PROJECT\Extrnal soures\Extrnal soures\DataAnalyzer\Support\Dataaccess.cs:line 787

--------------------------------------------------------------------------------------------------------
08-30-2026 15:27:24
ExecuteReader requires an open and available Connection. The connection's current state is closed.
   at System.Data.SqlClient.SqlCommand.ValidateCommand(String method, Boolean async)
   at System.Data.SqlClient.SqlCommand.RunExecuteReader(CommandBehavior cmdBehavior, RunBehavior runBehavior, Boolean returnStream, String method, TaskCompletionSource`1 completion, Int32 timeout, Task& task, Boolean& usedCache, Boolean asyncWrite, Boolean inRetry)
   at System.Data.SqlClient.SqlCommand.RunExecuteReader(CommandBehavior cmdBehavior, RunBehavior runBehavior, Boolean returnStream, String method)
   at System.Data.SqlClient.SqlCommand.ExecuteReader(CommandBehavior behavior, String method)
   at System.Data.SqlClient.SqlCommand.ExecuteReader()
   at DataAnalyzer.Support.Dataaccess.IntegrationResults(List`1 eResultList, String extconstring) in D:\NEW LIVE PROJECT\Extrnal soures\Extrnal soures\DataAnalyzer\Support\Dataaccess.cs:line 787

--------------------------------------------------------------------------------------------------------
08-30-2026 15:27:24
ExecuteReader requires an open and available Connection. The connection's current state is closed.
   at System.Data.SqlClient.SqlCommand.ValidateCommand(String method, Boolean async)
   at System.Data.SqlClient.SqlCommand.RunExecuteReader(CommandBehavior cmdBehavior, RunBehavior runBehavior, Boolean returnStream, String method, TaskCompletionSource`1 completion, Int32 timeout, Task& task, Boolean& usedCache, Boolean asyncWrite, Boolean inRetry)
   at System.Data.SqlClient.SqlCommand.RunExecuteReader(CommandBehavior cmdBehavior, RunBehavior runBehavior, Boolean returnStream, String method)
   at System.Data.SqlClient.SqlCommand.ExecuteReader(CommandBehavior behavior, String method)
   at System.Data.SqlClient.SqlCommand.ExecuteReader()
   at DataAnalyzer.Support.Dataaccess.IntegrationResults(List`1 eResultList, String extconstring) in D:\NEW LIVE PROJECT\Extrnal soures\Extrnal soures\DataAnalyzer\Support\Dataaccess.cs:line 787

--------------------------------------------------------------------------------------------------------
08-30-2026 15:27:24
ExecuteReader requires an open and available Connection. The connection's current state is closed.
   at System.Data.SqlClient.SqlCommand.ValidateCommand(String method, Boolean async)
   at System.Data.SqlClient.SqlCommand.RunExecuteReader(CommandBehavior cmdBehavior, RunBehavior runBehavior, Boolean returnStream, String method, TaskCompletionSource`1 completion, Int32 timeout, Task& task, Boolean& usedCache, Boolean asyncWrite, Boolean inRetry)
   at System.Data.SqlClient.SqlCommand.RunExecuteReader(CommandBehavior cmdBehavior, RunBehavior runBehavior, Boolean returnStream, String method)
   at System.Data.SqlClient.SqlCommand.ExecuteReader(CommandBehavior behavior, String method)
   at System.Data.SqlClient.SqlCommand.ExecuteReader()
   at DataAnalyzer.Support.Dataaccess.IntegrationResults(List`1 eResultList, String extconstring) in D:\NEW LIVE PROJECT\Extrnal soures\Extrnal soures\DataAnalyzer\Support\Dataaccess.cs:line 787

--------------------------------------------------------------------------------------------------------
08-30-2026 15:27:24
ExecuteReader requires an open and available Connection. The connection's current state is closed.
   at System.Data.SqlClient.SqlCommand.ValidateCommand(String method, Boolean async)
   at System.Data.SqlClient.SqlCommand.RunExecuteReader(CommandBehavior cmdBehavior, RunBehavior runBehavior, Boolean returnStream, String method, TaskCompletionSource`1 completion, Int32 timeout, Task& task, Boolean& usedCache, Boolean asyncWrite, Boolean inRetry)
   at System.Data.SqlClient.SqlCommand.RunExecuteReader(CommandBehavior cmdBehavior, RunBehavior runBehavior, Boolean returnStream, String method)
   at System.Data.SqlClient.SqlCommand.ExecuteReader(CommandBehavior behavior, String method)
   at System.Data.SqlClient.SqlCommand.ExecuteReader()
   at DataAnalyzer.Support.Dataaccess.IntegrationResults(List`1 eResultList, String extconstring) in D:\NEW LIVE PROJECT\Extrnal soures\Extrnal soures\DataAnalyzer\Support\Dataaccess.cs:line 787

--------------------------------------------------------------------------------------------------------
08-30-2026 15:27:24
ExecuteReader requires an open and available Connection. The connection's current state is closed.
   at System.Data.SqlClient.SqlCommand.ValidateCommand(String method, Boolean async)
   at System.Data.SqlClient.SqlCommand.RunExecuteReader(CommandBehavior cmdBehavior, RunBehavior runBehavior, Boolean returnStream, String method, TaskCompletionSource`1 completion, Int32 timeout, Task& task, Boolean& usedCache, Boolean asyncWrite, Boolean inRetry)
   at System.Data.SqlClient.SqlCommand.RunExecuteReader(CommandBehavior cmdBehavior, RunBehavior runBehavior, Boolean returnStream, String method)
   at System.Data.SqlClient.SqlCommand.ExecuteReader(CommandBehavior behavior, String method)
   at System.Data.SqlClient.SqlCommand.ExecuteReader()
   at DataAnalyzer.Support.Dataaccess.IntegrationResults(List`1 eResultList, String extconstring) in D:\NEW LIVE PROJECT\Extrnal soures\Extrnal soures\DataAnalyzer\Support\Dataaccess.cs:line 787

--------------------------------------------------------------------------------------------------------
08-30-2026 15:27:24
ExecuteReader requires an open and available Connection. The connection's current state is closed.
   at System.Data.SqlClient.SqlCommand.ValidateCommand(String method, Boolean async)
   at System.Data.SqlClient.SqlCommand.RunExecuteReader(CommandBehavior cmdBehavior, RunBehavior runBehavior, Boolean returnStream, String method, TaskCompletionSource`1 completion, Int32 timeout, Task& task, Boolean& usedCache, Boolean asyncWrite, Boolean inRetry)
   at System.Data.SqlClient.SqlCommand.RunExecuteReader(CommandBehavior cmdBehavior, RunBehavior runBehavior, Boolean returnStream, String method)
   at System.Data.SqlClient.SqlCommand.ExecuteReader(CommandBehavior behavior, String method)
   at System.Data.SqlClient.SqlCommand.ExecuteReader()
   at DataAnalyzer.Support.Dataaccess.IntegrationResults(List`1 eResultList, String extconstring) in D:\NEW LIVE PROJECT\Extrnal soures\Extrnal soures\DataAnalyzer\Support\Dataaccess.cs:line 787

--------------------------------------------------------------------------------------------------------
08-30-2026 15:27:24
ExecuteReader requires an open and available Connection. The connection's current state is closed.
   at System.Data.SqlClient.SqlCommand.ValidateCommand(String method, Boolean async)
   at System.Data.SqlClient.SqlCommand.RunExecuteReader(CommandBehavior cmdBehavior, RunBehavior runBehavior, Boolean returnStream, String method, TaskCompletionSource`1 completion, Int32 timeout, Task& task, Boolean& usedCache, Boolean asyncWrite, Boolean inRetry)
   at System.Data.SqlClient.SqlCommand.RunExecuteReader(CommandBehavior cmdBehavior, RunBehavior runBehavior, Boolean returnStream, String method)
   at System.Data.SqlClient.SqlCommand.ExecuteReader(CommandBehavior behavior, String method)
   at System.Data.SqlClient.SqlCommand.ExecuteReader()
   at DataAnalyzer.Support.Dataaccess.IntegrationResults(List`1 eResultList, String extconstring) in D:\NEW LIVE PROJECT\Extrnal soures\Extrnal soures\DataAnalyzer\Support\Dataaccess.cs:line 787

--------------------------------------------------------------------------------------------------------
08-30-2026 15:27:24
ExecuteReader requires an open and available Connection. The connection's current state is closed.
   at System.Data.SqlClient.SqlCommand.ValidateCommand(String method, Boolean async)
   at System.Data.SqlClient.SqlCommand.RunExecuteReader(CommandBehavior cmdBehavior, RunBehavior runBehavior, Boolean returnStream, String method, TaskCompletionSource`1 completion, Int32 timeout, Task& task, Boolean& usedCache, Boolean asyncWrite, Boolean inRetry)
   at System.Data.SqlClient.SqlCommand.RunExecuteReader(CommandBehavior cmdBehavior, RunBehavior runBehavior, Boolean returnStream, String method)
   at System.Data.SqlClient.SqlCommand.ExecuteReader(CommandBehavior behavior, String method)
   at System.Data.SqlClient.SqlCommand.ExecuteReader()
   at DataAnalyzer.Support.Dataaccess.IntegrationResults(List`1 eResultList, String extconstring) in D:\NEW LIVE PROJECT\Extrnal soures\Extrnal soures\DataAnalyzer\Support\Dataaccess.cs:line 787

--------------------------------------------------------------------------------------------------------
08-30-2026 15:27:24
ExecuteReader requires an open and available Connection. The connection's current state is closed.
   at System.Data.SqlClient.SqlCommand.ValidateCommand(String method, Boolean async)
   at System.Data.SqlClient.SqlCommand.RunExecuteReader(CommandBehavior cmdBehavior, RunBehavior runBehavior, Boolean returnStream, String method, TaskCompletionSource`1 completion, Int32 timeout, Task& task, Boolean& usedCache, Boolean asyncWrite, Boolean inRetry)
   at System.Data.SqlClient.SqlCommand.RunExecuteReader(CommandBehavior cmdBehavior, RunBehavior runBehavior, Boolean returnStream, String method)
   at System.Data.SqlClient.SqlCommand.ExecuteReader(CommandBehavior behavior, String method)
   at System.Data.SqlClient.SqlCommand.ExecuteReader()
   at DataAnalyzer.Support.Dataaccess.IntegrationResults(List`1 eResultList, String extconstring) in D:\NEW LIVE PROJECT\Extrnal soures\Extrnal soures\DataAnalyzer\Support\Dataaccess.cs:line 787

--------------------------------------------------------------------------------------------------------
08-30-2026 15:27:24
ExecuteReader requires an open and available Connection. The connection's current state is closed.
   at System.Data.SqlClient.SqlCommand.ValidateCommand(String method, Boolean async)
   at System.Data.SqlClient.SqlCommand.RunExecuteReader(CommandBehavior cmdBehavior, RunBehavior runBehavior, Boolean returnStream, String method, TaskCompletionSource`1 completion, Int32 timeout, Task& task, Boolean& usedCache, Boolean asyncWrite, Boolean inRetry)
   at System.Data.SqlClient.SqlCommand.RunExecuteReader(CommandBehavior cmdBehavior, RunBehavior runBehavior, Boolean returnStream, String method)
   at System.Data.SqlClient.SqlCommand.ExecuteReader(CommandBehavior behavior, String method)
   at System.Data.SqlClient.SqlCommand.ExecuteReader()
   at DataAnalyzer.Support.Dataaccess.IntegrationResults(List`1 eResultList, String extconstring) in D:\NEW LIVE PROJECT\Extrnal soures\Extrnal soures\DataAnalyzer\Support\Dataaccess.cs:line 787

--------------------------------------------------------------------------------------------------------
08-30-2026 15:27:24
ExecuteReader requires an open and available Connection. The connection's current state is closed.
   at System.Data.SqlClient.SqlCommand.ValidateCommand(String method, Boolean async)
   at System.Data.SqlClient.SqlCommand.RunExecuteReader(CommandBehavior cmdBehavior, RunBehavior runBehavior, Boolean returnStream, String method, TaskCompletionSource`1 completion, Int32 timeout, Task& task, Boolean& usedCache, Boolean asyncWrite, Boolean inRetry)
   at System.Data.SqlClient.SqlCommand.RunExecuteReader(CommandBehavior cmdBehavior, RunBehavior runBehavior, Boolean returnStream, String method)
   at System.Data.SqlClient.SqlCommand.ExecuteReader(CommandBehavior behavior, String method)
   at System.Data.SqlClient.SqlCommand.ExecuteReader()
   at DataAnalyzer.Support.Dataaccess.IntegrationResults(List`1 eResultList, String extconstring) in D:\NEW LIVE PROJECT\Extrnal soures\Extrnal soures\DataAnalyzer\Support\Dataaccess.cs:line 787

--------------------------------------------------------------------------------------------------------
08-30-2026 15:33:11
'.', hexadecimal value 0x00, is an invalid character. Line 69648, position 14.
   at System.Xml.XmlTextReaderImpl.Throw(Exception e)
   at System.Xml.XmlTextReaderImpl.Throw(String res, String[] args)
   at System.Xml.XmlTextReaderImpl.ParseText(Int32& startPos, Int32& endPos, Int32& outOrChars)
   at System.Xml.XmlTextReaderImpl.ParseText()
   at System.Xml.XmlTextReaderImpl.ParseElementContent()
   at System.Xml.XmlTextReaderImpl.Read()
   at System.Xml.XmlLoader.LoadNode(Boolean skipOverWhitespace)
   at System.Xml.XmlLoader.LoadDocSequence(XmlDocument parentDoc)
   at System.Xml.XmlLoader.Load(XmlDocument doc, XmlReader reader, Boolean preserveWhitespace)
   at System.Xml.XmlDocument.Load(XmlReader reader)
   at System.Xml.XmlDocument.Load(String filename)
   at DataAnalyzer.Support.FileManager.WriteInputMessage(InputMessages Message, String FileName) in D:\NEW LIVE PROJECT\Extrnal soures\Extrnal soures\DataAnalyzer\Support\FileManager.cs:line 1102

--------------------------------------------------------------------------------------------------------
08-30-2026 16:39:42
'.', hexadecimal value 0x00, is an invalid character. Line 69648, position 14.
   at System.Xml.XmlTextReaderImpl.Throw(Exception e)
   at System.Xml.XmlTextReaderImpl.Throw(String res, String[] args)
   at System.Xml.XmlTextReaderImpl.ParseText(Int32& startPos, Int32& endPos, Int32& outOrChars)
   at System.Xml.XmlTextReaderImpl.ParseText()
   at System.Xml.XmlTextReaderImpl.ParseElementContent()
   at System.Xml.XmlTextReaderImpl.Read()
   at System.Xml.XmlLoader.LoadNode(Boolean skipOverWhitespace)
   at System.Xml.XmlLoader.LoadDocSequence(XmlDocument parentDoc)
   at System.Xml.XmlLoader.Load(XmlDocument doc, XmlReader reader, Boolean preserveWhitespace)
   at System.Xml.XmlDocument.Load(XmlReader reader)
   at System.Xml.XmlDocument.Load(String filename)
   at DataAnalyzer.Support.FileManager.WriteInputMessage(InputMessages Message, String FileName) in D:\NEW LIVE PROJECT\Extrnal soures\Extrnal soures\DataAnalyzer\Support\FileManager.cs:line 1102

--------------------------------------------------------------------------------------------------------
08-30-2026 16:39:57
A network-related or instance-specific error occurred while establishing a connection to SQL Server. The server was not found or was not accessible. Verify that the instance name is correct and that SQL Server is configured to allow remote connections. (provider: TCP Provider, error: 0 - The wait operation timed out.)
   at System.Data.SqlClient.SqlInternalConnectionTds..ctor(DbConnectionPoolIdentity identity, SqlConnectionString connectionOptions, SqlCredential credential, Object providerInfo, String newPassword, SecureString newSecurePassword, Boolean redirectedUserInstance, SqlConnectionString userConnectionOptions, SessionData reconnectSessionData, DbConnectionPool pool, String accessToken, Boolean applyTransientFaultHandling, SqlAuthenticationProviderManager sqlAuthProviderManager)
   at System.Data.SqlClient.SqlConnectionFactory.CreateConnection(DbConnectionOptions options, DbConnectionPoolKey poolKey, Object poolGroupProviderInfo, DbConnectionPool pool, DbConnection owningConnection, DbConnectionOptions userOptions)
   at System.Data.ProviderBase.DbConnectionFactory.CreatePooledConnection(DbConnectionPool pool, DbConnection owningObject, DbConnectionOptions options, DbConnectionPoolKey poolKey, DbConnectionOptions userOptions)
   at System.Data.ProviderBase.DbConnectionPool.CreateObject(DbConnection owningObject, DbConnectionOptions userOptions, DbConnectionInternal oldConnection)
   at System.Data.ProviderBase.DbConnectionPool.UserCreateRequest(DbConnection owningObject, DbConnectionOptions userOptions, DbConnectionInternal oldConnection)
   at System.Data.ProviderBase.DbConnectionPool.TryGetConnection(DbConnection owningObject, UInt32 waitForMultipleObjectsTimeout, Boolean allowCreate, Boolean onlyOneCheckConnection, DbConnectionOptions userOptions, DbConnectionInternal& connection)
   at System.Data.ProviderBase.DbConnectionPool.TryGetConnection(DbConnection owningObject, TaskCompletionSource`1 retry, DbConnectionOptions userOptions, DbConnectionInternal& connection)
   at System.Data.ProviderBase.DbConnectionFactory.TryGetConnection(DbConnection owningConnection, TaskCompletionSource`1 retry, DbConnectionOptions userOptions, DbConnectionInternal oldConnection, DbConnectionInternal& connection)
   at System.Data.ProviderBase.DbConnectionInternal.TryOpenConnectionInternal(DbConnection outerConnection, DbConnectionFactory connectionFactory, TaskCompletionSource`1 retry, DbConnectionOptions userOptions)
   at System.Data.ProviderBase.DbConnectionClosed.TryOpenConnection(DbConnection outerConnection, DbConnectionFactory connectionFactory, TaskCompletionSource`1 retry, DbConnectionOptions userOptions)
   at System.Data.SqlClient.SqlConnection.TryOpenInner(TaskCompletionSource`1 retry)
   at System.Data.SqlClient.SqlConnection.TryOpen(TaskCompletionSource`1 retry)
   at System.Data.SqlClient.SqlConnection.Open()
   at DataAnalyzer.Support.Dataaccess.Machinemapping(String S2MachineID) in D:\NEW LIVE PROJECT\Extrnal soures\Extrnal soures\DataAnalyzer\Support\Dataaccess.cs:line 214

--------------------------------------------------------------------------------------------------------
08-30-2026 16:40:25
'.', hexadecimal value 0x00, is an invalid character. Line 69648, position 14.
   at System.Xml.XmlTextReaderImpl.Throw(Exception e)
   at System.Xml.XmlTextReaderImpl.Throw(String res, String[] args)
   at System.Xml.XmlTextReaderImpl.ParseText(Int32& startPos, Int32& endPos, Int32& outOrChars)
   at System.Xml.XmlTextReaderImpl.ParseText()
   at System.Xml.XmlTextReaderImpl.ParseElementContent()
   at System.Xml.XmlTextReaderImpl.Read()
   at System.Xml.XmlLoader.LoadNode(Boolean skipOverWhitespace)
   at System.Xml.XmlLoader.LoadDocSequence(XmlDocument parentDoc)
   at System.Xml.XmlLoader.Load(XmlDocument doc, XmlReader reader, Boolean preserveWhitespace)
   at System.Xml.XmlDocument.Load(XmlReader reader)
   at System.Xml.XmlDocument.Load(String filename)
   at DataAnalyzer.Support.FileManager.WriteInputMessage(InputMessages Message, String FileName) in D:\NEW LIVE PROJECT\Extrnal soures\Extrnal soures\DataAnalyzer\Support\FileManager.cs:line 1102

--------------------------------------------------------------------------------------------------------
08-30-2026 16:40:33
'.', hexadecimal value 0x00, is an invalid character. Line 69648, position 14.
   at System.Xml.XmlTextReaderImpl.Throw(Exception e)
   at System.Xml.XmlTextReaderImpl.Throw(String res, String[] args)
   at System.Xml.XmlTextReaderImpl.ParseText(Int32& startPos, Int32& endPos, Int32& outOrChars)
   at System.Xml.XmlTextReaderImpl.ParseText()
   at System.Xml.XmlTextReaderImpl.ParseElementContent()
   at System.Xml.XmlTextReaderImpl.Read()
   at System.Xml.XmlLoader.LoadNode(Boolean skipOverWhitespace)
   at System.Xml.XmlLoader.LoadDocSequence(XmlDocument parentDoc)
   at System.Xml.XmlLoader.Load(XmlDocument doc, XmlReader reader, Boolean preserveWhitespace)
   at System.Xml.XmlDocument.Load(XmlReader reader)
   at System.Xml.XmlDocument.Load(String filename)
   at DataAnalyzer.Support.FileManager.WriteInputMessage(InputMessages Message, String FileName) in D:\NEW LIVE PROJECT\Extrnal soures\Extrnal soures\DataAnalyzer\Support\FileManager.cs:line 1102

--------------------------------------------------------------------------------------------------------
08-30-2026 16:40:40
A network-related or instance-specific error occurred while establishing a connection to SQL Server. The server was not found or was not accessible. Verify that the instance name is correct and that SQL Server is configured to allow remote connections. (provider: TCP Provider, error: 0 - The wait operation timed out.)
   at System.Data.SqlClient.SqlInternalConnectionTds..ctor(DbConnectionPoolIdentity identity, SqlConnectionString connectionOptions, SqlCredential credential, Object providerInfo, String newPassword, SecureString newSecurePassword, Boolean redirectedUserInstance, SqlConnectionString userConnectionOptions, SessionData reconnectSessionData, DbConnectionPool pool, String accessToken, Boolean applyTransientFaultHandling, SqlAuthenticationProviderManager sqlAuthProviderManager)
   at System.Data.SqlClient.SqlConnectionFactory.CreateConnection(DbConnectionOptions options, DbConnectionPoolKey poolKey, Object poolGroupProviderInfo, DbConnectionPool pool, DbConnection owningConnection, DbConnectionOptions userOptions)
   at System.Data.ProviderBase.DbConnectionFactory.CreatePooledConnection(DbConnectionPool pool, DbConnection owningObject, DbConnectionOptions options, DbConnectionPoolKey poolKey, DbConnectionOptions userOptions)
   at System.Data.ProviderBase.DbConnectionPool.CreateObject(DbConnection owningObject, DbConnectionOptions userOptions, DbConnectionInternal oldConnection)
   at System.Data.ProviderBase.DbConnectionPool.UserCreateRequest(DbConnection owningObject, DbConnectionOptions userOptions, DbConnectionInternal oldConnection)
   at System.Data.ProviderBase.DbConnectionPool.TryGetConnection(DbConnection owningObject, UInt32 waitForMultipleObjectsTimeout, Boolean allowCreate, Boolean onlyOneCheckConnection, DbConnectionOptions userOptions, DbConnectionInternal& connection)
   at System.Data.ProviderBase.DbConnectionPool.TryGetConnection(DbConnection owningObject, TaskCompletionSource`1 retry, DbConnectionOptions userOptions, DbConnectionInternal& connection)
   at System.Data.ProviderBase.DbConnectionFactory.TryGetConnection(DbConnection owningConnection, TaskCompletionSource`1 retry, DbConnectionOptions userOptions, DbConnectionInternal oldConnection, DbConnectionInternal& connection)
   at System.Data.ProviderBase.DbConnectionInternal.TryOpenConnectionInternal(DbConnection outerConnection, DbConnectionFactory connectionFactory, TaskCompletionSource`1 retry, DbConnectionOptions userOptions)
   at System.Data.ProviderBase.DbConnectionClosed.TryOpenConnection(DbConnection outerConnection, DbConnectionFactory connectionFactory, TaskCompletionSource`1 retry, DbConnectionOptions userOptions)
   at System.Data.SqlClient.SqlConnection.TryOpenInner(TaskCompletionSource`1 retry)
   at System.Data.SqlClient.SqlConnection.TryOpen(TaskCompletionSource`1 retry)
   at System.Data.SqlClient.SqlConnection.Open()
   at DataAnalyzer.Support.Dataaccess.Machinemapping(String S2MachineID) in D:\NEW LIVE PROJECT\Extrnal soures\Extrnal soures\DataAnalyzer\Support\Dataaccess.cs:line 214

--------------------------------------------------------------------------------------------------------
08-30-2026 16:40:40
A network-related or instance-specific error occurred while establishing a connection to SQL Server. The server was not found or was not accessible. Verify that the instance name is correct and that SQL Server is configured to allow remote connections. (provider: TCP Provider, error: 0 - The wait operation timed out.)
   at System.Data.ProviderBase.DbConnectionPool.TryGetConnection(DbConnection owningObject, UInt32 waitForMultipleObjectsTimeout, Boolean allowCreate, Boolean onlyOneCheckConnection, DbConnectionOptions userOptions, DbConnectionInternal& connection)
   at System.Data.ProviderBase.DbConnectionPool.TryGetConnection(DbConnection owningObject, TaskCompletionSource`1 retry, DbConnectionOptions userOptions, DbConnectionInternal& connection)
   at System.Data.ProviderBase.DbConnectionFactory.TryGetConnection(DbConnection owningConnection, TaskCompletionSource`1 retry, DbConnectionOptions userOptions, DbConnectionInternal oldConnection, DbConnectionInternal& connection)
   at System.Data.ProviderBase.DbConnectionInternal.TryOpenConnectionInternal(DbConnection outerConnection, DbConnectionFactory connectionFactory, TaskCompletionSource`1 retry, DbConnectionOptions userOptions)
   at System.Data.ProviderBase.DbConnectionClosed.TryOpenConnection(DbConnection outerConnection, DbConnectionFactory connectionFactory, TaskCompletionSource`1 retry, DbConnectionOptions userOptions)
   at System.Data.SqlClient.SqlConnection.TryOpenInner(TaskCompletionSource`1 retry)
   at System.Data.SqlClient.SqlConnection.TryOpen(TaskCompletionSource`1 retry)
   at System.Data.SqlClient.SqlConnection.Open()
   at DataAnalyzer.Support.Dataaccess.Machinemapping(String S2MachineID) in D:\NEW LIVE PROJECT\Extrnal soures\Extrnal soures\DataAnalyzer\Support\Dataaccess.cs:line 214

--------------------------------------------------------------------------------------------------------
08-30-2026 16:40:42
A network-related or instance-specific error occurred while establishing a connection to SQL Server. The server was not found or was not accessible. Verify that the instance name is correct and that SQL Server is configured to allow remote connections. (provider: TCP Provider, error: 0 - The wait operation timed out.)
   at System.Data.ProviderBase.DbConnectionPool.TryGetConnection(DbConnection owningObject, UInt32 waitForMultipleObjectsTimeout, Boolean allowCreate, Boolean onlyOneCheckConnection, DbConnectionOptions userOptions, DbConnectionInternal& connection)
   at System.Data.ProviderBase.DbConnectionPool.TryGetConnection(DbConnection owningObject, TaskCompletionSource`1 retry, DbConnectionOptions userOptions, DbConnectionInternal& connection)
   at System.Data.ProviderBase.DbConnectionFactory.TryGetConnection(DbConnection owningConnection, TaskCompletionSource`1 retry, DbConnectionOptions userOptions, DbConnectionInternal oldConnection, DbConnectionInternal& connection)
   at System.Data.ProviderBase.DbConnectionInternal.TryOpenConnectionInternal(DbConnection outerConnection, DbConnectionFactory connectionFactory, TaskCompletionSource`1 retry, DbConnectionOptions userOptions)
   at System.Data.ProviderBase.DbConnectionClosed.TryOpenConnection(DbConnection outerConnection, DbConnectionFactory connectionFactory, TaskCompletionSource`1 retry, DbConnectionOptions userOptions)
   at System.Data.SqlClient.SqlConnection.TryOpenInner(TaskCompletionSource`1 retry)
   at System.Data.SqlClient.SqlConnection.TryOpen(TaskCompletionSource`1 retry)
   at System.Data.SqlClient.SqlConnection.Open()
   at DataAnalyzer.Support.Dataaccess.Machinemapping(String S2MachineID) in D:\NEW LIVE PROJECT\Extrnal soures\Extrnal soures\DataAnalyzer\Support\Dataaccess.cs:line 214

--------------------------------------------------------------------------------------------------------
08-30-2026 16:40:42
'.', hexadecimal value 0x00, is an invalid character. Line 69648, position 14.
   at System.Xml.XmlTextReaderImpl.Throw(Exception e)
   at System.Xml.XmlTextReaderImpl.Throw(String res, String[] args)
   at System.Xml.XmlTextReaderImpl.ParseText(Int32& startPos, Int32& endPos, Int32& outOrChars)
   at System.Xml.XmlTextReaderImpl.ParseText()
   at System.Xml.XmlTextReaderImpl.ParseElementContent()
   at System.Xml.XmlTextReaderImpl.Read()
   at System.Xml.XmlLoader.LoadNode(Boolean skipOverWhitespace)
   at System.Xml.XmlLoader.LoadDocSequence(XmlDocument parentDoc)
   at System.Xml.XmlLoader.Load(XmlDocument doc, XmlReader reader, Boolean preserveWhitespace)
   at System.Xml.XmlDocument.Load(XmlReader reader)
   at System.Xml.XmlDocument.Load(String filename)
   at DataAnalyzer.Support.FileManager.WriteInputMessage(InputMessages Message, String FileName) in D:\NEW LIVE PROJECT\Extrnal soures\Extrnal soures\DataAnalyzer\Support\FileManager.cs:line 1102

--------------------------------------------------------------------------------------------------------
08-30-2026 16:51:49
'.', hexadecimal value 0x00, is an invalid character. Line 69648, position 14.
   at System.Xml.XmlTextReaderImpl.Throw(Exception e)
   at System.Xml.XmlTextReaderImpl.Throw(String res, String[] args)
   at System.Xml.XmlTextReaderImpl.ParseText(Int32& startPos, Int32& endPos, Int32& outOrChars)
   at System.Xml.XmlTextReaderImpl.ParseText()
   at System.Xml.XmlTextReaderImpl.ParseElementContent()
   at System.Xml.XmlTextReaderImpl.Read()
   at System.Xml.XmlLoader.LoadNode(Boolean skipOverWhitespace)
   at System.Xml.XmlLoader.LoadDocSequence(XmlDocument parentDoc)
   at System.Xml.XmlLoader.Load(XmlDocument doc, XmlReader reader, Boolean preserveWhitespace)
   at System.Xml.XmlDocument.Load(XmlReader reader)
   at System.Xml.XmlDocument.Load(String filename)
   at DataAnalyzer.Support.FileManager.WriteInputMessage(InputMessages Message, String FileName) in D:\NEW LIVE PROJECT\Extrnal soures\Extrnal soures\DataAnalyzer\Support\FileManager.cs:line 1102

--------------------------------------------------------------------------------------------------------
08-30-2026 16:52:05
A network-related or instance-specific error occurred while establishing a connection to SQL Server. The server was not found or was not accessible. Verify that the instance name is correct and that SQL Server is configured to allow remote connections. (provider: TCP Provider, error: 0 - The wait operation timed out.)
   at System.Data.SqlClient.SqlInternalConnectionTds..ctor(DbConnectionPoolIdentity identity, SqlConnectionString connectionOptions, SqlCredential credential, Object providerInfo, String newPassword, SecureString newSecurePassword, Boolean redirectedUserInstance, SqlConnectionString userConnectionOptions, SessionData reconnectSessionData, DbConnectionPool pool, String accessToken, Boolean applyTransientFaultHandling, SqlAuthenticationProviderManager sqlAuthProviderManager)
   at System.Data.SqlClient.SqlConnectionFactory.CreateConnection(DbConnectionOptions options, DbConnectionPoolKey poolKey, Object poolGroupProviderInfo, DbConnectionPool pool, DbConnection owningConnection, DbConnectionOptions userOptions)
   at System.Data.ProviderBase.DbConnectionFactory.CreatePooledConnection(DbConnectionPool pool, DbConnection owningObject, DbConnectionOptions options, DbConnectionPoolKey poolKey, DbConnectionOptions userOptions)
   at System.Data.ProviderBase.DbConnectionPool.CreateObject(DbConnection owningObject, DbConnectionOptions userOptions, DbConnectionInternal oldConnection)
   at System.Data.ProviderBase.DbConnectionPool.UserCreateRequest(DbConnection owningObject, DbConnectionOptions userOptions, DbConnectionInternal oldConnection)
   at System.Data.ProviderBase.DbConnectionPool.TryGetConnection(DbConnection owningObject, UInt32 waitForMultipleObjectsTimeout, Boolean allowCreate, Boolean onlyOneCheckConnection, DbConnectionOptions userOptions, DbConnectionInternal& connection)
   at System.Data.ProviderBase.DbConnectionPool.TryGetConnection(DbConnection owningObject, TaskCompletionSource`1 retry, DbConnectionOptions userOptions, DbConnectionInternal& connection)
   at System.Data.ProviderBase.DbConnectionFactory.TryGetConnection(DbConnection owningConnection, TaskCompletionSource`1 retry, DbConnectionOptions userOptions, DbConnectionInternal oldConnection, DbConnectionInternal& connection)
   at System.Data.ProviderBase.DbConnectionInternal.TryOpenConnectionInternal(DbConnection outerConnection, DbConnectionFactory connectionFactory, TaskCompletionSource`1 retry, DbConnectionOptions userOptions)
   at System.Data.ProviderBase.DbConnectionClosed.TryOpenConnection(DbConnection outerConnection, DbConnectionFactory connectionFactory, TaskCompletionSource`1 retry, DbConnectionOptions userOptions)
   at System.Data.SqlClient.SqlConnection.TryOpenInner(TaskCompletionSource`1 retry)
   at System.Data.SqlClient.SqlConnection.TryOpen(TaskCompletionSource`1 retry)
   at System.Data.SqlClient.SqlConnection.Open()
   at DataAnalyzer.Support.Dataaccess.Machinemapping(String S2MachineID) in D:\NEW LIVE PROJECT\Extrnal soures\Extrnal soures\DataAnalyzer\Support\Dataaccess.cs:line 214

--------------------------------------------------------------------------------------------------------
08-30-2026 16:54:23
'.', hexadecimal value 0x00, is an invalid character. Line 69648, position 14.
   at System.Xml.XmlTextReaderImpl.Throw(Exception e)
   at System.Xml.XmlTextReaderImpl.Throw(String res, String[] args)
   at System.Xml.XmlTextReaderImpl.ParseText(Int32& startPos, Int32& endPos, Int32& outOrChars)
   at System.Xml.XmlTextReaderImpl.ParseText()
   at System.Xml.XmlTextReaderImpl.ParseElementContent()
   at System.Xml.XmlTextReaderImpl.Read()
   at System.Xml.XmlLoader.LoadNode(Boolean skipOverWhitespace)
   at System.Xml.XmlLoader.LoadDocSequence(XmlDocument parentDoc)
   at System.Xml.XmlLoader.Load(XmlDocument doc, XmlReader reader, Boolean preserveWhitespace)
   at System.Xml.XmlDocument.Load(XmlReader reader)
   at System.Xml.XmlDocument.Load(String filename)
   at DataAnalyzer.Support.FileManager.WriteInputMessage(InputMessages Message, String FileName) in D:\NEW LIVE PROJECT\Extrnal soures\Extrnal soures\DataAnalyzer\Support\FileManager.cs:line 1102

--------------------------------------------------------------------------------------------------------
08-30-2026 16:54:38
A network-related or instance-specific error occurred while establishing a connection to SQL Server. The server was not found or was not accessible. Verify that the instance name is correct and that SQL Server is configured to allow remote connections. (provider: TCP Provider, error: 0 - The wait operation timed out.)
   at System.Data.SqlClient.SqlInternalConnectionTds..ctor(DbConnectionPoolIdentity identity, SqlConnectionString connectionOptions, SqlCredential credential, Object providerInfo, String newPassword, SecureString newSecurePassword, Boolean redirectedUserInstance, SqlConnectionString userConnectionOptions, SessionData reconnectSessionData, DbConnectionPool pool, String accessToken, Boolean applyTransientFaultHandling, SqlAuthenticationProviderManager sqlAuthProviderManager)
   at System.Data.SqlClient.SqlConnectionFactory.CreateConnection(DbConnectionOptions options, DbConnectionPoolKey poolKey, Object poolGroupProviderInfo, DbConnectionPool pool, DbConnection owningConnection, DbConnectionOptions userOptions)
   at System.Data.ProviderBase.DbConnectionFactory.CreatePooledConnection(DbConnectionPool pool, DbConnection owningObject, DbConnectionOptions options, DbConnectionPoolKey poolKey, DbConnectionOptions userOptions)
   at System.Data.ProviderBase.DbConnectionPool.CreateObject(DbConnection owningObject, DbConnectionOptions userOptions, DbConnectionInternal oldConnection)
   at System.Data.ProviderBase.DbConnectionPool.UserCreateRequest(DbConnection owningObject, DbConnectionOptions userOptions, DbConnectionInternal oldConnection)
   at System.Data.ProviderBase.DbConnectionPool.TryGetConnection(DbConnection owningObject, UInt32 waitForMultipleObjectsTimeout, Boolean allowCreate, Boolean onlyOneCheckConnection, DbConnectionOptions userOptions, DbConnectionInternal& connection)
   at System.Data.ProviderBase.DbConnectionPool.TryGetConnection(DbConnection owningObject, TaskCompletionSource`1 retry, DbConnectionOptions userOptions, DbConnectionInternal& connection)
   at System.Data.ProviderBase.DbConnectionFactory.TryGetConnection(DbConnection owningConnection, TaskCompletionSource`1 retry, DbConnectionOptions userOptions, DbConnectionInternal oldConnection, DbConnectionInternal& connection)
   at System.Data.ProviderBase.DbConnectionInternal.TryOpenConnectionInternal(DbConnection outerConnection, DbConnectionFactory connectionFactory, TaskCompletionSource`1 retry, DbConnectionOptions userOptions)
   at System.Data.ProviderBase.DbConnectionClosed.TryOpenConnection(DbConnection outerConnection, DbConnectionFactory connectionFactory, TaskCompletionSource`1 retry, DbConnectionOptions userOptions)
   at System.Data.SqlClient.SqlConnection.TryOpenInner(TaskCompletionSource`1 retry)
   at System.Data.SqlClient.SqlConnection.TryOpen(TaskCompletionSource`1 retry)
   at System.Data.SqlClient.SqlConnection.Open()
   at DataAnalyzer.Support.Dataaccess.Machinemapping(String S2MachineID) in D:\NEW LIVE PROJECT\Extrnal soures\Extrnal soures\DataAnalyzer\Support\Dataaccess.cs:line 214

--------------------------------------------------------------------------------------------------------
08-30-2026 17:14:03
'.', hexadecimal value 0x00, is an invalid character. Line 69648, position 14.
   at System.Xml.XmlTextReaderImpl.Throw(Exception e)
   at System.Xml.XmlTextReaderImpl.Throw(String res, String[] args)
   at System.Xml.XmlTextReaderImpl.ParseText(Int32& startPos, Int32& endPos, Int32& outOrChars)
   at System.Xml.XmlTextReaderImpl.ParseText()
   at System.Xml.XmlTextReaderImpl.ParseElementContent()
   at System.Xml.XmlTextReaderImpl.Read()
   at System.Xml.XmlLoader.LoadNode(Boolean skipOverWhitespace)
   at System.Xml.XmlLoader.LoadDocSequence(XmlDocument parentDoc)
   at System.Xml.XmlLoader.Load(XmlDocument doc, XmlReader reader, Boolean preserveWhitespace)
   at System.Xml.XmlDocument.Load(XmlReader reader)
   at System.Xml.XmlDocument.Load(String filename)
   at DataAnalyzer.Support.FileManager.WriteInputMessage(InputMessages Message, String FileName) in D:\NEW LIVE PROJECT\Extrnal soures\Extrnal soures\DataAnalyzer\Support\FileManager.cs:line 1102

--------------------------------------------------------------------------------------------------------
08-30-2026 17:14:11
'.', hexadecimal value 0x00, is an invalid character. Line 69648, position 14.
   at System.Xml.XmlTextReaderImpl.Throw(Exception e)
   at System.Xml.XmlTextReaderImpl.Throw(String res, String[] args)
   at System.Xml.XmlTextReaderImpl.ParseText(Int32& startPos, Int32& endPos, Int32& outOrChars)
   at System.Xml.XmlTextReaderImpl.ParseText()
   at System.Xml.XmlTextReaderImpl.ParseElementContent()
   at System.Xml.XmlTextReaderImpl.Read()
   at System.Xml.XmlLoader.LoadNode(Boolean skipOverWhitespace)
   at System.Xml.XmlLoader.LoadDocSequence(XmlDocument parentDoc)
   at System.Xml.XmlLoader.Load(XmlDocument doc, XmlReader reader, Boolean preserveWhitespace)
   at System.Xml.XmlDocument.Load(XmlReader reader)
   at System.Xml.XmlDocument.Load(String filename)
   at DataAnalyzer.Support.FileManager.WriteInputMessage(InputMessages Message, String FileName) in D:\NEW LIVE PROJECT\Extrnal soures\Extrnal soures\DataAnalyzer\Support\FileManager.cs:line 1102

--------------------------------------------------------------------------------------------------------
08-30-2026 17:14:18
A network-related or instance-specific error occurred while establishing a connection to SQL Server. The server was not found or was not accessible. Verify that the instance name is correct and that SQL Server is configured to allow remote connections. (provider: TCP Provider, error: 0 - The wait operation timed out.)
   at System.Data.SqlClient.SqlInternalConnectionTds..ctor(DbConnectionPoolIdentity identity, SqlConnectionString connectionOptions, SqlCredential credential, Object providerInfo, String newPassword, SecureString newSecurePassword, Boolean redirectedUserInstance, SqlConnectionString userConnectionOptions, SessionData reconnectSessionData, DbConnectionPool pool, String accessToken, Boolean applyTransientFaultHandling, SqlAuthenticationProviderManager sqlAuthProviderManager)
   at System.Data.SqlClient.SqlConnectionFactory.CreateConnection(DbConnectionOptions options, DbConnectionPoolKey poolKey, Object poolGroupProviderInfo, DbConnectionPool pool, DbConnection owningConnection, DbConnectionOptions userOptions)
   at System.Data.ProviderBase.DbConnectionFactory.CreatePooledConnection(DbConnectionPool pool, DbConnection owningObject, DbConnectionOptions options, DbConnectionPoolKey poolKey, DbConnectionOptions userOptions)
   at System.Data.ProviderBase.DbConnectionPool.CreateObject(DbConnection owningObject, DbConnectionOptions userOptions, DbConnectionInternal oldConnection)
   at System.Data.ProviderBase.DbConnectionPool.UserCreateRequest(DbConnection owningObject, DbConnectionOptions userOptions, DbConnectionInternal oldConnection)
   at System.Data.ProviderBase.DbConnectionPool.TryGetConnection(DbConnection owningObject, UInt32 waitForMultipleObjectsTimeout, Boolean allowCreate, Boolean onlyOneCheckConnection, DbConnectionOptions userOptions, DbConnectionInternal& connection)
   at System.Data.ProviderBase.DbConnectionPool.TryGetConnection(DbConnection owningObject, TaskCompletionSource`1 retry, DbConnectionOptions userOptions, DbConnectionInternal& connection)
   at System.Data.ProviderBase.DbConnectionFactory.TryGetConnection(DbConnection owningConnection, TaskCompletionSource`1 retry, DbConnectionOptions userOptions, DbConnectionInternal oldConnection, DbConnectionInternal& connection)
   at System.Data.ProviderBase.DbConnectionInternal.TryOpenConnectionInternal(DbConnection outerConnection, DbConnectionFactory connectionFactory, TaskCompletionSource`1 retry, DbConnectionOptions userOptions)
   at System.Data.ProviderBase.DbConnectionClosed.TryOpenConnection(DbConnection outerConnection, DbConnectionFactory connectionFactory, TaskCompletionSource`1 retry, DbConnectionOptions userOptions)
   at System.Data.SqlClient.SqlConnection.TryOpenInner(TaskCompletionSource`1 retry)
   at System.Data.SqlClient.SqlConnection.TryOpen(TaskCompletionSource`1 retry)
   at System.Data.SqlClient.SqlConnection.Open()
   at DataAnalyzer.Support.Dataaccess.Machinemapping(String S2MachineID) in D:\NEW LIVE PROJECT\Extrnal soures\Extrnal soures\DataAnalyzer\Support\Dataaccess.cs:line 214

--------------------------------------------------------------------------------------------------------
08-30-2026 17:14:18
A network-related or instance-specific error occurred while establishing a connection to SQL Server. The server was not found or was not accessible. Verify that the instance name is correct and that SQL Server is configured to allow remote connections. (provider: TCP Provider, error: 0 - The wait operation timed out.)
   at System.Data.ProviderBase.DbConnectionPool.TryGetConnection(DbConnection owningObject, UInt32 waitForMultipleObjectsTimeout, Boolean allowCreate, Boolean onlyOneCheckConnection, DbConnectionOptions userOptions, DbConnectionInternal& connection)
   at System.Data.ProviderBase.DbConnectionPool.TryGetConnection(DbConnection owningObject, TaskCompletionSource`1 retry, DbConnectionOptions userOptions, DbConnectionInternal& connection)
   at System.Data.ProviderBase.DbConnectionFactory.TryGetConnection(DbConnection owningConnection, TaskCompletionSource`1 retry, DbConnectionOptions userOptions, DbConnectionInternal oldConnection, DbConnectionInternal& connection)
   at System.Data.ProviderBase.DbConnectionInternal.TryOpenConnectionInternal(DbConnection outerConnection, DbConnectionFactory connectionFactory, TaskCompletionSource`1 retry, DbConnectionOptions userOptions)
   at System.Data.ProviderBase.DbConnectionClosed.TryOpenConnection(DbConnection outerConnection, DbConnectionFactory connectionFactory, TaskCompletionSource`1 retry, DbConnectionOptions userOptions)
   at System.Data.SqlClient.SqlConnection.TryOpenInner(TaskCompletionSource`1 retry)
   at System.Data.SqlClient.SqlConnection.TryOpen(TaskCompletionSource`1 retry)
   at System.Data.SqlClient.SqlConnection.Open()
   at DataAnalyzer.Support.Dataaccess.Machinemapping(String S2MachineID) in D:\NEW LIVE PROJECT\Extrnal soures\Extrnal soures\DataAnalyzer\Support\Dataaccess.cs:line 214

--------------------------------------------------------------------------------------------------------
08-30-2026 17:14:20
'.', hexadecimal value 0x00, is an invalid character. Line 69648, position 14.
   at System.Xml.XmlTextReaderImpl.Throw(Exception e)
   at System.Xml.XmlTextReaderImpl.Throw(String res, String[] args)
   at System.Xml.XmlTextReaderImpl.ParseText(Int32& startPos, Int32& endPos, Int32& outOrChars)
   at System.Xml.XmlTextReaderImpl.ParseText()
   at System.Xml.XmlTextReaderImpl.ParseElementContent()
   at System.Xml.XmlTextReaderImpl.Read()
   at System.Xml.XmlLoader.LoadNode(Boolean skipOverWhitespace)
   at System.Xml.XmlLoader.LoadDocSequence(XmlDocument parentDoc)
   at System.Xml.XmlLoader.Load(XmlDocument doc, XmlReader reader, Boolean preserveWhitespace)
   at System.Xml.XmlDocument.Load(XmlReader reader)
   at System.Xml.XmlDocument.Load(String filename)
   at DataAnalyzer.Support.FileManager.WriteInputMessage(InputMessages Message, String FileName) in D:\NEW LIVE PROJECT\Extrnal soures\Extrnal soures\DataAnalyzer\Support\FileManager.cs:line 1102

--------------------------------------------------------------------------------------------------------
08-30-2026 17:14:28
'.', hexadecimal value 0x00, is an invalid character. Line 69648, position 14.
   at System.Xml.XmlTextReaderImpl.Throw(Exception e)
   at System.Xml.XmlTextReaderImpl.Throw(String res, String[] args)
   at System.Xml.XmlTextReaderImpl.ParseText(Int32& startPos, Int32& endPos, Int32& outOrChars)
   at System.Xml.XmlTextReaderImpl.ParseText()
   at System.Xml.XmlTextReaderImpl.ParseElementContent()
   at System.Xml.XmlTextReaderImpl.Read()
   at System.Xml.XmlLoader.LoadNode(Boolean skipOverWhitespace)
   at System.Xml.XmlLoader.LoadDocSequence(XmlDocument parentDoc)
   at System.Xml.XmlLoader.Load(XmlDocument doc, XmlReader reader, Boolean preserveWhitespace)
   at System.Xml.XmlDocument.Load(XmlReader reader)
   at System.Xml.XmlDocument.Load(String filename)
   at DataAnalyzer.Support.FileManager.WriteInputMessage(InputMessages Message, String FileName) in D:\NEW LIVE PROJECT\Extrnal soures\Extrnal soures\DataAnalyzer\Support\FileManager.cs:line 1102

--------------------------------------------------------------------------------------------------------
08-30-2026 17:14:33
A network-related or instance-specific error occurred while establishing a connection to SQL Server. The server was not found or was not accessible. Verify that the instance name is correct and that SQL Server is configured to allow remote connections. (provider: TCP Provider, error: 0 - The wait operation timed out.)
   at System.Data.ProviderBase.DbConnectionPool.TryGetConnection(DbConnection owningObject, UInt32 waitForMultipleObjectsTimeout, Boolean allowCreate, Boolean onlyOneCheckConnection, DbConnectionOptions userOptions, DbConnectionInternal& connection)
   at System.Data.ProviderBase.DbConnectionPool.TryGetConnection(DbConnection owningObject, TaskCompletionSource`1 retry, DbConnectionOptions userOptions, DbConnectionInternal& connection)
   at System.Data.ProviderBase.DbConnectionFactory.TryGetConnection(DbConnection owningConnection, TaskCompletionSource`1 retry, DbConnectionOptions userOptions, DbConnectionInternal oldConnection, DbConnectionInternal& connection)
   at System.Data.ProviderBase.DbConnectionInternal.TryOpenConnectionInternal(DbConnection outerConnection, DbConnectionFactory connectionFactory, TaskCompletionSource`1 retry, DbConnectionOptions userOptions)
   at System.Data.ProviderBase.DbConnectionClosed.TryOpenConnection(DbConnection outerConnection, DbConnectionFactory connectionFactory, TaskCompletionSource`1 retry, DbConnectionOptions userOptions)
   at System.Data.SqlClient.SqlConnection.TryOpenInner(TaskCompletionSource`1 retry)
   at System.Data.SqlClient.SqlConnection.TryOpen(TaskCompletionSource`1 retry)
   at System.Data.SqlClient.SqlConnection.Open()
   at DataAnalyzer.Support.Dataaccess.Machinemapping(String S2MachineID) in D:\NEW LIVE PROJECT\Extrnal soures\Extrnal soures\DataAnalyzer\Support\Dataaccess.cs:line 214

--------------------------------------------------------------------------------------------------------
08-30-2026 17:14:33
A network-related or instance-specific error occurred while establishing a connection to SQL Server. The server was not found or was not accessible. Verify that the instance name is correct and that SQL Server is configured to allow remote connections. (provider: TCP Provider, error: 0 - The wait operation timed out.)
   at System.Data.ProviderBase.DbConnectionPool.TryGetConnection(DbConnection owningObject, UInt32 waitForMultipleObjectsTimeout, Boolean allowCreate, Boolean onlyOneCheckConnection, DbConnectionOptions userOptions, DbConnectionInternal& connection)
   at System.Data.ProviderBase.DbConnectionPool.TryGetConnection(DbConnection owningObject, TaskCompletionSource`1 retry, DbConnectionOptions userOptions, DbConnectionInternal& connection)
   at System.Data.ProviderBase.DbConnectionFactory.TryGetConnection(DbConnection owningConnection, TaskCompletionSource`1 retry, DbConnectionOptions userOptions, DbConnectionInternal oldConnection, DbConnectionInternal& connection)
   at System.Data.ProviderBase.DbConnectionInternal.TryOpenConnectionInternal(DbConnection outerConnection, DbConnectionFactory connectionFactory, TaskCompletionSource`1 retry, DbConnectionOptions userOptions)
   at System.Data.ProviderBase.DbConnectionClosed.TryOpenConnection(DbConnection outerConnection, DbConnectionFactory connectionFactory, TaskCompletionSource`1 retry, DbConnectionOptions userOptions)
   at System.Data.SqlClient.SqlConnection.TryOpenInner(TaskCompletionSource`1 retry)
   at System.Data.SqlClient.SqlConnection.TryOpen(TaskCompletionSource`1 retry)
   at System.Data.SqlClient.SqlConnection.Open()
   at DataAnalyzer.Support.Dataaccess.Machinemapping(String S2MachineID) in D:\NEW LIVE PROJECT\Extrnal soures\Extrnal soures\DataAnalyzer\Support\Dataaccess.cs:line 214

--------------------------------------------------------------------------------------------------------
08-30-2026 17:14:37
A network-related or instance-specific error occurred while establishing a connection to SQL Server. The server was not found or was not accessible. Verify that the instance name is correct and that SQL Server is configured to allow remote connections. (provider: TCP Provider, error: 0 - The wait operation timed out.)
   at System.Data.ProviderBase.DbConnectionPool.TryGetConnection(DbConnection owningObject, UInt32 waitForMultipleObjectsTimeout, Boolean allowCreate, Boolean onlyOneCheckConnection, DbConnectionOptions userOptions, DbConnectionInternal& connection)
   at System.Data.ProviderBase.DbConnectionPool.TryGetConnection(DbConnection owningObject, TaskCompletionSource`1 retry, DbConnectionOptions userOptions, DbConnectionInternal& connection)
   at System.Data.ProviderBase.DbConnectionFactory.TryGetConnection(DbConnection owningConnection, TaskCompletionSource`1 retry, DbConnectionOptions userOptions, DbConnectionInternal oldConnection, DbConnectionInternal& connection)
   at System.Data.ProviderBase.DbConnectionInternal.TryOpenConnectionInternal(DbConnection outerConnection, DbConnectionFactory connectionFactory, TaskCompletionSource`1 retry, DbConnectionOptions userOptions)
   at System.Data.ProviderBase.DbConnectionClosed.TryOpenConnection(DbConnection outerConnection, DbConnectionFactory connectionFactory, TaskCompletionSource`1 retry, DbConnectionOptions userOptions)
   at System.Data.SqlClient.SqlConnection.TryOpenInner(TaskCompletionSource`1 retry)
   at System.Data.SqlClient.SqlConnection.TryOpen(TaskCompletionSource`1 retry)
   at System.Data.SqlClient.SqlConnection.Open()
   at DataAnalyzer.Support.Dataaccess.Machinemapping(String S2MachineID) in D:\NEW LIVE PROJECT\Extrnal soures\Extrnal soures\DataAnalyzer\Support\Dataaccess.cs:line 214

--------------------------------------------------------------------------------------------------------
08-30-2026 17:14:37
'.', hexadecimal value 0x00, is an invalid character. Line 69648, position 14.
   at System.Xml.XmlTextReaderImpl.Throw(Exception e)
   at System.Xml.XmlTextReaderImpl.Throw(String res, String[] args)
   at System.Xml.XmlTextReaderImpl.ParseText(Int32& startPos, Int32& endPos, Int32& outOrChars)
   at System.Xml.XmlTextReaderImpl.ParseText()
   at System.Xml.XmlTextReaderImpl.ParseElementContent()
   at System.Xml.XmlTextReaderImpl.Read()
   at System.Xml.XmlLoader.LoadNode(Boolean skipOverWhitespace)
   at System.Xml.XmlLoader.LoadDocSequence(XmlDocument parentDoc)
   at System.Xml.XmlLoader.Load(XmlDocument doc, XmlReader reader, Boolean preserveWhitespace)
   at System.Xml.XmlDocument.Load(XmlReader reader)
   at System.Xml.XmlDocument.Load(String filename)
   at DataAnalyzer.Support.FileManager.WriteInputMessage(InputMessages Message, String FileName) in D:\NEW LIVE PROJECT\Extrnal soures\Extrnal soures\DataAnalyzer\Support\FileManager.cs:line 1102

--------------------------------------------------------------------------------------------------------
08-30-2026 17:14:45
'.', hexadecimal value 0x00, is an invalid character. Line 69648, position 14.
   at System.Xml.XmlTextReaderImpl.Throw(Exception e)
   at System.Xml.XmlTextReaderImpl.Throw(String res, String[] args)
   at System.Xml.XmlTextReaderImpl.ParseText(Int32& startPos, Int32& endPos, Int32& outOrChars)
   at System.Xml.XmlTextReaderImpl.ParseText()
   at System.Xml.XmlTextReaderImpl.ParseElementContent()
   at System.Xml.XmlTextReaderImpl.Read()
   at System.Xml.XmlLoader.LoadNode(Boolean skipOverWhitespace)
   at System.Xml.XmlLoader.LoadDocSequence(XmlDocument parentDoc)
   at System.Xml.XmlLoader.Load(XmlDocument doc, XmlReader reader, Boolean preserveWhitespace)
   at System.Xml.XmlDocument.Load(XmlReader reader)
   at System.Xml.XmlDocument.Load(String filename)
   at DataAnalyzer.Support.FileManager.WriteInputMessage(InputMessages Message, String FileName) in D:\NEW LIVE PROJECT\Extrnal soures\Extrnal soures\DataAnalyzer\Support\FileManager.cs:line 1102

--------------------------------------------------------------------------------------------------------
08-30-2026 17:15:01
A network-related or instance-specific error occurred while establishing a connection to SQL Server. The server was not found or was not accessible. Verify that the instance name is correct and that SQL Server is configured to allow remote connections. (provider: TCP Provider, error: 0 - The wait operation timed out.)
   at System.Data.SqlClient.SqlInternalConnectionTds..ctor(DbConnectionPoolIdentity identity, SqlConnectionString connectionOptions, SqlCredential credential, Object providerInfo, String newPassword, SecureString newSecurePassword, Boolean redirectedUserInstance, SqlConnectionString userConnectionOptions, SessionData reconnectSessionData, DbConnectionPool pool, String accessToken, Boolean applyTransientFaultHandling, SqlAuthenticationProviderManager sqlAuthProviderManager)
   at System.Data.SqlClient.SqlConnectionFactory.CreateConnection(DbConnectionOptions options, DbConnectionPoolKey poolKey, Object poolGroupProviderInfo, DbConnectionPool pool, DbConnection owningConnection, DbConnectionOptions userOptions)
   at System.Data.ProviderBase.DbConnectionFactory.CreatePooledConnection(DbConnectionPool pool, DbConnection owningObject, DbConnectionOptions options, DbConnectionPoolKey poolKey, DbConnectionOptions userOptions)
   at System.Data.ProviderBase.DbConnectionPool.CreateObject(DbConnection owningObject, DbConnectionOptions userOptions, DbConnectionInternal oldConnection)
   at System.Data.ProviderBase.DbConnectionPool.UserCreateRequest(DbConnection owningObject, DbConnectionOptions userOptions, DbConnectionInternal oldConnection)
   at System.Data.ProviderBase.DbConnectionPool.TryGetConnection(DbConnection owningObject, UInt32 waitForMultipleObjectsTimeout, Boolean allowCreate, Boolean onlyOneCheckConnection, DbConnectionOptions userOptions, DbConnectionInternal& connection)
   at System.Data.ProviderBase.DbConnectionPool.TryGetConnection(DbConnection owningObject, TaskCompletionSource`1 retry, DbConnectionOptions userOptions, DbConnectionInternal& connection)
   at System.Data.ProviderBase.DbConnectionFactory.TryGetConnection(DbConnection owningConnection, TaskCompletionSource`1 retry, DbConnectionOptions userOptions, DbConnectionInternal oldConnection, DbConnectionInternal& connection)
   at System.Data.ProviderBase.DbConnectionInternal.TryOpenConnectionInternal(DbConnection outerConnection, DbConnectionFactory connectionFactory, TaskCompletionSource`1 retry, DbConnectionOptions userOptions)
   at System.Data.ProviderBase.DbConnectionClosed.TryOpenConnection(DbConnection outerConnection, DbConnectionFactory connectionFactory, TaskCompletionSource`1 retry, DbConnectionOptions userOptions)
   at System.Data.SqlClient.SqlConnection.TryOpenInner(TaskCompletionSource`1 retry)
   at System.Data.SqlClient.SqlConnection.TryOpen(TaskCompletionSource`1 retry)
   at System.Data.SqlClient.SqlConnection.Open()
   at DataAnalyzer.Support.Dataaccess.Machinemapping(String S2MachineID) in D:\NEW LIVE PROJECT\Extrnal soures\Extrnal soures\DataAnalyzer\Support\Dataaccess.cs:line 214

--------------------------------------------------------------------------------------------------------
08-30-2026 17:20:36
'.', hexadecimal value 0x00, is an invalid character. Line 69648, position 14.
   at System.Xml.XmlTextReaderImpl.Throw(Exception e)
   at System.Xml.XmlTextReaderImpl.Throw(String res, String[] args)
   at System.Xml.XmlTextReaderImpl.ParseText(Int32& startPos, Int32& endPos, Int32& outOrChars)
   at System.Xml.XmlTextReaderImpl.ParseText()
   at System.Xml.XmlTextReaderImpl.ParseElementContent()
   at System.Xml.XmlTextReaderImpl.Read()
   at System.Xml.XmlLoader.LoadNode(Boolean skipOverWhitespace)
   at System.Xml.XmlLoader.LoadDocSequence(XmlDocument parentDoc)
   at System.Xml.XmlLoader.Load(XmlDocument doc, XmlReader reader, Boolean preserveWhitespace)
   at System.Xml.XmlDocument.Load(XmlReader reader)
   at System.Xml.XmlDocument.Load(String filename)
   at DataAnalyzer.Support.FileManager.WriteInputMessage(InputMessages Message, String FileName) in D:\NEW LIVE PROJECT\Extrnal soures\Extrnal soures\DataAnalyzer\Support\FileManager.cs:line 1102

--------------------------------------------------------------------------------------------------------
08-30-2026 17:20:51
A network-related or instance-specific error occurred while establishing a connection to SQL Server. The server was not found or was not accessible. Verify that the instance name is correct and that SQL Server is configured to allow remote connections. (provider: TCP Provider, error: 0 - The wait operation timed out.)
   at System.Data.SqlClient.SqlInternalConnectionTds..ctor(DbConnectionPoolIdentity identity, SqlConnectionString connectionOptions, SqlCredential credential, Object providerInfo, String newPassword, SecureString newSecurePassword, Boolean redirectedUserInstance, SqlConnectionString userConnectionOptions, SessionData reconnectSessionData, DbConnectionPool pool, String accessToken, Boolean applyTransientFaultHandling, SqlAuthenticationProviderManager sqlAuthProviderManager)
   at System.Data.SqlClient.SqlConnectionFactory.CreateConnection(DbConnectionOptions options, DbConnectionPoolKey poolKey, Object poolGroupProviderInfo, DbConnectionPool pool, DbConnection owningConnection, DbConnectionOptions userOptions)
   at System.Data.ProviderBase.DbConnectionFactory.CreatePooledConnection(DbConnectionPool pool, DbConnection owningObject, DbConnectionOptions options, DbConnectionPoolKey poolKey, DbConnectionOptions userOptions)
   at System.Data.ProviderBase.DbConnectionPool.CreateObject(DbConnection owningObject, DbConnectionOptions userOptions, DbConnectionInternal oldConnection)
   at System.Data.ProviderBase.DbConnectionPool.UserCreateRequest(DbConnection owningObject, DbConnectionOptions userOptions, DbConnectionInternal oldConnection)
   at System.Data.ProviderBase.DbConnectionPool.TryGetConnection(DbConnection owningObject, UInt32 waitForMultipleObjectsTimeout, Boolean allowCreate, Boolean onlyOneCheckConnection, DbConnectionOptions userOptions, DbConnectionInternal& connection)
   at System.Data.ProviderBase.DbConnectionPool.TryGetConnection(DbConnection owningObject, TaskCompletionSource`1 retry, DbConnectionOptions userOptions, DbConnectionInternal& connection)
   at System.Data.ProviderBase.DbConnectionFactory.TryGetConnection(DbConnection owningConnection, TaskCompletionSource`1 retry, DbConnectionOptions userOptions, DbConnectionInternal oldConnection, DbConnectionInternal& connection)
   at System.Data.ProviderBase.DbConnectionInternal.TryOpenConnectionInternal(DbConnection outerConnection, DbConnectionFactory connectionFactory, TaskCompletionSource`1 retry, DbConnectionOptions userOptions)
   at System.Data.ProviderBase.DbConnectionClosed.TryOpenConnection(DbConnection outerConnection, DbConnectionFactory connectionFactory, TaskCompletionSource`1 retry, DbConnectionOptions userOptions)
   at System.Data.SqlClient.SqlConnection.TryOpenInner(TaskCompletionSource`1 retry)
   at System.Data.SqlClient.SqlConnection.TryOpen(TaskCompletionSource`1 retry)
   at System.Data.SqlClient.SqlConnection.Open()
   at DataAnalyzer.Support.Dataaccess.Machinemapping(String S2MachineID) in D:\NEW LIVE PROJECT\Extrnal soures\Extrnal soures\DataAnalyzer\Support\Dataaccess.cs:line 214

--------------------------------------------------------------------------------------------------------
08-30-2026 17:54:40
'.', hexadecimal value 0x00, is an invalid character. Line 69648, position 14.
   at System.Xml.XmlTextReaderImpl.Throw(Exception e)
   at System.Xml.XmlTextReaderImpl.Throw(String res, String[] args)
   at System.Xml.XmlTextReaderImpl.ParseText(Int32& startPos, Int32& endPos, Int32& outOrChars)
   at System.Xml.XmlTextReaderImpl.ParseText()
   at System.Xml.XmlTextReaderImpl.ParseElementContent()
   at System.Xml.XmlTextReaderImpl.Read()
   at System.Xml.XmlLoader.LoadNode(Boolean skipOverWhitespace)
   at System.Xml.XmlLoader.LoadDocSequence(XmlDocument parentDoc)
   at System.Xml.XmlLoader.Load(XmlDocument doc, XmlReader reader, Boolean preserveWhitespace)
   at System.Xml.XmlDocument.Load(XmlReader reader)
   at System.Xml.XmlDocument.Load(String filename)
   at DataAnalyzer.Support.FileManager.WriteInputMessage(InputMessages Message, String FileName) in D:\NEW LIVE PROJECT\Extrnal soures\Extrnal soures\DataAnalyzer\Support\FileManager.cs:line 1102

--------------------------------------------------------------------------------------------------------
08-30-2026 17:54:55
A network-related or instance-specific error occurred while establishing a connection to SQL Server. The server was not found or was not accessible. Verify that the instance name is correct and that SQL Server is configured to allow remote connections. (provider: TCP Provider, error: 0 - The wait operation timed out.)
   at System.Data.SqlClient.SqlInternalConnectionTds..ctor(DbConnectionPoolIdentity identity, SqlConnectionString connectionOptions, SqlCredential credential, Object providerInfo, String newPassword, SecureString newSecurePassword, Boolean redirectedUserInstance, SqlConnectionString userConnectionOptions, SessionData reconnectSessionData, DbConnectionPool pool, String accessToken, Boolean applyTransientFaultHandling, SqlAuthenticationProviderManager sqlAuthProviderManager)
   at System.Data.SqlClient.SqlConnectionFactory.CreateConnection(DbConnectionOptions options, DbConnectionPoolKey poolKey, Object poolGroupProviderInfo, DbConnectionPool pool, DbConnection owningConnection, DbConnectionOptions userOptions)
   at System.Data.ProviderBase.DbConnectionFactory.CreatePooledConnection(DbConnectionPool pool, DbConnection owningObject, DbConnectionOptions options, DbConnectionPoolKey poolKey, DbConnectionOptions userOptions)
   at System.Data.ProviderBase.DbConnectionPool.CreateObject(DbConnection owningObject, DbConnectionOptions userOptions, DbConnectionInternal oldConnection)
   at System.Data.ProviderBase.DbConnectionPool.UserCreateRequest(DbConnection owningObject, DbConnectionOptions userOptions, DbConnectionInternal oldConnection)
   at System.Data.ProviderBase.DbConnectionPool.TryGetConnection(DbConnection owningObject, UInt32 waitForMultipleObjectsTimeout, Boolean allowCreate, Boolean onlyOneCheckConnection, DbConnectionOptions userOptions, DbConnectionInternal& connection)
   at System.Data.ProviderBase.DbConnectionPool.TryGetConnection(DbConnection owningObject, TaskCompletionSource`1 retry, DbConnectionOptions userOptions, DbConnectionInternal& connection)
   at System.Data.ProviderBase.DbConnectionFactory.TryGetConnection(DbConnection owningConnection, TaskCompletionSource`1 retry, DbConnectionOptions userOptions, DbConnectionInternal oldConnection, DbConnectionInternal& connection)
   at System.Data.ProviderBase.DbConnectionInternal.TryOpenConnectionInternal(DbConnection outerConnection, DbConnectionFactory connectionFactory, TaskCompletionSource`1 retry, DbConnectionOptions userOptions)
   at System.Data.ProviderBase.DbConnectionClosed.TryOpenConnection(DbConnection outerConnection, DbConnectionFactory connectionFactory, TaskCompletionSource`1 retry, DbConnectionOptions userOptions)
   at System.Data.SqlClient.SqlConnection.TryOpenInner(TaskCompletionSource`1 retry)
   at System.Data.SqlClient.SqlConnection.TryOpen(TaskCompletionSource`1 retry)
   at System.Data.SqlClient.SqlConnection.Open()
   at DataAnalyzer.Support.Dataaccess.Machinemapping(String S2MachineID) in D:\NEW LIVE PROJECT\Extrnal soures\Extrnal soures\DataAnalyzer\Support\Dataaccess.cs:line 214

--------------------------------------------------------------------------------------------------------
08-30-2026 17:55:14
A network-related or instance-specific error occurred while establishing a connection to SQL Server. The server was not found or was not accessible. Verify that the instance name is correct and that SQL Server is configured to allow remote connections. (provider: TCP Provider, error: 0 - The wait operation timed out.)
   at System.Data.ProviderBase.DbConnectionPool.TryGetConnection(DbConnection owningObject, UInt32 waitForMultipleObjectsTimeout, Boolean allowCreate, Boolean onlyOneCheckConnection, DbConnectionOptions userOptions, DbConnectionInternal& connection)
   at System.Data.ProviderBase.DbConnectionPool.TryGetConnection(DbConnection owningObject, TaskCompletionSource`1 retry, DbConnectionOptions userOptions, DbConnectionInternal& connection)
   at System.Data.ProviderBase.DbConnectionFactory.TryGetConnection(DbConnection owningConnection, TaskCompletionSource`1 retry, DbConnectionOptions userOptions, DbConnectionInternal oldConnection, DbConnectionInternal& connection)
   at System.Data.ProviderBase.DbConnectionInternal.TryOpenConnectionInternal(DbConnection outerConnection, DbConnectionFactory connectionFactory, TaskCompletionSource`1 retry, DbConnectionOptions userOptions)
   at System.Data.ProviderBase.DbConnectionClosed.TryOpenConnection(DbConnection outerConnection, DbConnectionFactory connectionFactory, TaskCompletionSource`1 retry, DbConnectionOptions userOptions)
   at System.Data.SqlClient.SqlConnection.TryOpenInner(TaskCompletionSource`1 retry)
   at System.Data.SqlClient.SqlConnection.TryOpen(TaskCompletionSource`1 retry)
   at System.Data.SqlClient.SqlConnection.Open()
   at DataAnalyzer.Support.Dataaccess.Machinemapping(String S2MachineID) in D:\NEW LIVE PROJECT\Extrnal soures\Extrnal soures\DataAnalyzer\Support\Dataaccess.cs:line 214

--------------------------------------------------------------------------------------------------------
08-30-2026 17:55:14
'.', hexadecimal value 0x00, is an invalid character. Line 69648, position 14.
   at System.Xml.XmlTextReaderImpl.Throw(Exception e)
   at System.Xml.XmlTextReaderImpl.Throw(String res, String[] args)
   at System.Xml.XmlTextReaderImpl.ParseText(Int32& startPos, Int32& endPos, Int32& outOrChars)
   at System.Xml.XmlTextReaderImpl.ParseText()
   at System.Xml.XmlTextReaderImpl.ParseElementContent()
   at System.Xml.XmlTextReaderImpl.Read()
   at System.Xml.XmlLoader.LoadNode(Boolean skipOverWhitespace)
   at System.Xml.XmlLoader.LoadDocSequence(XmlDocument parentDoc)
   at System.Xml.XmlLoader.Load(XmlDocument doc, XmlReader reader, Boolean preserveWhitespace)
   at System.Xml.XmlDocument.Load(XmlReader reader)
   at System.Xml.XmlDocument.Load(String filename)
   at DataAnalyzer.Support.FileManager.WriteInputMessage(InputMessages Message, String FileName) in D:\NEW LIVE PROJECT\Extrnal soures\Extrnal soures\DataAnalyzer\Support\FileManager.cs:line 1102

--------------------------------------------------------------------------------------------------------
08-30-2026 17:55:31
'.', hexadecimal value 0x00, is an invalid character. Line 69648, position 14.
   at System.Xml.XmlTextReaderImpl.Throw(Exception e)
   at System.Xml.XmlTextReaderImpl.Throw(String res, String[] args)
   at System.Xml.XmlTextReaderImpl.ParseText(Int32& startPos, Int32& endPos, Int32& outOrChars)
   at System.Xml.XmlTextReaderImpl.ParseText()
   at System.Xml.XmlTextReaderImpl.ParseElementContent()
   at System.Xml.XmlTextReaderImpl.Read()
   at System.Xml.XmlLoader.LoadNode(Boolean skipOverWhitespace)
   at System.Xml.XmlLoader.LoadDocSequence(XmlDocument parentDoc)
   at System.Xml.XmlLoader.Load(XmlDocument doc, XmlReader reader, Boolean preserveWhitespace)
   at System.Xml.XmlDocument.Load(XmlReader reader)
   at System.Xml.XmlDocument.Load(String filename)
   at DataAnalyzer.Support.FileManager.WriteInputMessage(InputMessages Message, String FileName) in D:\NEW LIVE PROJECT\Extrnal soures\Extrnal soures\DataAnalyzer\Support\FileManager.cs:line 1102

--------------------------------------------------------------------------------------------------------
08-30-2026 17:55:40
'.', hexadecimal value 0x00, is an invalid character. Line 69648, position 14.
   at System.Xml.XmlTextReaderImpl.Throw(Exception e)
   at System.Xml.XmlTextReaderImpl.Throw(String res, String[] args)
   at System.Xml.XmlTextReaderImpl.ParseText(Int32& startPos, Int32& endPos, Int32& outOrChars)
   at System.Xml.XmlTextReaderImpl.ParseText()
   at System.Xml.XmlTextReaderImpl.ParseElementContent()
   at System.Xml.XmlTextReaderImpl.Read()
   at System.Xml.XmlLoader.LoadNode(Boolean skipOverWhitespace)
   at System.Xml.XmlLoader.LoadDocSequence(XmlDocument parentDoc)
   at System.Xml.XmlLoader.Load(XmlDocument doc, XmlReader reader, Boolean preserveWhitespace)
   at System.Xml.XmlDocument.Load(XmlReader reader)
   at System.Xml.XmlDocument.Load(String filename)
   at DataAnalyzer.Support.FileManager.WriteInputMessage(InputMessages Message, String FileName) in D:\NEW LIVE PROJECT\Extrnal soures\Extrnal soures\DataAnalyzer\Support\FileManager.cs:line 1102

--------------------------------------------------------------------------------------------------------
08-30-2026 17:55:47
A network-related or instance-specific error occurred while establishing a connection to SQL Server. The server was not found or was not accessible. Verify that the instance name is correct and that SQL Server is configured to allow remote connections. (provider: TCP Provider, error: 0 - The wait operation timed out.)
   at System.Data.SqlClient.SqlInternalConnectionTds..ctor(DbConnectionPoolIdentity identity, SqlConnectionString connectionOptions, SqlCredential credential, Object providerInfo, String newPassword, SecureString newSecurePassword, Boolean redirectedUserInstance, SqlConnectionString userConnectionOptions, SessionData reconnectSessionData, DbConnectionPool pool, String accessToken, Boolean applyTransientFaultHandling, SqlAuthenticationProviderManager sqlAuthProviderManager)
   at System.Data.SqlClient.SqlConnectionFactory.CreateConnection(DbConnectionOptions options, DbConnectionPoolKey poolKey, Object poolGroupProviderInfo, DbConnectionPool pool, DbConnection owningConnection, DbConnectionOptions userOptions)
   at System.Data.ProviderBase.DbConnectionFactory.CreatePooledConnection(DbConnectionPool pool, DbConnection owningObject, DbConnectionOptions options, DbConnectionPoolKey poolKey, DbConnectionOptions userOptions)
   at System.Data.ProviderBase.DbConnectionPool.CreateObject(DbConnection owningObject, DbConnectionOptions userOptions, DbConnectionInternal oldConnection)
   at System.Data.ProviderBase.DbConnectionPool.UserCreateRequest(DbConnection owningObject, DbConnectionOptions userOptions, DbConnectionInternal oldConnection)
   at System.Data.ProviderBase.DbConnectionPool.TryGetConnection(DbConnection owningObject, UInt32 waitForMultipleObjectsTimeout, Boolean allowCreate, Boolean onlyOneCheckConnection, DbConnectionOptions userOptions, DbConnectionInternal& connection)
   at System.Data.ProviderBase.DbConnectionPool.TryGetConnection(DbConnection owningObject, TaskCompletionSource`1 retry, DbConnectionOptions userOptions, DbConnectionInternal& connection)
   at System.Data.ProviderBase.DbConnectionFactory.TryGetConnection(DbConnection owningConnection, TaskCompletionSource`1 retry, DbConnectionOptions userOptions, DbConnectionInternal oldConnection, DbConnectionInternal& connection)
   at System.Data.ProviderBase.DbConnectionInternal.TryOpenConnectionInternal(DbConnection outerConnection, DbConnectionFactory connectionFactory, TaskCompletionSource`1 retry, DbConnectionOptions userOptions)
   at System.Data.ProviderBase.DbConnectionClosed.TryOpenConnection(DbConnection outerConnection, DbConnectionFactory connectionFactory, TaskCompletionSource`1 retry, DbConnectionOptions userOptions)
   at System.Data.SqlClient.SqlConnection.TryOpenInner(TaskCompletionSource`1 retry)
   at System.Data.SqlClient.SqlConnection.TryOpen(TaskCompletionSource`1 retry)
   at System.Data.SqlClient.SqlConnection.Open()
   at DataAnalyzer.Support.Dataaccess.Machinemapping(String S2MachineID) in D:\NEW LIVE PROJECT\Extrnal soures\Extrnal soures\DataAnalyzer\Support\Dataaccess.cs:line 214

--------------------------------------------------------------------------------------------------------
08-30-2026 17:55:47
A network-related or instance-specific error occurred while establishing a connection to SQL Server. The server was not found or was not accessible. Verify that the instance name is correct and that SQL Server is configured to allow remote connections. (provider: TCP Provider, error: 0 - The wait operation timed out.)
   at System.Data.ProviderBase.DbConnectionPool.TryGetConnection(DbConnection owningObject, UInt32 waitForMultipleObjectsTimeout, Boolean allowCreate, Boolean onlyOneCheckConnection, DbConnectionOptions userOptions, DbConnectionInternal& connection)
   at System.Data.ProviderBase.DbConnectionPool.TryGetConnection(DbConnection owningObject, TaskCompletionSource`1 retry, DbConnectionOptions userOptions, DbConnectionInternal& connection)
   at System.Data.ProviderBase.DbConnectionFactory.TryGetConnection(DbConnection owningConnection, TaskCompletionSource`1 retry, DbConnectionOptions userOptions, DbConnectionInternal oldConnection, DbConnectionInternal& connection)
   at System.Data.ProviderBase.DbConnectionInternal.TryOpenConnectionInternal(DbConnection outerConnection, DbConnectionFactory connectionFactory, TaskCompletionSource`1 retry, DbConnectionOptions userOptions)
   at System.Data.ProviderBase.DbConnectionClosed.TryOpenConnection(DbConnection outerConnection, DbConnectionFactory connectionFactory, TaskCompletionSource`1 retry, DbConnectionOptions userOptions)
   at System.Data.SqlClient.SqlConnection.TryOpenInner(TaskCompletionSource`1 retry)
   at System.Data.SqlClient.SqlConnection.TryOpen(TaskCompletionSource`1 retry)
   at System.Data.SqlClient.SqlConnection.Open()
   at DataAnalyzer.Support.Dataaccess.Machinemapping(String S2MachineID) in D:\NEW LIVE PROJECT\Extrnal soures\Extrnal soures\DataAnalyzer\Support\Dataaccess.cs:line 214

--------------------------------------------------------------------------------------------------------
08-30-2026 18:04:55
'.', hexadecimal value 0x00, is an invalid character. Line 69648, position 14.
   at System.Xml.XmlTextReaderImpl.Throw(Exception e)
   at System.Xml.XmlTextReaderImpl.Throw(String res, String[] args)
   at System.Xml.XmlTextReaderImpl.ParseText(Int32& startPos, Int32& endPos, Int32& outOrChars)
   at System.Xml.XmlTextReaderImpl.ParseText()
   at System.Xml.XmlTextReaderImpl.ParseElementContent()
   at System.Xml.XmlTextReaderImpl.Read()
   at System.Xml.XmlLoader.LoadNode(Boolean skipOverWhitespace)
   at System.Xml.XmlLoader.LoadDocSequence(XmlDocument parentDoc)
   at System.Xml.XmlLoader.Load(XmlDocument doc, XmlReader reader, Boolean preserveWhitespace)
   at System.Xml.XmlDocument.Load(XmlReader reader)
   at System.Xml.XmlDocument.Load(String filename)
   at DataAnalyzer.Support.FileManager.WriteInputMessage(InputMessages Message, String FileName) in D:\NEW LIVE PROJECT\Extrnal soures\Extrnal soures\DataAnalyzer\Support\FileManager.cs:line 1102

--------------------------------------------------------------------------------------------------------
08-30-2026 18:05:55
'.', hexadecimal value 0x00, is an invalid character. Line 69648, position 14.
   at System.Xml.XmlTextReaderImpl.Throw(Exception e)
   at System.Xml.XmlTextReaderImpl.Throw(String res, String[] args)
   at System.Xml.XmlTextReaderImpl.ParseText(Int32& startPos, Int32& endPos, Int32& outOrChars)
   at System.Xml.XmlTextReaderImpl.ParseText()
   at System.Xml.XmlTextReaderImpl.ParseElementContent()
   at System.Xml.XmlTextReaderImpl.Read()
   at System.Xml.XmlLoader.LoadNode(Boolean skipOverWhitespace)
   at System.Xml.XmlLoader.LoadDocSequence(XmlDocument parentDoc)
   at System.Xml.XmlLoader.Load(XmlDocument doc, XmlReader reader, Boolean preserveWhitespace)
   at System.Xml.XmlDocument.Load(XmlReader reader)
   at System.Xml.XmlDocument.Load(String filename)
   at DataAnalyzer.Support.FileManager.WriteInputMessage(InputMessages Message, String FileName) in D:\NEW LIVE PROJECT\Extrnal soures\Extrnal soures\DataAnalyzer\Support\FileManager.cs:line 1102

--------------------------------------------------------------------------------------------------------
08-30-2026 18:06:40
'.', hexadecimal value 0x00, is an invalid character. Line 69648, position 14.
   at System.Xml.XmlTextReaderImpl.Throw(Exception e)
   at System.Xml.XmlTextReaderImpl.Throw(String res, String[] args)
   at System.Xml.XmlTextReaderImpl.ParseText(Int32& startPos, Int32& endPos, Int32& outOrChars)
   at System.Xml.XmlTextReaderImpl.ParseText()
   at System.Xml.XmlTextReaderImpl.ParseElementContent()
   at System.Xml.XmlTextReaderImpl.Read()
   at System.Xml.XmlLoader.LoadNode(Boolean skipOverWhitespace)
   at System.Xml.XmlLoader.LoadDocSequence(XmlDocument parentDoc)
   at System.Xml.XmlLoader.Load(XmlDocument doc, XmlReader reader, Boolean preserveWhitespace)
   at System.Xml.XmlDocument.Load(XmlReader reader)
   at System.Xml.XmlDocument.Load(String filename)
   at DataAnalyzer.Support.FileManager.WriteInputMessage(InputMessages Message, String FileName) in D:\NEW LIVE PROJECT\Extrnal soures\Extrnal soures\DataAnalyzer\Support\FileManager.cs:line 1102

--------------------------------------------------------------------------------------------------------
08-30-2026 18:23:27
'.', hexadecimal value 0x00, is an invalid character. Line 69648, position 14.
   at System.Xml.XmlTextReaderImpl.Throw(Exception e)
   at System.Xml.XmlTextReaderImpl.Throw(String res, String[] args)
   at System.Xml.XmlTextReaderImpl.ParseText(Int32& startPos, Int32& endPos, Int32& outOrChars)
   at System.Xml.XmlTextReaderImpl.ParseText()
   at System.Xml.XmlTextReaderImpl.ParseElementContent()
   at System.Xml.XmlTextReaderImpl.Read()
   at System.Xml.XmlLoader.LoadNode(Boolean skipOverWhitespace)
   at System.Xml.XmlLoader.LoadDocSequence(XmlDocument parentDoc)
   at System.Xml.XmlLoader.Load(XmlDocument doc, XmlReader reader, Boolean preserveWhitespace)
   at System.Xml.XmlDocument.Load(XmlReader reader)
   at System.Xml.XmlDocument.Load(String filename)
   at DataAnalyzer.Support.FileManager.WriteInputMessage(InputMessages Message, String FileName) in D:\NEW LIVE PROJECT\Extrnal soures\Extrnal soures\DataAnalyzer\Support\FileManager.cs:line 1102

--------------------------------------------------------------------------------------------------------
08-30-2026 18:28:32
'.', hexadecimal value 0x00, is an invalid character. Line 69648, position 14.
   at System.Xml.XmlTextReaderImpl.Throw(Exception e)
   at System.Xml.XmlTextReaderImpl.Throw(String res, String[] args)
   at System.Xml.XmlTextReaderImpl.ParseText(Int32& startPos, Int32& endPos, Int32& outOrChars)
   at System.Xml.XmlTextReaderImpl.ParseText()
   at System.Xml.XmlTextReaderImpl.ParseElementContent()
   at System.Xml.XmlTextReaderImpl.Read()
   at System.Xml.XmlLoader.LoadNode(Boolean skipOverWhitespace)
   at System.Xml.XmlLoader.LoadDocSequence(XmlDocument parentDoc)
   at System.Xml.XmlLoader.Load(XmlDocument doc, XmlReader reader, Boolean preserveWhitespace)
   at System.Xml.XmlDocument.Load(XmlReader reader)
   at System.Xml.XmlDocument.Load(String filename)
   at DataAnalyzer.Support.FileManager.WriteInputMessage(InputMessages Message, String FileName) in D:\NEW LIVE PROJECT\Extrnal soures\Extrnal soures\DataAnalyzer\Support\FileManager.cs:line 1102

--------------------------------------------------------------------------------------------------------
08-30-2026 18:29:53
'.', hexadecimal value 0x00, is an invalid character. Line 69648, position 14.
   at System.Xml.XmlTextReaderImpl.Throw(Exception e)
   at System.Xml.XmlTextReaderImpl.Throw(String res, String[] args)
   at System.Xml.XmlTextReaderImpl.ParseText(Int32& startPos, Int32& endPos, Int32& outOrChars)
   at System.Xml.XmlTextReaderImpl.ParseText()
   at System.Xml.XmlTextReaderImpl.ParseElementContent()
   at System.Xml.XmlTextReaderImpl.Read()
   at System.Xml.XmlLoader.LoadNode(Boolean skipOverWhitespace)
   at System.Xml.XmlLoader.LoadDocSequence(XmlDocument parentDoc)
   at System.Xml.XmlLoader.Load(XmlDocument doc, XmlReader reader, Boolean preserveWhitespace)
   at System.Xml.XmlDocument.Load(XmlReader reader)
   at System.Xml.XmlDocument.Load(String filename)
   at DataAnalyzer.Support.FileManager.WriteInputMessage(InputMessages Message, String FileName) in D:\NEW LIVE PROJECT\Extrnal soures\Extrnal soures\DataAnalyzer\Support\FileManager.cs:line 1102

--------------------------------------------------------------------------------------------------------
08-30-2026 18:32:18
'.', hexadecimal value 0x00, is an invalid character. Line 69648, position 14.
   at System.Xml.XmlTextReaderImpl.Throw(Exception e)
   at System.Xml.XmlTextReaderImpl.Throw(String res, String[] args)
   at System.Xml.XmlTextReaderImpl.ParseText(Int32& startPos, Int32& endPos, Int32& outOrChars)
   at System.Xml.XmlTextReaderImpl.ParseText()
   at System.Xml.XmlTextReaderImpl.ParseElementContent()
   at System.Xml.XmlTextReaderImpl.Read()
   at System.Xml.XmlLoader.LoadNode(Boolean skipOverWhitespace)
   at System.Xml.XmlLoader.LoadDocSequence(XmlDocument parentDoc)
   at System.Xml.XmlLoader.Load(XmlDocument doc, XmlReader reader, Boolean preserveWhitespace)
   at System.Xml.XmlDocument.Load(XmlReader reader)
   at System.Xml.XmlDocument.Load(String filename)
   at DataAnalyzer.Support.FileManager.WriteInputMessage(InputMessages Message, String FileName) in D:\NEW LIVE PROJECT\Extrnal soures\Extrnal soures\DataAnalyzer\Support\FileManager.cs:line 1102

--------------------------------------------------------------------------------------------------------
08-30-2026 18:34:45
'.', hexadecimal value 0x00, is an invalid character. Line 69648, position 14.
   at System.Xml.XmlTextReaderImpl.Throw(Exception e)
   at System.Xml.XmlTextReaderImpl.Throw(String res, String[] args)
   at System.Xml.XmlTextReaderImpl.ParseText(Int32& startPos, Int32& endPos, Int32& outOrChars)
   at System.Xml.XmlTextReaderImpl.ParseText()
   at System.Xml.XmlTextReaderImpl.ParseElementContent()
   at System.Xml.XmlTextReaderImpl.Read()
   at System.Xml.XmlLoader.LoadNode(Boolean skipOverWhitespace)
   at System.Xml.XmlLoader.LoadDocSequence(XmlDocument parentDoc)
   at System.Xml.XmlLoader.Load(XmlDocument doc, XmlReader reader, Boolean preserveWhitespace)
   at System.Xml.XmlDocument.Load(XmlReader reader)
   at System.Xml.XmlDocument.Load(String filename)
   at DataAnalyzer.Support.FileManager.WriteInputMessage(InputMessages Message, String FileName) in D:\NEW LIVE PROJECT\Extrnal soures\Extrnal soures\DataAnalyzer\Support\FileManager.cs:line 1102

--------------------------------------------------------------------------------------------------------
08-30-2026 18:35:35
'.', hexadecimal value 0x00, is an invalid character. Line 69648, position 14.
   at System.Xml.XmlTextReaderImpl.Throw(Exception e)
   at System.Xml.XmlTextReaderImpl.Throw(String res, String[] args)
   at System.Xml.XmlTextReaderImpl.ParseText(Int32& startPos, Int32& endPos, Int32& outOrChars)
   at System.Xml.XmlTextReaderImpl.ParseText()
   at System.Xml.XmlTextReaderImpl.ParseElementContent()
   at System.Xml.XmlTextReaderImpl.Read()
   at System.Xml.XmlLoader.LoadNode(Boolean skipOverWhitespace)
   at System.Xml.XmlLoader.LoadDocSequence(XmlDocument parentDoc)
   at System.Xml.XmlLoader.Load(XmlDocument doc, XmlReader reader, Boolean preserveWhitespace)
   at System.Xml.XmlDocument.Load(XmlReader reader)
   at System.Xml.XmlDocument.Load(String filename)
   at DataAnalyzer.Support.FileManager.WriteInputMessage(InputMessages Message, String FileName) in D:\NEW LIVE PROJECT\Extrnal soures\Extrnal soures\DataAnalyzer\Support\FileManager.cs:line 1102

--------------------------------------------------------------------------------------------------------
08-30-2026 18:36:53
'.', hexadecimal value 0x00, is an invalid character. Line 69648, position 14.
   at System.Xml.XmlTextReaderImpl.Throw(Exception e)
   at System.Xml.XmlTextReaderImpl.Throw(String res, String[] args)
   at System.Xml.XmlTextReaderImpl.ParseText(Int32& startPos, Int32& endPos, Int32& outOrChars)
   at System.Xml.XmlTextReaderImpl.ParseText()
   at System.Xml.XmlTextReaderImpl.ParseElementContent()
   at System.Xml.XmlTextReaderImpl.Read()
   at System.Xml.XmlLoader.LoadNode(Boolean skipOverWhitespace)
   at System.Xml.XmlLoader.LoadDocSequence(XmlDocument parentDoc)
   at System.Xml.XmlLoader.Load(XmlDocument doc, XmlReader reader, Boolean preserveWhitespace)
   at System.Xml.XmlDocument.Load(XmlReader reader)
   at System.Xml.XmlDocument.Load(String filename)
   at DataAnalyzer.Support.FileManager.WriteInputMessage(InputMessages Message, String FileName) in D:\NEW LIVE PROJECT\Extrnal soures\Extrnal soures\DataAnalyzer\Support\FileManager.cs:line 1102

--------------------------------------------------------------------------------------------------------
08-30-2026 18:37:41
'.', hexadecimal value 0x00, is an invalid character. Line 69648, position 14.
   at System.Xml.XmlTextReaderImpl.Throw(Exception e)
   at System.Xml.XmlTextReaderImpl.Throw(String res, String[] args)
   at System.Xml.XmlTextReaderImpl.ParseText(Int32& startPos, Int32& endPos, Int32& outOrChars)
   at System.Xml.XmlTextReaderImpl.ParseText()
   at System.Xml.XmlTextReaderImpl.ParseElementContent()
   at System.Xml.XmlTextReaderImpl.Read()
   at System.Xml.XmlLoader.LoadNode(Boolean skipOverWhitespace)
   at System.Xml.XmlLoader.LoadDocSequence(XmlDocument parentDoc)
   at System.Xml.XmlLoader.Load(XmlDocument doc, XmlReader reader, Boolean preserveWhitespace)
   at System.Xml.XmlDocument.Load(XmlReader reader)
   at System.Xml.XmlDocument.Load(String filename)
   at DataAnalyzer.Support.FileManager.WriteInputMessage(InputMessages Message, String FileName) in D:\NEW LIVE PROJECT\Extrnal soures\Extrnal soures\DataAnalyzer\Support\FileManager.cs:line 1102

--------------------------------------------------------------------------------------------------------
08-30-2026 18:38:00
'.', hexadecimal value 0x00, is an invalid character. Line 69648, position 14.
   at System.Xml.XmlTextReaderImpl.Throw(Exception e)
   at System.Xml.XmlTextReaderImpl.Throw(String res, String[] args)
   at System.Xml.XmlTextReaderImpl.ParseText(Int32& startPos, Int32& endPos, Int32& outOrChars)
   at System.Xml.XmlTextReaderImpl.ParseText()
   at System.Xml.XmlTextReaderImpl.ParseElementContent()
   at System.Xml.XmlTextReaderImpl.Read()
   at System.Xml.XmlLoader.LoadNode(Boolean skipOverWhitespace)
   at System.Xml.XmlLoader.LoadDocSequence(XmlDocument parentDoc)
   at System.Xml.XmlLoader.Load(XmlDocument doc, XmlReader reader, Boolean preserveWhitespace)
   at System.Xml.XmlDocument.Load(XmlReader reader)
   at System.Xml.XmlDocument.Load(String filename)
   at DataAnalyzer.Support.FileManager.WriteInputMessage(InputMessages Message, String FileName) in D:\NEW LIVE PROJECT\Extrnal soures\Extrnal soures\DataAnalyzer\Support\FileManager.cs:line 1102

--------------------------------------------------------------------------------------------------------
08-30-2026 18:38:20
'.', hexadecimal value 0x00, is an invalid character. Line 69648, position 14.
   at System.Xml.XmlTextReaderImpl.Throw(Exception e)
   at System.Xml.XmlTextReaderImpl.Throw(String res, String[] args)
   at System.Xml.XmlTextReaderImpl.ParseText(Int32& startPos, Int32& endPos, Int32& outOrChars)
   at System.Xml.XmlTextReaderImpl.ParseText()
   at System.Xml.XmlTextReaderImpl.ParseElementContent()
   at System.Xml.XmlTextReaderImpl.Read()
   at System.Xml.XmlLoader.LoadNode(Boolean skipOverWhitespace)
   at System.Xml.XmlLoader.LoadDocSequence(XmlDocument parentDoc)
   at System.Xml.XmlLoader.Load(XmlDocument doc, XmlReader reader, Boolean preserveWhitespace)
   at System.Xml.XmlDocument.Load(XmlReader reader)
   at System.Xml.XmlDocument.Load(String filename)
   at DataAnalyzer.Support.FileManager.WriteInputMessage(InputMessages Message, String FileName) in D:\NEW LIVE PROJECT\Extrnal soures\Extrnal soures\DataAnalyzer\Support\FileManager.cs:line 1102

--------------------------------------------------------------------------------------------------------
08-30-2026 18:38:51
'.', hexadecimal value 0x00, is an invalid character. Line 69648, position 14.
   at System.Xml.XmlTextReaderImpl.Throw(Exception e)
   at System.Xml.XmlTextReaderImpl.Throw(String res, String[] args)
   at System.Xml.XmlTextReaderImpl.ParseText(Int32& startPos, Int32& endPos, Int32& outOrChars)
   at System.Xml.XmlTextReaderImpl.ParseText()
   at System.Xml.XmlTextReaderImpl.ParseElementContent()
   at System.Xml.XmlTextReaderImpl.Read()
   at System.Xml.XmlLoader.LoadNode(Boolean skipOverWhitespace)
   at System.Xml.XmlLoader.LoadDocSequence(XmlDocument parentDoc)
   at System.Xml.XmlLoader.Load(XmlDocument doc, XmlReader reader, Boolean preserveWhitespace)
   at System.Xml.XmlDocument.Load(XmlReader reader)
   at System.Xml.XmlDocument.Load(String filename)
   at DataAnalyzer.Support.FileManager.WriteInputMessage(InputMessages Message, String FileName) in D:\NEW LIVE PROJECT\Extrnal soures\Extrnal soures\DataAnalyzer\Support\FileManager.cs:line 1102

--------------------------------------------------------------------------------------------------------
08-30-2026 18:39:23
'.', hexadecimal value 0x00, is an invalid character. Line 69648, position 14.
   at System.Xml.XmlTextReaderImpl.Throw(Exception e)
   at System.Xml.XmlTextReaderImpl.Throw(String res, String[] args)
   at System.Xml.XmlTextReaderImpl.ParseText(Int32& startPos, Int32& endPos, Int32& outOrChars)
   at System.Xml.XmlTextReaderImpl.ParseText()
   at System.Xml.XmlTextReaderImpl.ParseElementContent()
   at System.Xml.XmlTextReaderImpl.Read()
   at System.Xml.XmlLoader.LoadNode(Boolean skipOverWhitespace)
   at System.Xml.XmlLoader.LoadDocSequence(XmlDocument parentDoc)
   at System.Xml.XmlLoader.Load(XmlDocument doc, XmlReader reader, Boolean preserveWhitespace)
   at System.Xml.XmlDocument.Load(XmlReader reader)
   at System.Xml.XmlDocument.Load(String filename)
   at DataAnalyzer.Support.FileManager.WriteInputMessage(InputMessages Message, String FileName) in D:\NEW LIVE PROJECT\Extrnal soures\Extrnal soures\DataAnalyzer\Support\FileManager.cs:line 1102

--------------------------------------------------------------------------------------------------------
08-30-2026 18:40:23
'.', hexadecimal value 0x00, is an invalid character. Line 69648, position 14.
   at System.Xml.XmlTextReaderImpl.Throw(Exception e)
   at System.Xml.XmlTextReaderImpl.Throw(String res, String[] args)
   at System.Xml.XmlTextReaderImpl.ParseText(Int32& startPos, Int32& endPos, Int32& outOrChars)
   at System.Xml.XmlTextReaderImpl.ParseText()
   at System.Xml.XmlTextReaderImpl.ParseElementContent()
   at System.Xml.XmlTextReaderImpl.Read()
   at System.Xml.XmlLoader.LoadNode(Boolean skipOverWhitespace)
   at System.Xml.XmlLoader.LoadDocSequence(XmlDocument parentDoc)
   at System.Xml.XmlLoader.Load(XmlDocument doc, XmlReader reader, Boolean preserveWhitespace)
   at System.Xml.XmlDocument.Load(XmlReader reader)
   at System.Xml.XmlDocument.Load(String filename)
   at DataAnalyzer.Support.FileManager.WriteInputMessage(InputMessages Message, String FileName) in D:\NEW LIVE PROJECT\Extrnal soures\Extrnal soures\DataAnalyzer\Support\FileManager.cs:line 1102

--------------------------------------------------------------------------------------------------------
08-30-2026 18:40:55
'.', hexadecimal value 0x00, is an invalid character. Line 69648, position 14.
   at System.Xml.XmlTextReaderImpl.Throw(Exception e)
   at System.Xml.XmlTextReaderImpl.Throw(String res, String[] args)
   at System.Xml.XmlTextReaderImpl.ParseText(Int32& startPos, Int32& endPos, Int32& outOrChars)
   at System.Xml.XmlTextReaderImpl.ParseText()
   at System.Xml.XmlTextReaderImpl.ParseElementContent()
   at System.Xml.XmlTextReaderImpl.Read()
   at System.Xml.XmlLoader.LoadNode(Boolean skipOverWhitespace)
   at System.Xml.XmlLoader.LoadDocSequence(XmlDocument parentDoc)
   at System.Xml.XmlLoader.Load(XmlDocument doc, XmlReader reader, Boolean preserveWhitespace)
   at System.Xml.XmlDocument.Load(XmlReader reader)
   at System.Xml.XmlDocument.Load(String filename)
   at DataAnalyzer.Support.FileManager.WriteInputMessage(InputMessages Message, String FileName) in D:\NEW LIVE PROJECT\Extrnal soures\Extrnal soures\DataAnalyzer\Support\FileManager.cs:line 1102

--------------------------------------------------------------------------------------------------------
08-30-2026 18:41:51
'.', hexadecimal value 0x00, is an invalid character. Line 69648, position 14.
   at System.Xml.XmlTextReaderImpl.Throw(Exception e)
   at System.Xml.XmlTextReaderImpl.Throw(String res, String[] args)
   at System.Xml.XmlTextReaderImpl.ParseText(Int32& startPos, Int32& endPos, Int32& outOrChars)
   at System.Xml.XmlTextReaderImpl.ParseText()
   at System.Xml.XmlTextReaderImpl.ParseElementContent()
   at System.Xml.XmlTextReaderImpl.Read()
   at System.Xml.XmlLoader.LoadNode(Boolean skipOverWhitespace)
   at System.Xml.XmlLoader.LoadDocSequence(XmlDocument parentDoc)
   at System.Xml.XmlLoader.Load(XmlDocument doc, XmlReader reader, Boolean preserveWhitespace)
   at System.Xml.XmlDocument.Load(XmlReader reader)
   at System.Xml.XmlDocument.Load(String filename)
   at DataAnalyzer.Support.FileManager.WriteInputMessage(InputMessages Message, String FileName) in D:\NEW LIVE PROJECT\Extrnal soures\Extrnal soures\DataAnalyzer\Support\FileManager.cs:line 1102

--------------------------------------------------------------------------------------------------------
08-30-2026 18:52:14
'.', hexadecimal value 0x00, is an invalid character. Line 69648, position 14.
   at System.Xml.XmlTextReaderImpl.Throw(Exception e)
   at System.Xml.XmlTextReaderImpl.Throw(String res, String[] args)
   at System.Xml.XmlTextReaderImpl.ParseText(Int32& startPos, Int32& endPos, Int32& outOrChars)
   at System.Xml.XmlTextReaderImpl.ParseText()
   at System.Xml.XmlTextReaderImpl.ParseElementContent()
   at System.Xml.XmlTextReaderImpl.Read()
   at System.Xml.XmlLoader.LoadNode(Boolean skipOverWhitespace)
   at System.Xml.XmlLoader.LoadDocSequence(XmlDocument parentDoc)
   at System.Xml.XmlLoader.Load(XmlDocument doc, XmlReader reader, Boolean preserveWhitespace)
   at System.Xml.XmlDocument.Load(XmlReader reader)
   at System.Xml.XmlDocument.Load(String filename)
   at DataAnalyzer.Support.FileManager.WriteInputMessage(InputMessages Message, String FileName) in D:\NEW LIVE PROJECT\Extrnal soures\Extrnal soures\DataAnalyzer\Support\FileManager.cs:line 1102

--------------------------------------------------------------------------------------------------------
08-30-2026 18:52:39
'.', hexadecimal value 0x00, is an invalid character. Line 69648, position 14.
   at System.Xml.XmlTextReaderImpl.Throw(Exception e)
   at System.Xml.XmlTextReaderImpl.Throw(String res, String[] args)
   at System.Xml.XmlTextReaderImpl.ParseText(Int32& startPos, Int32& endPos, Int32& outOrChars)
   at System.Xml.XmlTextReaderImpl.ParseText()
   at System.Xml.XmlTextReaderImpl.ParseElementContent()
   at System.Xml.XmlTextReaderImpl.Read()
   at System.Xml.XmlLoader.LoadNode(Boolean skipOverWhitespace)
   at System.Xml.XmlLoader.LoadDocSequence(XmlDocument parentDoc)
   at System.Xml.XmlLoader.Load(XmlDocument doc, XmlReader reader, Boolean preserveWhitespace)
   at System.Xml.XmlDocument.Load(XmlReader reader)
   at System.Xml.XmlDocument.Load(String filename)
   at DataAnalyzer.Support.FileManager.WriteInputMessage(InputMessages Message, String FileName) in D:\NEW LIVE PROJECT\Extrnal soures\Extrnal soures\DataAnalyzer\Support\FileManager.cs:line 1102

--------------------------------------------------------------------------------------------------------
08-30-2026 18:52:58
'.', hexadecimal value 0x00, is an invalid character. Line 69648, position 14.
   at System.Xml.XmlTextReaderImpl.Throw(Exception e)
   at System.Xml.XmlTextReaderImpl.Throw(String res, String[] args)
   at System.Xml.XmlTextReaderImpl.ParseText(Int32& startPos, Int32& endPos, Int32& outOrChars)
   at System.Xml.XmlTextReaderImpl.ParseText()
   at System.Xml.XmlTextReaderImpl.ParseElementContent()
   at System.Xml.XmlTextReaderImpl.Read()
   at System.Xml.XmlLoader.LoadNode(Boolean skipOverWhitespace)
   at System.Xml.XmlLoader.LoadDocSequence(XmlDocument parentDoc)
   at System.Xml.XmlLoader.Load(XmlDocument doc, XmlReader reader, Boolean preserveWhitespace)
   at System.Xml.XmlDocument.Load(XmlReader reader)
   at System.Xml.XmlDocument.Load(String filename)
   at DataAnalyzer.Support.FileManager.WriteInputMessage(InputMessages Message, String FileName) in D:\NEW LIVE PROJECT\Extrnal soures\Extrnal soures\DataAnalyzer\Support\FileManager.cs:line 1102

--------------------------------------------------------------------------------------------------------
08-30-2026 19:01:18
'.', hexadecimal value 0x00, is an invalid character. Line 69648, position 14.
   at System.Xml.XmlTextReaderImpl.Throw(Exception e)
   at System.Xml.XmlTextReaderImpl.Throw(String res, String[] args)
   at System.Xml.XmlTextReaderImpl.ParseText(Int32& startPos, Int32& endPos, Int32& outOrChars)
   at System.Xml.XmlTextReaderImpl.ParseText()
   at System.Xml.XmlTextReaderImpl.ParseElementContent()
   at System.Xml.XmlTextReaderImpl.Read()
   at System.Xml.XmlLoader.LoadNode(Boolean skipOverWhitespace)
   at System.Xml.XmlLoader.LoadDocSequence(XmlDocument parentDoc)
   at System.Xml.XmlLoader.Load(XmlDocument doc, XmlReader reader, Boolean preserveWhitespace)
   at System.Xml.XmlDocument.Load(XmlReader reader)
   at System.Xml.XmlDocument.Load(String filename)
   at DataAnalyzer.Support.FileManager.WriteInputMessage(InputMessages Message, String FileName) in D:\NEW LIVE PROJECT\Extrnal soures\Extrnal soures\DataAnalyzer\Support\FileManager.cs:line 1102

--------------------------------------------------------------------------------------------------------
08-30-2026 19:01:33
A network-related or instance-specific error occurred while establishing a connection to SQL Server. The server was not found or was not accessible. Verify that the instance name is correct and that SQL Server is configured to allow remote connections. (provider: TCP Provider, error: 0 - The wait operation timed out.)
   at System.Data.SqlClient.SqlInternalConnectionTds..ctor(DbConnectionPoolIdentity identity, SqlConnectionString connectionOptions, SqlCredential credential, Object providerInfo, String newPassword, SecureString newSecurePassword, Boolean redirectedUserInstance, SqlConnectionString userConnectionOptions, SessionData reconnectSessionData, DbConnectionPool pool, String accessToken, Boolean applyTransientFaultHandling, SqlAuthenticationProviderManager sqlAuthProviderManager)
   at System.Data.SqlClient.SqlConnectionFactory.CreateConnection(DbConnectionOptions options, DbConnectionPoolKey poolKey, Object poolGroupProviderInfo, DbConnectionPool pool, DbConnection owningConnection, DbConnectionOptions userOptions)
   at System.Data.ProviderBase.DbConnectionFactory.CreatePooledConnection(DbConnectionPool pool, DbConnection owningObject, DbConnectionOptions options, DbConnectionPoolKey poolKey, DbConnectionOptions userOptions)
   at System.Data.ProviderBase.DbConnectionPool.CreateObject(DbConnection owningObject, DbConnectionOptions userOptions, DbConnectionInternal oldConnection)
   at System.Data.ProviderBase.DbConnectionPool.UserCreateRequest(DbConnection owningObject, DbConnectionOptions userOptions, DbConnectionInternal oldConnection)
   at System.Data.ProviderBase.DbConnectionPool.TryGetConnection(DbConnection owningObject, UInt32 waitForMultipleObjectsTimeout, Boolean allowCreate, Boolean onlyOneCheckConnection, DbConnectionOptions userOptions, DbConnectionInternal& connection)
   at System.Data.ProviderBase.DbConnectionPool.TryGetConnection(DbConnection owningObject, TaskCompletionSource`1 retry, DbConnectionOptions userOptions, DbConnectionInternal& connection)
   at System.Data.ProviderBase.DbConnectionFactory.TryGetConnection(DbConnection owningConnection, TaskCompletionSource`1 retry, DbConnectionOptions userOptions, DbConnectionInternal oldConnection, DbConnectionInternal& connection)
   at System.Data.ProviderBase.DbConnectionInternal.TryOpenConnectionInternal(DbConnection outerConnection, DbConnectionFactory connectionFactory, TaskCompletionSource`1 retry, DbConnectionOptions userOptions)
   at System.Data.ProviderBase.DbConnectionClosed.TryOpenConnection(DbConnection outerConnection, DbConnectionFactory connectionFactory, TaskCompletionSource`1 retry, DbConnectionOptions userOptions)
   at System.Data.SqlClient.SqlConnection.TryOpenInner(TaskCompletionSource`1 retry)
   at System.Data.SqlClient.SqlConnection.TryOpen(TaskCompletionSource`1 retry)
   at System.Data.SqlClient.SqlConnection.Open()
   at DataAnalyzer.Support.Dataaccess.Machinemapping(String S2MachineID) in D:\NEW LIVE PROJECT\Extrnal soures\Extrnal soures\DataAnalyzer\Support\Dataaccess.cs:line 214

--------------------------------------------------------------------------------------------------------
08-30-2026 19:01:35
A network-related or instance-specific error occurred while establishing a connection to SQL Server. The server was not found or was not accessible. Verify that the instance name is correct and that SQL Server is configured to allow remote connections. (provider: TCP Provider, error: 0 - The wait operation timed out.)
   at System.Data.ProviderBase.DbConnectionPool.TryGetConnection(DbConnection owningObject, UInt32 waitForMultipleObjectsTimeout, Boolean allowCreate, Boolean onlyOneCheckConnection, DbConnectionOptions userOptions, DbConnectionInternal& connection)
   at System.Data.ProviderBase.DbConnectionPool.TryGetConnection(DbConnection owningObject, TaskCompletionSource`1 retry, DbConnectionOptions userOptions, DbConnectionInternal& connection)
   at System.Data.ProviderBase.DbConnectionFactory.TryGetConnection(DbConnection owningConnection, TaskCompletionSource`1 retry, DbConnectionOptions userOptions, DbConnectionInternal oldConnection, DbConnectionInternal& connection)
   at System.Data.ProviderBase.DbConnectionInternal.TryOpenConnectionInternal(DbConnection outerConnection, DbConnectionFactory connectionFactory, TaskCompletionSource`1 retry, DbConnectionOptions userOptions)
   at System.Data.ProviderBase.DbConnectionClosed.TryOpenConnection(DbConnection outerConnection, DbConnectionFactory connectionFactory, TaskCompletionSource`1 retry, DbConnectionOptions userOptions)
   at System.Data.SqlClient.SqlConnection.TryOpenInner(TaskCompletionSource`1 retry)
   at System.Data.SqlClient.SqlConnection.TryOpen(TaskCompletionSource`1 retry)
   at System.Data.SqlClient.SqlConnection.Open()
   at DataAnalyzer.Support.Dataaccess.Machinemapping(String S2MachineID) in D:\NEW LIVE PROJECT\Extrnal soures\Extrnal soures\DataAnalyzer\Support\Dataaccess.cs:line 214

--------------------------------------------------------------------------------------------------------
08-30-2026 19:01:35
'.', hexadecimal value 0x00, is an invalid character. Line 69648, position 14.
   at System.Xml.XmlTextReaderImpl.Throw(Exception e)
   at System.Xml.XmlTextReaderImpl.Throw(String res, String[] args)
   at System.Xml.XmlTextReaderImpl.ParseText(Int32& startPos, Int32& endPos, Int32& outOrChars)
   at System.Xml.XmlTextReaderImpl.ParseText()
   at System.Xml.XmlTextReaderImpl.ParseElementContent()
   at System.Xml.XmlTextReaderImpl.Read()
   at System.Xml.XmlLoader.LoadNode(Boolean skipOverWhitespace)
   at System.Xml.XmlLoader.LoadDocSequence(XmlDocument parentDoc)
   at System.Xml.XmlLoader.Load(XmlDocument doc, XmlReader reader, Boolean preserveWhitespace)
   at System.Xml.XmlDocument.Load(XmlReader reader)
   at System.Xml.XmlDocument.Load(String filename)
   at DataAnalyzer.Support.FileManager.WriteInputMessage(InputMessages Message, String FileName) in D:\NEW LIVE PROJECT\Extrnal soures\Extrnal soures\DataAnalyzer\Support\FileManager.cs:line 1102

--------------------------------------------------------------------------------------------------------
08-30-2026 19:02:01
'.', hexadecimal value 0x00, is an invalid character. Line 69648, position 14.
   at System.Xml.XmlTextReaderImpl.Throw(Exception e)
   at System.Xml.XmlTextReaderImpl.Throw(String res, String[] args)
   at System.Xml.XmlTextReaderImpl.ParseText(Int32& startPos, Int32& endPos, Int32& outOrChars)
   at System.Xml.XmlTextReaderImpl.ParseText()
   at System.Xml.XmlTextReaderImpl.ParseElementContent()
   at System.Xml.XmlTextReaderImpl.Read()
   at System.Xml.XmlLoader.LoadNode(Boolean skipOverWhitespace)
   at System.Xml.XmlLoader.LoadDocSequence(XmlDocument parentDoc)
   at System.Xml.XmlLoader.Load(XmlDocument doc, XmlReader reader, Boolean preserveWhitespace)
   at System.Xml.XmlDocument.Load(XmlReader reader)
   at System.Xml.XmlDocument.Load(String filename)
   at DataAnalyzer.Support.FileManager.WriteInputMessage(InputMessages Message, String FileName) in D:\NEW LIVE PROJECT\Extrnal soures\Extrnal soures\DataAnalyzer\Support\FileManager.cs:line 1102

--------------------------------------------------------------------------------------------------------
08-30-2026 19:02:09
'.', hexadecimal value 0x00, is an invalid character. Line 69648, position 14.
   at System.Xml.XmlTextReaderImpl.Throw(Exception e)
   at System.Xml.XmlTextReaderImpl.Throw(String res, String[] args)
   at System.Xml.XmlTextReaderImpl.ParseText(Int32& startPos, Int32& endPos, Int32& outOrChars)
   at System.Xml.XmlTextReaderImpl.ParseText()
   at System.Xml.XmlTextReaderImpl.ParseElementContent()
   at System.Xml.XmlTextReaderImpl.Read()
   at System.Xml.XmlLoader.LoadNode(Boolean skipOverWhitespace)
   at System.Xml.XmlLoader.LoadDocSequence(XmlDocument parentDoc)
   at System.Xml.XmlLoader.Load(XmlDocument doc, XmlReader reader, Boolean preserveWhitespace)
   at System.Xml.XmlDocument.Load(XmlReader reader)
   at System.Xml.XmlDocument.Load(String filename)
   at DataAnalyzer.Support.FileManager.WriteInputMessage(InputMessages Message, String FileName) in D:\NEW LIVE PROJECT\Extrnal soures\Extrnal soures\DataAnalyzer\Support\FileManager.cs:line 1102

--------------------------------------------------------------------------------------------------------
08-30-2026 19:02:16
A network-related or instance-specific error occurred while establishing a connection to SQL Server. The server was not found or was not accessible. Verify that the instance name is correct and that SQL Server is configured to allow remote connections. (provider: TCP Provider, error: 0 - The wait operation timed out.)
   at System.Data.SqlClient.SqlInternalConnectionTds..ctor(DbConnectionPoolIdentity identity, SqlConnectionString connectionOptions, SqlCredential credential, Object providerInfo, String newPassword, SecureString newSecurePassword, Boolean redirectedUserInstance, SqlConnectionString userConnectionOptions, SessionData reconnectSessionData, DbConnectionPool pool, String accessToken, Boolean applyTransientFaultHandling, SqlAuthenticationProviderManager sqlAuthProviderManager)
   at System.Data.SqlClient.SqlConnectionFactory.CreateConnection(DbConnectionOptions options, DbConnectionPoolKey poolKey, Object poolGroupProviderInfo, DbConnectionPool pool, DbConnection owningConnection, DbConnectionOptions userOptions)
   at System.Data.ProviderBase.DbConnectionFactory.CreatePooledConnection(DbConnectionPool pool, DbConnection owningObject, DbConnectionOptions options, DbConnectionPoolKey poolKey, DbConnectionOptions userOptions)
   at System.Data.ProviderBase.DbConnectionPool.CreateObject(DbConnection owningObject, DbConnectionOptions userOptions, DbConnectionInternal oldConnection)
   at System.Data.ProviderBase.DbConnectionPool.UserCreateRequest(DbConnection owningObject, DbConnectionOptions userOptions, DbConnectionInternal oldConnection)
   at System.Data.ProviderBase.DbConnectionPool.TryGetConnection(DbConnection owningObject, UInt32 waitForMultipleObjectsTimeout, Boolean allowCreate, Boolean onlyOneCheckConnection, DbConnectionOptions userOptions, DbConnectionInternal& connection)
   at System.Data.ProviderBase.DbConnectionPool.TryGetConnection(DbConnection owningObject, TaskCompletionSource`1 retry, DbConnectionOptions userOptions, DbConnectionInternal& connection)
   at System.Data.ProviderBase.DbConnectionFactory.TryGetConnection(DbConnection owningConnection, TaskCompletionSource`1 retry, DbConnectionOptions userOptions, DbConnectionInternal oldConnection, DbConnectionInternal& connection)
   at System.Data.ProviderBase.DbConnectionInternal.TryOpenConnectionInternal(DbConnection outerConnection, DbConnectionFactory connectionFactory, TaskCompletionSource`1 retry, DbConnectionOptions userOptions)
   at System.Data.ProviderBase.DbConnectionClosed.TryOpenConnection(DbConnection outerConnection, DbConnectionFactory connectionFactory, TaskCompletionSource`1 retry, DbConnectionOptions userOptions)
   at System.Data.SqlClient.SqlConnection.TryOpenInner(TaskCompletionSource`1 retry)
   at System.Data.SqlClient.SqlConnection.TryOpen(TaskCompletionSource`1 retry)
   at System.Data.SqlClient.SqlConnection.Open()
   at DataAnalyzer.Support.Dataaccess.Machinemapping(String S2MachineID) in D:\NEW LIVE PROJECT\Extrnal soures\Extrnal soures\DataAnalyzer\Support\Dataaccess.cs:line 214

--------------------------------------------------------------------------------------------------------
08-30-2026 19:02:16
A network-related or instance-specific error occurred while establishing a connection to SQL Server. The server was not found or was not accessible. Verify that the instance name is correct and that SQL Server is configured to allow remote connections. (provider: TCP Provider, error: 0 - The wait operation timed out.)
   at System.Data.ProviderBase.DbConnectionPool.TryGetConnection(DbConnection owningObject, UInt32 waitForMultipleObjectsTimeout, Boolean allowCreate, Boolean onlyOneCheckConnection, DbConnectionOptions userOptions, DbConnectionInternal& connection)
   at System.Data.ProviderBase.DbConnectionPool.TryGetConnection(DbConnection owningObject, TaskCompletionSource`1 retry, DbConnectionOptions userOptions, DbConnectionInternal& connection)
   at System.Data.ProviderBase.DbConnectionFactory.TryGetConnection(DbConnection owningConnection, TaskCompletionSource`1 retry, DbConnectionOptions userOptions, DbConnectionInternal oldConnection, DbConnectionInternal& connection)
   at System.Data.ProviderBase.DbConnectionInternal.TryOpenConnectionInternal(DbConnection outerConnection, DbConnectionFactory connectionFactory, TaskCompletionSource`1 retry, DbConnectionOptions userOptions)
   at System.Data.ProviderBase.DbConnectionClosed.TryOpenConnection(DbConnection outerConnection, DbConnectionFactory connectionFactory, TaskCompletionSource`1 retry, DbConnectionOptions userOptions)
   at System.Data.SqlClient.SqlConnection.TryOpenInner(TaskCompletionSource`1 retry)
   at System.Data.SqlClient.SqlConnection.TryOpen(TaskCompletionSource`1 retry)
   at System.Data.SqlClient.SqlConnection.Open()
   at DataAnalyzer.Support.Dataaccess.Machinemapping(String S2MachineID) in D:\NEW LIVE PROJECT\Extrnal soures\Extrnal soures\DataAnalyzer\Support\Dataaccess.cs:line 214

--------------------------------------------------------------------------------------------------------
08-30-2026 19:02:18
'.', hexadecimal value 0x00, is an invalid character. Line 69648, position 14.
   at System.Xml.XmlTextReaderImpl.Throw(Exception e)
   at System.Xml.XmlTextReaderImpl.Throw(String res, String[] args)
   at System.Xml.XmlTextReaderImpl.ParseText(Int32& startPos, Int32& endPos, Int32& outOrChars)
   at System.Xml.XmlTextReaderImpl.ParseText()
   at System.Xml.XmlTextReaderImpl.ParseElementContent()
   at System.Xml.XmlTextReaderImpl.Read()
   at System.Xml.XmlLoader.LoadNode(Boolean skipOverWhitespace)
   at System.Xml.XmlLoader.LoadDocSequence(XmlDocument parentDoc)
   at System.Xml.XmlLoader.Load(XmlDocument doc, XmlReader reader, Boolean preserveWhitespace)
   at System.Xml.XmlDocument.Load(XmlReader reader)
   at System.Xml.XmlDocument.Load(String filename)
   at DataAnalyzer.Support.FileManager.WriteInputMessage(InputMessages Message, String FileName) in D:\NEW LIVE PROJECT\Extrnal soures\Extrnal soures\DataAnalyzer\Support\FileManager.cs:line 1102

--------------------------------------------------------------------------------------------------------
08-30-2026 19:02:31
A network-related or instance-specific error occurred while establishing a connection to SQL Server. The server was not found or was not accessible. Verify that the instance name is correct and that SQL Server is configured to allow remote connections. (provider: TCP Provider, error: 0 - The wait operation timed out.)
   at System.Data.ProviderBase.DbConnectionPool.TryGetConnection(DbConnection owningObject, UInt32 waitForMultipleObjectsTimeout, Boolean allowCreate, Boolean onlyOneCheckConnection, DbConnectionOptions userOptions, DbConnectionInternal& connection)
   at System.Data.ProviderBase.DbConnectionPool.TryGetConnection(DbConnection owningObject, TaskCompletionSource`1 retry, DbConnectionOptions userOptions, DbConnectionInternal& connection)
   at System.Data.ProviderBase.DbConnectionFactory.TryGetConnection(DbConnection owningConnection, TaskCompletionSource`1 retry, DbConnectionOptions userOptions, DbConnectionInternal oldConnection, DbConnectionInternal& connection)
   at System.Data.ProviderBase.DbConnectionInternal.TryOpenConnectionInternal(DbConnection outerConnection, DbConnectionFactory connectionFactory, TaskCompletionSource`1 retry, DbConnectionOptions userOptions)
   at System.Data.ProviderBase.DbConnectionClosed.TryOpenConnection(DbConnection outerConnection, DbConnectionFactory connectionFactory, TaskCompletionSource`1 retry, DbConnectionOptions userOptions)
   at System.Data.SqlClient.SqlConnection.TryOpenInner(TaskCompletionSource`1 retry)
   at System.Data.SqlClient.SqlConnection.TryOpen(TaskCompletionSource`1 retry)
   at System.Data.SqlClient.SqlConnection.Open()
   at DataAnalyzer.Support.Dataaccess.Machinemapping(String S2MachineID) in D:\NEW LIVE PROJECT\Extrnal soures\Extrnal soures\DataAnalyzer\Support\Dataaccess.cs:line 214

--------------------------------------------------------------------------------------------------------
08-30-2026 19:02:52
'.', hexadecimal value 0x00, is an invalid character. Line 69648, position 14.
   at System.Xml.XmlTextReaderImpl.Throw(Exception e)
   at System.Xml.XmlTextReaderImpl.Throw(String res, String[] args)
   at System.Xml.XmlTextReaderImpl.ParseText(Int32& startPos, Int32& endPos, Int32& outOrChars)
   at System.Xml.XmlTextReaderImpl.ParseText()
   at System.Xml.XmlTextReaderImpl.ParseElementContent()
   at System.Xml.XmlTextReaderImpl.Read()
   at System.Xml.XmlLoader.LoadNode(Boolean skipOverWhitespace)
   at System.Xml.XmlLoader.LoadDocSequence(XmlDocument parentDoc)
   at System.Xml.XmlLoader.Load(XmlDocument doc, XmlReader reader, Boolean preserveWhitespace)
   at System.Xml.XmlDocument.Load(XmlReader reader)
   at System.Xml.XmlDocument.Load(String filename)
   at DataAnalyzer.Support.FileManager.WriteInputMessage(InputMessages Message, String FileName) in D:\NEW LIVE PROJECT\Extrnal soures\Extrnal soures\DataAnalyzer\Support\FileManager.cs:line 1102

--------------------------------------------------------------------------------------------------------
08-30-2026 19:03:07
A network-related or instance-specific error occurred while establishing a connection to SQL Server. The server was not found or was not accessible. Verify that the instance name is correct and that SQL Server is configured to allow remote connections. (provider: TCP Provider, error: 0 - The wait operation timed out.)
   at System.Data.SqlClient.SqlInternalConnectionTds..ctor(DbConnectionPoolIdentity identity, SqlConnectionString connectionOptions, SqlCredential credential, Object providerInfo, String newPassword, SecureString newSecurePassword, Boolean redirectedUserInstance, SqlConnectionString userConnectionOptions, SessionData reconnectSessionData, DbConnectionPool pool, String accessToken, Boolean applyTransientFaultHandling, SqlAuthenticationProviderManager sqlAuthProviderManager)
   at System.Data.SqlClient.SqlConnectionFactory.CreateConnection(DbConnectionOptions options, DbConnectionPoolKey poolKey, Object poolGroupProviderInfo, DbConnectionPool pool, DbConnection owningConnection, DbConnectionOptions userOptions)
   at System.Data.ProviderBase.DbConnectionFactory.CreatePooledConnection(DbConnectionPool pool, DbConnection owningObject, DbConnectionOptions options, DbConnectionPoolKey poolKey, DbConnectionOptions userOptions)
   at System.Data.ProviderBase.DbConnectionPool.CreateObject(DbConnection owningObject, DbConnectionOptions userOptions, DbConnectionInternal oldConnection)
   at System.Data.ProviderBase.DbConnectionPool.UserCreateRequest(DbConnection owningObject, DbConnectionOptions userOptions, DbConnectionInternal oldConnection)
   at System.Data.ProviderBase.DbConnectionPool.TryGetConnection(DbConnection owningObject, UInt32 waitForMultipleObjectsTimeout, Boolean allowCreate, Boolean onlyOneCheckConnection, DbConnectionOptions userOptions, DbConnectionInternal& connection)
   at System.Data.ProviderBase.DbConnectionPool.TryGetConnection(DbConnection owningObject, TaskCompletionSource`1 retry, DbConnectionOptions userOptions, DbConnectionInternal& connection)
   at System.Data.ProviderBase.DbConnectionFactory.TryGetConnection(DbConnection owningConnection, TaskCompletionSource`1 retry, DbConnectionOptions userOptions, DbConnectionInternal oldConnection, DbConnectionInternal& connection)
   at System.Data.ProviderBase.DbConnectionInternal.TryOpenConnectionInternal(DbConnection outerConnection, DbConnectionFactory connectionFactory, TaskCompletionSource`1 retry, DbConnectionOptions userOptions)
   at System.Data.ProviderBase.DbConnectionClosed.TryOpenConnection(DbConnection outerConnection, DbConnectionFactory connectionFactory, TaskCompletionSource`1 retry, DbConnectionOptions userOptions)
   at System.Data.SqlClient.SqlConnection.TryOpenInner(TaskCompletionSource`1 retry)
   at System.Data.SqlClient.SqlConnection.TryOpen(TaskCompletionSource`1 retry)
   at System.Data.SqlClient.SqlConnection.Open()
   at DataAnalyzer.Support.Dataaccess.Machinemapping(String S2MachineID) in D:\NEW LIVE PROJECT\Extrnal soures\Extrnal soures\DataAnalyzer\Support\Dataaccess.cs:line 214

--------------------------------------------------------------------------------------------------------
08-30-2026 19:14:25
'.', hexadecimal value 0x00, is an invalid character. Line 69648, position 14.
   at System.Xml.XmlTextReaderImpl.Throw(Exception e)
   at System.Xml.XmlTextReaderImpl.Throw(String res, String[] args)
   at System.Xml.XmlTextReaderImpl.ParseText(Int32& startPos, Int32& endPos, Int32& outOrChars)
   at System.Xml.XmlTextReaderImpl.ParseText()
   at System.Xml.XmlTextReaderImpl.ParseElementContent()
   at System.Xml.XmlTextReaderImpl.Read()
   at System.Xml.XmlLoader.LoadNode(Boolean skipOverWhitespace)
   at System.Xml.XmlLoader.LoadDocSequence(XmlDocument parentDoc)
   at System.Xml.XmlLoader.Load(XmlDocument doc, XmlReader reader, Boolean preserveWhitespace)
   at System.Xml.XmlDocument.Load(XmlReader reader)
   at System.Xml.XmlDocument.Load(String filename)
   at DataAnalyzer.Support.FileManager.WriteInputMessage(InputMessages Message, String FileName) in D:\NEW LIVE PROJECT\Extrnal soures\Extrnal soures\DataAnalyzer\Support\FileManager.cs:line 1102

--------------------------------------------------------------------------------------------------------
08-30-2026 19:14:26
'.', hexadecimal value 0x00, is an invalid character. Line 69648, position 14.
   at System.Xml.XmlTextReaderImpl.Throw(Exception e)
   at System.Xml.XmlTextReaderImpl.Throw(String res, String[] args)
   at System.Xml.XmlTextReaderImpl.ParseText(Int32& startPos, Int32& endPos, Int32& outOrChars)
   at System.Xml.XmlTextReaderImpl.ParseText()
   at System.Xml.XmlTextReaderImpl.ParseElementContent()
   at System.Xml.XmlTextReaderImpl.Read()
   at System.Xml.XmlLoader.LoadNode(Boolean skipOverWhitespace)
   at System.Xml.XmlLoader.LoadDocSequence(XmlDocument parentDoc)
   at System.Xml.XmlLoader.Load(XmlDocument doc, XmlReader reader, Boolean preserveWhitespace)
   at System.Xml.XmlDocument.Load(XmlReader reader)
   at System.Xml.XmlDocument.Load(String filename)
   at DataAnalyzer.Support.FileManager.WriteInputMessage(InputMessages Message, String FileName) in D:\NEW LIVE PROJECT\Extrnal soures\Extrnal soures\DataAnalyzer\Support\FileManager.cs:line 1102

--------------------------------------------------------------------------------------------------------
08-30-2026 19:14:26
'.', hexadecimal value 0x00, is an invalid character. Line 69648, position 14.
   at System.Xml.XmlTextReaderImpl.Throw(Exception e)
   at System.Xml.XmlTextReaderImpl.Throw(String res, String[] args)
   at System.Xml.XmlTextReaderImpl.ParseText(Int32& startPos, Int32& endPos, Int32& outOrChars)
   at System.Xml.XmlTextReaderImpl.ParseText()
   at System.Xml.XmlTextReaderImpl.ParseElementContent()
   at System.Xml.XmlTextReaderImpl.Read()
   at System.Xml.XmlLoader.LoadNode(Boolean skipOverWhitespace)
   at System.Xml.XmlLoader.LoadDocSequence(XmlDocument parentDoc)
   at System.Xml.XmlLoader.Load(XmlDocument doc, XmlReader reader, Boolean preserveWhitespace)
   at System.Xml.XmlDocument.Load(XmlReader reader)
   at System.Xml.XmlDocument.Load(String filename)
   at DataAnalyzer.Support.FileManager.WriteInputMessage(InputMessages Message, String FileName) in D:\NEW LIVE PROJECT\Extrnal soures\Extrnal soures\DataAnalyzer\Support\FileManager.cs:line 1102

--------------------------------------------------------------------------------------------------------
08-30-2026 19:14:26
'.', hexadecimal value 0x00, is an invalid character. Line 69648, position 14.
   at System.Xml.XmlTextReaderImpl.Throw(Exception e)
   at System.Xml.XmlTextReaderImpl.Throw(String res, String[] args)
   at System.Xml.XmlTextReaderImpl.ParseText(Int32& startPos, Int32& endPos, Int32& outOrChars)
   at System.Xml.XmlTextReaderImpl.ParseText()
   at System.Xml.XmlTextReaderImpl.ParseElementContent()
   at System.Xml.XmlTextReaderImpl.Read()
   at System.Xml.XmlLoader.LoadNode(Boolean skipOverWhitespace)
   at System.Xml.XmlLoader.LoadDocSequence(XmlDocument parentDoc)
   at System.Xml.XmlLoader.Load(XmlDocument doc, XmlReader reader, Boolean preserveWhitespace)
   at System.Xml.XmlDocument.Load(XmlReader reader)
   at System.Xml.XmlDocument.Load(String filename)
   at DataAnalyzer.Support.FileManager.WriteInputMessage(InputMessages Message, String FileName) in D:\NEW LIVE PROJECT\Extrnal soures\Extrnal soures\DataAnalyzer\Support\FileManager.cs:line 1102

--------------------------------------------------------------------------------------------------------
08-30-2026 19:14:26
'.', hexadecimal value 0x00, is an invalid character. Line 69648, position 14.
   at System.Xml.XmlTextReaderImpl.Throw(Exception e)
   at System.Xml.XmlTextReaderImpl.Throw(String res, String[] args)
   at System.Xml.XmlTextReaderImpl.ParseText(Int32& startPos, Int32& endPos, Int32& outOrChars)
   at System.Xml.XmlTextReaderImpl.ParseText()
   at System.Xml.XmlTextReaderImpl.ParseElementContent()
   at System.Xml.XmlTextReaderImpl.Read()
   at System.Xml.XmlLoader.LoadNode(Boolean skipOverWhitespace)
   at System.Xml.XmlLoader.LoadDocSequence(XmlDocument parentDoc)
   at System.Xml.XmlLoader.Load(XmlDocument doc, XmlReader reader, Boolean preserveWhitespace)
   at System.Xml.XmlDocument.Load(XmlReader reader)
   at System.Xml.XmlDocument.Load(String filename)
   at DataAnalyzer.Support.FileManager.WriteInputMessage(InputMessages Message, String FileName) in D:\NEW LIVE PROJECT\Extrnal soures\Extrnal soures\DataAnalyzer\Support\FileManager.cs:line 1102

--------------------------------------------------------------------------------------------------------
08-30-2026 19:14:26
'.', hexadecimal value 0x00, is an invalid character. Line 69648, position 14.
   at System.Xml.XmlTextReaderImpl.Throw(Exception e)
   at System.Xml.XmlTextReaderImpl.Throw(String res, String[] args)
   at System.Xml.XmlTextReaderImpl.ParseText(Int32& startPos, Int32& endPos, Int32& outOrChars)
   at System.Xml.XmlTextReaderImpl.ParseText()
   at System.Xml.XmlTextReaderImpl.ParseElementContent()
   at System.Xml.XmlTextReaderImpl.Read()
   at System.Xml.XmlLoader.LoadNode(Boolean skipOverWhitespace)
   at System.Xml.XmlLoader.LoadDocSequence(XmlDocument parentDoc)
   at System.Xml.XmlLoader.Load(XmlDocument doc, XmlReader reader, Boolean preserveWhitespace)
   at System.Xml.XmlDocument.Load(XmlReader reader)
   at System.Xml.XmlDocument.Load(String filename)
   at DataAnalyzer.Support.FileManager.WriteInputMessage(InputMessages Message, String FileName) in D:\NEW LIVE PROJECT\Extrnal soures\Extrnal soures\DataAnalyzer\Support\FileManager.cs:line 1102

--------------------------------------------------------------------------------------------------------
08-30-2026 19:14:27
'.', hexadecimal value 0x00, is an invalid character. Line 69648, position 14.
   at System.Xml.XmlTextReaderImpl.Throw(Exception e)
   at System.Xml.XmlTextReaderImpl.Throw(String res, String[] args)
   at System.Xml.XmlTextReaderImpl.ParseText(Int32& startPos, Int32& endPos, Int32& outOrChars)
   at System.Xml.XmlTextReaderImpl.ParseText()
   at System.Xml.XmlTextReaderImpl.ParseElementContent()
   at System.Xml.XmlTextReaderImpl.Read()
   at System.Xml.XmlLoader.LoadNode(Boolean skipOverWhitespace)
   at System.Xml.XmlLoader.LoadDocSequence(XmlDocument parentDoc)
   at System.Xml.XmlLoader.Load(XmlDocument doc, XmlReader reader, Boolean preserveWhitespace)
   at System.Xml.XmlDocument.Load(XmlReader reader)
   at System.Xml.XmlDocument.Load(String filename)
   at DataAnalyzer.Support.FileManager.WriteInputMessage(InputMessages Message, String FileName) in D:\NEW LIVE PROJECT\Extrnal soures\Extrnal soures\DataAnalyzer\Support\FileManager.cs:line 1102

--------------------------------------------------------------------------------------------------------
08-30-2026 19:14:27
'.', hexadecimal value 0x00, is an invalid character. Line 69648, position 14.
   at System.Xml.XmlTextReaderImpl.Throw(Exception e)
   at System.Xml.XmlTextReaderImpl.Throw(String res, String[] args)
   at System.Xml.XmlTextReaderImpl.ParseText(Int32& startPos, Int32& endPos, Int32& outOrChars)
   at System.Xml.XmlTextReaderImpl.ParseText()
   at System.Xml.XmlTextReaderImpl.ParseElementContent()
   at System.Xml.XmlTextReaderImpl.Read()
   at System.Xml.XmlLoader.LoadNode(Boolean skipOverWhitespace)
   at System.Xml.XmlLoader.LoadDocSequence(XmlDocument parentDoc)
   at System.Xml.XmlLoader.Load(XmlDocument doc, XmlReader reader, Boolean preserveWhitespace)
   at System.Xml.XmlDocument.Load(XmlReader reader)
   at System.Xml.XmlDocument.Load(String filename)
   at DataAnalyzer.Support.FileManager.WriteInputMessage(InputMessages Message, String FileName) in D:\NEW LIVE PROJECT\Extrnal soures\Extrnal soures\DataAnalyzer\Support\FileManager.cs:line 1102

--------------------------------------------------------------------------------------------------------
08-30-2026 19:14:28
'.', hexadecimal value 0x00, is an invalid character. Line 69648, position 14.
   at System.Xml.XmlTextReaderImpl.Throw(Exception e)
   at System.Xml.XmlTextReaderImpl.Throw(String res, String[] args)
   at System.Xml.XmlTextReaderImpl.ParseText(Int32& startPos, Int32& endPos, Int32& outOrChars)
   at System.Xml.XmlTextReaderImpl.ParseText()
   at System.Xml.XmlTextReaderImpl.ParseElementContent()
   at System.Xml.XmlTextReaderImpl.Read()
   at System.Xml.XmlLoader.LoadNode(Boolean skipOverWhitespace)
   at System.Xml.XmlLoader.LoadDocSequence(XmlDocument parentDoc)
   at System.Xml.XmlLoader.Load(XmlDocument doc, XmlReader reader, Boolean preserveWhitespace)
   at System.Xml.XmlDocument.Load(XmlReader reader)
   at System.Xml.XmlDocument.Load(String filename)
   at DataAnalyzer.Support.FileManager.WriteInputMessage(InputMessages Message, String FileName) in D:\NEW LIVE PROJECT\Extrnal soures\Extrnal soures\DataAnalyzer\Support\FileManager.cs:line 1102

--------------------------------------------------------------------------------------------------------
08-30-2026 19:14:28
'.', hexadecimal value 0x00, is an invalid character. Line 69648, position 14.
   at System.Xml.XmlTextReaderImpl.Throw(Exception e)
   at System.Xml.XmlTextReaderImpl.Throw(String res, String[] args)
   at System.Xml.XmlTextReaderImpl.ParseText(Int32& startPos, Int32& endPos, Int32& outOrChars)
   at System.Xml.XmlTextReaderImpl.ParseText()
   at System.Xml.XmlTextReaderImpl.ParseElementContent()
   at System.Xml.XmlTextReaderImpl.Read()
   at System.Xml.XmlLoader.LoadNode(Boolean skipOverWhitespace)
   at System.Xml.XmlLoader.LoadDocSequence(XmlDocument parentDoc)
   at System.Xml.XmlLoader.Load(XmlDocument doc, XmlReader reader, Boolean preserveWhitespace)
   at System.Xml.XmlDocument.Load(XmlReader reader)
   at System.Xml.XmlDocument.Load(String filename)
   at DataAnalyzer.Support.FileManager.WriteInputMessage(InputMessages Message, String FileName) in D:\NEW LIVE PROJECT\Extrnal soures\Extrnal soures\DataAnalyzer\Support\FileManager.cs:line 1102

--------------------------------------------------------------------------------------------------------
08-30-2026 19:14:28
'.', hexadecimal value 0x00, is an invalid character. Line 69648, position 14.
   at System.Xml.XmlTextReaderImpl.Throw(Exception e)
   at System.Xml.XmlTextReaderImpl.Throw(String res, String[] args)
   at System.Xml.XmlTextReaderImpl.ParseText(Int32& startPos, Int32& endPos, Int32& outOrChars)
   at System.Xml.XmlTextReaderImpl.ParseText()
   at System.Xml.XmlTextReaderImpl.ParseElementContent()
   at System.Xml.XmlTextReaderImpl.Read()
   at System.Xml.XmlLoader.LoadNode(Boolean skipOverWhitespace)
   at System.Xml.XmlLoader.LoadDocSequence(XmlDocument parentDoc)
   at System.Xml.XmlLoader.Load(XmlDocument doc, XmlReader reader, Boolean preserveWhitespace)
   at System.Xml.XmlDocument.Load(XmlReader reader)
   at System.Xml.XmlDocument.Load(String filename)
   at DataAnalyzer.Support.FileManager.WriteInputMessage(InputMessages Message, String FileName) in D:\NEW LIVE PROJECT\Extrnal soures\Extrnal soures\DataAnalyzer\Support\FileManager.cs:line 1102

--------------------------------------------------------------------------------------------------------
08-30-2026 19:14:29
'.', hexadecimal value 0x00, is an invalid character. Line 69648, position 14.
   at System.Xml.XmlTextReaderImpl.Throw(Exception e)
   at System.Xml.XmlTextReaderImpl.Throw(String res, String[] args)
   at System.Xml.XmlTextReaderImpl.ParseText(Int32& startPos, Int32& endPos, Int32& outOrChars)
   at System.Xml.XmlTextReaderImpl.ParseText()
   at System.Xml.XmlTextReaderImpl.ParseElementContent()
   at System.Xml.XmlTextReaderImpl.Read()
   at System.Xml.XmlLoader.LoadNode(Boolean skipOverWhitespace)
   at System.Xml.XmlLoader.LoadDocSequence(XmlDocument parentDoc)
   at System.Xml.XmlLoader.Load(XmlDocument doc, XmlReader reader, Boolean preserveWhitespace)
   at System.Xml.XmlDocument.Load(XmlReader reader)
   at System.Xml.XmlDocument.Load(String filename)
   at DataAnalyzer.Support.FileManager.WriteInputMessage(InputMessages Message, String FileName) in D:\NEW LIVE PROJECT\Extrnal soures\Extrnal soures\DataAnalyzer\Support\FileManager.cs:line 1102

--------------------------------------------------------------------------------------------------------
08-30-2026 19:14:29
'.', hexadecimal value 0x00, is an invalid character. Line 69648, position 14.
   at System.Xml.XmlTextReaderImpl.Throw(Exception e)
   at System.Xml.XmlTextReaderImpl.Throw(String res, String[] args)
   at System.Xml.XmlTextReaderImpl.ParseText(Int32& startPos, Int32& endPos, Int32& outOrChars)
   at System.Xml.XmlTextReaderImpl.ParseText()
   at System.Xml.XmlTextReaderImpl.ParseElementContent()
   at System.Xml.XmlTextReaderImpl.Read()
   at System.Xml.XmlLoader.LoadNode(Boolean skipOverWhitespace)
   at System.Xml.XmlLoader.LoadDocSequence(XmlDocument parentDoc)
   at System.Xml.XmlLoader.Load(XmlDocument doc, XmlReader reader, Boolean preserveWhitespace)
   at System.Xml.XmlDocument.Load(XmlReader reader)
   at System.Xml.XmlDocument.Load(String filename)
   at DataAnalyzer.Support.FileManager.WriteInputMessage(InputMessages Message, String FileName) in D:\NEW LIVE PROJECT\Extrnal soures\Extrnal soures\DataAnalyzer\Support\FileManager.cs:line 1102

--------------------------------------------------------------------------------------------------------
08-30-2026 19:14:29
'.', hexadecimal value 0x00, is an invalid character. Line 69648, position 14.
   at System.Xml.XmlTextReaderImpl.Throw(Exception e)
   at System.Xml.XmlTextReaderImpl.Throw(String res, String[] args)
   at System.Xml.XmlTextReaderImpl.ParseText(Int32& startPos, Int32& endPos, Int32& outOrChars)
   at System.Xml.XmlTextReaderImpl.ParseText()
   at System.Xml.XmlTextReaderImpl.ParseElementContent()
   at System.Xml.XmlTextReaderImpl.Read()
   at System.Xml.XmlLoader.LoadNode(Boolean skipOverWhitespace)
   at System.Xml.XmlLoader.LoadDocSequence(XmlDocument parentDoc)
   at System.Xml.XmlLoader.Load(XmlDocument doc, XmlReader reader, Boolean preserveWhitespace)
   at System.Xml.XmlDocument.Load(XmlReader reader)
   at System.Xml.XmlDocument.Load(String filename)
   at DataAnalyzer.Support.FileManager.WriteInputMessage(InputMessages Message, String FileName) in D:\NEW LIVE PROJECT\Extrnal soures\Extrnal soures\DataAnalyzer\Support\FileManager.cs:line 1102

--------------------------------------------------------------------------------------------------------
08-30-2026 19:14:39
'.', hexadecimal value 0x00, is an invalid character. Line 69648, position 14.
   at System.Xml.XmlTextReaderImpl.Throw(Exception e)
   at System.Xml.XmlTextReaderImpl.Throw(String res, String[] args)
   at System.Xml.XmlTextReaderImpl.ParseText(Int32& startPos, Int32& endPos, Int32& outOrChars)
   at System.Xml.XmlTextReaderImpl.ParseText()
   at System.Xml.XmlTextReaderImpl.ParseElementContent()
   at System.Xml.XmlTextReaderImpl.Read()
   at System.Xml.XmlLoader.LoadNode(Boolean skipOverWhitespace)
   at System.Xml.XmlLoader.LoadDocSequence(XmlDocument parentDoc)
   at System.Xml.XmlLoader.Load(XmlDocument doc, XmlReader reader, Boolean preserveWhitespace)
   at System.Xml.XmlDocument.Load(XmlReader reader)
   at System.Xml.XmlDocument.Load(String filename)
   at DataAnalyzer.Support.FileManager.WriteInputMessage(InputMessages Message, String FileName) in D:\NEW LIVE PROJECT\Extrnal soures\Extrnal soures\DataAnalyzer\Support\FileManager.cs:line 1102

--------------------------------------------------------------------------------------------------------
08-30-2026 19:14:39
'.', hexadecimal value 0x00, is an invalid character. Line 69648, position 14.
   at System.Xml.XmlTextReaderImpl.Throw(Exception e)
   at System.Xml.XmlTextReaderImpl.Throw(String res, String[] args)
   at System.Xml.XmlTextReaderImpl.ParseText(Int32& startPos, Int32& endPos, Int32& outOrChars)
   at System.Xml.XmlTextReaderImpl.ParseText()
   at System.Xml.XmlTextReaderImpl.ParseElementContent()
   at System.Xml.XmlTextReaderImpl.Read()
   at System.Xml.XmlLoader.LoadNode(Boolean skipOverWhitespace)
   at System.Xml.XmlLoader.LoadDocSequence(XmlDocument parentDoc)
   at System.Xml.XmlLoader.Load(XmlDocument doc, XmlReader reader, Boolean preserveWhitespace)
   at System.Xml.XmlDocument.Load(XmlReader reader)
   at System.Xml.XmlDocument.Load(String filename)
   at DataAnalyzer.Support.FileManager.WriteInputMessage(InputMessages Message, String FileName) in D:\NEW LIVE PROJECT\Extrnal soures\Extrnal soures\DataAnalyzer\Support\FileManager.cs:line 1102

--------------------------------------------------------------------------------------------------------
08-30-2026 19:14:39
'.', hexadecimal value 0x00, is an invalid character. Line 69648, position 14.
   at System.Xml.XmlTextReaderImpl.Throw(Exception e)
   at System.Xml.XmlTextReaderImpl.Throw(String res, String[] args)
   at System.Xml.XmlTextReaderImpl.ParseText(Int32& startPos, Int32& endPos, Int32& outOrChars)
   at System.Xml.XmlTextReaderImpl.ParseText()
   at System.Xml.XmlTextReaderImpl.ParseElementContent()
   at System.Xml.XmlTextReaderImpl.Read()
   at System.Xml.XmlLoader.LoadNode(Boolean skipOverWhitespace)
   at System.Xml.XmlLoader.LoadDocSequence(XmlDocument parentDoc)
   at System.Xml.XmlLoader.Load(XmlDocument doc, XmlReader reader, Boolean preserveWhitespace)
   at System.Xml.XmlDocument.Load(XmlReader reader)
   at System.Xml.XmlDocument.Load(String filename)
   at DataAnalyzer.Support.FileManager.WriteInputMessage(InputMessages Message, String FileName) in D:\NEW LIVE PROJECT\Extrnal soures\Extrnal soures\DataAnalyzer\Support\FileManager.cs:line 1102

--------------------------------------------------------------------------------------------------------
08-30-2026 19:14:40
'.', hexadecimal value 0x00, is an invalid character. Line 69648, position 14.
   at System.Xml.XmlTextReaderImpl.Throw(Exception e)
   at System.Xml.XmlTextReaderImpl.Throw(String res, String[] args)
   at System.Xml.XmlTextReaderImpl.ParseText(Int32& startPos, Int32& endPos, Int32& outOrChars)
   at System.Xml.XmlTextReaderImpl.ParseText()
   at System.Xml.XmlTextReaderImpl.ParseElementContent()
   at System.Xml.XmlTextReaderImpl.Read()
   at System.Xml.XmlLoader.LoadNode(Boolean skipOverWhitespace)
   at System.Xml.XmlLoader.LoadDocSequence(XmlDocument parentDoc)
   at System.Xml.XmlLoader.Load(XmlDocument doc, XmlReader reader, Boolean preserveWhitespace)
   at System.Xml.XmlDocument.Load(XmlReader reader)
   at System.Xml.XmlDocument.Load(String filename)
   at DataAnalyzer.Support.FileManager.WriteInputMessage(InputMessages Message, String FileName) in D:\NEW LIVE PROJECT\Extrnal soures\Extrnal soures\DataAnalyzer\Support\FileManager.cs:line 1102

--------------------------------------------------------------------------------------------------------
08-30-2026 19:14:40
'.', hexadecimal value 0x00, is an invalid character. Line 69648, position 14.
   at System.Xml.XmlTextReaderImpl.Throw(Exception e)
   at System.Xml.XmlTextReaderImpl.Throw(String res, String[] args)
   at System.Xml.XmlTextReaderImpl.ParseText(Int32& startPos, Int32& endPos, Int32& outOrChars)
   at System.Xml.XmlTextReaderImpl.ParseText()
   at System.Xml.XmlTextReaderImpl.ParseElementContent()
   at System.Xml.XmlTextReaderImpl.Read()
   at System.Xml.XmlLoader.LoadNode(Boolean skipOverWhitespace)
   at System.Xml.XmlLoader.LoadDocSequence(XmlDocument parentDoc)
   at System.Xml.XmlLoader.Load(XmlDocument doc, XmlReader reader, Boolean preserveWhitespace)
   at System.Xml.XmlDocument.Load(XmlReader reader)
   at System.Xml.XmlDocument.Load(String filename)
   at DataAnalyzer.Support.FileManager.WriteInputMessage(InputMessages Message, String FileName) in D:\NEW LIVE PROJECT\Extrnal soures\Extrnal soures\DataAnalyzer\Support\FileManager.cs:line 1102

--------------------------------------------------------------------------------------------------------
08-30-2026 19:14:40
'.', hexadecimal value 0x00, is an invalid character. Line 69648, position 14.
   at System.Xml.XmlTextReaderImpl.Throw(Exception e)
   at System.Xml.XmlTextReaderImpl.Throw(String res, String[] args)
   at System.Xml.XmlTextReaderImpl.ParseText(Int32& startPos, Int32& endPos, Int32& outOrChars)
   at System.Xml.XmlTextReaderImpl.ParseText()
   at System.Xml.XmlTextReaderImpl.ParseElementContent()
   at System.Xml.XmlTextReaderImpl.Read()
   at System.Xml.XmlLoader.LoadNode(Boolean skipOverWhitespace)
   at System.Xml.XmlLoader.LoadDocSequence(XmlDocument parentDoc)
   at System.Xml.XmlLoader.Load(XmlDocument doc, XmlReader reader, Boolean preserveWhitespace)
   at System.Xml.XmlDocument.Load(XmlReader reader)
   at System.Xml.XmlDocument.Load(String filename)
   at DataAnalyzer.Support.FileManager.WriteInputMessage(InputMessages Message, String FileName) in D:\NEW LIVE PROJECT\Extrnal soures\Extrnal soures\DataAnalyzer\Support\FileManager.cs:line 1102

--------------------------------------------------------------------------------------------------------
08-30-2026 19:14:40
'.', hexadecimal value 0x00, is an invalid character. Line 69648, position 14.
   at System.Xml.XmlTextReaderImpl.Throw(Exception e)
   at System.Xml.XmlTextReaderImpl.Throw(String res, String[] args)
   at System.Xml.XmlTextReaderImpl.ParseText(Int32& startPos, Int32& endPos, Int32& outOrChars)
   at System.Xml.XmlTextReaderImpl.ParseText()
   at System.Xml.XmlTextReaderImpl.ParseElementContent()
   at System.Xml.XmlTextReaderImpl.Read()
   at System.Xml.XmlLoader.LoadNode(Boolean skipOverWhitespace)
   at System.Xml.XmlLoader.LoadDocSequence(XmlDocument parentDoc)
   at System.Xml.XmlLoader.Load(XmlDocument doc, XmlReader reader, Boolean preserveWhitespace)
   at System.Xml.XmlDocument.Load(XmlReader reader)
   at System.Xml.XmlDocument.Load(String filename)
   at DataAnalyzer.Support.FileManager.WriteInputMessage(InputMessages Message, String FileName) in D:\NEW LIVE PROJECT\Extrnal soures\Extrnal soures\DataAnalyzer\Support\FileManager.cs:line 1102

--------------------------------------------------------------------------------------------------------
08-30-2026 19:26:55
'.', hexadecimal value 0x00, is an invalid character. Line 69648, position 14.
   at System.Xml.XmlTextReaderImpl.Throw(Exception e)
   at System.Xml.XmlTextReaderImpl.Throw(String res, String[] args)
   at System.Xml.XmlTextReaderImpl.ParseText(Int32& startPos, Int32& endPos, Int32& outOrChars)
   at System.Xml.XmlTextReaderImpl.ParseText()
   at System.Xml.XmlTextReaderImpl.ParseElementContent()
   at System.Xml.XmlTextReaderImpl.Read()
   at System.Xml.XmlLoader.LoadNode(Boolean skipOverWhitespace)
   at System.Xml.XmlLoader.LoadDocSequence(XmlDocument parentDoc)
   at System.Xml.XmlLoader.Load(XmlDocument doc, XmlReader reader, Boolean preserveWhitespace)
   at System.Xml.XmlDocument.Load(XmlReader reader)
   at System.Xml.XmlDocument.Load(String filename)
   at DataAnalyzer.Support.FileManager.WriteInputMessage(InputMessages Message, String FileName) in D:\NEW LIVE PROJECT\Extrnal soures\Extrnal soures\DataAnalyzer\Support\FileManager.cs:line 1102

--------------------------------------------------------------------------------------------------------
08-30-2026 19:27:20
'.', hexadecimal value 0x00, is an invalid character. Line 69648, position 14.
   at System.Xml.XmlTextReaderImpl.Throw(Exception e)
   at System.Xml.XmlTextReaderImpl.Throw(String res, String[] args)
   at System.Xml.XmlTextReaderImpl.ParseText(Int32& startPos, Int32& endPos, Int32& outOrChars)
   at System.Xml.XmlTextReaderImpl.ParseText()
   at System.Xml.XmlTextReaderImpl.ParseElementContent()
   at System.Xml.XmlTextReaderImpl.Read()
   at System.Xml.XmlLoader.LoadNode(Boolean skipOverWhitespace)
   at System.Xml.XmlLoader.LoadDocSequence(XmlDocument parentDoc)
   at System.Xml.XmlLoader.Load(XmlDocument doc, XmlReader reader, Boolean preserveWhitespace)
   at System.Xml.XmlDocument.Load(XmlReader reader)
   at System.Xml.XmlDocument.Load(String filename)
   at DataAnalyzer.Support.FileManager.WriteInputMessage(InputMessages Message, String FileName) in D:\NEW LIVE PROJECT\Extrnal soures\Extrnal soures\DataAnalyzer\Support\FileManager.cs:line 1102

--------------------------------------------------------------------------------------------------------
08-30-2026 19:29:45
'.', hexadecimal value 0x00, is an invalid character. Line 69648, position 14.
   at System.Xml.XmlTextReaderImpl.Throw(Exception e)
   at System.Xml.XmlTextReaderImpl.Throw(String res, String[] args)
   at System.Xml.XmlTextReaderImpl.ParseText(Int32& startPos, Int32& endPos, Int32& outOrChars)
   at System.Xml.XmlTextReaderImpl.ParseText()
   at System.Xml.XmlTextReaderImpl.ParseElementContent()
   at System.Xml.XmlTextReaderImpl.Read()
   at System.Xml.XmlLoader.LoadNode(Boolean skipOverWhitespace)
   at System.Xml.XmlLoader.LoadDocSequence(XmlDocument parentDoc)
   at System.Xml.XmlLoader.Load(XmlDocument doc, XmlReader reader, Boolean preserveWhitespace)
   at System.Xml.XmlDocument.Load(XmlReader reader)
   at System.Xml.XmlDocument.Load(String filename)
   at DataAnalyzer.Support.FileManager.WriteInputMessage(InputMessages Message, String FileName) in D:\NEW LIVE PROJECT\Extrnal soures\Extrnal soures\DataAnalyzer\Support\FileManager.cs:line 1102

--------------------------------------------------------------------------------------------------------
08-30-2026 19:32:31
'.', hexadecimal value 0x00, is an invalid character. Line 69648, position 14.
   at System.Xml.XmlTextReaderImpl.Throw(Exception e)
   at System.Xml.XmlTextReaderImpl.Throw(String res, String[] args)
   at System.Xml.XmlTextReaderImpl.ParseText(Int32& startPos, Int32& endPos, Int32& outOrChars)
   at System.Xml.XmlTextReaderImpl.ParseText()
   at System.Xml.XmlTextReaderImpl.ParseElementContent()
   at System.Xml.XmlTextReaderImpl.Read()
   at System.Xml.XmlLoader.LoadNode(Boolean skipOverWhitespace)
   at System.Xml.XmlLoader.LoadDocSequence(XmlDocument parentDoc)
   at System.Xml.XmlLoader.Load(XmlDocument doc, XmlReader reader, Boolean preserveWhitespace)
   at System.Xml.XmlDocument.Load(XmlReader reader)
   at System.Xml.XmlDocument.Load(String filename)
   at DataAnalyzer.Support.FileManager.WriteInputMessage(InputMessages Message, String FileName) in D:\NEW LIVE PROJECT\Extrnal soures\Extrnal soures\DataAnalyzer\Support\FileManager.cs:line 1102

--------------------------------------------------------------------------------------------------------
08-30-2026 19:34:48
'.', hexadecimal value 0x00, is an invalid character. Line 69648, position 14.
   at System.Xml.XmlTextReaderImpl.Throw(Exception e)
   at System.Xml.XmlTextReaderImpl.Throw(String res, String[] args)
   at System.Xml.XmlTextReaderImpl.ParseText(Int32& startPos, Int32& endPos, Int32& outOrChars)
   at System.Xml.XmlTextReaderImpl.ParseText()
   at System.Xml.XmlTextReaderImpl.ParseElementContent()
   at System.Xml.XmlTextReaderImpl.Read()
   at System.Xml.XmlLoader.LoadNode(Boolean skipOverWhitespace)
   at System.Xml.XmlLoader.LoadDocSequence(XmlDocument parentDoc)
   at System.Xml.XmlLoader.Load(XmlDocument doc, XmlReader reader, Boolean preserveWhitespace)
   at System.Xml.XmlDocument.Load(XmlReader reader)
   at System.Xml.XmlDocument.Load(String filename)
   at DataAnalyzer.Support.FileManager.WriteInputMessage(InputMessages Message, String FileName) in D:\NEW LIVE PROJECT\Extrnal soures\Extrnal soures\DataAnalyzer\Support\FileManager.cs:line 1102

--------------------------------------------------------------------------------------------------------
08-30-2026 19:35:23
Execution Timeout Expired.  The timeout period elapsed prior to completion of the operation or the server is not responding.
   at System.Data.SqlClient.SqlConnection.OnError(SqlException exception, Boolean breakConnection, Action`1 wrapCloseInAction)
   at System.Data.SqlClient.SqlInternalConnection.OnError(SqlException exception, Boolean breakConnection, Action`1 wrapCloseInAction)
   at System.Data.SqlClient.TdsParser.ThrowExceptionAndWarning(TdsParserStateObject stateObj, Boolean callerHasConnectionLock, Boolean asyncClose)
   at System.Data.SqlClient.TdsParser.TryRun(RunBehavior runBehavior, SqlCommand cmdHandler, SqlDataReader dataStream, BulkCopySimpleResultSet bulkCopyHandler, TdsParserStateObject stateObj, Boolean& dataReady)
   at System.Data.SqlClient.SqlCommand.RunExecuteNonQueryTds(String methodName, Boolean async, Int32 timeout, Boolean asyncWrite)
   at System.Data.SqlClient.SqlCommand.InternalExecuteNonQuery(TaskCompletionSource`1 completion, String methodName, Boolean sendToPipe, Int32 timeout, Boolean& usedCache, Boolean asyncWrite, Boolean inRetry)
   at System.Data.SqlClient.SqlCommand.ExecuteNonQuery()
   at DataAnalyzer.Support.Dataaccess.IntegrationResults(List`1 eResultList, String extconstring) in D:\NEW LIVE PROJECT\Extrnal soures\Extrnal soures\DataAnalyzer\Support\Dataaccess.cs:line 812

--------------------------------------------------------------------------------------------------------
08-30-2026 19:35:23
ExecuteReader requires an open and available Connection. The connection's current state is closed.
   at System.Data.SqlClient.SqlCommand.ValidateCommand(String method, Boolean async)
   at System.Data.SqlClient.SqlCommand.RunExecuteReader(CommandBehavior cmdBehavior, RunBehavior runBehavior, Boolean returnStream, String method, TaskCompletionSource`1 completion, Int32 timeout, Task& task, Boolean& usedCache, Boolean asyncWrite, Boolean inRetry)
   at System.Data.SqlClient.SqlCommand.RunExecuteReader(CommandBehavior cmdBehavior, RunBehavior runBehavior, Boolean returnStream, String method)
   at System.Data.SqlClient.SqlCommand.ExecuteReader(CommandBehavior behavior, String method)
   at System.Data.SqlClient.SqlCommand.ExecuteReader()
   at DataAnalyzer.Support.Dataaccess.IntegrationResults(List`1 eResultList, String extconstring) in D:\NEW LIVE PROJECT\Extrnal soures\Extrnal soures\DataAnalyzer\Support\Dataaccess.cs:line 787

--------------------------------------------------------------------------------------------------------
08-30-2026 19:35:23
ExecuteReader requires an open and available Connection. The connection's current state is closed.
   at System.Data.SqlClient.SqlCommand.ValidateCommand(String method, Boolean async)
   at System.Data.SqlClient.SqlCommand.RunExecuteReader(CommandBehavior cmdBehavior, RunBehavior runBehavior, Boolean returnStream, String method, TaskCompletionSource`1 completion, Int32 timeout, Task& task, Boolean& usedCache, Boolean asyncWrite, Boolean inRetry)
   at System.Data.SqlClient.SqlCommand.RunExecuteReader(CommandBehavior cmdBehavior, RunBehavior runBehavior, Boolean returnStream, String method)
   at System.Data.SqlClient.SqlCommand.ExecuteReader(CommandBehavior behavior, String method)
   at System.Data.SqlClient.SqlCommand.ExecuteReader()
   at DataAnalyzer.Support.Dataaccess.IntegrationResults(List`1 eResultList, String extconstring) in D:\NEW LIVE PROJECT\Extrnal soures\Extrnal soures\DataAnalyzer\Support\Dataaccess.cs:line 787

--------------------------------------------------------------------------------------------------------
08-30-2026 19:35:23
ExecuteReader requires an open and available Connection. The connection's current state is closed.
   at System.Data.SqlClient.SqlCommand.ValidateCommand(String method, Boolean async)
   at System.Data.SqlClient.SqlCommand.RunExecuteReader(CommandBehavior cmdBehavior, RunBehavior runBehavior, Boolean returnStream, String method, TaskCompletionSource`1 completion, Int32 timeout, Task& task, Boolean& usedCache, Boolean asyncWrite, Boolean inRetry)
   at System.Data.SqlClient.SqlCommand.RunExecuteReader(CommandBehavior cmdBehavior, RunBehavior runBehavior, Boolean returnStream, String method)
   at System.Data.SqlClient.SqlCommand.ExecuteReader(CommandBehavior behavior, String method)
   at System.Data.SqlClient.SqlCommand.ExecuteReader()
   at DataAnalyzer.Support.Dataaccess.IntegrationResults(List`1 eResultList, String extconstring) in D:\NEW LIVE PROJECT\Extrnal soures\Extrnal soures\DataAnalyzer\Support\Dataaccess.cs:line 787

--------------------------------------------------------------------------------------------------------
08-30-2026 19:35:23
ExecuteReader requires an open and available Connection. The connection's current state is closed.
   at System.Data.SqlClient.SqlCommand.ValidateCommand(String method, Boolean async)
   at System.Data.SqlClient.SqlCommand.RunExecuteReader(CommandBehavior cmdBehavior, RunBehavior runBehavior, Boolean returnStream, String method, TaskCompletionSource`1 completion, Int32 timeout, Task& task, Boolean& usedCache, Boolean asyncWrite, Boolean inRetry)
   at System.Data.SqlClient.SqlCommand.RunExecuteReader(CommandBehavior cmdBehavior, RunBehavior runBehavior, Boolean returnStream, String method)
   at System.Data.SqlClient.SqlCommand.ExecuteReader(CommandBehavior behavior, String method)
   at System.Data.SqlClient.SqlCommand.ExecuteReader()
   at DataAnalyzer.Support.Dataaccess.IntegrationResults(List`1 eResultList, String extconstring) in D:\NEW LIVE PROJECT\Extrnal soures\Extrnal soures\DataAnalyzer\Support\Dataaccess.cs:line 787

--------------------------------------------------------------------------------------------------------
08-30-2026 19:35:23
ExecuteReader requires an open and available Connection. The connection's current state is closed.
   at System.Data.SqlClient.SqlCommand.ValidateCommand(String method, Boolean async)
   at System.Data.SqlClient.SqlCommand.RunExecuteReader(CommandBehavior cmdBehavior, RunBehavior runBehavior, Boolean returnStream, String method, TaskCompletionSource`1 completion, Int32 timeout, Task& task, Boolean& usedCache, Boolean asyncWrite, Boolean inRetry)
   at System.Data.SqlClient.SqlCommand.RunExecuteReader(CommandBehavior cmdBehavior, RunBehavior runBehavior, Boolean returnStream, String method)
   at System.Data.SqlClient.SqlCommand.ExecuteReader(CommandBehavior behavior, String method)
   at System.Data.SqlClient.SqlCommand.ExecuteReader()
   at DataAnalyzer.Support.Dataaccess.IntegrationResults(List`1 eResultList, String extconstring) in D:\NEW LIVE PROJECT\Extrnal soures\Extrnal soures\DataAnalyzer\Support\Dataaccess.cs:line 787

--------------------------------------------------------------------------------------------------------
08-30-2026 19:35:23
ExecuteReader requires an open and available Connection. The connection's current state is closed.
   at System.Data.SqlClient.SqlCommand.ValidateCommand(String method, Boolean async)
   at System.Data.SqlClient.SqlCommand.RunExecuteReader(CommandBehavior cmdBehavior, RunBehavior runBehavior, Boolean returnStream, String method, TaskCompletionSource`1 completion, Int32 timeout, Task& task, Boolean& usedCache, Boolean asyncWrite, Boolean inRetry)
   at System.Data.SqlClient.SqlCommand.RunExecuteReader(CommandBehavior cmdBehavior, RunBehavior runBehavior, Boolean returnStream, String method)
   at System.Data.SqlClient.SqlCommand.ExecuteReader(CommandBehavior behavior, String method)
   at System.Data.SqlClient.SqlCommand.ExecuteReader()
   at DataAnalyzer.Support.Dataaccess.IntegrationResults(List`1 eResultList, String extconstring) in D:\NEW LIVE PROJECT\Extrnal soures\Extrnal soures\DataAnalyzer\Support\Dataaccess.cs:line 787

--------------------------------------------------------------------------------------------------------
08-30-2026 19:35:23
ExecuteReader requires an open and available Connection. The connection's current state is closed.
   at System.Data.SqlClient.SqlCommand.ValidateCommand(String method, Boolean async)
   at System.Data.SqlClient.SqlCommand.RunExecuteReader(CommandBehavior cmdBehavior, RunBehavior runBehavior, Boolean returnStream, String method, TaskCompletionSource`1 completion, Int32 timeout, Task& task, Boolean& usedCache, Boolean asyncWrite, Boolean inRetry)
   at System.Data.SqlClient.SqlCommand.RunExecuteReader(CommandBehavior cmdBehavior, RunBehavior runBehavior, Boolean returnStream, String method)
   at System.Data.SqlClient.SqlCommand.ExecuteReader(CommandBehavior behavior, String method)
   at System.Data.SqlClient.SqlCommand.ExecuteReader()
   at DataAnalyzer.Support.Dataaccess.IntegrationResults(List`1 eResultList, String extconstring) in D:\NEW LIVE PROJECT\Extrnal soures\Extrnal soures\DataAnalyzer\Support\Dataaccess.cs:line 787

--------------------------------------------------------------------------------------------------------
08-30-2026 19:37:05
'.', hexadecimal value 0x00, is an invalid character. Line 69648, position 14.
   at System.Xml.XmlTextReaderImpl.Throw(Exception e)
   at System.Xml.XmlTextReaderImpl.Throw(String res, String[] args)
   at System.Xml.XmlTextReaderImpl.ParseText(Int32& startPos, Int32& endPos, Int32& outOrChars)
   at System.Xml.XmlTextReaderImpl.ParseText()
   at System.Xml.XmlTextReaderImpl.ParseElementContent()
   at System.Xml.XmlTextReaderImpl.Read()
   at System.Xml.XmlLoader.LoadNode(Boolean skipOverWhitespace)
   at System.Xml.XmlLoader.LoadDocSequence(XmlDocument parentDoc)
   at System.Xml.XmlLoader.Load(XmlDocument doc, XmlReader reader, Boolean preserveWhitespace)
   at System.Xml.XmlDocument.Load(XmlReader reader)
   at System.Xml.XmlDocument.Load(String filename)
   at DataAnalyzer.Support.FileManager.WriteInputMessage(InputMessages Message, String FileName) in D:\NEW LIVE PROJECT\Extrnal soures\Extrnal soures\DataAnalyzer\Support\FileManager.cs:line 1102

--------------------------------------------------------------------------------------------------------
08-30-2026 19:39:14
'.', hexadecimal value 0x00, is an invalid character. Line 69648, position 14.
   at System.Xml.XmlTextReaderImpl.Throw(Exception e)
   at System.Xml.XmlTextReaderImpl.Throw(String res, String[] args)
   at System.Xml.XmlTextReaderImpl.ParseText(Int32& startPos, Int32& endPos, Int32& outOrChars)
   at System.Xml.XmlTextReaderImpl.ParseText()
   at System.Xml.XmlTextReaderImpl.ParseElementContent()
   at System.Xml.XmlTextReaderImpl.Read()
   at System.Xml.XmlLoader.LoadNode(Boolean skipOverWhitespace)
   at System.Xml.XmlLoader.LoadDocSequence(XmlDocument parentDoc)
   at System.Xml.XmlLoader.Load(XmlDocument doc, XmlReader reader, Boolean preserveWhitespace)
   at System.Xml.XmlDocument.Load(XmlReader reader)
   at System.Xml.XmlDocument.Load(String filename)
   at DataAnalyzer.Support.FileManager.WriteInputMessage(InputMessages Message, String FileName) in D:\NEW LIVE PROJECT\Extrnal soures\Extrnal soures\DataAnalyzer\Support\FileManager.cs:line 1102

--------------------------------------------------------------------------------------------------------
08-30-2026 19:41:48
'.', hexadecimal value 0x00, is an invalid character. Line 69648, position 14.
   at System.Xml.XmlTextReaderImpl.Throw(Exception e)
   at System.Xml.XmlTextReaderImpl.Throw(String res, String[] args)
   at System.Xml.XmlTextReaderImpl.ParseText(Int32& startPos, Int32& endPos, Int32& outOrChars)
   at System.Xml.XmlTextReaderImpl.ParseText()
   at System.Xml.XmlTextReaderImpl.ParseElementContent()
   at System.Xml.XmlTextReaderImpl.Read()
   at System.Xml.XmlLoader.LoadNode(Boolean skipOverWhitespace)
   at System.Xml.XmlLoader.LoadDocSequence(XmlDocument parentDoc)
   at System.Xml.XmlLoader.Load(XmlDocument doc, XmlReader reader, Boolean preserveWhitespace)
   at System.Xml.XmlDocument.Load(XmlReader reader)
   at System.Xml.XmlDocument.Load(String filename)
   at DataAnalyzer.Support.FileManager.WriteInputMessage(InputMessages Message, String FileName) in D:\NEW LIVE PROJECT\Extrnal soures\Extrnal soures\DataAnalyzer\Support\FileManager.cs:line 1102

--------------------------------------------------------------------------------------------------------
08-30-2026 19:45:17
'.', hexadecimal value 0x00, is an invalid character. Line 69648, position 14.
   at System.Xml.XmlTextReaderImpl.Throw(Exception e)
   at System.Xml.XmlTextReaderImpl.Throw(String res, String[] args)
   at System.Xml.XmlTextReaderImpl.ParseText(Int32& startPos, Int32& endPos, Int32& outOrChars)
   at System.Xml.XmlTextReaderImpl.ParseText()
   at System.Xml.XmlTextReaderImpl.ParseElementContent()
   at System.Xml.XmlTextReaderImpl.Read()
   at System.Xml.XmlLoader.LoadNode(Boolean skipOverWhitespace)
   at System.Xml.XmlLoader.LoadDocSequence(XmlDocument parentDoc)
   at System.Xml.XmlLoader.Load(XmlDocument doc, XmlReader reader, Boolean preserveWhitespace)
   at System.Xml.XmlDocument.Load(XmlReader reader)
   at System.Xml.XmlDocument.Load(String filename)
   at DataAnalyzer.Support.FileManager.WriteInputMessage(InputMessages Message, String FileName) in D:\NEW LIVE PROJECT\Extrnal soures\Extrnal soures\DataAnalyzer\Support\FileManager.cs:line 1102

--------------------------------------------------------------------------------------------------------
08-30-2026 19:47:38
'.', hexadecimal value 0x00, is an invalid character. Line 69648, position 14.
   at System.Xml.XmlTextReaderImpl.Throw(Exception e)
   at System.Xml.XmlTextReaderImpl.Throw(String res, String[] args)
   at System.Xml.XmlTextReaderImpl.ParseText(Int32& startPos, Int32& endPos, Int32& outOrChars)
   at System.Xml.XmlTextReaderImpl.ParseText()
   at System.Xml.XmlTextReaderImpl.ParseElementContent()
   at System.Xml.XmlTextReaderImpl.Read()
   at System.Xml.XmlLoader.LoadNode(Boolean skipOverWhitespace)
   at System.Xml.XmlLoader.LoadDocSequence(XmlDocument parentDoc)
   at System.Xml.XmlLoader.Load(XmlDocument doc, XmlReader reader, Boolean preserveWhitespace)
   at System.Xml.XmlDocument.Load(XmlReader reader)
   at System.Xml.XmlDocument.Load(String filename)
   at DataAnalyzer.Support.FileManager.WriteInputMessage(InputMessages Message, String FileName) in D:\NEW LIVE PROJECT\Extrnal soures\Extrnal soures\DataAnalyzer\Support\FileManager.cs:line 1102

--------------------------------------------------------------------------------------------------------
08-30-2026 19:47:56
'.', hexadecimal value 0x00, is an invalid character. Line 69648, position 14.
   at System.Xml.XmlTextReaderImpl.Throw(Exception e)
   at System.Xml.XmlTextReaderImpl.Throw(String res, String[] args)
   at System.Xml.XmlTextReaderImpl.ParseText(Int32& startPos, Int32& endPos, Int32& outOrChars)
   at System.Xml.XmlTextReaderImpl.ParseText()
   at System.Xml.XmlTextReaderImpl.ParseElementContent()
   at System.Xml.XmlTextReaderImpl.Read()
   at System.Xml.XmlLoader.LoadNode(Boolean skipOverWhitespace)
   at System.Xml.XmlLoader.LoadDocSequence(XmlDocument parentDoc)
   at System.Xml.XmlLoader.Load(XmlDocument doc, XmlReader reader, Boolean preserveWhitespace)
   at System.Xml.XmlDocument.Load(XmlReader reader)
   at System.Xml.XmlDocument.Load(String filename)
   at DataAnalyzer.Support.FileManager.WriteInputMessage(InputMessages Message, String FileName) in D:\NEW LIVE PROJECT\Extrnal soures\Extrnal soures\DataAnalyzer\Support\FileManager.cs:line 1102

--------------------------------------------------------------------------------------------------------
08-30-2026 19:48:04
'.', hexadecimal value 0x00, is an invalid character. Line 69648, position 14.
   at System.Xml.XmlTextReaderImpl.Throw(Exception e)
   at System.Xml.XmlTextReaderImpl.Throw(String res, String[] args)
   at System.Xml.XmlTextReaderImpl.ParseText(Int32& startPos, Int32& endPos, Int32& outOrChars)
   at System.Xml.XmlTextReaderImpl.ParseText()
   at System.Xml.XmlTextReaderImpl.ParseElementContent()
   at System.Xml.XmlTextReaderImpl.Read()
   at System.Xml.XmlLoader.LoadNode(Boolean skipOverWhitespace)
   at System.Xml.XmlLoader.LoadDocSequence(XmlDocument parentDoc)
   at System.Xml.XmlLoader.Load(XmlDocument doc, XmlReader reader, Boolean preserveWhitespace)
   at System.Xml.XmlDocument.Load(XmlReader reader)
   at System.Xml.XmlDocument.Load(String filename)
   at DataAnalyzer.Support.FileManager.WriteInputMessage(InputMessages Message, String FileName) in D:\NEW LIVE PROJECT\Extrnal soures\Extrnal soures\DataAnalyzer\Support\FileManager.cs:line 1102

--------------------------------------------------------------------------------------------------------
08-30-2026 19:48:13
'.', hexadecimal value 0x00, is an invalid character. Line 69648, position 14.
   at System.Xml.XmlTextReaderImpl.Throw(Exception e)
   at System.Xml.XmlTextReaderImpl.Throw(String res, String[] args)
   at System.Xml.XmlTextReaderImpl.ParseText(Int32& startPos, Int32& endPos, Int32& outOrChars)
   at System.Xml.XmlTextReaderImpl.ParseText()
   at System.Xml.XmlTextReaderImpl.ParseElementContent()
   at System.Xml.XmlTextReaderImpl.Read()
   at System.Xml.XmlLoader.LoadNode(Boolean skipOverWhitespace)
   at System.Xml.XmlLoader.LoadDocSequence(XmlDocument parentDoc)
   at System.Xml.XmlLoader.Load(XmlDocument doc, XmlReader reader, Boolean preserveWhitespace)
   at System.Xml.XmlDocument.Load(XmlReader reader)
   at System.Xml.XmlDocument.Load(String filename)
   at DataAnalyzer.Support.FileManager.WriteInputMessage(InputMessages Message, String FileName) in D:\NEW LIVE PROJECT\Extrnal soures\Extrnal soures\DataAnalyzer\Support\FileManager.cs:line 1102

--------------------------------------------------------------------------------------------------------
08-30-2026 19:50:30
'.', hexadecimal value 0x00, is an invalid character. Line 69648, position 14.
   at System.Xml.XmlTextReaderImpl.Throw(Exception e)
   at System.Xml.XmlTextReaderImpl.Throw(String res, String[] args)
   at System.Xml.XmlTextReaderImpl.ParseText(Int32& startPos, Int32& endPos, Int32& outOrChars)
   at System.Xml.XmlTextReaderImpl.ParseText()
   at System.Xml.XmlTextReaderImpl.ParseElementContent()
   at System.Xml.XmlTextReaderImpl.Read()
   at System.Xml.XmlLoader.LoadNode(Boolean skipOverWhitespace)
   at System.Xml.XmlLoader.LoadDocSequence(XmlDocument parentDoc)
   at System.Xml.XmlLoader.Load(XmlDocument doc, XmlReader reader, Boolean preserveWhitespace)
   at System.Xml.XmlDocument.Load(XmlReader reader)
   at System.Xml.XmlDocument.Load(String filename)
   at DataAnalyzer.Support.FileManager.WriteInputMessage(InputMessages Message, String FileName) in D:\NEW LIVE PROJECT\Extrnal soures\Extrnal soures\DataAnalyzer\Support\FileManager.cs:line 1102

--------------------------------------------------------------------------------------------------------
08-30-2026 19:51:04
'.', hexadecimal value 0x00, is an invalid character. Line 69648, position 14.
   at System.Xml.XmlTextReaderImpl.Throw(Exception e)
   at System.Xml.XmlTextReaderImpl.Throw(String res, String[] args)
   at System.Xml.XmlTextReaderImpl.ParseText(Int32& startPos, Int32& endPos, Int32& outOrChars)
   at System.Xml.XmlTextReaderImpl.ParseText()
   at System.Xml.XmlTextReaderImpl.ParseElementContent()
   at System.Xml.XmlTextReaderImpl.Read()
   at System.Xml.XmlLoader.LoadNode(Boolean skipOverWhitespace)
   at System.Xml.XmlLoader.LoadDocSequence(XmlDocument parentDoc)
   at System.Xml.XmlLoader.Load(XmlDocument doc, XmlReader reader, Boolean preserveWhitespace)
   at System.Xml.XmlDocument.Load(XmlReader reader)
   at System.Xml.XmlDocument.Load(String filename)
   at DataAnalyzer.Support.FileManager.WriteInputMessage(InputMessages Message, String FileName) in D:\NEW LIVE PROJECT\Extrnal soures\Extrnal soures\DataAnalyzer\Support\FileManager.cs:line 1102

--------------------------------------------------------------------------------------------------------
08-30-2026 19:54:44
'.', hexadecimal value 0x00, is an invalid character. Line 69648, position 14.
   at System.Xml.XmlTextReaderImpl.Throw(Exception e)
   at System.Xml.XmlTextReaderImpl.Throw(String res, String[] args)
   at System.Xml.XmlTextReaderImpl.ParseText(Int32& startPos, Int32& endPos, Int32& outOrChars)
   at System.Xml.XmlTextReaderImpl.ParseText()
   at System.Xml.XmlTextReaderImpl.ParseElementContent()
   at System.Xml.XmlTextReaderImpl.Read()
   at System.Xml.XmlLoader.LoadNode(Boolean skipOverWhitespace)
   at System.Xml.XmlLoader.LoadDocSequence(XmlDocument parentDoc)
   at System.Xml.XmlLoader.Load(XmlDocument doc, XmlReader reader, Boolean preserveWhitespace)
   at System.Xml.XmlDocument.Load(XmlReader reader)
   at System.Xml.XmlDocument.Load(String filename)
   at DataAnalyzer.Support.FileManager.WriteInputMessage(InputMessages Message, String FileName) in D:\NEW LIVE PROJECT\Extrnal soures\Extrnal soures\DataAnalyzer\Support\FileManager.cs:line 1102

--------------------------------------------------------------------------------------------------------
08-30-2026 19:58:37
'.', hexadecimal value 0x00, is an invalid character. Line 69648, position 14.
   at System.Xml.XmlTextReaderImpl.Throw(Exception e)
   at System.Xml.XmlTextReaderImpl.Throw(String res, String[] args)
   at System.Xml.XmlTextReaderImpl.ParseText(Int32& startPos, Int32& endPos, Int32& outOrChars)
   at System.Xml.XmlTextReaderImpl.ParseText()
   at System.Xml.XmlTextReaderImpl.ParseElementContent()
   at System.Xml.XmlTextReaderImpl.Read()
   at System.Xml.XmlLoader.LoadNode(Boolean skipOverWhitespace)
   at System.Xml.XmlLoader.LoadDocSequence(XmlDocument parentDoc)
   at System.Xml.XmlLoader.Load(XmlDocument doc, XmlReader reader, Boolean preserveWhitespace)
   at System.Xml.XmlDocument.Load(XmlReader reader)
   at System.Xml.XmlDocument.Load(String filename)
   at DataAnalyzer.Support.FileManager.WriteInputMessage(InputMessages Message, String FileName) in D:\NEW LIVE PROJECT\Extrnal soures\Extrnal soures\DataAnalyzer\Support\FileManager.cs:line 1102

--------------------------------------------------------------------------------------------------------
08-30-2026 19:59:54
'.', hexadecimal value 0x00, is an invalid character. Line 69648, position 14.
   at System.Xml.XmlTextReaderImpl.Throw(Exception e)
   at System.Xml.XmlTextReaderImpl.Throw(String res, String[] args)
   at System.Xml.XmlTextReaderImpl.ParseText(Int32& startPos, Int32& endPos, Int32& outOrChars)
   at System.Xml.XmlTextReaderImpl.ParseText()
   at System.Xml.XmlTextReaderImpl.ParseElementContent()
   at System.Xml.XmlTextReaderImpl.Read()
   at System.Xml.XmlLoader.LoadNode(Boolean skipOverWhitespace)
   at System.Xml.XmlLoader.LoadDocSequence(XmlDocument parentDoc)
   at System.Xml.XmlLoader.Load(XmlDocument doc, XmlReader reader, Boolean preserveWhitespace)
   at System.Xml.XmlDocument.Load(XmlReader reader)
   at System.Xml.XmlDocument.Load(String filename)
   at DataAnalyzer.Support.FileManager.WriteInputMessage(InputMessages Message, String FileName) in D:\NEW LIVE PROJECT\Extrnal soures\Extrnal soures\DataAnalyzer\Support\FileManager.cs:line 1102

--------------------------------------------------------------------------------------------------------
08-30-2026 20:01:46
'.', hexadecimal value 0x00, is an invalid character. Line 69648, position 14.
   at System.Xml.XmlTextReaderImpl.Throw(Exception e)
   at System.Xml.XmlTextReaderImpl.Throw(String res, String[] args)
   at System.Xml.XmlTextReaderImpl.ParseText(Int32& startPos, Int32& endPos, Int32& outOrChars)
   at System.Xml.XmlTextReaderImpl.ParseText()
   at System.Xml.XmlTextReaderImpl.ParseElementContent()
   at System.Xml.XmlTextReaderImpl.Read()
   at System.Xml.XmlLoader.LoadNode(Boolean skipOverWhitespace)
   at System.Xml.XmlLoader.LoadDocSequence(XmlDocument parentDoc)
   at System.Xml.XmlLoader.Load(XmlDocument doc, XmlReader reader, Boolean preserveWhitespace)
   at System.Xml.XmlDocument.Load(XmlReader reader)
   at System.Xml.XmlDocument.Load(String filename)
   at DataAnalyzer.Support.FileManager.WriteInputMessage(InputMessages Message, String FileName) in D:\NEW LIVE PROJECT\Extrnal soures\Extrnal soures\DataAnalyzer\Support\FileManager.cs:line 1102

--------------------------------------------------------------------------------------------------------
08-30-2026 20:04:19
'.', hexadecimal value 0x00, is an invalid character. Line 69648, position 14.
   at System.Xml.XmlTextReaderImpl.Throw(Exception e)
   at System.Xml.XmlTextReaderImpl.Throw(String res, String[] args)
   at System.Xml.XmlTextReaderImpl.ParseText(Int32& startPos, Int32& endPos, Int32& outOrChars)
   at System.Xml.XmlTextReaderImpl.ParseText()
   at System.Xml.XmlTextReaderImpl.ParseElementContent()
   at System.Xml.XmlTextReaderImpl.Read()
   at System.Xml.XmlLoader.LoadNode(Boolean skipOverWhitespace)
   at System.Xml.XmlLoader.LoadDocSequence(XmlDocument parentDoc)
   at System.Xml.XmlLoader.Load(XmlDocument doc, XmlReader reader, Boolean preserveWhitespace)
   at System.Xml.XmlDocument.Load(XmlReader reader)
   at System.Xml.XmlDocument.Load(String filename)
   at DataAnalyzer.Support.FileManager.WriteInputMessage(InputMessages Message, String FileName) in D:\NEW LIVE PROJECT\Extrnal soures\Extrnal soures\DataAnalyzer\Support\FileManager.cs:line 1102

--------------------------------------------------------------------------------------------------------
08-30-2026 20:13:26
'.', hexadecimal value 0x00, is an invalid character. Line 69648, position 14.
   at System.Xml.XmlTextReaderImpl.Throw(Exception e)
   at System.Xml.XmlTextReaderImpl.Throw(String res, String[] args)
   at System.Xml.XmlTextReaderImpl.ParseText(Int32& startPos, Int32& endPos, Int32& outOrChars)
   at System.Xml.XmlTextReaderImpl.ParseText()
   at System.Xml.XmlTextReaderImpl.ParseElementContent()
   at System.Xml.XmlTextReaderImpl.Read()
   at System.Xml.XmlLoader.LoadNode(Boolean skipOverWhitespace)
   at System.Xml.XmlLoader.LoadDocSequence(XmlDocument parentDoc)
   at System.Xml.XmlLoader.Load(XmlDocument doc, XmlReader reader, Boolean preserveWhitespace)
   at System.Xml.XmlDocument.Load(XmlReader reader)
   at System.Xml.XmlDocument.Load(String filename)
   at DataAnalyzer.Support.FileManager.WriteInputMessage(InputMessages Message, String FileName) in D:\NEW LIVE PROJECT\Extrnal soures\Extrnal soures\DataAnalyzer\Support\FileManager.cs:line 1102

--------------------------------------------------------------------------------------------------------
08-30-2026 20:14:09
'.', hexadecimal value 0x00, is an invalid character. Line 69648, position 14.
   at System.Xml.XmlTextReaderImpl.Throw(Exception e)
   at System.Xml.XmlTextReaderImpl.Throw(String res, String[] args)
   at System.Xml.XmlTextReaderImpl.ParseText(Int32& startPos, Int32& endPos, Int32& outOrChars)
   at System.Xml.XmlTextReaderImpl.ParseText()
   at System.Xml.XmlTextReaderImpl.ParseElementContent()
   at System.Xml.XmlTextReaderImpl.Read()
   at System.Xml.XmlLoader.LoadNode(Boolean skipOverWhitespace)
   at System.Xml.XmlLoader.LoadDocSequence(XmlDocument parentDoc)
   at System.Xml.XmlLoader.Load(XmlDocument doc, XmlReader reader, Boolean preserveWhitespace)
   at System.Xml.XmlDocument.Load(XmlReader reader)
   at System.Xml.XmlDocument.Load(String filename)
   at DataAnalyzer.Support.FileManager.WriteInputMessage(InputMessages Message, String FileName) in D:\NEW LIVE PROJECT\Extrnal soures\Extrnal soures\DataAnalyzer\Support\FileManager.cs:line 1102

--------------------------------------------------------------------------------------------------------
08-30-2026 21:01:29
'.', hexadecimal value 0x00, is an invalid character. Line 69648, position 14.
   at System.Xml.XmlTextReaderImpl.Throw(Exception e)
   at System.Xml.XmlTextReaderImpl.Throw(String res, String[] args)
   at System.Xml.XmlTextReaderImpl.ParseText(Int32& startPos, Int32& endPos, Int32& outOrChars)
   at System.Xml.XmlTextReaderImpl.ParseText()
   at System.Xml.XmlTextReaderImpl.ParseElementContent()
   at System.Xml.XmlTextReaderImpl.Read()
   at System.Xml.XmlLoader.LoadNode(Boolean skipOverWhitespace)
   at System.Xml.XmlLoader.LoadDocSequence(XmlDocument parentDoc)
   at System.Xml.XmlLoader.Load(XmlDocument doc, XmlReader reader, Boolean preserveWhitespace)
   at System.Xml.XmlDocument.Load(XmlReader reader)
   at System.Xml.XmlDocument.Load(String filename)
   at DataAnalyzer.Support.FileManager.WriteInputMessage(InputMessages Message, String FileName) in D:\NEW LIVE PROJECT\Extrnal soures\Extrnal soures\DataAnalyzer\Support\FileManager.cs:line 1102

--------------------------------------------------------------------------------------------------------
08-30-2026 21:01:44
A network-related or instance-specific error occurred while establishing a connection to SQL Server. The server was not found or was not accessible. Verify that the instance name is correct and that SQL Server is configured to allow remote connections. (provider: TCP Provider, error: 0 - The wait operation timed out.)
   at System.Data.SqlClient.SqlInternalConnectionTds..ctor(DbConnectionPoolIdentity identity, SqlConnectionString connectionOptions, SqlCredential credential, Object providerInfo, String newPassword, SecureString newSecurePassword, Boolean redirectedUserInstance, SqlConnectionString userConnectionOptions, SessionData reconnectSessionData, DbConnectionPool pool, String accessToken, Boolean applyTransientFaultHandling, SqlAuthenticationProviderManager sqlAuthProviderManager)
   at System.Data.SqlClient.SqlConnectionFactory.CreateConnection(DbConnectionOptions options, DbConnectionPoolKey poolKey, Object poolGroupProviderInfo, DbConnectionPool pool, DbConnection owningConnection, DbConnectionOptions userOptions)
   at System.Data.ProviderBase.DbConnectionFactory.CreatePooledConnection(DbConnectionPool pool, DbConnection owningObject, DbConnectionOptions options, DbConnectionPoolKey poolKey, DbConnectionOptions userOptions)
   at System.Data.ProviderBase.DbConnectionPool.CreateObject(DbConnection owningObject, DbConnectionOptions userOptions, DbConnectionInternal oldConnection)
   at System.Data.ProviderBase.DbConnectionPool.UserCreateRequest(DbConnection owningObject, DbConnectionOptions userOptions, DbConnectionInternal oldConnection)
   at System.Data.ProviderBase.DbConnectionPool.TryGetConnection(DbConnection owningObject, UInt32 waitForMultipleObjectsTimeout, Boolean allowCreate, Boolean onlyOneCheckConnection, DbConnectionOptions userOptions, DbConnectionInternal& connection)
   at System.Data.ProviderBase.DbConnectionPool.TryGetConnection(DbConnection owningObject, TaskCompletionSource`1 retry, DbConnectionOptions userOptions, DbConnectionInternal& connection)
   at System.Data.ProviderBase.DbConnectionFactory.TryGetConnection(DbConnection owningConnection, TaskCompletionSource`1 retry, DbConnectionOptions userOptions, DbConnectionInternal oldConnection, DbConnectionInternal& connection)
   at System.Data.ProviderBase.DbConnectionInternal.TryOpenConnectionInternal(DbConnection outerConnection, DbConnectionFactory connectionFactory, TaskCompletionSource`1 retry, DbConnectionOptions userOptions)
   at System.Data.ProviderBase.DbConnectionClosed.TryOpenConnection(DbConnection outerConnection, DbConnectionFactory connectionFactory, TaskCompletionSource`1 retry, DbConnectionOptions userOptions)
   at System.Data.SqlClient.SqlConnection.TryOpenInner(TaskCompletionSource`1 retry)
   at System.Data.SqlClient.SqlConnection.TryOpen(TaskCompletionSource`1 retry)
   at System.Data.SqlClient.SqlConnection.Open()
   at DataAnalyzer.Support.Dataaccess.Machinemapping(String S2MachineID) in D:\NEW LIVE PROJECT\Extrnal soures\Extrnal soures\DataAnalyzer\Support\Dataaccess.cs:line 214

--------------------------------------------------------------------------------------------------------
08-30-2026 21:31:34
'.', hexadecimal value 0x00, is an invalid character. Line 69648, position 14.
   at System.Xml.XmlTextReaderImpl.Throw(Exception e)
   at System.Xml.XmlTextReaderImpl.Throw(String res, String[] args)
   at System.Xml.XmlTextReaderImpl.ParseText(Int32& startPos, Int32& endPos, Int32& outOrChars)
   at System.Xml.XmlTextReaderImpl.ParseText()
   at System.Xml.XmlTextReaderImpl.ParseElementContent()
   at System.Xml.XmlTextReaderImpl.Read()
   at System.Xml.XmlLoader.LoadNode(Boolean skipOverWhitespace)
   at System.Xml.XmlLoader.LoadDocSequence(XmlDocument parentDoc)
   at System.Xml.XmlLoader.Load(XmlDocument doc, XmlReader reader, Boolean preserveWhitespace)
   at System.Xml.XmlDocument.Load(XmlReader reader)
   at System.Xml.XmlDocument.Load(String filename)
   at DataAnalyzer.Support.FileManager.WriteInputMessage(InputMessages Message, String FileName) in D:\NEW LIVE PROJECT\Extrnal soures\Extrnal soures\DataAnalyzer\Support\FileManager.cs:line 1102

--------------------------------------------------------------------------------------------------------
08-30-2026 21:31:49
A network-related or instance-specific error occurred while establishing a connection to SQL Server. The server was not found or was not accessible. Verify that the instance name is correct and that SQL Server is configured to allow remote connections. (provider: TCP Provider, error: 0 - The wait operation timed out.)
   at System.Data.SqlClient.SqlInternalConnectionTds..ctor(DbConnectionPoolIdentity identity, SqlConnectionString connectionOptions, SqlCredential credential, Object providerInfo, String newPassword, SecureString newSecurePassword, Boolean redirectedUserInstance, SqlConnectionString userConnectionOptions, SessionData reconnectSessionData, DbConnectionPool pool, String accessToken, Boolean applyTransientFaultHandling, SqlAuthenticationProviderManager sqlAuthProviderManager)
   at System.Data.SqlClient.SqlConnectionFactory.CreateConnection(DbConnectionOptions options, DbConnectionPoolKey poolKey, Object poolGroupProviderInfo, DbConnectionPool pool, DbConnection owningConnection, DbConnectionOptions userOptions)
   at System.Data.ProviderBase.DbConnectionFactory.CreatePooledConnection(DbConnectionPool pool, DbConnection owningObject, DbConnectionOptions options, DbConnectionPoolKey poolKey, DbConnectionOptions userOptions)
   at System.Data.ProviderBase.DbConnectionPool.CreateObject(DbConnection owningObject, DbConnectionOptions userOptions, DbConnectionInternal oldConnection)
   at System.Data.ProviderBase.DbConnectionPool.UserCreateRequest(DbConnection owningObject, DbConnectionOptions userOptions, DbConnectionInternal oldConnection)
   at System.Data.ProviderBase.DbConnectionPool.TryGetConnection(DbConnection owningObject, UInt32 waitForMultipleObjectsTimeout, Boolean allowCreate, Boolean onlyOneCheckConnection, DbConnectionOptions userOptions, DbConnectionInternal& connection)
   at System.Data.ProviderBase.DbConnectionPool.TryGetConnection(DbConnection owningObject, TaskCompletionSource`1 retry, DbConnectionOptions userOptions, DbConnectionInternal& connection)
   at System.Data.ProviderBase.DbConnectionFactory.TryGetConnection(DbConnection owningConnection, TaskCompletionSource`1 retry, DbConnectionOptions userOptions, DbConnectionInternal oldConnection, DbConnectionInternal& connection)
   at System.Data.ProviderBase.DbConnectionInternal.TryOpenConnectionInternal(DbConnection outerConnection, DbConnectionFactory connectionFactory, TaskCompletionSource`1 retry, DbConnectionOptions userOptions)
   at System.Data.ProviderBase.DbConnectionClosed.TryOpenConnection(DbConnection outerConnection, DbConnectionFactory connectionFactory, TaskCompletionSource`1 retry, DbConnectionOptions userOptions)
   at System.Data.SqlClient.SqlConnection.TryOpenInner(TaskCompletionSource`1 retry)
   at System.Data.SqlClient.SqlConnection.TryOpen(TaskCompletionSource`1 retry)
   at System.Data.SqlClient.SqlConnection.Open()
   at DataAnalyzer.Support.Dataaccess.Machinemapping(String S2MachineID) in D:\NEW LIVE PROJECT\Extrnal soures\Extrnal soures\DataAnalyzer\Support\Dataaccess.cs:line 214

--------------------------------------------------------------------------------------------------------
08-30-2026 21:34:33
'.', hexadecimal value 0x00, is an invalid character. Line 69648, position 14.
   at System.Xml.XmlTextReaderImpl.Throw(Exception e)
   at System.Xml.XmlTextReaderImpl.Throw(String res, String[] args)
   at System.Xml.XmlTextReaderImpl.ParseText(Int32& startPos, Int32& endPos, Int32& outOrChars)
   at System.Xml.XmlTextReaderImpl.ParseText()
   at System.Xml.XmlTextReaderImpl.ParseElementContent()
   at System.Xml.XmlTextReaderImpl.Read()
   at System.Xml.XmlLoader.LoadNode(Boolean skipOverWhitespace)
   at System.Xml.XmlLoader.LoadDocSequence(XmlDocument parentDoc)
   at System.Xml.XmlLoader.Load(XmlDocument doc, XmlReader reader, Boolean preserveWhitespace)
   at System.Xml.XmlDocument.Load(XmlReader reader)
   at System.Xml.XmlDocument.Load(String filename)
   at DataAnalyzer.Support.FileManager.WriteInputMessage(InputMessages Message, String FileName) in D:\NEW LIVE PROJECT\Extrnal soures\Extrnal soures\DataAnalyzer\Support\FileManager.cs:line 1102

--------------------------------------------------------------------------------------------------------
08-30-2026 21:34:48
A network-related or instance-specific error occurred while establishing a connection to SQL Server. The server was not found or was not accessible. Verify that the instance name is correct and that SQL Server is configured to allow remote connections. (provider: TCP Provider, error: 0 - The wait operation timed out.)
   at System.Data.SqlClient.SqlInternalConnectionTds..ctor(DbConnectionPoolIdentity identity, SqlConnectionString connectionOptions, SqlCredential credential, Object providerInfo, String newPassword, SecureString newSecurePassword, Boolean redirectedUserInstance, SqlConnectionString userConnectionOptions, SessionData reconnectSessionData, DbConnectionPool pool, String accessToken, Boolean applyTransientFaultHandling, SqlAuthenticationProviderManager sqlAuthProviderManager)
   at System.Data.SqlClient.SqlConnectionFactory.CreateConnection(DbConnectionOptions options, DbConnectionPoolKey poolKey, Object poolGroupProviderInfo, DbConnectionPool pool, DbConnection owningConnection, DbConnectionOptions userOptions)
   at System.Data.ProviderBase.DbConnectionFactory.CreatePooledConnection(DbConnectionPool pool, DbConnection owningObject, DbConnectionOptions options, DbConnectionPoolKey poolKey, DbConnectionOptions userOptions)
   at System.Data.ProviderBase.DbConnectionPool.CreateObject(DbConnection owningObject, DbConnectionOptions userOptions, DbConnectionInternal oldConnection)
   at System.Data.ProviderBase.DbConnectionPool.UserCreateRequest(DbConnection owningObject, DbConnectionOptions userOptions, DbConnectionInternal oldConnection)
   at System.Data.ProviderBase.DbConnectionPool.TryGetConnection(DbConnection owningObject, UInt32 waitForMultipleObjectsTimeout, Boolean allowCreate, Boolean onlyOneCheckConnection, DbConnectionOptions userOptions, DbConnectionInternal& connection)
   at System.Data.ProviderBase.DbConnectionPool.TryGetConnection(DbConnection owningObject, TaskCompletionSource`1 retry, DbConnectionOptions userOptions, DbConnectionInternal& connection)
   at System.Data.ProviderBase.DbConnectionFactory.TryGetConnection(DbConnection owningConnection, TaskCompletionSource`1 retry, DbConnectionOptions userOptions, DbConnectionInternal oldConnection, DbConnectionInternal& connection)
   at System.Data.ProviderBase.DbConnectionInternal.TryOpenConnectionInternal(DbConnection outerConnection, DbConnectionFactory connectionFactory, TaskCompletionSource`1 retry, DbConnectionOptions userOptions)
   at System.Data.ProviderBase.DbConnectionClosed.TryOpenConnection(DbConnection outerConnection, DbConnectionFactory connectionFactory, TaskCompletionSource`1 retry, DbConnectionOptions userOptions)
   at System.Data.SqlClient.SqlConnection.TryOpenInner(TaskCompletionSource`1 retry)
   at System.Data.SqlClient.SqlConnection.TryOpen(TaskCompletionSource`1 retry)
   at System.Data.SqlClient.SqlConnection.Open()
   at DataAnalyzer.Support.Dataaccess.Machinemapping(String S2MachineID) in D:\NEW LIVE PROJECT\Extrnal soures\Extrnal soures\DataAnalyzer\Support\Dataaccess.cs:line 214

--------------------------------------------------------------------------------------------------------
08-30-2026 21:37:07
'.', hexadecimal value 0x00, is an invalid character. Line 69648, position 14.
   at System.Xml.XmlTextReaderImpl.Throw(Exception e)
   at System.Xml.XmlTextReaderImpl.Throw(String res, String[] args)
   at System.Xml.XmlTextReaderImpl.ParseText(Int32& startPos, Int32& endPos, Int32& outOrChars)
   at System.Xml.XmlTextReaderImpl.ParseText()
   at System.Xml.XmlTextReaderImpl.ParseElementContent()
   at System.Xml.XmlTextReaderImpl.Read()
   at System.Xml.XmlLoader.LoadNode(Boolean skipOverWhitespace)
   at System.Xml.XmlLoader.LoadDocSequence(XmlDocument parentDoc)
   at System.Xml.XmlLoader.Load(XmlDocument doc, XmlReader reader, Boolean preserveWhitespace)
   at System.Xml.XmlDocument.Load(XmlReader reader)
   at System.Xml.XmlDocument.Load(String filename)
   at DataAnalyzer.Support.FileManager.WriteInputMessage(InputMessages Message, String FileName) in D:\NEW LIVE PROJECT\Extrnal soures\Extrnal soures\DataAnalyzer\Support\FileManager.cs:line 1102

--------------------------------------------------------------------------------------------------------
08-30-2026 21:38:15
'.', hexadecimal value 0x00, is an invalid character. Line 69648, position 14.
   at System.Xml.XmlTextReaderImpl.Throw(Exception e)
   at System.Xml.XmlTextReaderImpl.Throw(String res, String[] args)
   at System.Xml.XmlTextReaderImpl.ParseText(Int32& startPos, Int32& endPos, Int32& outOrChars)
   at System.Xml.XmlTextReaderImpl.ParseText()
   at System.Xml.XmlTextReaderImpl.ParseElementContent()
   at System.Xml.XmlTextReaderImpl.Read()
   at System.Xml.XmlLoader.LoadNode(Boolean skipOverWhitespace)
   at System.Xml.XmlLoader.LoadDocSequence(XmlDocument parentDoc)
   at System.Xml.XmlLoader.Load(XmlDocument doc, XmlReader reader, Boolean preserveWhitespace)
   at System.Xml.XmlDocument.Load(XmlReader reader)
   at System.Xml.XmlDocument.Load(String filename)
   at DataAnalyzer.Support.FileManager.WriteInputMessage(InputMessages Message, String FileName) in D:\NEW LIVE PROJECT\Extrnal soures\Extrnal soures\DataAnalyzer\Support\FileManager.cs:line 1102

--------------------------------------------------------------------------------------------------------
08-30-2026 21:45:14
'.', hexadecimal value 0x00, is an invalid character. Line 69648, position 14.
   at System.Xml.XmlTextReaderImpl.Throw(Exception e)
   at System.Xml.XmlTextReaderImpl.Throw(String res, String[] args)
   at System.Xml.XmlTextReaderImpl.ParseText(Int32& startPos, Int32& endPos, Int32& outOrChars)
   at System.Xml.XmlTextReaderImpl.ParseText()
   at System.Xml.XmlTextReaderImpl.ParseElementContent()
   at System.Xml.XmlTextReaderImpl.Read()
   at System.Xml.XmlLoader.LoadNode(Boolean skipOverWhitespace)
   at System.Xml.XmlLoader.LoadDocSequence(XmlDocument parentDoc)
   at System.Xml.XmlLoader.Load(XmlDocument doc, XmlReader reader, Boolean preserveWhitespace)
   at System.Xml.XmlDocument.Load(XmlReader reader)
   at System.Xml.XmlDocument.Load(String filename)
   at DataAnalyzer.Support.FileManager.WriteInputMessage(InputMessages Message, String FileName) in D:\NEW LIVE PROJECT\Extrnal soures\Extrnal soures\DataAnalyzer\Support\FileManager.cs:line 1102

