--------------------------------------------------------------------------------------------------------
08-29-2026 03:22:57
'.', hexadecimal value 0x00, is an invalid character. Line 69648, position 14.
   at System.Xml.XmlTextReaderImpl.Throw(Exception e)
   at System.Xml.XmlTextReaderImpl.Throw(String res, String[] args)
   at System.Xml.XmlTextReaderImpl.ParseText(Int32& startPos, Int32& endPos, Int32& outOrChars)
   at System.Xml.XmlTextReaderImpl.ParseText()
   at System.Xml.XmlTextReaderImpl.ParseElementContent()
   at System.Xml.XmlTextReaderImpl.Read()
   at System.Xml.XmlLoader.LoadNode(Boolean skipOverWhitespace)
   at System.Xml.XmlLoader.LoadDocSequence(XmlDocument parentDoc)
   at System.Xml.XmlLoader.Load(XmlDocument doc, XmlReader reader, Boolean preserveWhitespace)
   at System.Xml.XmlDocument.Load(XmlReader reader)
   at System.Xml.XmlDocument.Load(String filename)
   at DataAnalyzer.Support.FileManager.WriteInputMessage(InputMessages Message, String FileName) in D:\NEW LIVE PROJECT\Extrnal soures\Extrnal soures\DataAnalyzer\Support\FileManager.cs:line 1102

--------------------------------------------------------------------------------------------------------
08-29-2026 03:24:05
'.', hexadecimal value 0x00, is an invalid character. Line 69648, position 14.
   at System.Xml.XmlTextReaderImpl.Throw(Exception e)
   at System.Xml.XmlTextReaderImpl.Throw(String res, String[] args)
   at System.Xml.XmlTextReaderImpl.ParseText(Int32& startPos, Int32& endPos, Int32& outOrChars)
   at System.Xml.XmlTextReaderImpl.ParseText()
   at System.Xml.XmlTextReaderImpl.ParseElementContent()
   at System.Xml.XmlTextReaderImpl.Read()
   at System.Xml.XmlLoader.LoadNode(Boolean skipOverWhitespace)
   at System.Xml.XmlLoader.LoadDocSequence(XmlDocument parentDoc)
   at System.Xml.XmlLoader.Load(XmlDocument doc, XmlReader reader, Boolean preserveWhitespace)
   at System.Xml.XmlDocument.Load(XmlReader reader)
   at System.Xml.XmlDocument.Load(String filename)
   at DataAnalyzer.Support.FileManager.WriteInputMessage(InputMessages Message, String FileName) in D:\NEW LIVE PROJECT\Extrnal soures\Extrnal soures\DataAnalyzer\Support\FileManager.cs:line 1102

--------------------------------------------------------------------------------------------------------
08-29-2026 03:25:13
'.', hexadecimal value 0x00, is an invalid character. Line 69648, position 14.
   at System.Xml.XmlTextReaderImpl.Throw(Exception e)
   at System.Xml.XmlTextReaderImpl.Throw(String res, String[] args)
   at System.Xml.XmlTextReaderImpl.ParseText(Int32& startPos, Int32& endPos, Int32& outOrChars)
   at System.Xml.XmlTextReaderImpl.ParseText()
   at System.Xml.XmlTextReaderImpl.ParseElementContent()
   at System.Xml.XmlTextReaderImpl.Read()
   at System.Xml.XmlLoader.LoadNode(Boolean skipOverWhitespace)
   at System.Xml.XmlLoader.LoadDocSequence(XmlDocument parentDoc)
   at System.Xml.XmlLoader.Load(XmlDocument doc, XmlReader reader, Boolean preserveWhitespace)
   at System.Xml.XmlDocument.Load(XmlReader reader)
   at System.Xml.XmlDocument.Load(String filename)
   at DataAnalyzer.Support.FileManager.WriteInputMessage(InputMessages Message, String FileName) in D:\NEW LIVE PROJECT\Extrnal soures\Extrnal soures\DataAnalyzer\Support\FileManager.cs:line 1102

--------------------------------------------------------------------------------------------------------
08-29-2026 03:26:22
'.', hexadecimal value 0x00, is an invalid character. Line 69648, position 14.
   at System.Xml.XmlTextReaderImpl.Throw(Exception e)
   at System.Xml.XmlTextReaderImpl.Throw(String res, String[] args)
   at System.Xml.XmlTextReaderImpl.ParseText(Int32& startPos, Int32& endPos, Int32& outOrChars)
   at System.Xml.XmlTextReaderImpl.ParseText()
   at System.Xml.XmlTextReaderImpl.ParseElementContent()
   at System.Xml.XmlTextReaderImpl.Read()
   at System.Xml.XmlLoader.LoadNode(Boolean skipOverWhitespace)
   at System.Xml.XmlLoader.LoadDocSequence(XmlDocument parentDoc)
   at System.Xml.XmlLoader.Load(XmlDocument doc, XmlReader reader, Boolean preserveWhitespace)
   at System.Xml.XmlDocument.Load(XmlReader reader)
   at System.Xml.XmlDocument.Load(String filename)
   at DataAnalyzer.Support.FileManager.WriteInputMessage(InputMessages Message, String FileName) in D:\NEW LIVE PROJECT\Extrnal soures\Extrnal soures\DataAnalyzer\Support\FileManager.cs:line 1102

--------------------------------------------------------------------------------------------------------
08-29-2026 04:26:13
'.', hexadecimal value 0x00, is an invalid character. Line 69648, position 14.
   at System.Xml.XmlTextReaderImpl.Throw(Exception e)
   at System.Xml.XmlTextReaderImpl.Throw(String res, String[] args)
   at System.Xml.XmlTextReaderImpl.ParseText(Int32& startPos, Int32& endPos, Int32& outOrChars)
   at System.Xml.XmlTextReaderImpl.ParseText()
   at System.Xml.XmlTextReaderImpl.ParseElementContent()
   at System.Xml.XmlTextReaderImpl.Read()
   at System.Xml.XmlLoader.LoadNode(Boolean skipOverWhitespace)
   at System.Xml.XmlLoader.LoadDocSequence(XmlDocument parentDoc)
   at System.Xml.XmlLoader.Load(XmlDocument doc, XmlReader reader, Boolean preserveWhitespace)
   at System.Xml.XmlDocument.Load(XmlReader reader)
   at System.Xml.XmlDocument.Load(String filename)
   at DataAnalyzer.Support.FileManager.WriteInputMessage(InputMessages Message, String FileName) in D:\NEW LIVE PROJECT\Extrnal soures\Extrnal soures\DataAnalyzer\Support\FileManager.cs:line 1102

--------------------------------------------------------------------------------------------------------
08-29-2026 04:26:22
'.', hexadecimal value 0x00, is an invalid character. Line 69648, position 14.
   at System.Xml.XmlTextReaderImpl.Throw(Exception e)
   at System.Xml.XmlTextReaderImpl.Throw(String res, String[] args)
   at System.Xml.XmlTextReaderImpl.ParseText(Int32& startPos, Int32& endPos, Int32& outOrChars)
   at System.Xml.XmlTextReaderImpl.ParseText()
   at System.Xml.XmlTextReaderImpl.ParseElementContent()
   at System.Xml.XmlTextReaderImpl.Read()
   at System.Xml.XmlLoader.LoadNode(Boolean skipOverWhitespace)
   at System.Xml.XmlLoader.LoadDocSequence(XmlDocument parentDoc)
   at System.Xml.XmlLoader.Load(XmlDocument doc, XmlReader reader, Boolean preserveWhitespace)
   at System.Xml.XmlDocument.Load(XmlReader reader)
   at System.Xml.XmlDocument.Load(String filename)
   at DataAnalyzer.Support.FileManager.WriteInputMessage(InputMessages Message, String FileName) in D:\NEW LIVE PROJECT\Extrnal soures\Extrnal soures\DataAnalyzer\Support\FileManager.cs:line 1102

--------------------------------------------------------------------------------------------------------
08-29-2026 04:26:48
'.', hexadecimal value 0x00, is an invalid character. Line 69648, position 14.
   at System.Xml.XmlTextReaderImpl.Throw(Exception e)
   at System.Xml.XmlTextReaderImpl.Throw(String res, String[] args)
   at System.Xml.XmlTextReaderImpl.ParseText(Int32& startPos, Int32& endPos, Int32& outOrChars)
   at System.Xml.XmlTextReaderImpl.ParseText()
   at System.Xml.XmlTextReaderImpl.ParseElementContent()
   at System.Xml.XmlTextReaderImpl.Read()
   at System.Xml.XmlLoader.LoadNode(Boolean skipOverWhitespace)
   at System.Xml.XmlLoader.LoadDocSequence(XmlDocument parentDoc)
   at System.Xml.XmlLoader.Load(XmlDocument doc, XmlReader reader, Boolean preserveWhitespace)
   at System.Xml.XmlDocument.Load(XmlReader reader)
   at System.Xml.XmlDocument.Load(String filename)
   at DataAnalyzer.Support.FileManager.WriteInputMessage(InputMessages Message, String FileName) in D:\NEW LIVE PROJECT\Extrnal soures\Extrnal soures\DataAnalyzer\Support\FileManager.cs:line 1102

--------------------------------------------------------------------------------------------------------
08-29-2026 04:27:22
'.', hexadecimal value 0x00, is an invalid character. Line 69648, position 14.
   at System.Xml.XmlTextReaderImpl.Throw(Exception e)
   at System.Xml.XmlTextReaderImpl.Throw(String res, String[] args)
   at System.Xml.XmlTextReaderImpl.ParseText(Int32& startPos, Int32& endPos, Int32& outOrChars)
   at System.Xml.XmlTextReaderImpl.ParseText()
   at System.Xml.XmlTextReaderImpl.ParseElementContent()
   at System.Xml.XmlTextReaderImpl.Read()
   at System.Xml.XmlLoader.LoadNode(Boolean skipOverWhitespace)
   at System.Xml.XmlLoader.LoadDocSequence(XmlDocument parentDoc)
   at System.Xml.XmlLoader.Load(XmlDocument doc, XmlReader reader, Boolean preserveWhitespace)
   at System.Xml.XmlDocument.Load(XmlReader reader)
   at System.Xml.XmlDocument.Load(String filename)
   at DataAnalyzer.Support.FileManager.WriteInputMessage(InputMessages Message, String FileName) in D:\NEW LIVE PROJECT\Extrnal soures\Extrnal soures\DataAnalyzer\Support\FileManager.cs:line 1102

--------------------------------------------------------------------------------------------------------
08-29-2026 04:28:56
'.', hexadecimal value 0x00, is an invalid character. Line 69648, position 14.
   at System.Xml.XmlTextReaderImpl.Throw(Exception e)
   at System.Xml.XmlTextReaderImpl.Throw(String res, String[] args)
   at System.Xml.XmlTextReaderImpl.ParseText(Int32& startPos, Int32& endPos, Int32& outOrChars)
   at System.Xml.XmlTextReaderImpl.ParseText()
   at System.Xml.XmlTextReaderImpl.ParseElementContent()
   at System.Xml.XmlTextReaderImpl.Read()
   at System.Xml.XmlLoader.LoadNode(Boolean skipOverWhitespace)
   at System.Xml.XmlLoader.LoadDocSequence(XmlDocument parentDoc)
   at System.Xml.XmlLoader.Load(XmlDocument doc, XmlReader reader, Boolean preserveWhitespace)
   at System.Xml.XmlDocument.Load(XmlReader reader)
   at System.Xml.XmlDocument.Load(String filename)
   at DataAnalyzer.Support.FileManager.WriteInputMessage(InputMessages Message, String FileName) in D:\NEW LIVE PROJECT\Extrnal soures\Extrnal soures\DataAnalyzer\Support\FileManager.cs:line 1102

--------------------------------------------------------------------------------------------------------
08-29-2026 04:30:21
'.', hexadecimal value 0x00, is an invalid character. Line 69648, position 14.
   at System.Xml.XmlTextReaderImpl.Throw(Exception e)
   at System.Xml.XmlTextReaderImpl.Throw(String res, String[] args)
   at System.Xml.XmlTextReaderImpl.ParseText(Int32& startPos, Int32& endPos, Int32& outOrChars)
   at System.Xml.XmlTextReaderImpl.ParseText()
   at System.Xml.XmlTextReaderImpl.ParseElementContent()
   at System.Xml.XmlTextReaderImpl.Read()
   at System.Xml.XmlLoader.LoadNode(Boolean skipOverWhitespace)
   at System.Xml.XmlLoader.LoadDocSequence(XmlDocument parentDoc)
   at System.Xml.XmlLoader.Load(XmlDocument doc, XmlReader reader, Boolean preserveWhitespace)
   at System.Xml.XmlDocument.Load(XmlReader reader)
   at System.Xml.XmlDocument.Load(String filename)
   at DataAnalyzer.Support.FileManager.WriteInputMessage(InputMessages Message, String FileName) in D:\NEW LIVE PROJECT\Extrnal soures\Extrnal soures\DataAnalyzer\Support\FileManager.cs:line 1102

--------------------------------------------------------------------------------------------------------
08-29-2026 04:31:30
'.', hexadecimal value 0x00, is an invalid character. Line 69648, position 14.
   at System.Xml.XmlTextReaderImpl.Throw(Exception e)
   at System.Xml.XmlTextReaderImpl.Throw(String res, String[] args)
   at System.Xml.XmlTextReaderImpl.ParseText(Int32& startPos, Int32& endPos, Int32& outOrChars)
   at System.Xml.XmlTextReaderImpl.ParseText()
   at System.Xml.XmlTextReaderImpl.ParseElementContent()
   at System.Xml.XmlTextReaderImpl.Read()
   at System.Xml.XmlLoader.LoadNode(Boolean skipOverWhitespace)
   at System.Xml.XmlLoader.LoadDocSequence(XmlDocument parentDoc)
   at System.Xml.XmlLoader.Load(XmlDocument doc, XmlReader reader, Boolean preserveWhitespace)
   at System.Xml.XmlDocument.Load(XmlReader reader)
   at System.Xml.XmlDocument.Load(String filename)
   at DataAnalyzer.Support.FileManager.WriteInputMessage(InputMessages Message, String FileName) in D:\NEW LIVE PROJECT\Extrnal soures\Extrnal soures\DataAnalyzer\Support\FileManager.cs:line 1102

--------------------------------------------------------------------------------------------------------
08-29-2026 04:31:47
'.', hexadecimal value 0x00, is an invalid character. Line 69648, position 14.
   at System.Xml.XmlTextReaderImpl.Throw(Exception e)
   at System.Xml.XmlTextReaderImpl.Throw(String res, String[] args)
   at System.Xml.XmlTextReaderImpl.ParseText(Int32& startPos, Int32& endPos, Int32& outOrChars)
   at System.Xml.XmlTextReaderImpl.ParseText()
   at System.Xml.XmlTextReaderImpl.ParseElementContent()
   at System.Xml.XmlTextReaderImpl.Read()
   at System.Xml.XmlLoader.LoadNode(Boolean skipOverWhitespace)
   at System.Xml.XmlLoader.LoadDocSequence(XmlDocument parentDoc)
   at System.Xml.XmlLoader.Load(XmlDocument doc, XmlReader reader, Boolean preserveWhitespace)
   at System.Xml.XmlDocument.Load(XmlReader reader)
   at System.Xml.XmlDocument.Load(String filename)
   at DataAnalyzer.Support.FileManager.WriteInputMessage(InputMessages Message, String FileName) in D:\NEW LIVE PROJECT\Extrnal soures\Extrnal soures\DataAnalyzer\Support\FileManager.cs:line 1102

--------------------------------------------------------------------------------------------------------
08-29-2026 04:32:04
'.', hexadecimal value 0x00, is an invalid character. Line 69648, position 14.
   at System.Xml.XmlTextReaderImpl.Throw(Exception e)
   at System.Xml.XmlTextReaderImpl.Throw(String res, String[] args)
   at System.Xml.XmlTextReaderImpl.ParseText(Int32& startPos, Int32& endPos, Int32& outOrChars)
   at System.Xml.XmlTextReaderImpl.ParseText()
   at System.Xml.XmlTextReaderImpl.ParseElementContent()
   at System.Xml.XmlTextReaderImpl.Read()
   at System.Xml.XmlLoader.LoadNode(Boolean skipOverWhitespace)
   at System.Xml.XmlLoader.LoadDocSequence(XmlDocument parentDoc)
   at System.Xml.XmlLoader.Load(XmlDocument doc, XmlReader reader, Boolean preserveWhitespace)
   at System.Xml.XmlDocument.Load(XmlReader reader)
   at System.Xml.XmlDocument.Load(String filename)
   at DataAnalyzer.Support.FileManager.WriteInputMessage(InputMessages Message, String FileName) in D:\NEW LIVE PROJECT\Extrnal soures\Extrnal soures\DataAnalyzer\Support\FileManager.cs:line 1102

--------------------------------------------------------------------------------------------------------
08-29-2026 04:36:12
'.', hexadecimal value 0x00, is an invalid character. Line 69648, position 14.
   at System.Xml.XmlTextReaderImpl.Throw(Exception e)
   at System.Xml.XmlTextReaderImpl.Throw(String res, String[] args)
   at System.Xml.XmlTextReaderImpl.ParseText(Int32& startPos, Int32& endPos, Int32& outOrChars)
   at System.Xml.XmlTextReaderImpl.ParseText()
   at System.Xml.XmlTextReaderImpl.ParseElementContent()
   at System.Xml.XmlTextReaderImpl.Read()
   at System.Xml.XmlLoader.LoadNode(Boolean skipOverWhitespace)
   at System.Xml.XmlLoader.LoadDocSequence(XmlDocument parentDoc)
   at System.Xml.XmlLoader.Load(XmlDocument doc, XmlReader reader, Boolean preserveWhitespace)
   at System.Xml.XmlDocument.Load(XmlReader reader)
   at System.Xml.XmlDocument.Load(String filename)
   at DataAnalyzer.Support.FileManager.WriteInputMessage(InputMessages Message, String FileName) in D:\NEW LIVE PROJECT\Extrnal soures\Extrnal soures\DataAnalyzer\Support\FileManager.cs:line 1102

--------------------------------------------------------------------------------------------------------
08-29-2026 04:36:29
'.', hexadecimal value 0x00, is an invalid character. Line 69648, position 14.
   at System.Xml.XmlTextReaderImpl.Throw(Exception e)
   at System.Xml.XmlTextReaderImpl.Throw(String res, String[] args)
   at System.Xml.XmlTextReaderImpl.ParseText(Int32& startPos, Int32& endPos, Int32& outOrChars)
   at System.Xml.XmlTextReaderImpl.ParseText()
   at System.Xml.XmlTextReaderImpl.ParseElementContent()
   at System.Xml.XmlTextReaderImpl.Read()
   at System.Xml.XmlLoader.LoadNode(Boolean skipOverWhitespace)
   at System.Xml.XmlLoader.LoadDocSequence(XmlDocument parentDoc)
   at System.Xml.XmlLoader.Load(XmlDocument doc, XmlReader reader, Boolean preserveWhitespace)
   at System.Xml.XmlDocument.Load(XmlReader reader)
   at System.Xml.XmlDocument.Load(String filename)
   at DataAnalyzer.Support.FileManager.WriteInputMessage(InputMessages Message, String FileName) in D:\NEW LIVE PROJECT\Extrnal soures\Extrnal soures\DataAnalyzer\Support\FileManager.cs:line 1102

--------------------------------------------------------------------------------------------------------
08-29-2026 04:37:03
'.', hexadecimal value 0x00, is an invalid character. Line 69648, position 14.
   at System.Xml.XmlTextReaderImpl.Throw(Exception e)
   at System.Xml.XmlTextReaderImpl.Throw(String res, String[] args)
   at System.Xml.XmlTextReaderImpl.ParseText(Int32& startPos, Int32& endPos, Int32& outOrChars)
   at System.Xml.XmlTextReaderImpl.ParseText()
   at System.Xml.XmlTextReaderImpl.ParseElementContent()
   at System.Xml.XmlTextReaderImpl.Read()
   at System.Xml.XmlLoader.LoadNode(Boolean skipOverWhitespace)
   at System.Xml.XmlLoader.LoadDocSequence(XmlDocument parentDoc)
   at System.Xml.XmlLoader.Load(XmlDocument doc, XmlReader reader, Boolean preserveWhitespace)
   at System.Xml.XmlDocument.Load(XmlReader reader)
   at System.Xml.XmlDocument.Load(String filename)
   at DataAnalyzer.Support.FileManager.WriteInputMessage(InputMessages Message, String FileName) in D:\NEW LIVE PROJECT\Extrnal soures\Extrnal soures\DataAnalyzer\Support\FileManager.cs:line 1102

--------------------------------------------------------------------------------------------------------
08-29-2026 04:49:19
'.', hexadecimal value 0x00, is an invalid character. Line 69648, position 14.
   at System.Xml.XmlTextReaderImpl.Throw(Exception e)
   at System.Xml.XmlTextReaderImpl.Throw(String res, String[] args)
   at System.Xml.XmlTextReaderImpl.ParseText(Int32& startPos, Int32& endPos, Int32& outOrChars)
   at System.Xml.XmlTextReaderImpl.ParseText()
   at System.Xml.XmlTextReaderImpl.ParseElementContent()
   at System.Xml.XmlTextReaderImpl.Read()
   at System.Xml.XmlLoader.LoadNode(Boolean skipOverWhitespace)
   at System.Xml.XmlLoader.LoadDocSequence(XmlDocument parentDoc)
   at System.Xml.XmlLoader.Load(XmlDocument doc, XmlReader reader, Boolean preserveWhitespace)
   at System.Xml.XmlDocument.Load(XmlReader reader)
   at System.Xml.XmlDocument.Load(String filename)
   at DataAnalyzer.Support.FileManager.WriteInputMessage(InputMessages Message, String FileName) in D:\NEW LIVE PROJECT\Extrnal soures\Extrnal soures\DataAnalyzer\Support\FileManager.cs:line 1102

--------------------------------------------------------------------------------------------------------
08-29-2026 04:51:27
'.', hexadecimal value 0x00, is an invalid character. Line 69648, position 14.
   at System.Xml.XmlTextReaderImpl.Throw(Exception e)
   at System.Xml.XmlTextReaderImpl.Throw(String res, String[] args)
   at System.Xml.XmlTextReaderImpl.ParseText(Int32& startPos, Int32& endPos, Int32& outOrChars)
   at System.Xml.XmlTextReaderImpl.ParseText()
   at System.Xml.XmlTextReaderImpl.ParseElementContent()
   at System.Xml.XmlTextReaderImpl.Read()
   at System.Xml.XmlLoader.LoadNode(Boolean skipOverWhitespace)
   at System.Xml.XmlLoader.LoadDocSequence(XmlDocument parentDoc)
   at System.Xml.XmlLoader.Load(XmlDocument doc, XmlReader reader, Boolean preserveWhitespace)
   at System.Xml.XmlDocument.Load(XmlReader reader)
   at System.Xml.XmlDocument.Load(String filename)
   at DataAnalyzer.Support.FileManager.WriteInputMessage(InputMessages Message, String FileName) in D:\NEW LIVE PROJECT\Extrnal soures\Extrnal soures\DataAnalyzer\Support\FileManager.cs:line 1102

--------------------------------------------------------------------------------------------------------
08-29-2026 04:53:35
'.', hexadecimal value 0x00, is an invalid character. Line 69648, position 14.
   at System.Xml.XmlTextReaderImpl.Throw(Exception e)
   at System.Xml.XmlTextReaderImpl.Throw(String res, String[] args)
   at System.Xml.XmlTextReaderImpl.ParseText(Int32& startPos, Int32& endPos, Int32& outOrChars)
   at System.Xml.XmlTextReaderImpl.ParseText()
   at System.Xml.XmlTextReaderImpl.ParseElementContent()
   at System.Xml.XmlTextReaderImpl.Read()
   at System.Xml.XmlLoader.LoadNode(Boolean skipOverWhitespace)
   at System.Xml.XmlLoader.LoadDocSequence(XmlDocument parentDoc)
   at System.Xml.XmlLoader.Load(XmlDocument doc, XmlReader reader, Boolean preserveWhitespace)
   at System.Xml.XmlDocument.Load(XmlReader reader)
   at System.Xml.XmlDocument.Load(String filename)
   at DataAnalyzer.Support.FileManager.WriteInputMessage(InputMessages Message, String FileName) in D:\NEW LIVE PROJECT\Extrnal soures\Extrnal soures\DataAnalyzer\Support\FileManager.cs:line 1102

--------------------------------------------------------------------------------------------------------
08-29-2026 05:15:07
'.', hexadecimal value 0x00, is an invalid character. Line 69648, position 14.
   at System.Xml.XmlTextReaderImpl.Throw(Exception e)
   at System.Xml.XmlTextReaderImpl.Throw(String res, String[] args)
   at System.Xml.XmlTextReaderImpl.ParseText(Int32& startPos, Int32& endPos, Int32& outOrChars)
   at System.Xml.XmlTextReaderImpl.ParseText()
   at System.Xml.XmlTextReaderImpl.ParseElementContent()
   at System.Xml.XmlTextReaderImpl.Read()
   at System.Xml.XmlLoader.LoadNode(Boolean skipOverWhitespace)
   at System.Xml.XmlLoader.LoadDocSequence(XmlDocument parentDoc)
   at System.Xml.XmlLoader.Load(XmlDocument doc, XmlReader reader, Boolean preserveWhitespace)
   at System.Xml.XmlDocument.Load(XmlReader reader)
   at System.Xml.XmlDocument.Load(String filename)
   at DataAnalyzer.Support.FileManager.WriteInputMessage(InputMessages Message, String FileName) in D:\NEW LIVE PROJECT\Extrnal soures\Extrnal soures\DataAnalyzer\Support\FileManager.cs:line 1102

--------------------------------------------------------------------------------------------------------
08-29-2026 05:17:15
'.', hexadecimal value 0x00, is an invalid character. Line 69648, position 14.
   at System.Xml.XmlTextReaderImpl.Throw(Exception e)
   at System.Xml.XmlTextReaderImpl.Throw(String res, String[] args)
   at System.Xml.XmlTextReaderImpl.ParseText(Int32& startPos, Int32& endPos, Int32& outOrChars)
   at System.Xml.XmlTextReaderImpl.ParseText()
   at System.Xml.XmlTextReaderImpl.ParseElementContent()
   at System.Xml.XmlTextReaderImpl.Read()
   at System.Xml.XmlLoader.LoadNode(Boolean skipOverWhitespace)
   at System.Xml.XmlLoader.LoadDocSequence(XmlDocument parentDoc)
   at System.Xml.XmlLoader.Load(XmlDocument doc, XmlReader reader, Boolean preserveWhitespace)
   at System.Xml.XmlDocument.Load(XmlReader reader)
   at System.Xml.XmlDocument.Load(String filename)
   at DataAnalyzer.Support.FileManager.WriteInputMessage(InputMessages Message, String FileName) in D:\NEW LIVE PROJECT\Extrnal soures\Extrnal soures\DataAnalyzer\Support\FileManager.cs:line 1102

--------------------------------------------------------------------------------------------------------
08-29-2026 05:19:23
'.', hexadecimal value 0x00, is an invalid character. Line 69648, position 14.
   at System.Xml.XmlTextReaderImpl.Throw(Exception e)
   at System.Xml.XmlTextReaderImpl.Throw(String res, String[] args)
   at System.Xml.XmlTextReaderImpl.ParseText(Int32& startPos, Int32& endPos, Int32& outOrChars)
   at System.Xml.XmlTextReaderImpl.ParseText()
   at System.Xml.XmlTextReaderImpl.ParseElementContent()
   at System.Xml.XmlTextReaderImpl.Read()
   at System.Xml.XmlLoader.LoadNode(Boolean skipOverWhitespace)
   at System.Xml.XmlLoader.LoadDocSequence(XmlDocument parentDoc)
   at System.Xml.XmlLoader.Load(XmlDocument doc, XmlReader reader, Boolean preserveWhitespace)
   at System.Xml.XmlDocument.Load(XmlReader reader)
   at System.Xml.XmlDocument.Load(String filename)
   at DataAnalyzer.Support.FileManager.WriteInputMessage(InputMessages Message, String FileName) in D:\NEW LIVE PROJECT\Extrnal soures\Extrnal soures\DataAnalyzer\Support\FileManager.cs:line 1102

--------------------------------------------------------------------------------------------------------
08-29-2026 05:19:49
'.', hexadecimal value 0x00, is an invalid character. Line 69648, position 14.
   at System.Xml.XmlTextReaderImpl.Throw(Exception e)
   at System.Xml.XmlTextReaderImpl.Throw(String res, String[] args)
   at System.Xml.XmlTextReaderImpl.ParseText(Int32& startPos, Int32& endPos, Int32& outOrChars)
   at System.Xml.XmlTextReaderImpl.ParseText()
   at System.Xml.XmlTextReaderImpl.ParseElementContent()
   at System.Xml.XmlTextReaderImpl.Read()
   at System.Xml.XmlLoader.LoadNode(Boolean skipOverWhitespace)
   at System.Xml.XmlLoader.LoadDocSequence(XmlDocument parentDoc)
   at System.Xml.XmlLoader.Load(XmlDocument doc, XmlReader reader, Boolean preserveWhitespace)
   at System.Xml.XmlDocument.Load(XmlReader reader)
   at System.Xml.XmlDocument.Load(String filename)
   at DataAnalyzer.Support.FileManager.WriteInputMessage(InputMessages Message, String FileName) in D:\NEW LIVE PROJECT\Extrnal soures\Extrnal soures\DataAnalyzer\Support\FileManager.cs:line 1102

--------------------------------------------------------------------------------------------------------
08-29-2026 05:20:15
'.', hexadecimal value 0x00, is an invalid character. Line 69648, position 14.
   at System.Xml.XmlTextReaderImpl.Throw(Exception e)
   at System.Xml.XmlTextReaderImpl.Throw(String res, String[] args)
   at System.Xml.XmlTextReaderImpl.ParseText(Int32& startPos, Int32& endPos, Int32& outOrChars)
   at System.Xml.XmlTextReaderImpl.ParseText()
   at System.Xml.XmlTextReaderImpl.ParseElementContent()
   at System.Xml.XmlTextReaderImpl.Read()
   at System.Xml.XmlLoader.LoadNode(Boolean skipOverWhitespace)
   at System.Xml.XmlLoader.LoadDocSequence(XmlDocument parentDoc)
   at System.Xml.XmlLoader.Load(XmlDocument doc, XmlReader reader, Boolean preserveWhitespace)
   at System.Xml.XmlDocument.Load(XmlReader reader)
   at System.Xml.XmlDocument.Load(String filename)
   at DataAnalyzer.Support.FileManager.WriteInputMessage(InputMessages Message, String FileName) in D:\NEW LIVE PROJECT\Extrnal soures\Extrnal soures\DataAnalyzer\Support\FileManager.cs:line 1102

--------------------------------------------------------------------------------------------------------
08-29-2026 08:15:47
'.', hexadecimal value 0x00, is an invalid character. Line 69648, position 14.
   at System.Xml.XmlTextReaderImpl.Throw(Exception e)
   at System.Xml.XmlTextReaderImpl.Throw(String res, String[] args)
   at System.Xml.XmlTextReaderImpl.ParseText(Int32& startPos, Int32& endPos, Int32& outOrChars)
   at System.Xml.XmlTextReaderImpl.ParseText()
   at System.Xml.XmlTextReaderImpl.ParseElementContent()
   at System.Xml.XmlTextReaderImpl.Read()
   at System.Xml.XmlLoader.LoadNode(Boolean skipOverWhitespace)
   at System.Xml.XmlLoader.LoadDocSequence(XmlDocument parentDoc)
   at System.Xml.XmlLoader.Load(XmlDocument doc, XmlReader reader, Boolean preserveWhitespace)
   at System.Xml.XmlDocument.Load(XmlReader reader)
   at System.Xml.XmlDocument.Load(String filename)
   at DataAnalyzer.Support.FileManager.WriteInputMessage(InputMessages Message, String FileName) in D:\NEW LIVE PROJECT\Extrnal soures\Extrnal soures\DataAnalyzer\Support\FileManager.cs:line 1102

--------------------------------------------------------------------------------------------------------
08-29-2026 08:16:04
'.', hexadecimal value 0x00, is an invalid character. Line 69648, position 14.
   at System.Xml.XmlTextReaderImpl.Throw(Exception e)
   at System.Xml.XmlTextReaderImpl.Throw(String res, String[] args)
   at System.Xml.XmlTextReaderImpl.ParseText(Int32& startPos, Int32& endPos, Int32& outOrChars)
   at System.Xml.XmlTextReaderImpl.ParseText()
   at System.Xml.XmlTextReaderImpl.ParseElementContent()
   at System.Xml.XmlTextReaderImpl.Read()
   at System.Xml.XmlLoader.LoadNode(Boolean skipOverWhitespace)
   at System.Xml.XmlLoader.LoadDocSequence(XmlDocument parentDoc)
   at System.Xml.XmlLoader.Load(XmlDocument doc, XmlReader reader, Boolean preserveWhitespace)
   at System.Xml.XmlDocument.Load(XmlReader reader)
   at System.Xml.XmlDocument.Load(String filename)
   at DataAnalyzer.Support.FileManager.WriteInputMessage(InputMessages Message, String FileName) in D:\NEW LIVE PROJECT\Extrnal soures\Extrnal soures\DataAnalyzer\Support\FileManager.cs:line 1102

--------------------------------------------------------------------------------------------------------
08-29-2026 08:17:12
'.', hexadecimal value 0x00, is an invalid character. Line 69648, position 14.
   at System.Xml.XmlTextReaderImpl.Throw(Exception e)
   at System.Xml.XmlTextReaderImpl.Throw(String res, String[] args)
   at System.Xml.XmlTextReaderImpl.ParseText(Int32& startPos, Int32& endPos, Int32& outOrChars)
   at System.Xml.XmlTextReaderImpl.ParseText()
   at System.Xml.XmlTextReaderImpl.ParseElementContent()
   at System.Xml.XmlTextReaderImpl.Read()
   at System.Xml.XmlLoader.LoadNode(Boolean skipOverWhitespace)
   at System.Xml.XmlLoader.LoadDocSequence(XmlDocument parentDoc)
   at System.Xml.XmlLoader.Load(XmlDocument doc, XmlReader reader, Boolean preserveWhitespace)
   at System.Xml.XmlDocument.Load(XmlReader reader)
   at System.Xml.XmlDocument.Load(String filename)
   at DataAnalyzer.Support.FileManager.WriteInputMessage(InputMessages Message, String FileName) in D:\NEW LIVE PROJECT\Extrnal soures\Extrnal soures\DataAnalyzer\Support\FileManager.cs:line 1102

--------------------------------------------------------------------------------------------------------
08-29-2026 10:35:46
'.', hexadecimal value 0x00, is an invalid character. Line 69648, position 14.
   at System.Xml.XmlTextReaderImpl.Throw(Exception e)
   at System.Xml.XmlTextReaderImpl.Throw(String res, String[] args)
   at System.Xml.XmlTextReaderImpl.ParseText(Int32& startPos, Int32& endPos, Int32& outOrChars)
   at System.Xml.XmlTextReaderImpl.ParseText()
   at System.Xml.XmlTextReaderImpl.ParseElementContent()
   at System.Xml.XmlTextReaderImpl.Read()
   at System.Xml.XmlLoader.LoadNode(Boolean skipOverWhitespace)
   at System.Xml.XmlLoader.LoadDocSequence(XmlDocument parentDoc)
   at System.Xml.XmlLoader.Load(XmlDocument doc, XmlReader reader, Boolean preserveWhitespace)
   at System.Xml.XmlDocument.Load(XmlReader reader)
   at System.Xml.XmlDocument.Load(String filename)
   at DataAnalyzer.Support.FileManager.WriteInputMessage(InputMessages Message, String FileName) in D:\NEW LIVE PROJECT\Extrnal soures\Extrnal soures\DataAnalyzer\Support\FileManager.cs:line 1102

--------------------------------------------------------------------------------------------------------
08-29-2026 10:36:20
'.', hexadecimal value 0x00, is an invalid character. Line 69648, position 14.
   at System.Xml.XmlTextReaderImpl.Throw(Exception e)
   at System.Xml.XmlTextReaderImpl.Throw(String res, String[] args)
   at System.Xml.XmlTextReaderImpl.ParseText(Int32& startPos, Int32& endPos, Int32& outOrChars)
   at System.Xml.XmlTextReaderImpl.ParseText()
   at System.Xml.XmlTextReaderImpl.ParseElementContent()
   at System.Xml.XmlTextReaderImpl.Read()
   at System.Xml.XmlLoader.LoadNode(Boolean skipOverWhitespace)
   at System.Xml.XmlLoader.LoadDocSequence(XmlDocument parentDoc)
   at System.Xml.XmlLoader.Load(XmlDocument doc, XmlReader reader, Boolean preserveWhitespace)
   at System.Xml.XmlDocument.Load(XmlReader reader)
   at System.Xml.XmlDocument.Load(String filename)
   at DataAnalyzer.Support.FileManager.WriteInputMessage(InputMessages Message, String FileName) in D:\NEW LIVE PROJECT\Extrnal soures\Extrnal soures\DataAnalyzer\Support\FileManager.cs:line 1102

--------------------------------------------------------------------------------------------------------
08-29-2026 10:38:46
'.', hexadecimal value 0x00, is an invalid character. Line 69648, position 14.
   at System.Xml.XmlTextReaderImpl.Throw(Exception e)
   at System.Xml.XmlTextReaderImpl.Throw(String res, String[] args)
   at System.Xml.XmlTextReaderImpl.ParseText(Int32& startPos, Int32& endPos, Int32& outOrChars)
   at System.Xml.XmlTextReaderImpl.ParseText()
   at System.Xml.XmlTextReaderImpl.ParseElementContent()
   at System.Xml.XmlTextReaderImpl.Read()
   at System.Xml.XmlLoader.LoadNode(Boolean skipOverWhitespace)
   at System.Xml.XmlLoader.LoadDocSequence(XmlDocument parentDoc)
   at System.Xml.XmlLoader.Load(XmlDocument doc, XmlReader reader, Boolean preserveWhitespace)
   at System.Xml.XmlDocument.Load(XmlReader reader)
   at System.Xml.XmlDocument.Load(String filename)
   at DataAnalyzer.Support.FileManager.WriteInputMessage(InputMessages Message, String FileName) in D:\NEW LIVE PROJECT\Extrnal soures\Extrnal soures\DataAnalyzer\Support\FileManager.cs:line 1102

--------------------------------------------------------------------------------------------------------
08-29-2026 13:22:38
'.', hexadecimal value 0x00, is an invalid character. Line 69648, position 14.
   at System.Xml.XmlTextReaderImpl.Throw(Exception e)
   at System.Xml.XmlTextReaderImpl.Throw(String res, String[] args)
   at System.Xml.XmlTextReaderImpl.ParseText(Int32& startPos, Int32& endPos, Int32& outOrChars)
   at System.Xml.XmlTextReaderImpl.ParseText()
   at System.Xml.XmlTextReaderImpl.ParseElementContent()
   at System.Xml.XmlTextReaderImpl.Read()
   at System.Xml.XmlLoader.LoadNode(Boolean skipOverWhitespace)
   at System.Xml.XmlLoader.LoadDocSequence(XmlDocument parentDoc)
   at System.Xml.XmlLoader.Load(XmlDocument doc, XmlReader reader, Boolean preserveWhitespace)
   at System.Xml.XmlDocument.Load(XmlReader reader)
   at System.Xml.XmlDocument.Load(String filename)
   at DataAnalyzer.Support.FileManager.WriteInputMessage(InputMessages Message, String FileName) in D:\NEW LIVE PROJECT\Extrnal soures\Extrnal soures\DataAnalyzer\Support\FileManager.cs:line 1102

--------------------------------------------------------------------------------------------------------
08-29-2026 13:22:53
A network-related or instance-specific error occurred while establishing a connection to SQL Server. The server was not found or was not accessible. Verify that the instance name is correct and that SQL Server is configured to allow remote connections. (provider: TCP Provider, error: 0 - The wait operation timed out.)
   at System.Data.SqlClient.SqlInternalConnectionTds..ctor(DbConnectionPoolIdentity identity, SqlConnectionString connectionOptions, SqlCredential credential, Object providerInfo, String newPassword, SecureString newSecurePassword, Boolean redirectedUserInstance, SqlConnectionString userConnectionOptions, SessionData reconnectSessionData, DbConnectionPool pool, String accessToken, Boolean applyTransientFaultHandling, SqlAuthenticationProviderManager sqlAuthProviderManager)
   at System.Data.SqlClient.SqlConnectionFactory.CreateConnection(DbConnectionOptions options, DbConnectionPoolKey poolKey, Object poolGroupProviderInfo, DbConnectionPool pool, DbConnection owningConnection, DbConnectionOptions userOptions)
   at System.Data.ProviderBase.DbConnectionFactory.CreatePooledConnection(DbConnectionPool pool, DbConnection owningObject, DbConnectionOptions options, DbConnectionPoolKey poolKey, DbConnectionOptions userOptions)
   at System.Data.ProviderBase.DbConnectionPool.CreateObject(DbConnection owningObject, DbConnectionOptions userOptions, DbConnectionInternal oldConnection)
   at System.Data.ProviderBase.DbConnectionPool.UserCreateRequest(DbConnection owningObject, DbConnectionOptions userOptions, DbConnectionInternal oldConnection)
   at System.Data.ProviderBase.DbConnectionPool.TryGetConnection(DbConnection owningObject, UInt32 waitForMultipleObjectsTimeout, Boolean allowCreate, Boolean onlyOneCheckConnection, DbConnectionOptions userOptions, DbConnectionInternal& connection)
   at System.Data.ProviderBase.DbConnectionPool.TryGetConnection(DbConnection owningObject, TaskCompletionSource`1 retry, DbConnectionOptions userOptions, DbConnectionInternal& connection)
   at System.Data.ProviderBase.DbConnectionFactory.TryGetConnection(DbConnection owningConnection, TaskCompletionSource`1 retry, DbConnectionOptions userOptions, DbConnectionInternal oldConnection, DbConnectionInternal& connection)
   at System.Data.ProviderBase.DbConnectionInternal.TryOpenConnectionInternal(DbConnection outerConnection, DbConnectionFactory connectionFactory, TaskCompletionSource`1 retry, DbConnectionOptions userOptions)
   at System.Data.ProviderBase.DbConnectionClosed.TryOpenConnection(DbConnection outerConnection, DbConnectionFactory connectionFactory, TaskCompletionSource`1 retry, DbConnectionOptions userOptions)
   at System.Data.SqlClient.SqlConnection.TryOpenInner(TaskCompletionSource`1 retry)
   at System.Data.SqlClient.SqlConnection.TryOpen(TaskCompletionSource`1 retry)
   at System.Data.SqlClient.SqlConnection.Open()
   at DataAnalyzer.Support.Dataaccess.Machinemapping(String S2MachineID) in D:\NEW LIVE PROJECT\Extrnal soures\Extrnal soures\DataAnalyzer\Support\Dataaccess.cs:line 214

--------------------------------------------------------------------------------------------------------
08-29-2026 13:27:10
'.', hexadecimal value 0x00, is an invalid character. Line 69648, position 14.
   at System.Xml.XmlTextReaderImpl.Throw(Exception e)
   at System.Xml.XmlTextReaderImpl.Throw(String res, String[] args)
   at System.Xml.XmlTextReaderImpl.ParseText(Int32& startPos, Int32& endPos, Int32& outOrChars)
   at System.Xml.XmlTextReaderImpl.ParseText()
   at System.Xml.XmlTextReaderImpl.ParseElementContent()
   at System.Xml.XmlTextReaderImpl.Read()
   at System.Xml.XmlLoader.LoadNode(Boolean skipOverWhitespace)
   at System.Xml.XmlLoader.LoadDocSequence(XmlDocument parentDoc)
   at System.Xml.XmlLoader.Load(XmlDocument doc, XmlReader reader, Boolean preserveWhitespace)
   at System.Xml.XmlDocument.Load(XmlReader reader)
   at System.Xml.XmlDocument.Load(String filename)
   at DataAnalyzer.Support.FileManager.WriteInputMessage(InputMessages Message, String FileName) in D:\NEW LIVE PROJECT\Extrnal soures\Extrnal soures\DataAnalyzer\Support\FileManager.cs:line 1102

--------------------------------------------------------------------------------------------------------
08-29-2026 13:27:25
A network-related or instance-specific error occurred while establishing a connection to SQL Server. The server was not found or was not accessible. Verify that the instance name is correct and that SQL Server is configured to allow remote connections. (provider: TCP Provider, error: 0 - The wait operation timed out.)
   at System.Data.SqlClient.SqlInternalConnectionTds..ctor(DbConnectionPoolIdentity identity, SqlConnectionString connectionOptions, SqlCredential credential, Object providerInfo, String newPassword, SecureString newSecurePassword, Boolean redirectedUserInstance, SqlConnectionString userConnectionOptions, SessionData reconnectSessionData, DbConnectionPool pool, String accessToken, Boolean applyTransientFaultHandling, SqlAuthenticationProviderManager sqlAuthProviderManager)
   at System.Data.SqlClient.SqlConnectionFactory.CreateConnection(DbConnectionOptions options, DbConnectionPoolKey poolKey, Object poolGroupProviderInfo, DbConnectionPool pool, DbConnection owningConnection, DbConnectionOptions userOptions)
   at System.Data.ProviderBase.DbConnectionFactory.CreatePooledConnection(DbConnectionPool pool, DbConnection owningObject, DbConnectionOptions options, DbConnectionPoolKey poolKey, DbConnectionOptions userOptions)
   at System.Data.ProviderBase.DbConnectionPool.CreateObject(DbConnection owningObject, DbConnectionOptions userOptions, DbConnectionInternal oldConnection)
   at System.Data.ProviderBase.DbConnectionPool.UserCreateRequest(DbConnection owningObject, DbConnectionOptions userOptions, DbConnectionInternal oldConnection)
   at System.Data.ProviderBase.DbConnectionPool.TryGetConnection(DbConnection owningObject, UInt32 waitForMultipleObjectsTimeout, Boolean allowCreate, Boolean onlyOneCheckConnection, DbConnectionOptions userOptions, DbConnectionInternal& connection)
   at System.Data.ProviderBase.DbConnectionPool.TryGetConnection(DbConnection owningObject, TaskCompletionSource`1 retry, DbConnectionOptions userOptions, DbConnectionInternal& connection)
   at System.Data.ProviderBase.DbConnectionFactory.TryGetConnection(DbConnection owningConnection, TaskCompletionSource`1 retry, DbConnectionOptions userOptions, DbConnectionInternal oldConnection, DbConnectionInternal& connection)
   at System.Data.ProviderBase.DbConnectionInternal.TryOpenConnectionInternal(DbConnection outerConnection, DbConnectionFactory connectionFactory, TaskCompletionSource`1 retry, DbConnectionOptions userOptions)
   at System.Data.ProviderBase.DbConnectionClosed.TryOpenConnection(DbConnection outerConnection, DbConnectionFactory connectionFactory, TaskCompletionSource`1 retry, DbConnectionOptions userOptions)
   at System.Data.SqlClient.SqlConnection.TryOpenInner(TaskCompletionSource`1 retry)
   at System.Data.SqlClient.SqlConnection.TryOpen(TaskCompletionSource`1 retry)
   at System.Data.SqlClient.SqlConnection.Open()
   at DataAnalyzer.Support.Dataaccess.Machinemapping(String S2MachineID) in D:\NEW LIVE PROJECT\Extrnal soures\Extrnal soures\DataAnalyzer\Support\Dataaccess.cs:line 214

--------------------------------------------------------------------------------------------------------
08-29-2026 13:28:18
'.', hexadecimal value 0x00, is an invalid character. Line 69648, position 14.
   at System.Xml.XmlTextReaderImpl.Throw(Exception e)
   at System.Xml.XmlTextReaderImpl.Throw(String res, String[] args)
   at System.Xml.XmlTextReaderImpl.ParseText(Int32& startPos, Int32& endPos, Int32& outOrChars)
   at System.Xml.XmlTextReaderImpl.ParseText()
   at System.Xml.XmlTextReaderImpl.ParseElementContent()
   at System.Xml.XmlTextReaderImpl.Read()
   at System.Xml.XmlLoader.LoadNode(Boolean skipOverWhitespace)
   at System.Xml.XmlLoader.LoadDocSequence(XmlDocument parentDoc)
   at System.Xml.XmlLoader.Load(XmlDocument doc, XmlReader reader, Boolean preserveWhitespace)
   at System.Xml.XmlDocument.Load(XmlReader reader)
   at System.Xml.XmlDocument.Load(String filename)
   at DataAnalyzer.Support.FileManager.WriteInputMessage(InputMessages Message, String FileName) in D:\NEW LIVE PROJECT\Extrnal soures\Extrnal soures\DataAnalyzer\Support\FileManager.cs:line 1102

--------------------------------------------------------------------------------------------------------
08-29-2026 13:28:34
A network-related or instance-specific error occurred while establishing a connection to SQL Server. The server was not found or was not accessible. Verify that the instance name is correct and that SQL Server is configured to allow remote connections. (provider: TCP Provider, error: 0 - The wait operation timed out.)
   at System.Data.SqlClient.SqlInternalConnectionTds..ctor(DbConnectionPoolIdentity identity, SqlConnectionString connectionOptions, SqlCredential credential, Object providerInfo, String newPassword, SecureString newSecurePassword, Boolean redirectedUserInstance, SqlConnectionString userConnectionOptions, SessionData reconnectSessionData, DbConnectionPool pool, String accessToken, Boolean applyTransientFaultHandling, SqlAuthenticationProviderManager sqlAuthProviderManager)
   at System.Data.SqlClient.SqlConnectionFactory.CreateConnection(DbConnectionOptions options, DbConnectionPoolKey poolKey, Object poolGroupProviderInfo, DbConnectionPool pool, DbConnection owningConnection, DbConnectionOptions userOptions)
   at System.Data.ProviderBase.DbConnectionFactory.CreatePooledConnection(DbConnectionPool pool, DbConnection owningObject, DbConnectionOptions options, DbConnectionPoolKey poolKey, DbConnectionOptions userOptions)
   at System.Data.ProviderBase.DbConnectionPool.CreateObject(DbConnection owningObject, DbConnectionOptions userOptions, DbConnectionInternal oldConnection)
   at System.Data.ProviderBase.DbConnectionPool.UserCreateRequest(DbConnection owningObject, DbConnectionOptions userOptions, DbConnectionInternal oldConnection)
   at System.Data.ProviderBase.DbConnectionPool.TryGetConnection(DbConnection owningObject, UInt32 waitForMultipleObjectsTimeout, Boolean allowCreate, Boolean onlyOneCheckConnection, DbConnectionOptions userOptions, DbConnectionInternal& connection)
   at System.Data.ProviderBase.DbConnectionPool.TryGetConnection(DbConnection owningObject, TaskCompletionSource`1 retry, DbConnectionOptions userOptions, DbConnectionInternal& connection)
   at System.Data.ProviderBase.DbConnectionFactory.TryGetConnection(DbConnection owningConnection, TaskCompletionSource`1 retry, DbConnectionOptions userOptions, DbConnectionInternal oldConnection, DbConnectionInternal& connection)
   at System.Data.ProviderBase.DbConnectionInternal.TryOpenConnectionInternal(DbConnection outerConnection, DbConnectionFactory connectionFactory, TaskCompletionSource`1 retry, DbConnectionOptions userOptions)
   at System.Data.ProviderBase.DbConnectionClosed.TryOpenConnection(DbConnection outerConnection, DbConnectionFactory connectionFactory, TaskCompletionSource`1 retry, DbConnectionOptions userOptions)
   at System.Data.SqlClient.SqlConnection.TryOpenInner(TaskCompletionSource`1 retry)
   at System.Data.SqlClient.SqlConnection.TryOpen(TaskCompletionSource`1 retry)
   at System.Data.SqlClient.SqlConnection.Open()
   at DataAnalyzer.Support.Dataaccess.Machinemapping(String S2MachineID) in D:\NEW LIVE PROJECT\Extrnal soures\Extrnal soures\DataAnalyzer\Support\Dataaccess.cs:line 214

--------------------------------------------------------------------------------------------------------
08-29-2026 13:28:44
'.', hexadecimal value 0x00, is an invalid character. Line 69648, position 14.
   at System.Xml.XmlTextReaderImpl.Throw(Exception e)
   at System.Xml.XmlTextReaderImpl.Throw(String res, String[] args)
   at System.Xml.XmlTextReaderImpl.ParseText(Int32& startPos, Int32& endPos, Int32& outOrChars)
   at System.Xml.XmlTextReaderImpl.ParseText()
   at System.Xml.XmlTextReaderImpl.ParseElementContent()
   at System.Xml.XmlTextReaderImpl.Read()
   at System.Xml.XmlLoader.LoadNode(Boolean skipOverWhitespace)
   at System.Xml.XmlLoader.LoadDocSequence(XmlDocument parentDoc)
   at System.Xml.XmlLoader.Load(XmlDocument doc, XmlReader reader, Boolean preserveWhitespace)
   at System.Xml.XmlDocument.Load(XmlReader reader)
   at System.Xml.XmlDocument.Load(String filename)
   at DataAnalyzer.Support.FileManager.WriteInputMessage(InputMessages Message, String FileName) in D:\NEW LIVE PROJECT\Extrnal soures\Extrnal soures\DataAnalyzer\Support\FileManager.cs:line 1102

--------------------------------------------------------------------------------------------------------
08-29-2026 13:28:59
A network-related or instance-specific error occurred while establishing a connection to SQL Server. The server was not found or was not accessible. Verify that the instance name is correct and that SQL Server is configured to allow remote connections. (provider: TCP Provider, error: 0 - The wait operation timed out.)
   at System.Data.SqlClient.SqlInternalConnectionTds..ctor(DbConnectionPoolIdentity identity, SqlConnectionString connectionOptions, SqlCredential credential, Object providerInfo, String newPassword, SecureString newSecurePassword, Boolean redirectedUserInstance, SqlConnectionString userConnectionOptions, SessionData reconnectSessionData, DbConnectionPool pool, String accessToken, Boolean applyTransientFaultHandling, SqlAuthenticationProviderManager sqlAuthProviderManager)
   at System.Data.SqlClient.SqlConnectionFactory.CreateConnection(DbConnectionOptions options, DbConnectionPoolKey poolKey, Object poolGroupProviderInfo, DbConnectionPool pool, DbConnection owningConnection, DbConnectionOptions userOptions)
   at System.Data.ProviderBase.DbConnectionFactory.CreatePooledConnection(DbConnectionPool pool, DbConnection owningObject, DbConnectionOptions options, DbConnectionPoolKey poolKey, DbConnectionOptions userOptions)
   at System.Data.ProviderBase.DbConnectionPool.CreateObject(DbConnection owningObject, DbConnectionOptions userOptions, DbConnectionInternal oldConnection)
   at System.Data.ProviderBase.DbConnectionPool.UserCreateRequest(DbConnection owningObject, DbConnectionOptions userOptions, DbConnectionInternal oldConnection)
   at System.Data.ProviderBase.DbConnectionPool.TryGetConnection(DbConnection owningObject, UInt32 waitForMultipleObjectsTimeout, Boolean allowCreate, Boolean onlyOneCheckConnection, DbConnectionOptions userOptions, DbConnectionInternal& connection)
   at System.Data.ProviderBase.DbConnectionPool.TryGetConnection(DbConnection owningObject, TaskCompletionSource`1 retry, DbConnectionOptions userOptions, DbConnectionInternal& connection)
   at System.Data.ProviderBase.DbConnectionFactory.TryGetConnection(DbConnection owningConnection, TaskCompletionSource`1 retry, DbConnectionOptions userOptions, DbConnectionInternal oldConnection, DbConnectionInternal& connection)
   at System.Data.ProviderBase.DbConnectionInternal.TryOpenConnectionInternal(DbConnection outerConnection, DbConnectionFactory connectionFactory, TaskCompletionSource`1 retry, DbConnectionOptions userOptions)
   at System.Data.ProviderBase.DbConnectionClosed.TryOpenConnection(DbConnection outerConnection, DbConnectionFactory connectionFactory, TaskCompletionSource`1 retry, DbConnectionOptions userOptions)
   at System.Data.SqlClient.SqlConnection.TryOpenInner(TaskCompletionSource`1 retry)
   at System.Data.SqlClient.SqlConnection.TryOpen(TaskCompletionSource`1 retry)
   at System.Data.SqlClient.SqlConnection.Open()
   at DataAnalyzer.Support.Dataaccess.Machinemapping(String S2MachineID) in D:\NEW LIVE PROJECT\Extrnal soures\Extrnal soures\DataAnalyzer\Support\Dataaccess.cs:line 214

--------------------------------------------------------------------------------------------------------
08-29-2026 13:30:18
'.', hexadecimal value 0x00, is an invalid character. Line 69648, position 14.
   at System.Xml.XmlTextReaderImpl.Throw(Exception e)
   at System.Xml.XmlTextReaderImpl.Throw(String res, String[] args)
   at System.Xml.XmlTextReaderImpl.ParseText(Int32& startPos, Int32& endPos, Int32& outOrChars)
   at System.Xml.XmlTextReaderImpl.ParseText()
   at System.Xml.XmlTextReaderImpl.ParseElementContent()
   at System.Xml.XmlTextReaderImpl.Read()
   at System.Xml.XmlLoader.LoadNode(Boolean skipOverWhitespace)
   at System.Xml.XmlLoader.LoadDocSequence(XmlDocument parentDoc)
   at System.Xml.XmlLoader.Load(XmlDocument doc, XmlReader reader, Boolean preserveWhitespace)
   at System.Xml.XmlDocument.Load(XmlReader reader)
   at System.Xml.XmlDocument.Load(String filename)
   at DataAnalyzer.Support.FileManager.WriteInputMessage(InputMessages Message, String FileName) in D:\NEW LIVE PROJECT\Extrnal soures\Extrnal soures\DataAnalyzer\Support\FileManager.cs:line 1102

--------------------------------------------------------------------------------------------------------
08-29-2026 13:30:33
A network-related or instance-specific error occurred while establishing a connection to SQL Server. The server was not found or was not accessible. Verify that the instance name is correct and that SQL Server is configured to allow remote connections. (provider: TCP Provider, error: 0 - The wait operation timed out.)
   at System.Data.SqlClient.SqlInternalConnectionTds..ctor(DbConnectionPoolIdentity identity, SqlConnectionString connectionOptions, SqlCredential credential, Object providerInfo, String newPassword, SecureString newSecurePassword, Boolean redirectedUserInstance, SqlConnectionString userConnectionOptions, SessionData reconnectSessionData, DbConnectionPool pool, String accessToken, Boolean applyTransientFaultHandling, SqlAuthenticationProviderManager sqlAuthProviderManager)
   at System.Data.SqlClient.SqlConnectionFactory.CreateConnection(DbConnectionOptions options, DbConnectionPoolKey poolKey, Object poolGroupProviderInfo, DbConnectionPool pool, DbConnection owningConnection, DbConnectionOptions userOptions)
   at System.Data.ProviderBase.DbConnectionFactory.CreatePooledConnection(DbConnectionPool pool, DbConnection owningObject, DbConnectionOptions options, DbConnectionPoolKey poolKey, DbConnectionOptions userOptions)
   at System.Data.ProviderBase.DbConnectionPool.CreateObject(DbConnection owningObject, DbConnectionOptions userOptions, DbConnectionInternal oldConnection)
   at System.Data.ProviderBase.DbConnectionPool.UserCreateRequest(DbConnection owningObject, DbConnectionOptions userOptions, DbConnectionInternal oldConnection)
   at System.Data.ProviderBase.DbConnectionPool.TryGetConnection(DbConnection owningObject, UInt32 waitForMultipleObjectsTimeout, Boolean allowCreate, Boolean onlyOneCheckConnection, DbConnectionOptions userOptions, DbConnectionInternal& connection)
   at System.Data.ProviderBase.DbConnectionPool.TryGetConnection(DbConnection owningObject, TaskCompletionSource`1 retry, DbConnectionOptions userOptions, DbConnectionInternal& connection)
   at System.Data.ProviderBase.DbConnectionFactory.TryGetConnection(DbConnection owningConnection, TaskCompletionSource`1 retry, DbConnectionOptions userOptions, DbConnectionInternal oldConnection, DbConnectionInternal& connection)
   at System.Data.ProviderBase.DbConnectionInternal.TryOpenConnectionInternal(DbConnection outerConnection, DbConnectionFactory connectionFactory, TaskCompletionSource`1 retry, DbConnectionOptions userOptions)
   at System.Data.ProviderBase.DbConnectionClosed.TryOpenConnection(DbConnection outerConnection, DbConnectionFactory connectionFactory, TaskCompletionSource`1 retry, DbConnectionOptions userOptions)
   at System.Data.SqlClient.SqlConnection.TryOpenInner(TaskCompletionSource`1 retry)
   at System.Data.SqlClient.SqlConnection.TryOpen(TaskCompletionSource`1 retry)
   at System.Data.SqlClient.SqlConnection.Open()
   at DataAnalyzer.Support.Dataaccess.Machinemapping(String S2MachineID) in D:\NEW LIVE PROJECT\Extrnal soures\Extrnal soures\DataAnalyzer\Support\Dataaccess.cs:line 214

--------------------------------------------------------------------------------------------------------
08-29-2026 13:53:16
'.', hexadecimal value 0x00, is an invalid character. Line 69648, position 14.
   at System.Xml.XmlTextReaderImpl.Throw(Exception e)
   at System.Xml.XmlTextReaderImpl.Throw(String res, String[] args)
   at System.Xml.XmlTextReaderImpl.ParseText(Int32& startPos, Int32& endPos, Int32& outOrChars)
   at System.Xml.XmlTextReaderImpl.ParseText()
   at System.Xml.XmlTextReaderImpl.ParseElementContent()
   at System.Xml.XmlTextReaderImpl.Read()
   at System.Xml.XmlLoader.LoadNode(Boolean skipOverWhitespace)
   at System.Xml.XmlLoader.LoadDocSequence(XmlDocument parentDoc)
   at System.Xml.XmlLoader.Load(XmlDocument doc, XmlReader reader, Boolean preserveWhitespace)
   at System.Xml.XmlDocument.Load(XmlReader reader)
   at System.Xml.XmlDocument.Load(String filename)
   at DataAnalyzer.Support.FileManager.WriteInputMessage(InputMessages Message, String FileName) in D:\NEW LIVE PROJECT\Extrnal soures\Extrnal soures\DataAnalyzer\Support\FileManager.cs:line 1102

--------------------------------------------------------------------------------------------------------
08-29-2026 13:53:31
A network-related or instance-specific error occurred while establishing a connection to SQL Server. The server was not found or was not accessible. Verify that the instance name is correct and that SQL Server is configured to allow remote connections. (provider: TCP Provider, error: 0 - The wait operation timed out.)
   at System.Data.SqlClient.SqlInternalConnectionTds..ctor(DbConnectionPoolIdentity identity, SqlConnectionString connectionOptions, SqlCredential credential, Object providerInfo, String newPassword, SecureString newSecurePassword, Boolean redirectedUserInstance, SqlConnectionString userConnectionOptions, SessionData reconnectSessionData, DbConnectionPool pool, String accessToken, Boolean applyTransientFaultHandling, SqlAuthenticationProviderManager sqlAuthProviderManager)
   at System.Data.SqlClient.SqlConnectionFactory.CreateConnection(DbConnectionOptions options, DbConnectionPoolKey poolKey, Object poolGroupProviderInfo, DbConnectionPool pool, DbConnection owningConnection, DbConnectionOptions userOptions)
   at System.Data.ProviderBase.DbConnectionFactory.CreatePooledConnection(DbConnectionPool pool, DbConnection owningObject, DbConnectionOptions options, DbConnectionPoolKey poolKey, DbConnectionOptions userOptions)
   at System.Data.ProviderBase.DbConnectionPool.CreateObject(DbConnection owningObject, DbConnectionOptions userOptions, DbConnectionInternal oldConnection)
   at System.Data.ProviderBase.DbConnectionPool.UserCreateRequest(DbConnection owningObject, DbConnectionOptions userOptions, DbConnectionInternal oldConnection)
   at System.Data.ProviderBase.DbConnectionPool.TryGetConnection(DbConnection owningObject, UInt32 waitForMultipleObjectsTimeout, Boolean allowCreate, Boolean onlyOneCheckConnection, DbConnectionOptions userOptions, DbConnectionInternal& connection)
   at System.Data.ProviderBase.DbConnectionPool.TryGetConnection(DbConnection owningObject, TaskCompletionSource`1 retry, DbConnectionOptions userOptions, DbConnectionInternal& connection)
   at System.Data.ProviderBase.DbConnectionFactory.TryGetConnection(DbConnection owningConnection, TaskCompletionSource`1 retry, DbConnectionOptions userOptions, DbConnectionInternal oldConnection, DbConnectionInternal& connection)
   at System.Data.ProviderBase.DbConnectionInternal.TryOpenConnectionInternal(DbConnection outerConnection, DbConnectionFactory connectionFactory, TaskCompletionSource`1 retry, DbConnectionOptions userOptions)
   at System.Data.ProviderBase.DbConnectionClosed.TryOpenConnection(DbConnection outerConnection, DbConnectionFactory connectionFactory, TaskCompletionSource`1 retry, DbConnectionOptions userOptions)
   at System.Data.SqlClient.SqlConnection.TryOpenInner(TaskCompletionSource`1 retry)
   at System.Data.SqlClient.SqlConnection.TryOpen(TaskCompletionSource`1 retry)
   at System.Data.SqlClient.SqlConnection.Open()
   at DataAnalyzer.Support.Dataaccess.Machinemapping(String S2MachineID) in D:\NEW LIVE PROJECT\Extrnal soures\Extrnal soures\DataAnalyzer\Support\Dataaccess.cs:line 214

--------------------------------------------------------------------------------------------------------
08-29-2026 14:31:12
'.', hexadecimal value 0x00, is an invalid character. Line 69648, position 14.
   at System.Xml.XmlTextReaderImpl.Throw(Exception e)
   at System.Xml.XmlTextReaderImpl.Throw(String res, String[] args)
   at System.Xml.XmlTextReaderImpl.ParseText(Int32& startPos, Int32& endPos, Int32& outOrChars)
   at System.Xml.XmlTextReaderImpl.ParseText()
   at System.Xml.XmlTextReaderImpl.ParseElementContent()
   at System.Xml.XmlTextReaderImpl.Read()
   at System.Xml.XmlLoader.LoadNode(Boolean skipOverWhitespace)
   at System.Xml.XmlLoader.LoadDocSequence(XmlDocument parentDoc)
   at System.Xml.XmlLoader.Load(XmlDocument doc, XmlReader reader, Boolean preserveWhitespace)
   at System.Xml.XmlDocument.Load(XmlReader reader)
   at System.Xml.XmlDocument.Load(String filename)
   at DataAnalyzer.Support.FileManager.WriteInputMessage(InputMessages Message, String FileName) in D:\NEW LIVE PROJECT\Extrnal soures\Extrnal soures\DataAnalyzer\Support\FileManager.cs:line 1102

--------------------------------------------------------------------------------------------------------
08-29-2026 14:31:27
A network-related or instance-specific error occurred while establishing a connection to SQL Server. The server was not found or was not accessible. Verify that the instance name is correct and that SQL Server is configured to allow remote connections. (provider: TCP Provider, error: 0 - The wait operation timed out.)
   at System.Data.SqlClient.SqlInternalConnectionTds..ctor(DbConnectionPoolIdentity identity, SqlConnectionString connectionOptions, SqlCredential credential, Object providerInfo, String newPassword, SecureString newSecurePassword, Boolean redirectedUserInstance, SqlConnectionString userConnectionOptions, SessionData reconnectSessionData, DbConnectionPool pool, String accessToken, Boolean applyTransientFaultHandling, SqlAuthenticationProviderManager sqlAuthProviderManager)
   at System.Data.SqlClient.SqlConnectionFactory.CreateConnection(DbConnectionOptions options, DbConnectionPoolKey poolKey, Object poolGroupProviderInfo, DbConnectionPool pool, DbConnection owningConnection, DbConnectionOptions userOptions)
   at System.Data.ProviderBase.DbConnectionFactory.CreatePooledConnection(DbConnectionPool pool, DbConnection owningObject, DbConnectionOptions options, DbConnectionPoolKey poolKey, DbConnectionOptions userOptions)
   at System.Data.ProviderBase.DbConnectionPool.CreateObject(DbConnection owningObject, DbConnectionOptions userOptions, DbConnectionInternal oldConnection)
   at System.Data.ProviderBase.DbConnectionPool.UserCreateRequest(DbConnection owningObject, DbConnectionOptions userOptions, DbConnectionInternal oldConnection)
   at System.Data.ProviderBase.DbConnectionPool.TryGetConnection(DbConnection owningObject, UInt32 waitForMultipleObjectsTimeout, Boolean allowCreate, Boolean onlyOneCheckConnection, DbConnectionOptions userOptions, DbConnectionInternal& connection)
   at System.Data.ProviderBase.DbConnectionPool.TryGetConnection(DbConnection owningObject, TaskCompletionSource`1 retry, DbConnectionOptions userOptions, DbConnectionInternal& connection)
   at System.Data.ProviderBase.DbConnectionFactory.TryGetConnection(DbConnection owningConnection, TaskCompletionSource`1 retry, DbConnectionOptions userOptions, DbConnectionInternal oldConnection, DbConnectionInternal& connection)
   at System.Data.ProviderBase.DbConnectionInternal.TryOpenConnectionInternal(DbConnection outerConnection, DbConnectionFactory connectionFactory, TaskCompletionSource`1 retry, DbConnectionOptions userOptions)
   at System.Data.ProviderBase.DbConnectionClosed.TryOpenConnection(DbConnection outerConnection, DbConnectionFactory connectionFactory, TaskCompletionSource`1 retry, DbConnectionOptions userOptions)
   at System.Data.SqlClient.SqlConnection.TryOpenInner(TaskCompletionSource`1 retry)
   at System.Data.SqlClient.SqlConnection.TryOpen(TaskCompletionSource`1 retry)
   at System.Data.SqlClient.SqlConnection.Open()
   at DataAnalyzer.Support.Dataaccess.Machinemapping(String S2MachineID) in D:\NEW LIVE PROJECT\Extrnal soures\Extrnal soures\DataAnalyzer\Support\Dataaccess.cs:line 214

--------------------------------------------------------------------------------------------------------
08-29-2026 15:44:28
'.', hexadecimal value 0x00, is an invalid character. Line 69648, position 14.
   at System.Xml.XmlTextReaderImpl.Throw(Exception e)
   at System.Xml.XmlTextReaderImpl.Throw(String res, String[] args)
   at System.Xml.XmlTextReaderImpl.ParseText(Int32& startPos, Int32& endPos, Int32& outOrChars)
   at System.Xml.XmlTextReaderImpl.ParseText()
   at System.Xml.XmlTextReaderImpl.ParseElementContent()
   at System.Xml.XmlTextReaderImpl.Read()
   at System.Xml.XmlLoader.LoadNode(Boolean skipOverWhitespace)
   at System.Xml.XmlLoader.LoadDocSequence(XmlDocument parentDoc)
   at System.Xml.XmlLoader.Load(XmlDocument doc, XmlReader reader, Boolean preserveWhitespace)
   at System.Xml.XmlDocument.Load(XmlReader reader)
   at System.Xml.XmlDocument.Load(String filename)
   at DataAnalyzer.Support.FileManager.WriteInputMessage(InputMessages Message, String FileName) in D:\NEW LIVE PROJECT\Extrnal soures\Extrnal soures\DataAnalyzer\Support\FileManager.cs:line 1102

--------------------------------------------------------------------------------------------------------
08-29-2026 15:44:37
'.', hexadecimal value 0x00, is an invalid character. Line 69648, position 14.
   at System.Xml.XmlTextReaderImpl.Throw(Exception e)
   at System.Xml.XmlTextReaderImpl.Throw(String res, String[] args)
   at System.Xml.XmlTextReaderImpl.ParseText(Int32& startPos, Int32& endPos, Int32& outOrChars)
   at System.Xml.XmlTextReaderImpl.ParseText()
   at System.Xml.XmlTextReaderImpl.ParseElementContent()
   at System.Xml.XmlTextReaderImpl.Read()
   at System.Xml.XmlLoader.LoadNode(Boolean skipOverWhitespace)
   at System.Xml.XmlLoader.LoadDocSequence(XmlDocument parentDoc)
   at System.Xml.XmlLoader.Load(XmlDocument doc, XmlReader reader, Boolean preserveWhitespace)
   at System.Xml.XmlDocument.Load(XmlReader reader)
   at System.Xml.XmlDocument.Load(String filename)
   at DataAnalyzer.Support.FileManager.WriteInputMessage(InputMessages Message, String FileName) in D:\NEW LIVE PROJECT\Extrnal soures\Extrnal soures\DataAnalyzer\Support\FileManager.cs:line 1102

--------------------------------------------------------------------------------------------------------
08-29-2026 15:44:44
A network-related or instance-specific error occurred while establishing a connection to SQL Server. The server was not found or was not accessible. Verify that the instance name is correct and that SQL Server is configured to allow remote connections. (provider: TCP Provider, error: 0 - The wait operation timed out.)
   at System.Data.SqlClient.SqlInternalConnectionTds..ctor(DbConnectionPoolIdentity identity, SqlConnectionString connectionOptions, SqlCredential credential, Object providerInfo, String newPassword, SecureString newSecurePassword, Boolean redirectedUserInstance, SqlConnectionString userConnectionOptions, SessionData reconnectSessionData, DbConnectionPool pool, String accessToken, Boolean applyTransientFaultHandling, SqlAuthenticationProviderManager sqlAuthProviderManager)
   at System.Data.SqlClient.SqlConnectionFactory.CreateConnection(DbConnectionOptions options, DbConnectionPoolKey poolKey, Object poolGroupProviderInfo, DbConnectionPool pool, DbConnection owningConnection, DbConnectionOptions userOptions)
   at System.Data.ProviderBase.DbConnectionFactory.CreatePooledConnection(DbConnectionPool pool, DbConnection owningObject, DbConnectionOptions options, DbConnectionPoolKey poolKey, DbConnectionOptions userOptions)
   at System.Data.ProviderBase.DbConnectionPool.CreateObject(DbConnection owningObject, DbConnectionOptions userOptions, DbConnectionInternal oldConnection)
   at System.Data.ProviderBase.DbConnectionPool.UserCreateRequest(DbConnection owningObject, DbConnectionOptions userOptions, DbConnectionInternal oldConnection)
   at System.Data.ProviderBase.DbConnectionPool.TryGetConnection(DbConnection owningObject, UInt32 waitForMultipleObjectsTimeout, Boolean allowCreate, Boolean onlyOneCheckConnection, DbConnectionOptions userOptions, DbConnectionInternal& connection)
   at System.Data.ProviderBase.DbConnectionPool.TryGetConnection(DbConnection owningObject, TaskCompletionSource`1 retry, DbConnectionOptions userOptions, DbConnectionInternal& connection)
   at System.Data.ProviderBase.DbConnectionFactory.TryGetConnection(DbConnection owningConnection, TaskCompletionSource`1 retry, DbConnectionOptions userOptions, DbConnectionInternal oldConnection, DbConnectionInternal& connection)
   at System.Data.ProviderBase.DbConnectionInternal.TryOpenConnectionInternal(DbConnection outerConnection, DbConnectionFactory connectionFactory, TaskCompletionSource`1 retry, DbConnectionOptions userOptions)
   at System.Data.ProviderBase.DbConnectionClosed.TryOpenConnection(DbConnection outerConnection, DbConnectionFactory connectionFactory, TaskCompletionSource`1 retry, DbConnectionOptions userOptions)
   at System.Data.SqlClient.SqlConnection.TryOpenInner(TaskCompletionSource`1 retry)
   at System.Data.SqlClient.SqlConnection.TryOpen(TaskCompletionSource`1 retry)
   at System.Data.SqlClient.SqlConnection.Open()
   at DataAnalyzer.Support.Dataaccess.Machinemapping(String S2MachineID) in D:\NEW LIVE PROJECT\Extrnal soures\Extrnal soures\DataAnalyzer\Support\Dataaccess.cs:line 214

--------------------------------------------------------------------------------------------------------
08-29-2026 15:44:44
A network-related or instance-specific error occurred while establishing a connection to SQL Server. The server was not found or was not accessible. Verify that the instance name is correct and that SQL Server is configured to allow remote connections. (provider: TCP Provider, error: 0 - The wait operation timed out.)
   at System.Data.ProviderBase.DbConnectionPool.TryGetConnection(DbConnection owningObject, UInt32 waitForMultipleObjectsTimeout, Boolean allowCreate, Boolean onlyOneCheckConnection, DbConnectionOptions userOptions, DbConnectionInternal& connection)
   at System.Data.ProviderBase.DbConnectionPool.TryGetConnection(DbConnection owningObject, TaskCompletionSource`1 retry, DbConnectionOptions userOptions, DbConnectionInternal& connection)
   at System.Data.ProviderBase.DbConnectionFactory.TryGetConnection(DbConnection owningConnection, TaskCompletionSource`1 retry, DbConnectionOptions userOptions, DbConnectionInternal oldConnection, DbConnectionInternal& connection)
   at System.Data.ProviderBase.DbConnectionInternal.TryOpenConnectionInternal(DbConnection outerConnection, DbConnectionFactory connectionFactory, TaskCompletionSource`1 retry, DbConnectionOptions userOptions)
   at System.Data.ProviderBase.DbConnectionClosed.TryOpenConnection(DbConnection outerConnection, DbConnectionFactory connectionFactory, TaskCompletionSource`1 retry, DbConnectionOptions userOptions)
   at System.Data.SqlClient.SqlConnection.TryOpenInner(TaskCompletionSource`1 retry)
   at System.Data.SqlClient.SqlConnection.TryOpen(TaskCompletionSource`1 retry)
   at System.Data.SqlClient.SqlConnection.Open()
   at DataAnalyzer.Support.Dataaccess.Machinemapping(String S2MachineID) in D:\NEW LIVE PROJECT\Extrnal soures\Extrnal soures\DataAnalyzer\Support\Dataaccess.cs:line 214

--------------------------------------------------------------------------------------------------------
08-29-2026 15:46:28
'.', hexadecimal value 0x00, is an invalid character. Line 69648, position 14.
   at System.Xml.XmlTextReaderImpl.Throw(Exception e)
   at System.Xml.XmlTextReaderImpl.Throw(String res, String[] args)
   at System.Xml.XmlTextReaderImpl.ParseText(Int32& startPos, Int32& endPos, Int32& outOrChars)
   at System.Xml.XmlTextReaderImpl.ParseText()
   at System.Xml.XmlTextReaderImpl.ParseElementContent()
   at System.Xml.XmlTextReaderImpl.Read()
   at System.Xml.XmlLoader.LoadNode(Boolean skipOverWhitespace)
   at System.Xml.XmlLoader.LoadDocSequence(XmlDocument parentDoc)
   at System.Xml.XmlLoader.Load(XmlDocument doc, XmlReader reader, Boolean preserveWhitespace)
   at System.Xml.XmlDocument.Load(XmlReader reader)
   at System.Xml.XmlDocument.Load(String filename)
   at DataAnalyzer.Support.FileManager.WriteInputMessage(InputMessages Message, String FileName) in D:\NEW LIVE PROJECT\Extrnal soures\Extrnal soures\DataAnalyzer\Support\FileManager.cs:line 1102

--------------------------------------------------------------------------------------------------------
08-29-2026 15:46:44
A network-related or instance-specific error occurred while establishing a connection to SQL Server. The server was not found or was not accessible. Verify that the instance name is correct and that SQL Server is configured to allow remote connections. (provider: TCP Provider, error: 0 - The wait operation timed out.)
   at System.Data.SqlClient.SqlInternalConnectionTds..ctor(DbConnectionPoolIdentity identity, SqlConnectionString connectionOptions, SqlCredential credential, Object providerInfo, String newPassword, SecureString newSecurePassword, Boolean redirectedUserInstance, SqlConnectionString userConnectionOptions, SessionData reconnectSessionData, DbConnectionPool pool, String accessToken, Boolean applyTransientFaultHandling, SqlAuthenticationProviderManager sqlAuthProviderManager)
   at System.Data.SqlClient.SqlConnectionFactory.CreateConnection(DbConnectionOptions options, DbConnectionPoolKey poolKey, Object poolGroupProviderInfo, DbConnectionPool pool, DbConnection owningConnection, DbConnectionOptions userOptions)
   at System.Data.ProviderBase.DbConnectionFactory.CreatePooledConnection(DbConnectionPool pool, DbConnection owningObject, DbConnectionOptions options, DbConnectionPoolKey poolKey, DbConnectionOptions userOptions)
   at System.Data.ProviderBase.DbConnectionPool.CreateObject(DbConnection owningObject, DbConnectionOptions userOptions, DbConnectionInternal oldConnection)
   at System.Data.ProviderBase.DbConnectionPool.UserCreateRequest(DbConnection owningObject, DbConnectionOptions userOptions, DbConnectionInternal oldConnection)
   at System.Data.ProviderBase.DbConnectionPool.TryGetConnection(DbConnection owningObject, UInt32 waitForMultipleObjectsTimeout, Boolean allowCreate, Boolean onlyOneCheckConnection, DbConnectionOptions userOptions, DbConnectionInternal& connection)
   at System.Data.ProviderBase.DbConnectionPool.TryGetConnection(DbConnection owningObject, TaskCompletionSource`1 retry, DbConnectionOptions userOptions, DbConnectionInternal& connection)
   at System.Data.ProviderBase.DbConnectionFactory.TryGetConnection(DbConnection owningConnection, TaskCompletionSource`1 retry, DbConnectionOptions userOptions, DbConnectionInternal oldConnection, DbConnectionInternal& connection)
   at System.Data.ProviderBase.DbConnectionInternal.TryOpenConnectionInternal(DbConnection outerConnection, DbConnectionFactory connectionFactory, TaskCompletionSource`1 retry, DbConnectionOptions userOptions)
   at System.Data.ProviderBase.DbConnectionClosed.TryOpenConnection(DbConnection outerConnection, DbConnectionFactory connectionFactory, TaskCompletionSource`1 retry, DbConnectionOptions userOptions)
   at System.Data.SqlClient.SqlConnection.TryOpenInner(TaskCompletionSource`1 retry)
   at System.Data.SqlClient.SqlConnection.TryOpen(TaskCompletionSource`1 retry)
   at System.Data.SqlClient.SqlConnection.Open()
   at DataAnalyzer.Support.Dataaccess.Machinemapping(String S2MachineID) in D:\NEW LIVE PROJECT\Extrnal soures\Extrnal soures\DataAnalyzer\Support\Dataaccess.cs:line 214

--------------------------------------------------------------------------------------------------------
08-29-2026 15:46:45
'.', hexadecimal value 0x00, is an invalid character. Line 69648, position 14.
   at System.Xml.XmlTextReaderImpl.Throw(Exception e)
   at System.Xml.XmlTextReaderImpl.Throw(String res, String[] args)
   at System.Xml.XmlTextReaderImpl.ParseText(Int32& startPos, Int32& endPos, Int32& outOrChars)
   at System.Xml.XmlTextReaderImpl.ParseText()
   at System.Xml.XmlTextReaderImpl.ParseElementContent()
   at System.Xml.XmlTextReaderImpl.Read()
   at System.Xml.XmlLoader.LoadNode(Boolean skipOverWhitespace)
   at System.Xml.XmlLoader.LoadDocSequence(XmlDocument parentDoc)
   at System.Xml.XmlLoader.Load(XmlDocument doc, XmlReader reader, Boolean preserveWhitespace)
   at System.Xml.XmlDocument.Load(XmlReader reader)
   at System.Xml.XmlDocument.Load(String filename)
   at DataAnalyzer.Support.FileManager.WriteInputMessage(InputMessages Message, String FileName) in D:\NEW LIVE PROJECT\Extrnal soures\Extrnal soures\DataAnalyzer\Support\FileManager.cs:line 1102

--------------------------------------------------------------------------------------------------------
08-29-2026 15:46:59
A network-related or instance-specific error occurred while establishing a connection to SQL Server. The server was not found or was not accessible. Verify that the instance name is correct and that SQL Server is configured to allow remote connections. (provider: TCP Provider, error: 0 - The wait operation timed out.)
   at System.Data.ProviderBase.DbConnectionPool.TryGetConnection(DbConnection owningObject, UInt32 waitForMultipleObjectsTimeout, Boolean allowCreate, Boolean onlyOneCheckConnection, DbConnectionOptions userOptions, DbConnectionInternal& connection)
   at System.Data.ProviderBase.DbConnectionPool.TryGetConnection(DbConnection owningObject, TaskCompletionSource`1 retry, DbConnectionOptions userOptions, DbConnectionInternal& connection)
   at System.Data.ProviderBase.DbConnectionFactory.TryGetConnection(DbConnection owningConnection, TaskCompletionSource`1 retry, DbConnectionOptions userOptions, DbConnectionInternal oldConnection, DbConnectionInternal& connection)
   at System.Data.ProviderBase.DbConnectionInternal.TryOpenConnectionInternal(DbConnection outerConnection, DbConnectionFactory connectionFactory, TaskCompletionSource`1 retry, DbConnectionOptions userOptions)
   at System.Data.ProviderBase.DbConnectionClosed.TryOpenConnection(DbConnection outerConnection, DbConnectionFactory connectionFactory, TaskCompletionSource`1 retry, DbConnectionOptions userOptions)
   at System.Data.SqlClient.SqlConnection.TryOpenInner(TaskCompletionSource`1 retry)
   at System.Data.SqlClient.SqlConnection.TryOpen(TaskCompletionSource`1 retry)
   at System.Data.SqlClient.SqlConnection.Open()
   at DataAnalyzer.Support.Dataaccess.Machinemapping(String S2MachineID) in D:\NEW LIVE PROJECT\Extrnal soures\Extrnal soures\DataAnalyzer\Support\Dataaccess.cs:line 214

--------------------------------------------------------------------------------------------------------
08-29-2026 15:48:37
'.', hexadecimal value 0x00, is an invalid character. Line 69648, position 14.
   at System.Xml.XmlTextReaderImpl.Throw(Exception e)
   at System.Xml.XmlTextReaderImpl.Throw(String res, String[] args)
   at System.Xml.XmlTextReaderImpl.ParseText(Int32& startPos, Int32& endPos, Int32& outOrChars)
   at System.Xml.XmlTextReaderImpl.ParseText()
   at System.Xml.XmlTextReaderImpl.ParseElementContent()
   at System.Xml.XmlTextReaderImpl.Read()
   at System.Xml.XmlLoader.LoadNode(Boolean skipOverWhitespace)
   at System.Xml.XmlLoader.LoadDocSequence(XmlDocument parentDoc)
   at System.Xml.XmlLoader.Load(XmlDocument doc, XmlReader reader, Boolean preserveWhitespace)
   at System.Xml.XmlDocument.Load(XmlReader reader)
   at System.Xml.XmlDocument.Load(String filename)
   at DataAnalyzer.Support.FileManager.WriteInputMessage(InputMessages Message, String FileName) in D:\NEW LIVE PROJECT\Extrnal soures\Extrnal soures\DataAnalyzer\Support\FileManager.cs:line 1102

--------------------------------------------------------------------------------------------------------
08-29-2026 15:48:52
A network-related or instance-specific error occurred while establishing a connection to SQL Server. The server was not found or was not accessible. Verify that the instance name is correct and that SQL Server is configured to allow remote connections. (provider: TCP Provider, error: 0 - The wait operation timed out.)
   at System.Data.SqlClient.SqlInternalConnectionTds..ctor(DbConnectionPoolIdentity identity, SqlConnectionString connectionOptions, SqlCredential credential, Object providerInfo, String newPassword, SecureString newSecurePassword, Boolean redirectedUserInstance, SqlConnectionString userConnectionOptions, SessionData reconnectSessionData, DbConnectionPool pool, String accessToken, Boolean applyTransientFaultHandling, SqlAuthenticationProviderManager sqlAuthProviderManager)
   at System.Data.SqlClient.SqlConnectionFactory.CreateConnection(DbConnectionOptions options, DbConnectionPoolKey poolKey, Object poolGroupProviderInfo, DbConnectionPool pool, DbConnection owningConnection, DbConnectionOptions userOptions)
   at System.Data.ProviderBase.DbConnectionFactory.CreatePooledConnection(DbConnectionPool pool, DbConnection owningObject, DbConnectionOptions options, DbConnectionPoolKey poolKey, DbConnectionOptions userOptions)
   at System.Data.ProviderBase.DbConnectionPool.CreateObject(DbConnection owningObject, DbConnectionOptions userOptions, DbConnectionInternal oldConnection)
   at System.Data.ProviderBase.DbConnectionPool.UserCreateRequest(DbConnection owningObject, DbConnectionOptions userOptions, DbConnectionInternal oldConnection)
   at System.Data.ProviderBase.DbConnectionPool.TryGetConnection(DbConnection owningObject, UInt32 waitForMultipleObjectsTimeout, Boolean allowCreate, Boolean onlyOneCheckConnection, DbConnectionOptions userOptions, DbConnectionInternal& connection)
   at System.Data.ProviderBase.DbConnectionPool.TryGetConnection(DbConnection owningObject, TaskCompletionSource`1 retry, DbConnectionOptions userOptions, DbConnectionInternal& connection)
   at System.Data.ProviderBase.DbConnectionFactory.TryGetConnection(DbConnection owningConnection, TaskCompletionSource`1 retry, DbConnectionOptions userOptions, DbConnectionInternal oldConnection, DbConnectionInternal& connection)
   at System.Data.ProviderBase.DbConnectionInternal.TryOpenConnectionInternal(DbConnection outerConnection, DbConnectionFactory connectionFactory, TaskCompletionSource`1 retry, DbConnectionOptions userOptions)
   at System.Data.ProviderBase.DbConnectionClosed.TryOpenConnection(DbConnection outerConnection, DbConnectionFactory connectionFactory, TaskCompletionSource`1 retry, DbConnectionOptions userOptions)
   at System.Data.SqlClient.SqlConnection.TryOpenInner(TaskCompletionSource`1 retry)
   at System.Data.SqlClient.SqlConnection.TryOpen(TaskCompletionSource`1 retry)
   at System.Data.SqlClient.SqlConnection.Open()
   at DataAnalyzer.Support.Dataaccess.Machinemapping(String S2MachineID) in D:\NEW LIVE PROJECT\Extrnal soures\Extrnal soures\DataAnalyzer\Support\Dataaccess.cs:line 214

--------------------------------------------------------------------------------------------------------
08-29-2026 15:50:19
'.', hexadecimal value 0x00, is an invalid character. Line 69648, position 14.
   at System.Xml.XmlTextReaderImpl.Throw(Exception e)
   at System.Xml.XmlTextReaderImpl.Throw(String res, String[] args)
   at System.Xml.XmlTextReaderImpl.ParseText(Int32& startPos, Int32& endPos, Int32& outOrChars)
   at System.Xml.XmlTextReaderImpl.ParseText()
   at System.Xml.XmlTextReaderImpl.ParseElementContent()
   at System.Xml.XmlTextReaderImpl.Read()
   at System.Xml.XmlLoader.LoadNode(Boolean skipOverWhitespace)
   at System.Xml.XmlLoader.LoadDocSequence(XmlDocument parentDoc)
   at System.Xml.XmlLoader.Load(XmlDocument doc, XmlReader reader, Boolean preserveWhitespace)
   at System.Xml.XmlDocument.Load(XmlReader reader)
   at System.Xml.XmlDocument.Load(String filename)
   at DataAnalyzer.Support.FileManager.WriteInputMessage(InputMessages Message, String FileName) in D:\NEW LIVE PROJECT\Extrnal soures\Extrnal soures\DataAnalyzer\Support\FileManager.cs:line 1102

--------------------------------------------------------------------------------------------------------
08-29-2026 15:50:20
'.', hexadecimal value 0x00, is an invalid character. Line 69648, position 14.
   at System.Xml.XmlTextReaderImpl.Throw(Exception e)
   at System.Xml.XmlTextReaderImpl.Throw(String res, String[] args)
   at System.Xml.XmlTextReaderImpl.ParseText(Int32& startPos, Int32& endPos, Int32& outOrChars)
   at System.Xml.XmlTextReaderImpl.ParseText()
   at System.Xml.XmlTextReaderImpl.ParseElementContent()
   at System.Xml.XmlTextReaderImpl.Read()
   at System.Xml.XmlLoader.LoadNode(Boolean skipOverWhitespace)
   at System.Xml.XmlLoader.LoadDocSequence(XmlDocument parentDoc)
   at System.Xml.XmlLoader.Load(XmlDocument doc, XmlReader reader, Boolean preserveWhitespace)
   at System.Xml.XmlDocument.Load(XmlReader reader)
   at System.Xml.XmlDocument.Load(String filename)
   at DataAnalyzer.Support.FileManager.WriteInputMessage(InputMessages Message, String FileName) in D:\NEW LIVE PROJECT\Extrnal soures\Extrnal soures\DataAnalyzer\Support\FileManager.cs:line 1102

--------------------------------------------------------------------------------------------------------
08-29-2026 15:50:35
Timeout expired.  The timeout period elapsed prior to obtaining a connection from the pool.  This may have occurred because all pooled connections were in use and max pool size was reached.
   at System.Data.ProviderBase.DbConnectionFactory.TryGetConnection(DbConnection owningConnection, TaskCompletionSource`1 retry, DbConnectionOptions userOptions, DbConnectionInternal oldConnection, DbConnectionInternal& connection)
   at System.Data.ProviderBase.DbConnectionInternal.TryOpenConnectionInternal(DbConnection outerConnection, DbConnectionFactory connectionFactory, TaskCompletionSource`1 retry, DbConnectionOptions userOptions)
   at System.Data.ProviderBase.DbConnectionClosed.TryOpenConnection(DbConnection outerConnection, DbConnectionFactory connectionFactory, TaskCompletionSource`1 retry, DbConnectionOptions userOptions)
   at System.Data.SqlClient.SqlConnection.TryOpenInner(TaskCompletionSource`1 retry)
   at System.Data.SqlClient.SqlConnection.TryOpen(TaskCompletionSource`1 retry)
   at System.Data.SqlClient.SqlConnection.Open()
   at DataAnalyzer.Support.Dataaccess.Machinemapping(String S2MachineID) in D:\NEW LIVE PROJECT\Extrnal soures\Extrnal soures\DataAnalyzer\Support\Dataaccess.cs:line 214

--------------------------------------------------------------------------------------------------------
08-29-2026 15:50:35
A network-related or instance-specific error occurred while establishing a connection to SQL Server. The server was not found or was not accessible. Verify that the instance name is correct and that SQL Server is configured to allow remote connections. (provider: TCP Provider, error: 0 - The wait operation timed out.)
   at System.Data.SqlClient.SqlInternalConnectionTds..ctor(DbConnectionPoolIdentity identity, SqlConnectionString connectionOptions, SqlCredential credential, Object providerInfo, String newPassword, SecureString newSecurePassword, Boolean redirectedUserInstance, SqlConnectionString userConnectionOptions, SessionData reconnectSessionData, DbConnectionPool pool, String accessToken, Boolean applyTransientFaultHandling, SqlAuthenticationProviderManager sqlAuthProviderManager)
   at System.Data.SqlClient.SqlConnectionFactory.CreateConnection(DbConnectionOptions options, DbConnectionPoolKey poolKey, Object poolGroupProviderInfo, DbConnectionPool pool, DbConnection owningConnection, DbConnectionOptions userOptions)
   at System.Data.ProviderBase.DbConnectionFactory.CreatePooledConnection(DbConnectionPool pool, DbConnection owningObject, DbConnectionOptions options, DbConnectionPoolKey poolKey, DbConnectionOptions userOptions)
   at System.Data.ProviderBase.DbConnectionPool.CreateObject(DbConnection owningObject, DbConnectionOptions userOptions, DbConnectionInternal oldConnection)
   at System.Data.ProviderBase.DbConnectionPool.UserCreateRequest(DbConnection owningObject, DbConnectionOptions userOptions, DbConnectionInternal oldConnection)
   at System.Data.ProviderBase.DbConnectionPool.TryGetConnection(DbConnection owningObject, UInt32 waitForMultipleObjectsTimeout, Boolean allowCreate, Boolean onlyOneCheckConnection, DbConnectionOptions userOptions, DbConnectionInternal& connection)
   at System.Data.ProviderBase.DbConnectionPool.TryGetConnection(DbConnection owningObject, TaskCompletionSource`1 retry, DbConnectionOptions userOptions, DbConnectionInternal& connection)
   at System.Data.ProviderBase.DbConnectionFactory.TryGetConnection(DbConnection owningConnection, TaskCompletionSource`1 retry, DbConnectionOptions userOptions, DbConnectionInternal oldConnection, DbConnectionInternal& connection)
   at System.Data.ProviderBase.DbConnectionInternal.TryOpenConnectionInternal(DbConnection outerConnection, DbConnectionFactory connectionFactory, TaskCompletionSource`1 retry, DbConnectionOptions userOptions)
   at System.Data.ProviderBase.DbConnectionClosed.TryOpenConnection(DbConnection outerConnection, DbConnectionFactory connectionFactory, TaskCompletionSource`1 retry, DbConnectionOptions userOptions)
   at System.Data.SqlClient.SqlConnection.TryOpenInner(TaskCompletionSource`1 retry)
   at System.Data.SqlClient.SqlConnection.TryOpen(TaskCompletionSource`1 retry)
   at System.Data.SqlClient.SqlConnection.Open()
   at DataAnalyzer.Support.Dataaccess.Machinemapping(String S2MachineID) in D:\NEW LIVE PROJECT\Extrnal soures\Extrnal soures\DataAnalyzer\Support\Dataaccess.cs:line 214

--------------------------------------------------------------------------------------------------------
08-29-2026 15:53:02
'.', hexadecimal value 0x00, is an invalid character. Line 69648, position 14.
   at System.Xml.XmlTextReaderImpl.Throw(Exception e)
   at System.Xml.XmlTextReaderImpl.Throw(String res, String[] args)
   at System.Xml.XmlTextReaderImpl.ParseText(Int32& startPos, Int32& endPos, Int32& outOrChars)
   at System.Xml.XmlTextReaderImpl.ParseText()
   at System.Xml.XmlTextReaderImpl.ParseElementContent()
   at System.Xml.XmlTextReaderImpl.Read()
   at System.Xml.XmlLoader.LoadNode(Boolean skipOverWhitespace)
   at System.Xml.XmlLoader.LoadDocSequence(XmlDocument parentDoc)
   at System.Xml.XmlLoader.Load(XmlDocument doc, XmlReader reader, Boolean preserveWhitespace)
   at System.Xml.XmlDocument.Load(XmlReader reader)
   at System.Xml.XmlDocument.Load(String filename)
   at DataAnalyzer.Support.FileManager.WriteInputMessage(InputMessages Message, String FileName) in D:\NEW LIVE PROJECT\Extrnal soures\Extrnal soures\DataAnalyzer\Support\FileManager.cs:line 1102

--------------------------------------------------------------------------------------------------------
08-29-2026 15:53:17
A network-related or instance-specific error occurred while establishing a connection to SQL Server. The server was not found or was not accessible. Verify that the instance name is correct and that SQL Server is configured to allow remote connections. (provider: TCP Provider, error: 0 - The wait operation timed out.)
   at System.Data.SqlClient.SqlInternalConnectionTds..ctor(DbConnectionPoolIdentity identity, SqlConnectionString connectionOptions, SqlCredential credential, Object providerInfo, String newPassword, SecureString newSecurePassword, Boolean redirectedUserInstance, SqlConnectionString userConnectionOptions, SessionData reconnectSessionData, DbConnectionPool pool, String accessToken, Boolean applyTransientFaultHandling, SqlAuthenticationProviderManager sqlAuthProviderManager)
   at System.Data.SqlClient.SqlConnectionFactory.CreateConnection(DbConnectionOptions options, DbConnectionPoolKey poolKey, Object poolGroupProviderInfo, DbConnectionPool pool, DbConnection owningConnection, DbConnectionOptions userOptions)
   at System.Data.ProviderBase.DbConnectionFactory.CreatePooledConnection(DbConnectionPool pool, DbConnection owningObject, DbConnectionOptions options, DbConnectionPoolKey poolKey, DbConnectionOptions userOptions)
   at System.Data.ProviderBase.DbConnectionPool.CreateObject(DbConnection owningObject, DbConnectionOptions userOptions, DbConnectionInternal oldConnection)
   at System.Data.ProviderBase.DbConnectionPool.UserCreateRequest(DbConnection owningObject, DbConnectionOptions userOptions, DbConnectionInternal oldConnection)
   at System.Data.ProviderBase.DbConnectionPool.TryGetConnection(DbConnection owningObject, UInt32 waitForMultipleObjectsTimeout, Boolean allowCreate, Boolean onlyOneCheckConnection, DbConnectionOptions userOptions, DbConnectionInternal& connection)
   at System.Data.ProviderBase.DbConnectionPool.TryGetConnection(DbConnection owningObject, TaskCompletionSource`1 retry, DbConnectionOptions userOptions, DbConnectionInternal& connection)
   at System.Data.ProviderBase.DbConnectionFactory.TryGetConnection(DbConnection owningConnection, TaskCompletionSource`1 retry, DbConnectionOptions userOptions, DbConnectionInternal oldConnection, DbConnectionInternal& connection)
   at System.Data.ProviderBase.DbConnectionInternal.TryOpenConnectionInternal(DbConnection outerConnection, DbConnectionFactory connectionFactory, TaskCompletionSource`1 retry, DbConnectionOptions userOptions)
   at System.Data.ProviderBase.DbConnectionClosed.TryOpenConnection(DbConnection outerConnection, DbConnectionFactory connectionFactory, TaskCompletionSource`1 retry, DbConnectionOptions userOptions)
   at System.Data.SqlClient.SqlConnection.TryOpenInner(TaskCompletionSource`1 retry)
   at System.Data.SqlClient.SqlConnection.TryOpen(TaskCompletionSource`1 retry)
   at System.Data.SqlClient.SqlConnection.Open()
   at DataAnalyzer.Support.Dataaccess.Machinemapping(String S2MachineID) in D:\NEW LIVE PROJECT\Extrnal soures\Extrnal soures\DataAnalyzer\Support\Dataaccess.cs:line 214

--------------------------------------------------------------------------------------------------------
08-29-2026 15:55:02
'.', hexadecimal value 0x00, is an invalid character. Line 69648, position 14.
   at System.Xml.XmlTextReaderImpl.Throw(Exception e)
   at System.Xml.XmlTextReaderImpl.Throw(String res, String[] args)
   at System.Xml.XmlTextReaderImpl.ParseText(Int32& startPos, Int32& endPos, Int32& outOrChars)
   at System.Xml.XmlTextReaderImpl.ParseText()
   at System.Xml.XmlTextReaderImpl.ParseElementContent()
   at System.Xml.XmlTextReaderImpl.Read()
   at System.Xml.XmlLoader.LoadNode(Boolean skipOverWhitespace)
   at System.Xml.XmlLoader.LoadDocSequence(XmlDocument parentDoc)
   at System.Xml.XmlLoader.Load(XmlDocument doc, XmlReader reader, Boolean preserveWhitespace)
   at System.Xml.XmlDocument.Load(XmlReader reader)
   at System.Xml.XmlDocument.Load(String filename)
   at DataAnalyzer.Support.FileManager.WriteInputMessage(InputMessages Message, String FileName) in D:\NEW LIVE PROJECT\Extrnal soures\Extrnal soures\DataAnalyzer\Support\FileManager.cs:line 1102

--------------------------------------------------------------------------------------------------------
08-29-2026 15:55:10
'.', hexadecimal value 0x00, is an invalid character. Line 69648, position 14.
   at System.Xml.XmlTextReaderImpl.Throw(Exception e)
   at System.Xml.XmlTextReaderImpl.Throw(String res, String[] args)
   at System.Xml.XmlTextReaderImpl.ParseText(Int32& startPos, Int32& endPos, Int32& outOrChars)
   at System.Xml.XmlTextReaderImpl.ParseText()
   at System.Xml.XmlTextReaderImpl.ParseElementContent()
   at System.Xml.XmlTextReaderImpl.Read()
   at System.Xml.XmlLoader.LoadNode(Boolean skipOverWhitespace)
   at System.Xml.XmlLoader.LoadDocSequence(XmlDocument parentDoc)
   at System.Xml.XmlLoader.Load(XmlDocument doc, XmlReader reader, Boolean preserveWhitespace)
   at System.Xml.XmlDocument.Load(XmlReader reader)
   at System.Xml.XmlDocument.Load(String filename)
   at DataAnalyzer.Support.FileManager.WriteInputMessage(InputMessages Message, String FileName) in D:\NEW LIVE PROJECT\Extrnal soures\Extrnal soures\DataAnalyzer\Support\FileManager.cs:line 1102

--------------------------------------------------------------------------------------------------------
08-29-2026 15:55:17
A network-related or instance-specific error occurred while establishing a connection to SQL Server. The server was not found or was not accessible. Verify that the instance name is correct and that SQL Server is configured to allow remote connections. (provider: TCP Provider, error: 0 - The wait operation timed out.)
   at System.Data.SqlClient.SqlInternalConnectionTds..ctor(DbConnectionPoolIdentity identity, SqlConnectionString connectionOptions, SqlCredential credential, Object providerInfo, String newPassword, SecureString newSecurePassword, Boolean redirectedUserInstance, SqlConnectionString userConnectionOptions, SessionData reconnectSessionData, DbConnectionPool pool, String accessToken, Boolean applyTransientFaultHandling, SqlAuthenticationProviderManager sqlAuthProviderManager)
   at System.Data.SqlClient.SqlConnectionFactory.CreateConnection(DbConnectionOptions options, DbConnectionPoolKey poolKey, Object poolGroupProviderInfo, DbConnectionPool pool, DbConnection owningConnection, DbConnectionOptions userOptions)
   at System.Data.ProviderBase.DbConnectionFactory.CreatePooledConnection(DbConnectionPool pool, DbConnection owningObject, DbConnectionOptions options, DbConnectionPoolKey poolKey, DbConnectionOptions userOptions)
   at System.Data.ProviderBase.DbConnectionPool.CreateObject(DbConnection owningObject, DbConnectionOptions userOptions, DbConnectionInternal oldConnection)
   at System.Data.ProviderBase.DbConnectionPool.UserCreateRequest(DbConnection owningObject, DbConnectionOptions userOptions, DbConnectionInternal oldConnection)
   at System.Data.ProviderBase.DbConnectionPool.TryGetConnection(DbConnection owningObject, UInt32 waitForMultipleObjectsTimeout, Boolean allowCreate, Boolean onlyOneCheckConnection, DbConnectionOptions userOptions, DbConnectionInternal& connection)
   at System.Data.ProviderBase.DbConnectionPool.TryGetConnection(DbConnection owningObject, TaskCompletionSource`1 retry, DbConnectionOptions userOptions, DbConnectionInternal& connection)
   at System.Data.ProviderBase.DbConnectionFactory.TryGetConnection(DbConnection owningConnection, TaskCompletionSource`1 retry, DbConnectionOptions userOptions, DbConnectionInternal oldConnection, DbConnectionInternal& connection)
   at System.Data.ProviderBase.DbConnectionInternal.TryOpenConnectionInternal(DbConnection outerConnection, DbConnectionFactory connectionFactory, TaskCompletionSource`1 retry, DbConnectionOptions userOptions)
   at System.Data.ProviderBase.DbConnectionClosed.TryOpenConnection(DbConnection outerConnection, DbConnectionFactory connectionFactory, TaskCompletionSource`1 retry, DbConnectionOptions userOptions)
   at System.Data.SqlClient.SqlConnection.TryOpenInner(TaskCompletionSource`1 retry)
   at System.Data.SqlClient.SqlConnection.TryOpen(TaskCompletionSource`1 retry)
   at System.Data.SqlClient.SqlConnection.Open()
   at DataAnalyzer.Support.Dataaccess.Machinemapping(String S2MachineID) in D:\NEW LIVE PROJECT\Extrnal soures\Extrnal soures\DataAnalyzer\Support\Dataaccess.cs:line 214

--------------------------------------------------------------------------------------------------------
08-29-2026 15:55:26
A network-related or instance-specific error occurred while establishing a connection to SQL Server. The server was not found or was not accessible. Verify that the instance name is correct and that SQL Server is configured to allow remote connections. (provider: TCP Provider, error: 0 - The wait operation timed out.)
   at System.Data.SqlClient.SqlInternalConnectionTds..ctor(DbConnectionPoolIdentity identity, SqlConnectionString connectionOptions, SqlCredential credential, Object providerInfo, String newPassword, SecureString newSecurePassword, Boolean redirectedUserInstance, SqlConnectionString userConnectionOptions, SessionData reconnectSessionData, DbConnectionPool pool, String accessToken, Boolean applyTransientFaultHandling, SqlAuthenticationProviderManager sqlAuthProviderManager)
   at System.Data.SqlClient.SqlConnectionFactory.CreateConnection(DbConnectionOptions options, DbConnectionPoolKey poolKey, Object poolGroupProviderInfo, DbConnectionPool pool, DbConnection owningConnection, DbConnectionOptions userOptions)
   at System.Data.ProviderBase.DbConnectionFactory.CreatePooledConnection(DbConnectionPool pool, DbConnection owningObject, DbConnectionOptions options, DbConnectionPoolKey poolKey, DbConnectionOptions userOptions)
   at System.Data.ProviderBase.DbConnectionPool.CreateObject(DbConnection owningObject, DbConnectionOptions userOptions, DbConnectionInternal oldConnection)
   at System.Data.ProviderBase.DbConnectionPool.UserCreateRequest(DbConnection owningObject, DbConnectionOptions userOptions, DbConnectionInternal oldConnection)
   at System.Data.ProviderBase.DbConnectionPool.TryGetConnection(DbConnection owningObject, UInt32 waitForMultipleObjectsTimeout, Boolean allowCreate, Boolean onlyOneCheckConnection, DbConnectionOptions userOptions, DbConnectionInternal& connection)
   at System.Data.ProviderBase.DbConnectionPool.TryGetConnection(DbConnection owningObject, TaskCompletionSource`1 retry, DbConnectionOptions userOptions, DbConnectionInternal& connection)
   at System.Data.ProviderBase.DbConnectionFactory.TryGetConnection(DbConnection owningConnection, TaskCompletionSource`1 retry, DbConnectionOptions userOptions, DbConnectionInternal oldConnection, DbConnectionInternal& connection)
   at System.Data.ProviderBase.DbConnectionInternal.TryOpenConnectionInternal(DbConnection outerConnection, DbConnectionFactory connectionFactory, TaskCompletionSource`1 retry, DbConnectionOptions userOptions)
   at System.Data.ProviderBase.DbConnectionClosed.TryOpenConnection(DbConnection outerConnection, DbConnectionFactory connectionFactory, TaskCompletionSource`1 retry, DbConnectionOptions userOptions)
   at System.Data.SqlClient.SqlConnection.TryOpenInner(TaskCompletionSource`1 retry)
   at System.Data.SqlClient.SqlConnection.TryOpen(TaskCompletionSource`1 retry)
   at System.Data.SqlClient.SqlConnection.Open()
   at DataAnalyzer.Support.Dataaccess.Machinemapping(String S2MachineID) in D:\NEW LIVE PROJECT\Extrnal soures\Extrnal soures\DataAnalyzer\Support\Dataaccess.cs:line 214

--------------------------------------------------------------------------------------------------------
08-29-2026 15:56:02
'.', hexadecimal value 0x00, is an invalid character. Line 69648, position 14.
   at System.Xml.XmlTextReaderImpl.Throw(Exception e)
   at System.Xml.XmlTextReaderImpl.Throw(String res, String[] args)
   at System.Xml.XmlTextReaderImpl.ParseText(Int32& startPos, Int32& endPos, Int32& outOrChars)
   at System.Xml.XmlTextReaderImpl.ParseText()
   at System.Xml.XmlTextReaderImpl.ParseElementContent()
   at System.Xml.XmlTextReaderImpl.Read()
   at System.Xml.XmlLoader.LoadNode(Boolean skipOverWhitespace)
   at System.Xml.XmlLoader.LoadDocSequence(XmlDocument parentDoc)
   at System.Xml.XmlLoader.Load(XmlDocument doc, XmlReader reader, Boolean preserveWhitespace)
   at System.Xml.XmlDocument.Load(XmlReader reader)
   at System.Xml.XmlDocument.Load(String filename)
   at DataAnalyzer.Support.FileManager.WriteInputMessage(InputMessages Message, String FileName) in D:\NEW LIVE PROJECT\Extrnal soures\Extrnal soures\DataAnalyzer\Support\FileManager.cs:line 1102

--------------------------------------------------------------------------------------------------------
08-29-2026 15:56:17
A network-related or instance-specific error occurred while establishing a connection to SQL Server. The server was not found or was not accessible. Verify that the instance name is correct and that SQL Server is configured to allow remote connections. (provider: TCP Provider, error: 0 - The wait operation timed out.)
   at System.Data.SqlClient.SqlInternalConnectionTds..ctor(DbConnectionPoolIdentity identity, SqlConnectionString connectionOptions, SqlCredential credential, Object providerInfo, String newPassword, SecureString newSecurePassword, Boolean redirectedUserInstance, SqlConnectionString userConnectionOptions, SessionData reconnectSessionData, DbConnectionPool pool, String accessToken, Boolean applyTransientFaultHandling, SqlAuthenticationProviderManager sqlAuthProviderManager)
   at System.Data.SqlClient.SqlConnectionFactory.CreateConnection(DbConnectionOptions options, DbConnectionPoolKey poolKey, Object poolGroupProviderInfo, DbConnectionPool pool, DbConnection owningConnection, DbConnectionOptions userOptions)
   at System.Data.ProviderBase.DbConnectionFactory.CreatePooledConnection(DbConnectionPool pool, DbConnection owningObject, DbConnectionOptions options, DbConnectionPoolKey poolKey, DbConnectionOptions userOptions)
   at System.Data.ProviderBase.DbConnectionPool.CreateObject(DbConnection owningObject, DbConnectionOptions userOptions, DbConnectionInternal oldConnection)
   at System.Data.ProviderBase.DbConnectionPool.UserCreateRequest(DbConnection owningObject, DbConnectionOptions userOptions, DbConnectionInternal oldConnection)
   at System.Data.ProviderBase.DbConnectionPool.TryGetConnection(DbConnection owningObject, UInt32 waitForMultipleObjectsTimeout, Boolean allowCreate, Boolean onlyOneCheckConnection, DbConnectionOptions userOptions, DbConnectionInternal& connection)
   at System.Data.ProviderBase.DbConnectionPool.TryGetConnection(DbConnection owningObject, TaskCompletionSource`1 retry, DbConnectionOptions userOptions, DbConnectionInternal& connection)
   at System.Data.ProviderBase.DbConnectionFactory.TryGetConnection(DbConnection owningConnection, TaskCompletionSource`1 retry, DbConnectionOptions userOptions, DbConnectionInternal oldConnection, DbConnectionInternal& connection)
   at System.Data.ProviderBase.DbConnectionInternal.TryOpenConnectionInternal(DbConnection outerConnection, DbConnectionFactory connectionFactory, TaskCompletionSource`1 retry, DbConnectionOptions userOptions)
   at System.Data.ProviderBase.DbConnectionClosed.TryOpenConnection(DbConnection outerConnection, DbConnectionFactory connectionFactory, TaskCompletionSource`1 retry, DbConnectionOptions userOptions)
   at System.Data.SqlClient.SqlConnection.TryOpenInner(TaskCompletionSource`1 retry)
   at System.Data.SqlClient.SqlConnection.TryOpen(TaskCompletionSource`1 retry)
   at System.Data.SqlClient.SqlConnection.Open()
   at DataAnalyzer.Support.Dataaccess.Machinemapping(String S2MachineID) in D:\NEW LIVE PROJECT\Extrnal soures\Extrnal soures\DataAnalyzer\Support\Dataaccess.cs:line 214

--------------------------------------------------------------------------------------------------------
08-29-2026 15:57:27
'.', hexadecimal value 0x00, is an invalid character. Line 69648, position 14.
   at System.Xml.XmlTextReaderImpl.Throw(Exception e)
   at System.Xml.XmlTextReaderImpl.Throw(String res, String[] args)
   at System.Xml.XmlTextReaderImpl.ParseText(Int32& startPos, Int32& endPos, Int32& outOrChars)
   at System.Xml.XmlTextReaderImpl.ParseText()
   at System.Xml.XmlTextReaderImpl.ParseElementContent()
   at System.Xml.XmlTextReaderImpl.Read()
   at System.Xml.XmlLoader.LoadNode(Boolean skipOverWhitespace)
   at System.Xml.XmlLoader.LoadDocSequence(XmlDocument parentDoc)
   at System.Xml.XmlLoader.Load(XmlDocument doc, XmlReader reader, Boolean preserveWhitespace)
   at System.Xml.XmlDocument.Load(XmlReader reader)
   at System.Xml.XmlDocument.Load(String filename)
   at DataAnalyzer.Support.FileManager.WriteInputMessage(InputMessages Message, String FileName) in D:\NEW LIVE PROJECT\Extrnal soures\Extrnal soures\DataAnalyzer\Support\FileManager.cs:line 1102

--------------------------------------------------------------------------------------------------------
08-29-2026 15:57:43
A network-related or instance-specific error occurred while establishing a connection to SQL Server. The server was not found or was not accessible. Verify that the instance name is correct and that SQL Server is configured to allow remote connections. (provider: TCP Provider, error: 0 - The wait operation timed out.)
   at System.Data.SqlClient.SqlInternalConnectionTds..ctor(DbConnectionPoolIdentity identity, SqlConnectionString connectionOptions, SqlCredential credential, Object providerInfo, String newPassword, SecureString newSecurePassword, Boolean redirectedUserInstance, SqlConnectionString userConnectionOptions, SessionData reconnectSessionData, DbConnectionPool pool, String accessToken, Boolean applyTransientFaultHandling, SqlAuthenticationProviderManager sqlAuthProviderManager)
   at System.Data.SqlClient.SqlConnectionFactory.CreateConnection(DbConnectionOptions options, DbConnectionPoolKey poolKey, Object poolGroupProviderInfo, DbConnectionPool pool, DbConnection owningConnection, DbConnectionOptions userOptions)
   at System.Data.ProviderBase.DbConnectionFactory.CreatePooledConnection(DbConnectionPool pool, DbConnection owningObject, DbConnectionOptions options, DbConnectionPoolKey poolKey, DbConnectionOptions userOptions)
   at System.Data.ProviderBase.DbConnectionPool.CreateObject(DbConnection owningObject, DbConnectionOptions userOptions, DbConnectionInternal oldConnection)
   at System.Data.ProviderBase.DbConnectionPool.UserCreateRequest(DbConnection owningObject, DbConnectionOptions userOptions, DbConnectionInternal oldConnection)
   at System.Data.ProviderBase.DbConnectionPool.TryGetConnection(DbConnection owningObject, UInt32 waitForMultipleObjectsTimeout, Boolean allowCreate, Boolean onlyOneCheckConnection, DbConnectionOptions userOptions, DbConnectionInternal& connection)
   at System.Data.ProviderBase.DbConnectionPool.TryGetConnection(DbConnection owningObject, TaskCompletionSource`1 retry, DbConnectionOptions userOptions, DbConnectionInternal& connection)
   at System.Data.ProviderBase.DbConnectionFactory.TryGetConnection(DbConnection owningConnection, TaskCompletionSource`1 retry, DbConnectionOptions userOptions, DbConnectionInternal oldConnection, DbConnectionInternal& connection)
   at System.Data.ProviderBase.DbConnectionInternal.TryOpenConnectionInternal(DbConnection outerConnection, DbConnectionFactory connectionFactory, TaskCompletionSource`1 retry, DbConnectionOptions userOptions)
   at System.Data.ProviderBase.DbConnectionClosed.TryOpenConnection(DbConnection outerConnection, DbConnectionFactory connectionFactory, TaskCompletionSource`1 retry, DbConnectionOptions userOptions)
   at System.Data.SqlClient.SqlConnection.TryOpenInner(TaskCompletionSource`1 retry)
   at System.Data.SqlClient.SqlConnection.TryOpen(TaskCompletionSource`1 retry)
   at System.Data.SqlClient.SqlConnection.Open()
   at DataAnalyzer.Support.Dataaccess.Machinemapping(String S2MachineID) in D:\NEW LIVE PROJECT\Extrnal soures\Extrnal soures\DataAnalyzer\Support\Dataaccess.cs:line 214

--------------------------------------------------------------------------------------------------------
08-29-2026 15:59:10
'.', hexadecimal value 0x00, is an invalid character. Line 69648, position 14.
   at System.Xml.XmlTextReaderImpl.Throw(Exception e)
   at System.Xml.XmlTextReaderImpl.Throw(String res, String[] args)
   at System.Xml.XmlTextReaderImpl.ParseText(Int32& startPos, Int32& endPos, Int32& outOrChars)
   at System.Xml.XmlTextReaderImpl.ParseText()
   at System.Xml.XmlTextReaderImpl.ParseElementContent()
   at System.Xml.XmlTextReaderImpl.Read()
   at System.Xml.XmlLoader.LoadNode(Boolean skipOverWhitespace)
   at System.Xml.XmlLoader.LoadDocSequence(XmlDocument parentDoc)
   at System.Xml.XmlLoader.Load(XmlDocument doc, XmlReader reader, Boolean preserveWhitespace)
   at System.Xml.XmlDocument.Load(XmlReader reader)
   at System.Xml.XmlDocument.Load(String filename)
   at DataAnalyzer.Support.FileManager.WriteInputMessage(InputMessages Message, String FileName) in D:\NEW LIVE PROJECT\Extrnal soures\Extrnal soures\DataAnalyzer\Support\FileManager.cs:line 1102

--------------------------------------------------------------------------------------------------------
08-29-2026 15:59:25
A network-related or instance-specific error occurred while establishing a connection to SQL Server. The server was not found or was not accessible. Verify that the instance name is correct and that SQL Server is configured to allow remote connections. (provider: TCP Provider, error: 0 - The wait operation timed out.)
   at System.Data.SqlClient.SqlInternalConnectionTds..ctor(DbConnectionPoolIdentity identity, SqlConnectionString connectionOptions, SqlCredential credential, Object providerInfo, String newPassword, SecureString newSecurePassword, Boolean redirectedUserInstance, SqlConnectionString userConnectionOptions, SessionData reconnectSessionData, DbConnectionPool pool, String accessToken, Boolean applyTransientFaultHandling, SqlAuthenticationProviderManager sqlAuthProviderManager)
   at System.Data.SqlClient.SqlConnectionFactory.CreateConnection(DbConnectionOptions options, DbConnectionPoolKey poolKey, Object poolGroupProviderInfo, DbConnectionPool pool, DbConnection owningConnection, DbConnectionOptions userOptions)
   at System.Data.ProviderBase.DbConnectionFactory.CreatePooledConnection(DbConnectionPool pool, DbConnection owningObject, DbConnectionOptions options, DbConnectionPoolKey poolKey, DbConnectionOptions userOptions)
   at System.Data.ProviderBase.DbConnectionPool.CreateObject(DbConnection owningObject, DbConnectionOptions userOptions, DbConnectionInternal oldConnection)
   at System.Data.ProviderBase.DbConnectionPool.UserCreateRequest(DbConnection owningObject, DbConnectionOptions userOptions, DbConnectionInternal oldConnection)
   at System.Data.ProviderBase.DbConnectionPool.TryGetConnection(DbConnection owningObject, UInt32 waitForMultipleObjectsTimeout, Boolean allowCreate, Boolean onlyOneCheckConnection, DbConnectionOptions userOptions, DbConnectionInternal& connection)
   at System.Data.ProviderBase.DbConnectionPool.TryGetConnection(DbConnection owningObject, TaskCompletionSource`1 retry, DbConnectionOptions userOptions, DbConnectionInternal& connection)
   at System.Data.ProviderBase.DbConnectionFactory.TryGetConnection(DbConnection owningConnection, TaskCompletionSource`1 retry, DbConnectionOptions userOptions, DbConnectionInternal oldConnection, DbConnectionInternal& connection)
   at System.Data.ProviderBase.DbConnectionInternal.TryOpenConnectionInternal(DbConnection outerConnection, DbConnectionFactory connectionFactory, TaskCompletionSource`1 retry, DbConnectionOptions userOptions)
   at System.Data.ProviderBase.DbConnectionClosed.TryOpenConnection(DbConnection outerConnection, DbConnectionFactory connectionFactory, TaskCompletionSource`1 retry, DbConnectionOptions userOptions)
   at System.Data.SqlClient.SqlConnection.TryOpenInner(TaskCompletionSource`1 retry)
   at System.Data.SqlClient.SqlConnection.TryOpen(TaskCompletionSource`1 retry)
   at System.Data.SqlClient.SqlConnection.Open()
   at DataAnalyzer.Support.Dataaccess.Machinemapping(String S2MachineID) in D:\NEW LIVE PROJECT\Extrnal soures\Extrnal soures\DataAnalyzer\Support\Dataaccess.cs:line 214

--------------------------------------------------------------------------------------------------------
08-29-2026 16:00:01
'.', hexadecimal value 0x00, is an invalid character. Line 69648, position 14.
   at System.Xml.XmlTextReaderImpl.Throw(Exception e)
   at System.Xml.XmlTextReaderImpl.Throw(String res, String[] args)
   at System.Xml.XmlTextReaderImpl.ParseText(Int32& startPos, Int32& endPos, Int32& outOrChars)
   at System.Xml.XmlTextReaderImpl.ParseText()
   at System.Xml.XmlTextReaderImpl.ParseElementContent()
   at System.Xml.XmlTextReaderImpl.Read()
   at System.Xml.XmlLoader.LoadNode(Boolean skipOverWhitespace)
   at System.Xml.XmlLoader.LoadDocSequence(XmlDocument parentDoc)
   at System.Xml.XmlLoader.Load(XmlDocument doc, XmlReader reader, Boolean preserveWhitespace)
   at System.Xml.XmlDocument.Load(XmlReader reader)
   at System.Xml.XmlDocument.Load(String filename)
   at DataAnalyzer.Support.FileManager.WriteInputMessage(InputMessages Message, String FileName) in D:\NEW LIVE PROJECT\Extrnal soures\Extrnal soures\DataAnalyzer\Support\FileManager.cs:line 1102

--------------------------------------------------------------------------------------------------------
08-29-2026 16:00:17
A network-related or instance-specific error occurred while establishing a connection to SQL Server. The server was not found or was not accessible. Verify that the instance name is correct and that SQL Server is configured to allow remote connections. (provider: TCP Provider, error: 0 - The wait operation timed out.)
   at System.Data.SqlClient.SqlInternalConnectionTds..ctor(DbConnectionPoolIdentity identity, SqlConnectionString connectionOptions, SqlCredential credential, Object providerInfo, String newPassword, SecureString newSecurePassword, Boolean redirectedUserInstance, SqlConnectionString userConnectionOptions, SessionData reconnectSessionData, DbConnectionPool pool, String accessToken, Boolean applyTransientFaultHandling, SqlAuthenticationProviderManager sqlAuthProviderManager)
   at System.Data.SqlClient.SqlConnectionFactory.CreateConnection(DbConnectionOptions options, DbConnectionPoolKey poolKey, Object poolGroupProviderInfo, DbConnectionPool pool, DbConnection owningConnection, DbConnectionOptions userOptions)
   at System.Data.ProviderBase.DbConnectionFactory.CreatePooledConnection(DbConnectionPool pool, DbConnection owningObject, DbConnectionOptions options, DbConnectionPoolKey poolKey, DbConnectionOptions userOptions)
   at System.Data.ProviderBase.DbConnectionPool.CreateObject(DbConnection owningObject, DbConnectionOptions userOptions, DbConnectionInternal oldConnection)
   at System.Data.ProviderBase.DbConnectionPool.UserCreateRequest(DbConnection owningObject, DbConnectionOptions userOptions, DbConnectionInternal oldConnection)
   at System.Data.ProviderBase.DbConnectionPool.TryGetConnection(DbConnection owningObject, UInt32 waitForMultipleObjectsTimeout, Boolean allowCreate, Boolean onlyOneCheckConnection, DbConnectionOptions userOptions, DbConnectionInternal& connection)
   at System.Data.ProviderBase.DbConnectionPool.TryGetConnection(DbConnection owningObject, TaskCompletionSource`1 retry, DbConnectionOptions userOptions, DbConnectionInternal& connection)
   at System.Data.ProviderBase.DbConnectionFactory.TryGetConnection(DbConnection owningConnection, TaskCompletionSource`1 retry, DbConnectionOptions userOptions, DbConnectionInternal oldConnection, DbConnectionInternal& connection)
   at System.Data.ProviderBase.DbConnectionInternal.TryOpenConnectionInternal(DbConnection outerConnection, DbConnectionFactory connectionFactory, TaskCompletionSource`1 retry, DbConnectionOptions userOptions)
   at System.Data.ProviderBase.DbConnectionClosed.TryOpenConnection(DbConnection outerConnection, DbConnectionFactory connectionFactory, TaskCompletionSource`1 retry, DbConnectionOptions userOptions)
   at System.Data.SqlClient.SqlConnection.TryOpenInner(TaskCompletionSource`1 retry)
   at System.Data.SqlClient.SqlConnection.TryOpen(TaskCompletionSource`1 retry)
   at System.Data.SqlClient.SqlConnection.Open()
   at DataAnalyzer.Support.Dataaccess.Machinemapping(String S2MachineID) in D:\NEW LIVE PROJECT\Extrnal soures\Extrnal soures\DataAnalyzer\Support\Dataaccess.cs:line 214

--------------------------------------------------------------------------------------------------------
08-29-2026 16:01:52
'.', hexadecimal value 0x00, is an invalid character. Line 69648, position 14.
   at System.Xml.XmlTextReaderImpl.Throw(Exception e)
   at System.Xml.XmlTextReaderImpl.Throw(String res, String[] args)
   at System.Xml.XmlTextReaderImpl.ParseText(Int32& startPos, Int32& endPos, Int32& outOrChars)
   at System.Xml.XmlTextReaderImpl.ParseText()
   at System.Xml.XmlTextReaderImpl.ParseElementContent()
   at System.Xml.XmlTextReaderImpl.Read()
   at System.Xml.XmlLoader.LoadNode(Boolean skipOverWhitespace)
   at System.Xml.XmlLoader.LoadDocSequence(XmlDocument parentDoc)
   at System.Xml.XmlLoader.Load(XmlDocument doc, XmlReader reader, Boolean preserveWhitespace)
   at System.Xml.XmlDocument.Load(XmlReader reader)
   at System.Xml.XmlDocument.Load(String filename)
   at DataAnalyzer.Support.FileManager.WriteInputMessage(InputMessages Message, String FileName) in D:\NEW LIVE PROJECT\Extrnal soures\Extrnal soures\DataAnalyzer\Support\FileManager.cs:line 1102

--------------------------------------------------------------------------------------------------------
08-29-2026 16:02:08
A network-related or instance-specific error occurred while establishing a connection to SQL Server. The server was not found or was not accessible. Verify that the instance name is correct and that SQL Server is configured to allow remote connections. (provider: TCP Provider, error: 0 - The wait operation timed out.)
   at System.Data.SqlClient.SqlInternalConnectionTds..ctor(DbConnectionPoolIdentity identity, SqlConnectionString connectionOptions, SqlCredential credential, Object providerInfo, String newPassword, SecureString newSecurePassword, Boolean redirectedUserInstance, SqlConnectionString userConnectionOptions, SessionData reconnectSessionData, DbConnectionPool pool, String accessToken, Boolean applyTransientFaultHandling, SqlAuthenticationProviderManager sqlAuthProviderManager)
   at System.Data.SqlClient.SqlConnectionFactory.CreateConnection(DbConnectionOptions options, DbConnectionPoolKey poolKey, Object poolGroupProviderInfo, DbConnectionPool pool, DbConnection owningConnection, DbConnectionOptions userOptions)
   at System.Data.ProviderBase.DbConnectionFactory.CreatePooledConnection(DbConnectionPool pool, DbConnection owningObject, DbConnectionOptions options, DbConnectionPoolKey poolKey, DbConnectionOptions userOptions)
   at System.Data.ProviderBase.DbConnectionPool.CreateObject(DbConnection owningObject, DbConnectionOptions userOptions, DbConnectionInternal oldConnection)
   at System.Data.ProviderBase.DbConnectionPool.UserCreateRequest(DbConnection owningObject, DbConnectionOptions userOptions, DbConnectionInternal oldConnection)
   at System.Data.ProviderBase.DbConnectionPool.TryGetConnection(DbConnection owningObject, UInt32 waitForMultipleObjectsTimeout, Boolean allowCreate, Boolean onlyOneCheckConnection, DbConnectionOptions userOptions, DbConnectionInternal& connection)
   at System.Data.ProviderBase.DbConnectionPool.TryGetConnection(DbConnection owningObject, TaskCompletionSource`1 retry, DbConnectionOptions userOptions, DbConnectionInternal& connection)
   at System.Data.ProviderBase.DbConnectionFactory.TryGetConnection(DbConnection owningConnection, TaskCompletionSource`1 retry, DbConnectionOptions userOptions, DbConnectionInternal oldConnection, DbConnectionInternal& connection)
   at System.Data.ProviderBase.DbConnectionInternal.TryOpenConnectionInternal(DbConnection outerConnection, DbConnectionFactory connectionFactory, TaskCompletionSource`1 retry, DbConnectionOptions userOptions)
   at System.Data.ProviderBase.DbConnectionClosed.TryOpenConnection(DbConnection outerConnection, DbConnectionFactory connectionFactory, TaskCompletionSource`1 retry, DbConnectionOptions userOptions)
   at System.Data.SqlClient.SqlConnection.TryOpenInner(TaskCompletionSource`1 retry)
   at System.Data.SqlClient.SqlConnection.TryOpen(TaskCompletionSource`1 retry)
   at System.Data.SqlClient.SqlConnection.Open()
   at DataAnalyzer.Support.Dataaccess.Machinemapping(String S2MachineID) in D:\NEW LIVE PROJECT\Extrnal soures\Extrnal soures\DataAnalyzer\Support\Dataaccess.cs:line 214

--------------------------------------------------------------------------------------------------------
08-29-2026 16:02:18
'.', hexadecimal value 0x00, is an invalid character. Line 69648, position 14.
   at System.Xml.XmlTextReaderImpl.Throw(Exception e)
   at System.Xml.XmlTextReaderImpl.Throw(String res, String[] args)
   at System.Xml.XmlTextReaderImpl.ParseText(Int32& startPos, Int32& endPos, Int32& outOrChars)
   at System.Xml.XmlTextReaderImpl.ParseText()
   at System.Xml.XmlTextReaderImpl.ParseElementContent()
   at System.Xml.XmlTextReaderImpl.Read()
   at System.Xml.XmlLoader.LoadNode(Boolean skipOverWhitespace)
   at System.Xml.XmlLoader.LoadDocSequence(XmlDocument parentDoc)
   at System.Xml.XmlLoader.Load(XmlDocument doc, XmlReader reader, Boolean preserveWhitespace)
   at System.Xml.XmlDocument.Load(XmlReader reader)
   at System.Xml.XmlDocument.Load(String filename)
   at DataAnalyzer.Support.FileManager.WriteInputMessage(InputMessages Message, String FileName) in D:\NEW LIVE PROJECT\Extrnal soures\Extrnal soures\DataAnalyzer\Support\FileManager.cs:line 1102

--------------------------------------------------------------------------------------------------------
08-29-2026 16:02:33
A network-related or instance-specific error occurred while establishing a connection to SQL Server. The server was not found or was not accessible. Verify that the instance name is correct and that SQL Server is configured to allow remote connections. (provider: TCP Provider, error: 0 - The wait operation timed out.)
   at System.Data.SqlClient.SqlInternalConnectionTds..ctor(DbConnectionPoolIdentity identity, SqlConnectionString connectionOptions, SqlCredential credential, Object providerInfo, String newPassword, SecureString newSecurePassword, Boolean redirectedUserInstance, SqlConnectionString userConnectionOptions, SessionData reconnectSessionData, DbConnectionPool pool, String accessToken, Boolean applyTransientFaultHandling, SqlAuthenticationProviderManager sqlAuthProviderManager)
   at System.Data.SqlClient.SqlConnectionFactory.CreateConnection(DbConnectionOptions options, DbConnectionPoolKey poolKey, Object poolGroupProviderInfo, DbConnectionPool pool, DbConnection owningConnection, DbConnectionOptions userOptions)
   at System.Data.ProviderBase.DbConnectionFactory.CreatePooledConnection(DbConnectionPool pool, DbConnection owningObject, DbConnectionOptions options, DbConnectionPoolKey poolKey, DbConnectionOptions userOptions)
   at System.Data.ProviderBase.DbConnectionPool.CreateObject(DbConnection owningObject, DbConnectionOptions userOptions, DbConnectionInternal oldConnection)
   at System.Data.ProviderBase.DbConnectionPool.UserCreateRequest(DbConnection owningObject, DbConnectionOptions userOptions, DbConnectionInternal oldConnection)
   at System.Data.ProviderBase.DbConnectionPool.TryGetConnection(DbConnection owningObject, UInt32 waitForMultipleObjectsTimeout, Boolean allowCreate, Boolean onlyOneCheckConnection, DbConnectionOptions userOptions, DbConnectionInternal& connection)
   at System.Data.ProviderBase.DbConnectionPool.TryGetConnection(DbConnection owningObject, TaskCompletionSource`1 retry, DbConnectionOptions userOptions, DbConnectionInternal& connection)
   at System.Data.ProviderBase.DbConnectionFactory.TryGetConnection(DbConnection owningConnection, TaskCompletionSource`1 retry, DbConnectionOptions userOptions, DbConnectionInternal oldConnection, DbConnectionInternal& connection)
   at System.Data.ProviderBase.DbConnectionInternal.TryOpenConnectionInternal(DbConnection outerConnection, DbConnectionFactory connectionFactory, TaskCompletionSource`1 retry, DbConnectionOptions userOptions)
   at System.Data.ProviderBase.DbConnectionClosed.TryOpenConnection(DbConnection outerConnection, DbConnectionFactory connectionFactory, TaskCompletionSource`1 retry, DbConnectionOptions userOptions)
   at System.Data.SqlClient.SqlConnection.TryOpenInner(TaskCompletionSource`1 retry)
   at System.Data.SqlClient.SqlConnection.TryOpen(TaskCompletionSource`1 retry)
   at System.Data.SqlClient.SqlConnection.Open()
   at DataAnalyzer.Support.Dataaccess.Machinemapping(String S2MachineID) in D:\NEW LIVE PROJECT\Extrnal soures\Extrnal soures\DataAnalyzer\Support\Dataaccess.cs:line 214

--------------------------------------------------------------------------------------------------------
08-29-2026 16:12:08
'.', hexadecimal value 0x00, is an invalid character. Line 69648, position 14.
   at System.Xml.XmlTextReaderImpl.Throw(Exception e)
   at System.Xml.XmlTextReaderImpl.Throw(String res, String[] args)
   at System.Xml.XmlTextReaderImpl.ParseText(Int32& startPos, Int32& endPos, Int32& outOrChars)
   at System.Xml.XmlTextReaderImpl.ParseText()
   at System.Xml.XmlTextReaderImpl.ParseElementContent()
   at System.Xml.XmlTextReaderImpl.Read()
   at System.Xml.XmlLoader.LoadNode(Boolean skipOverWhitespace)
   at System.Xml.XmlLoader.LoadDocSequence(XmlDocument parentDoc)
   at System.Xml.XmlLoader.Load(XmlDocument doc, XmlReader reader, Boolean preserveWhitespace)
   at System.Xml.XmlDocument.Load(XmlReader reader)
   at System.Xml.XmlDocument.Load(String filename)
   at DataAnalyzer.Support.FileManager.WriteInputMessage(InputMessages Message, String FileName) in D:\NEW LIVE PROJECT\Extrnal soures\Extrnal soures\DataAnalyzer\Support\FileManager.cs:line 1102

--------------------------------------------------------------------------------------------------------
08-29-2026 16:12:44
'.', hexadecimal value 0x00, is an invalid character. Line 69648, position 14.
   at System.Xml.XmlTextReaderImpl.Throw(Exception e)
   at System.Xml.XmlTextReaderImpl.Throw(String res, String[] args)
   at System.Xml.XmlTextReaderImpl.ParseText(Int32& startPos, Int32& endPos, Int32& outOrChars)
   at System.Xml.XmlTextReaderImpl.ParseText()
   at System.Xml.XmlTextReaderImpl.ParseElementContent()
   at System.Xml.XmlTextReaderImpl.Read()
   at System.Xml.XmlLoader.LoadNode(Boolean skipOverWhitespace)
   at System.Xml.XmlLoader.LoadDocSequence(XmlDocument parentDoc)
   at System.Xml.XmlLoader.Load(XmlDocument doc, XmlReader reader, Boolean preserveWhitespace)
   at System.Xml.XmlDocument.Load(XmlReader reader)
   at System.Xml.XmlDocument.Load(String filename)
   at DataAnalyzer.Support.FileManager.WriteInputMessage(InputMessages Message, String FileName) in D:\NEW LIVE PROJECT\Extrnal soures\Extrnal soures\DataAnalyzer\Support\FileManager.cs:line 1102

--------------------------------------------------------------------------------------------------------
08-29-2026 16:13:19
'.', hexadecimal value 0x00, is an invalid character. Line 69648, position 14.
   at System.Xml.XmlTextReaderImpl.Throw(Exception e)
   at System.Xml.XmlTextReaderImpl.Throw(String res, String[] args)
   at System.Xml.XmlTextReaderImpl.ParseText(Int32& startPos, Int32& endPos, Int32& outOrChars)
   at System.Xml.XmlTextReaderImpl.ParseText()
   at System.Xml.XmlTextReaderImpl.ParseElementContent()
   at System.Xml.XmlTextReaderImpl.Read()
   at System.Xml.XmlLoader.LoadNode(Boolean skipOverWhitespace)
   at System.Xml.XmlLoader.LoadDocSequence(XmlDocument parentDoc)
   at System.Xml.XmlLoader.Load(XmlDocument doc, XmlReader reader, Boolean preserveWhitespace)
   at System.Xml.XmlDocument.Load(XmlReader reader)
   at System.Xml.XmlDocument.Load(String filename)
   at DataAnalyzer.Support.FileManager.WriteInputMessage(InputMessages Message, String FileName) in D:\NEW LIVE PROJECT\Extrnal soures\Extrnal soures\DataAnalyzer\Support\FileManager.cs:line 1102

--------------------------------------------------------------------------------------------------------
08-29-2026 16:16:09
'.', hexadecimal value 0x00, is an invalid character. Line 69648, position 14.
   at System.Xml.XmlTextReaderImpl.Throw(Exception e)
   at System.Xml.XmlTextReaderImpl.Throw(String res, String[] args)
   at System.Xml.XmlTextReaderImpl.ParseText(Int32& startPos, Int32& endPos, Int32& outOrChars)
   at System.Xml.XmlTextReaderImpl.ParseText()
   at System.Xml.XmlTextReaderImpl.ParseElementContent()
   at System.Xml.XmlTextReaderImpl.Read()
   at System.Xml.XmlLoader.LoadNode(Boolean skipOverWhitespace)
   at System.Xml.XmlLoader.LoadDocSequence(XmlDocument parentDoc)
   at System.Xml.XmlLoader.Load(XmlDocument doc, XmlReader reader, Boolean preserveWhitespace)
   at System.Xml.XmlDocument.Load(XmlReader reader)
   at System.Xml.XmlDocument.Load(String filename)
   at DataAnalyzer.Support.FileManager.WriteInputMessage(InputMessages Message, String FileName) in D:\NEW LIVE PROJECT\Extrnal soures\Extrnal soures\DataAnalyzer\Support\FileManager.cs:line 1102

--------------------------------------------------------------------------------------------------------
08-29-2026 16:16:22
'.', hexadecimal value 0x00, is an invalid character. Line 69648, position 14.
   at System.Xml.XmlTextReaderImpl.Throw(Exception e)
   at System.Xml.XmlTextReaderImpl.Throw(String res, String[] args)
   at System.Xml.XmlTextReaderImpl.ParseText(Int32& startPos, Int32& endPos, Int32& outOrChars)
   at System.Xml.XmlTextReaderImpl.ParseText()
   at System.Xml.XmlTextReaderImpl.ParseElementContent()
   at System.Xml.XmlTextReaderImpl.Read()
   at System.Xml.XmlLoader.LoadNode(Boolean skipOverWhitespace)
   at System.Xml.XmlLoader.LoadDocSequence(XmlDocument parentDoc)
   at System.Xml.XmlLoader.Load(XmlDocument doc, XmlReader reader, Boolean preserveWhitespace)
   at System.Xml.XmlDocument.Load(XmlReader reader)
   at System.Xml.XmlDocument.Load(String filename)
   at DataAnalyzer.Support.FileManager.WriteInputMessage(InputMessages Message, String FileName) in D:\NEW LIVE PROJECT\Extrnal soures\Extrnal soures\DataAnalyzer\Support\FileManager.cs:line 1102

--------------------------------------------------------------------------------------------------------
08-29-2026 16:16:33
'.', hexadecimal value 0x00, is an invalid character. Line 69648, position 14.
   at System.Xml.XmlTextReaderImpl.Throw(Exception e)
   at System.Xml.XmlTextReaderImpl.Throw(String res, String[] args)
   at System.Xml.XmlTextReaderImpl.ParseText(Int32& startPos, Int32& endPos, Int32& outOrChars)
   at System.Xml.XmlTextReaderImpl.ParseText()
   at System.Xml.XmlTextReaderImpl.ParseElementContent()
   at System.Xml.XmlTextReaderImpl.Read()
   at System.Xml.XmlLoader.LoadNode(Boolean skipOverWhitespace)
   at System.Xml.XmlLoader.LoadDocSequence(XmlDocument parentDoc)
   at System.Xml.XmlLoader.Load(XmlDocument doc, XmlReader reader, Boolean preserveWhitespace)
   at System.Xml.XmlDocument.Load(XmlReader reader)
   at System.Xml.XmlDocument.Load(String filename)
   at DataAnalyzer.Support.FileManager.WriteInputMessage(InputMessages Message, String FileName) in D:\NEW LIVE PROJECT\Extrnal soures\Extrnal soures\DataAnalyzer\Support\FileManager.cs:line 1102

--------------------------------------------------------------------------------------------------------
08-29-2026 16:16:44
'.', hexadecimal value 0x00, is an invalid character. Line 69648, position 14.
   at System.Xml.XmlTextReaderImpl.Throw(Exception e)
   at System.Xml.XmlTextReaderImpl.Throw(String res, String[] args)
   at System.Xml.XmlTextReaderImpl.ParseText(Int32& startPos, Int32& endPos, Int32& outOrChars)
   at System.Xml.XmlTextReaderImpl.ParseText()
   at System.Xml.XmlTextReaderImpl.ParseElementContent()
   at System.Xml.XmlTextReaderImpl.Read()
   at System.Xml.XmlLoader.LoadNode(Boolean skipOverWhitespace)
   at System.Xml.XmlLoader.LoadDocSequence(XmlDocument parentDoc)
   at System.Xml.XmlLoader.Load(XmlDocument doc, XmlReader reader, Boolean preserveWhitespace)
   at System.Xml.XmlDocument.Load(XmlReader reader)
   at System.Xml.XmlDocument.Load(String filename)
   at DataAnalyzer.Support.FileManager.WriteInputMessage(InputMessages Message, String FileName) in D:\NEW LIVE PROJECT\Extrnal soures\Extrnal soures\DataAnalyzer\Support\FileManager.cs:line 1102

--------------------------------------------------------------------------------------------------------
08-29-2026 16:16:56
'.', hexadecimal value 0x00, is an invalid character. Line 69648, position 14.
   at System.Xml.XmlTextReaderImpl.Throw(Exception e)
   at System.Xml.XmlTextReaderImpl.Throw(String res, String[] args)
   at System.Xml.XmlTextReaderImpl.ParseText(Int32& startPos, Int32& endPos, Int32& outOrChars)
   at System.Xml.XmlTextReaderImpl.ParseText()
   at System.Xml.XmlTextReaderImpl.ParseElementContent()
   at System.Xml.XmlTextReaderImpl.Read()
   at System.Xml.XmlLoader.LoadNode(Boolean skipOverWhitespace)
   at System.Xml.XmlLoader.LoadDocSequence(XmlDocument parentDoc)
   at System.Xml.XmlLoader.Load(XmlDocument doc, XmlReader reader, Boolean preserveWhitespace)
   at System.Xml.XmlDocument.Load(XmlReader reader)
   at System.Xml.XmlDocument.Load(String filename)
   at DataAnalyzer.Support.FileManager.WriteInputMessage(InputMessages Message, String FileName) in D:\NEW LIVE PROJECT\Extrnal soures\Extrnal soures\DataAnalyzer\Support\FileManager.cs:line 1102

--------------------------------------------------------------------------------------------------------
08-29-2026 16:17:08
'.', hexadecimal value 0x00, is an invalid character. Line 69648, position 14.
   at System.Xml.XmlTextReaderImpl.Throw(Exception e)
   at System.Xml.XmlTextReaderImpl.Throw(String res, String[] args)
   at System.Xml.XmlTextReaderImpl.ParseText(Int32& startPos, Int32& endPos, Int32& outOrChars)
   at System.Xml.XmlTextReaderImpl.ParseText()
   at System.Xml.XmlTextReaderImpl.ParseElementContent()
   at System.Xml.XmlTextReaderImpl.Read()
   at System.Xml.XmlLoader.LoadNode(Boolean skipOverWhitespace)
   at System.Xml.XmlLoader.LoadDocSequence(XmlDocument parentDoc)
   at System.Xml.XmlLoader.Load(XmlDocument doc, XmlReader reader, Boolean preserveWhitespace)
   at System.Xml.XmlDocument.Load(XmlReader reader)
   at System.Xml.XmlDocument.Load(String filename)
   at DataAnalyzer.Support.FileManager.WriteInputMessage(InputMessages Message, String FileName) in D:\NEW LIVE PROJECT\Extrnal soures\Extrnal soures\DataAnalyzer\Support\FileManager.cs:line 1102

--------------------------------------------------------------------------------------------------------
08-29-2026 16:17:20
'.', hexadecimal value 0x00, is an invalid character. Line 69648, position 14.
   at System.Xml.XmlTextReaderImpl.Throw(Exception e)
   at System.Xml.XmlTextReaderImpl.Throw(String res, String[] args)
   at System.Xml.XmlTextReaderImpl.ParseText(Int32& startPos, Int32& endPos, Int32& outOrChars)
   at System.Xml.XmlTextReaderImpl.ParseText()
   at System.Xml.XmlTextReaderImpl.ParseElementContent()
   at System.Xml.XmlTextReaderImpl.Read()
   at System.Xml.XmlLoader.LoadNode(Boolean skipOverWhitespace)
   at System.Xml.XmlLoader.LoadDocSequence(XmlDocument parentDoc)
   at System.Xml.XmlLoader.Load(XmlDocument doc, XmlReader reader, Boolean preserveWhitespace)
   at System.Xml.XmlDocument.Load(XmlReader reader)
   at System.Xml.XmlDocument.Load(String filename)
   at DataAnalyzer.Support.FileManager.WriteInputMessage(InputMessages Message, String FileName) in D:\NEW LIVE PROJECT\Extrnal soures\Extrnal soures\DataAnalyzer\Support\FileManager.cs:line 1102

--------------------------------------------------------------------------------------------------------
08-29-2026 16:17:31
'.', hexadecimal value 0x00, is an invalid character. Line 69648, position 14.
   at System.Xml.XmlTextReaderImpl.Throw(Exception e)
   at System.Xml.XmlTextReaderImpl.Throw(String res, String[] args)
   at System.Xml.XmlTextReaderImpl.ParseText(Int32& startPos, Int32& endPos, Int32& outOrChars)
   at System.Xml.XmlTextReaderImpl.ParseText()
   at System.Xml.XmlTextReaderImpl.ParseElementContent()
   at System.Xml.XmlTextReaderImpl.Read()
   at System.Xml.XmlLoader.LoadNode(Boolean skipOverWhitespace)
   at System.Xml.XmlLoader.LoadDocSequence(XmlDocument parentDoc)
   at System.Xml.XmlLoader.Load(XmlDocument doc, XmlReader reader, Boolean preserveWhitespace)
   at System.Xml.XmlDocument.Load(XmlReader reader)
   at System.Xml.XmlDocument.Load(String filename)
   at DataAnalyzer.Support.FileManager.WriteInputMessage(InputMessages Message, String FileName) in D:\NEW LIVE PROJECT\Extrnal soures\Extrnal soures\DataAnalyzer\Support\FileManager.cs:line 1102

--------------------------------------------------------------------------------------------------------
08-29-2026 16:17:40
'.', hexadecimal value 0x00, is an invalid character. Line 69648, position 14.
   at System.Xml.XmlTextReaderImpl.Throw(Exception e)
   at System.Xml.XmlTextReaderImpl.Throw(String res, String[] args)
   at System.Xml.XmlTextReaderImpl.ParseText(Int32& startPos, Int32& endPos, Int32& outOrChars)
   at System.Xml.XmlTextReaderImpl.ParseText()
   at System.Xml.XmlTextReaderImpl.ParseElementContent()
   at System.Xml.XmlTextReaderImpl.Read()
   at System.Xml.XmlLoader.LoadNode(Boolean skipOverWhitespace)
   at System.Xml.XmlLoader.LoadDocSequence(XmlDocument parentDoc)
   at System.Xml.XmlLoader.Load(XmlDocument doc, XmlReader reader, Boolean preserveWhitespace)
   at System.Xml.XmlDocument.Load(XmlReader reader)
   at System.Xml.XmlDocument.Load(String filename)
   at DataAnalyzer.Support.FileManager.WriteInputMessage(InputMessages Message, String FileName) in D:\NEW LIVE PROJECT\Extrnal soures\Extrnal soures\DataAnalyzer\Support\FileManager.cs:line 1102

--------------------------------------------------------------------------------------------------------
08-29-2026 16:19:00
'.', hexadecimal value 0x00, is an invalid character. Line 69648, position 14.
   at System.Xml.XmlTextReaderImpl.Throw(Exception e)
   at System.Xml.XmlTextReaderImpl.Throw(String res, String[] args)
   at System.Xml.XmlTextReaderImpl.ParseText(Int32& startPos, Int32& endPos, Int32& outOrChars)
   at System.Xml.XmlTextReaderImpl.ParseText()
   at System.Xml.XmlTextReaderImpl.ParseElementContent()
   at System.Xml.XmlTextReaderImpl.Read()
   at System.Xml.XmlLoader.LoadNode(Boolean skipOverWhitespace)
   at System.Xml.XmlLoader.LoadDocSequence(XmlDocument parentDoc)
   at System.Xml.XmlLoader.Load(XmlDocument doc, XmlReader reader, Boolean preserveWhitespace)
   at System.Xml.XmlDocument.Load(XmlReader reader)
   at System.Xml.XmlDocument.Load(String filename)
   at DataAnalyzer.Support.FileManager.WriteInputMessage(InputMessages Message, String FileName) in D:\NEW LIVE PROJECT\Extrnal soures\Extrnal soures\DataAnalyzer\Support\FileManager.cs:line 1102

--------------------------------------------------------------------------------------------------------
08-29-2026 16:24:07
'.', hexadecimal value 0x00, is an invalid character. Line 69648, position 14.
   at System.Xml.XmlTextReaderImpl.Throw(Exception e)
   at System.Xml.XmlTextReaderImpl.Throw(String res, String[] args)
   at System.Xml.XmlTextReaderImpl.ParseText(Int32& startPos, Int32& endPos, Int32& outOrChars)
   at System.Xml.XmlTextReaderImpl.ParseText()
   at System.Xml.XmlTextReaderImpl.ParseElementContent()
   at System.Xml.XmlTextReaderImpl.Read()
   at System.Xml.XmlLoader.LoadNode(Boolean skipOverWhitespace)
   at System.Xml.XmlLoader.LoadDocSequence(XmlDocument parentDoc)
   at System.Xml.XmlLoader.Load(XmlDocument doc, XmlReader reader, Boolean preserveWhitespace)
   at System.Xml.XmlDocument.Load(XmlReader reader)
   at System.Xml.XmlDocument.Load(String filename)
   at DataAnalyzer.Support.FileManager.WriteInputMessage(InputMessages Message, String FileName) in D:\NEW LIVE PROJECT\Extrnal soures\Extrnal soures\DataAnalyzer\Support\FileManager.cs:line 1102

--------------------------------------------------------------------------------------------------------
08-29-2026 16:24:24
'.', hexadecimal value 0x00, is an invalid character. Line 69648, position 14.
   at System.Xml.XmlTextReaderImpl.Throw(Exception e)
   at System.Xml.XmlTextReaderImpl.Throw(String res, String[] args)
   at System.Xml.XmlTextReaderImpl.ParseText(Int32& startPos, Int32& endPos, Int32& outOrChars)
   at System.Xml.XmlTextReaderImpl.ParseText()
   at System.Xml.XmlTextReaderImpl.ParseElementContent()
   at System.Xml.XmlTextReaderImpl.Read()
   at System.Xml.XmlLoader.LoadNode(Boolean skipOverWhitespace)
   at System.Xml.XmlLoader.LoadDocSequence(XmlDocument parentDoc)
   at System.Xml.XmlLoader.Load(XmlDocument doc, XmlReader reader, Boolean preserveWhitespace)
   at System.Xml.XmlDocument.Load(XmlReader reader)
   at System.Xml.XmlDocument.Load(String filename)
   at DataAnalyzer.Support.FileManager.WriteInputMessage(InputMessages Message, String FileName) in D:\NEW LIVE PROJECT\Extrnal soures\Extrnal soures\DataAnalyzer\Support\FileManager.cs:line 1102

--------------------------------------------------------------------------------------------------------
08-29-2026 16:25:26
'.', hexadecimal value 0x00, is an invalid character. Line 69648, position 14.
   at System.Xml.XmlTextReaderImpl.Throw(Exception e)
   at System.Xml.XmlTextReaderImpl.Throw(String res, String[] args)
   at System.Xml.XmlTextReaderImpl.ParseText(Int32& startPos, Int32& endPos, Int32& outOrChars)
   at System.Xml.XmlTextReaderImpl.ParseText()
   at System.Xml.XmlTextReaderImpl.ParseElementContent()
   at System.Xml.XmlTextReaderImpl.Read()
   at System.Xml.XmlLoader.LoadNode(Boolean skipOverWhitespace)
   at System.Xml.XmlLoader.LoadDocSequence(XmlDocument parentDoc)
   at System.Xml.XmlLoader.Load(XmlDocument doc, XmlReader reader, Boolean preserveWhitespace)
   at System.Xml.XmlDocument.Load(XmlReader reader)
   at System.Xml.XmlDocument.Load(String filename)
   at DataAnalyzer.Support.FileManager.WriteInputMessage(InputMessages Message, String FileName) in D:\NEW LIVE PROJECT\Extrnal soures\Extrnal soures\DataAnalyzer\Support\FileManager.cs:line 1102

--------------------------------------------------------------------------------------------------------
08-29-2026 17:16:37
'.', hexadecimal value 0x00, is an invalid character. Line 69648, position 14.
   at System.Xml.XmlTextReaderImpl.Throw(Exception e)
   at System.Xml.XmlTextReaderImpl.Throw(String res, String[] args)
   at System.Xml.XmlTextReaderImpl.ParseText(Int32& startPos, Int32& endPos, Int32& outOrChars)
   at System.Xml.XmlTextReaderImpl.ParseText()
   at System.Xml.XmlTextReaderImpl.ParseElementContent()
   at System.Xml.XmlTextReaderImpl.Read()
   at System.Xml.XmlLoader.LoadNode(Boolean skipOverWhitespace)
   at System.Xml.XmlLoader.LoadDocSequence(XmlDocument parentDoc)
   at System.Xml.XmlLoader.Load(XmlDocument doc, XmlReader reader, Boolean preserveWhitespace)
   at System.Xml.XmlDocument.Load(XmlReader reader)
   at System.Xml.XmlDocument.Load(String filename)
   at DataAnalyzer.Support.FileManager.WriteInputMessage(InputMessages Message, String FileName) in D:\NEW LIVE PROJECT\Extrnal soures\Extrnal soures\DataAnalyzer\Support\FileManager.cs:line 1102

--------------------------------------------------------------------------------------------------------
08-29-2026 17:16:54
'.', hexadecimal value 0x00, is an invalid character. Line 69648, position 14.
   at System.Xml.XmlTextReaderImpl.Throw(Exception e)
   at System.Xml.XmlTextReaderImpl.Throw(String res, String[] args)
   at System.Xml.XmlTextReaderImpl.ParseText(Int32& startPos, Int32& endPos, Int32& outOrChars)
   at System.Xml.XmlTextReaderImpl.ParseText()
   at System.Xml.XmlTextReaderImpl.ParseElementContent()
   at System.Xml.XmlTextReaderImpl.Read()
   at System.Xml.XmlLoader.LoadNode(Boolean skipOverWhitespace)
   at System.Xml.XmlLoader.LoadDocSequence(XmlDocument parentDoc)
   at System.Xml.XmlLoader.Load(XmlDocument doc, XmlReader reader, Boolean preserveWhitespace)
   at System.Xml.XmlDocument.Load(XmlReader reader)
   at System.Xml.XmlDocument.Load(String filename)
   at DataAnalyzer.Support.FileManager.WriteInputMessage(InputMessages Message, String FileName) in D:\NEW LIVE PROJECT\Extrnal soures\Extrnal soures\DataAnalyzer\Support\FileManager.cs:line 1102

--------------------------------------------------------------------------------------------------------
08-29-2026 17:18:02
'.', hexadecimal value 0x00, is an invalid character. Line 69648, position 14.
   at System.Xml.XmlTextReaderImpl.Throw(Exception e)
   at System.Xml.XmlTextReaderImpl.Throw(String res, String[] args)
   at System.Xml.XmlTextReaderImpl.ParseText(Int32& startPos, Int32& endPos, Int32& outOrChars)
   at System.Xml.XmlTextReaderImpl.ParseText()
   at System.Xml.XmlTextReaderImpl.ParseElementContent()
   at System.Xml.XmlTextReaderImpl.Read()
   at System.Xml.XmlLoader.LoadNode(Boolean skipOverWhitespace)
   at System.Xml.XmlLoader.LoadDocSequence(XmlDocument parentDoc)
   at System.Xml.XmlLoader.Load(XmlDocument doc, XmlReader reader, Boolean preserveWhitespace)
   at System.Xml.XmlDocument.Load(XmlReader reader)
   at System.Xml.XmlDocument.Load(String filename)
   at DataAnalyzer.Support.FileManager.WriteInputMessage(InputMessages Message, String FileName) in D:\NEW LIVE PROJECT\Extrnal soures\Extrnal soures\DataAnalyzer\Support\FileManager.cs:line 1102

--------------------------------------------------------------------------------------------------------
08-29-2026 17:18:19
'.', hexadecimal value 0x00, is an invalid character. Line 69648, position 14.
   at System.Xml.XmlTextReaderImpl.Throw(Exception e)
   at System.Xml.XmlTextReaderImpl.Throw(String res, String[] args)
   at System.Xml.XmlTextReaderImpl.ParseText(Int32& startPos, Int32& endPos, Int32& outOrChars)
   at System.Xml.XmlTextReaderImpl.ParseText()
   at System.Xml.XmlTextReaderImpl.ParseElementContent()
   at System.Xml.XmlTextReaderImpl.Read()
   at System.Xml.XmlLoader.LoadNode(Boolean skipOverWhitespace)
   at System.Xml.XmlLoader.LoadDocSequence(XmlDocument parentDoc)
   at System.Xml.XmlLoader.Load(XmlDocument doc, XmlReader reader, Boolean preserveWhitespace)
   at System.Xml.XmlDocument.Load(XmlReader reader)
   at System.Xml.XmlDocument.Load(String filename)
   at DataAnalyzer.Support.FileManager.WriteInputMessage(InputMessages Message, String FileName) in D:\NEW LIVE PROJECT\Extrnal soures\Extrnal soures\DataAnalyzer\Support\FileManager.cs:line 1102

--------------------------------------------------------------------------------------------------------
08-29-2026 17:19:19
'.', hexadecimal value 0x00, is an invalid character. Line 69648, position 14.
   at System.Xml.XmlTextReaderImpl.Throw(Exception e)
   at System.Xml.XmlTextReaderImpl.Throw(String res, String[] args)
   at System.Xml.XmlTextReaderImpl.ParseText(Int32& startPos, Int32& endPos, Int32& outOrChars)
   at System.Xml.XmlTextReaderImpl.ParseText()
   at System.Xml.XmlTextReaderImpl.ParseElementContent()
   at System.Xml.XmlTextReaderImpl.Read()
   at System.Xml.XmlLoader.LoadNode(Boolean skipOverWhitespace)
   at System.Xml.XmlLoader.LoadDocSequence(XmlDocument parentDoc)
   at System.Xml.XmlLoader.Load(XmlDocument doc, XmlReader reader, Boolean preserveWhitespace)
   at System.Xml.XmlDocument.Load(XmlReader reader)
   at System.Xml.XmlDocument.Load(String filename)
   at DataAnalyzer.Support.FileManager.WriteInputMessage(InputMessages Message, String FileName) in D:\NEW LIVE PROJECT\Extrnal soures\Extrnal soures\DataAnalyzer\Support\FileManager.cs:line 1102

--------------------------------------------------------------------------------------------------------
08-29-2026 17:20:28
'.', hexadecimal value 0x00, is an invalid character. Line 69648, position 14.
   at System.Xml.XmlTextReaderImpl.Throw(Exception e)
   at System.Xml.XmlTextReaderImpl.Throw(String res, String[] args)
   at System.Xml.XmlTextReaderImpl.ParseText(Int32& startPos, Int32& endPos, Int32& outOrChars)
   at System.Xml.XmlTextReaderImpl.ParseText()
   at System.Xml.XmlTextReaderImpl.ParseElementContent()
   at System.Xml.XmlTextReaderImpl.Read()
   at System.Xml.XmlLoader.LoadNode(Boolean skipOverWhitespace)
   at System.Xml.XmlLoader.LoadDocSequence(XmlDocument parentDoc)
   at System.Xml.XmlLoader.Load(XmlDocument doc, XmlReader reader, Boolean preserveWhitespace)
   at System.Xml.XmlDocument.Load(XmlReader reader)
   at System.Xml.XmlDocument.Load(String filename)
   at DataAnalyzer.Support.FileManager.WriteInputMessage(InputMessages Message, String FileName) in D:\NEW LIVE PROJECT\Extrnal soures\Extrnal soures\DataAnalyzer\Support\FileManager.cs:line 1102

--------------------------------------------------------------------------------------------------------
08-29-2026 17:22:11
'.', hexadecimal value 0x00, is an invalid character. Line 69648, position 14.
   at System.Xml.XmlTextReaderImpl.Throw(Exception e)
   at System.Xml.XmlTextReaderImpl.Throw(String res, String[] args)
   at System.Xml.XmlTextReaderImpl.ParseText(Int32& startPos, Int32& endPos, Int32& outOrChars)
   at System.Xml.XmlTextReaderImpl.ParseText()
   at System.Xml.XmlTextReaderImpl.ParseElementContent()
   at System.Xml.XmlTextReaderImpl.Read()
   at System.Xml.XmlLoader.LoadNode(Boolean skipOverWhitespace)
   at System.Xml.XmlLoader.LoadDocSequence(XmlDocument parentDoc)
   at System.Xml.XmlLoader.Load(XmlDocument doc, XmlReader reader, Boolean preserveWhitespace)
   at System.Xml.XmlDocument.Load(XmlReader reader)
   at System.Xml.XmlDocument.Load(String filename)
   at DataAnalyzer.Support.FileManager.WriteInputMessage(InputMessages Message, String FileName) in D:\NEW LIVE PROJECT\Extrnal soures\Extrnal soures\DataAnalyzer\Support\FileManager.cs:line 1102

--------------------------------------------------------------------------------------------------------
08-29-2026 17:24:36
'.', hexadecimal value 0x00, is an invalid character. Line 69648, position 14.
   at System.Xml.XmlTextReaderImpl.Throw(Exception e)
   at System.Xml.XmlTextReaderImpl.Throw(String res, String[] args)
   at System.Xml.XmlTextReaderImpl.ParseText(Int32& startPos, Int32& endPos, Int32& outOrChars)
   at System.Xml.XmlTextReaderImpl.ParseText()
   at System.Xml.XmlTextReaderImpl.ParseElementContent()
   at System.Xml.XmlTextReaderImpl.Read()
   at System.Xml.XmlLoader.LoadNode(Boolean skipOverWhitespace)
   at System.Xml.XmlLoader.LoadDocSequence(XmlDocument parentDoc)
   at System.Xml.XmlLoader.Load(XmlDocument doc, XmlReader reader, Boolean preserveWhitespace)
   at System.Xml.XmlDocument.Load(XmlReader reader)
   at System.Xml.XmlDocument.Load(String filename)
   at DataAnalyzer.Support.FileManager.WriteInputMessage(InputMessages Message, String FileName) in D:\NEW LIVE PROJECT\Extrnal soures\Extrnal soures\DataAnalyzer\Support\FileManager.cs:line 1102

--------------------------------------------------------------------------------------------------------
08-29-2026 17:26:44
'.', hexadecimal value 0x00, is an invalid character. Line 69648, position 14.
   at System.Xml.XmlTextReaderImpl.Throw(Exception e)
   at System.Xml.XmlTextReaderImpl.Throw(String res, String[] args)
   at System.Xml.XmlTextReaderImpl.ParseText(Int32& startPos, Int32& endPos, Int32& outOrChars)
   at System.Xml.XmlTextReaderImpl.ParseText()
   at System.Xml.XmlTextReaderImpl.ParseElementContent()
   at System.Xml.XmlTextReaderImpl.Read()
   at System.Xml.XmlLoader.LoadNode(Boolean skipOverWhitespace)
   at System.Xml.XmlLoader.LoadDocSequence(XmlDocument parentDoc)
   at System.Xml.XmlLoader.Load(XmlDocument doc, XmlReader reader, Boolean preserveWhitespace)
   at System.Xml.XmlDocument.Load(XmlReader reader)
   at System.Xml.XmlDocument.Load(String filename)
   at DataAnalyzer.Support.FileManager.WriteInputMessage(InputMessages Message, String FileName) in D:\NEW LIVE PROJECT\Extrnal soures\Extrnal soures\DataAnalyzer\Support\FileManager.cs:line 1102

--------------------------------------------------------------------------------------------------------
08-29-2026 17:28:10
'.', hexadecimal value 0x00, is an invalid character. Line 69648, position 14.
   at System.Xml.XmlTextReaderImpl.Throw(Exception e)
   at System.Xml.XmlTextReaderImpl.Throw(String res, String[] args)
   at System.Xml.XmlTextReaderImpl.ParseText(Int32& startPos, Int32& endPos, Int32& outOrChars)
   at System.Xml.XmlTextReaderImpl.ParseText()
   at System.Xml.XmlTextReaderImpl.ParseElementContent()
   at System.Xml.XmlTextReaderImpl.Read()
   at System.Xml.XmlLoader.LoadNode(Boolean skipOverWhitespace)
   at System.Xml.XmlLoader.LoadDocSequence(XmlDocument parentDoc)
   at System.Xml.XmlLoader.Load(XmlDocument doc, XmlReader reader, Boolean preserveWhitespace)
   at System.Xml.XmlDocument.Load(XmlReader reader)
   at System.Xml.XmlDocument.Load(String filename)
   at DataAnalyzer.Support.FileManager.WriteInputMessage(InputMessages Message, String FileName) in D:\NEW LIVE PROJECT\Extrnal soures\Extrnal soures\DataAnalyzer\Support\FileManager.cs:line 1102

--------------------------------------------------------------------------------------------------------
08-29-2026 17:28:18
'.', hexadecimal value 0x00, is an invalid character. Line 69648, position 14.
   at System.Xml.XmlTextReaderImpl.Throw(Exception e)
   at System.Xml.XmlTextReaderImpl.Throw(String res, String[] args)
   at System.Xml.XmlTextReaderImpl.ParseText(Int32& startPos, Int32& endPos, Int32& outOrChars)
   at System.Xml.XmlTextReaderImpl.ParseText()
   at System.Xml.XmlTextReaderImpl.ParseElementContent()
   at System.Xml.XmlTextReaderImpl.Read()
   at System.Xml.XmlLoader.LoadNode(Boolean skipOverWhitespace)
   at System.Xml.XmlLoader.LoadDocSequence(XmlDocument parentDoc)
   at System.Xml.XmlLoader.Load(XmlDocument doc, XmlReader reader, Boolean preserveWhitespace)
   at System.Xml.XmlDocument.Load(XmlReader reader)
   at System.Xml.XmlDocument.Load(String filename)
   at DataAnalyzer.Support.FileManager.WriteInputMessage(InputMessages Message, String FileName) in D:\NEW LIVE PROJECT\Extrnal soures\Extrnal soures\DataAnalyzer\Support\FileManager.cs:line 1102

--------------------------------------------------------------------------------------------------------
08-29-2026 17:28:27
'.', hexadecimal value 0x00, is an invalid character. Line 69648, position 14.
   at System.Xml.XmlTextReaderImpl.Throw(Exception e)
   at System.Xml.XmlTextReaderImpl.Throw(String res, String[] args)
   at System.Xml.XmlTextReaderImpl.ParseText(Int32& startPos, Int32& endPos, Int32& outOrChars)
   at System.Xml.XmlTextReaderImpl.ParseText()
   at System.Xml.XmlTextReaderImpl.ParseElementContent()
   at System.Xml.XmlTextReaderImpl.Read()
   at System.Xml.XmlLoader.LoadNode(Boolean skipOverWhitespace)
   at System.Xml.XmlLoader.LoadDocSequence(XmlDocument parentDoc)
   at System.Xml.XmlLoader.Load(XmlDocument doc, XmlReader reader, Boolean preserveWhitespace)
   at System.Xml.XmlDocument.Load(XmlReader reader)
   at System.Xml.XmlDocument.Load(String filename)
   at DataAnalyzer.Support.FileManager.WriteInputMessage(InputMessages Message, String FileName) in D:\NEW LIVE PROJECT\Extrnal soures\Extrnal soures\DataAnalyzer\Support\FileManager.cs:line 1102

--------------------------------------------------------------------------------------------------------
08-29-2026 17:28:27
'.', hexadecimal value 0x00, is an invalid character. Line 69648, position 14.
   at System.Xml.XmlTextReaderImpl.Throw(Exception e)
   at System.Xml.XmlTextReaderImpl.Throw(String res, String[] args)
   at System.Xml.XmlTextReaderImpl.ParseText(Int32& startPos, Int32& endPos, Int32& outOrChars)
   at System.Xml.XmlTextReaderImpl.ParseText()
   at System.Xml.XmlTextReaderImpl.ParseElementContent()
   at System.Xml.XmlTextReaderImpl.Read()
   at System.Xml.XmlLoader.LoadNode(Boolean skipOverWhitespace)
   at System.Xml.XmlLoader.LoadDocSequence(XmlDocument parentDoc)
   at System.Xml.XmlLoader.Load(XmlDocument doc, XmlReader reader, Boolean preserveWhitespace)
   at System.Xml.XmlDocument.Load(XmlReader reader)
   at System.Xml.XmlDocument.Load(String filename)
   at DataAnalyzer.Support.FileManager.WriteInputMessage(InputMessages Message, String FileName) in D:\NEW LIVE PROJECT\Extrnal soures\Extrnal soures\DataAnalyzer\Support\FileManager.cs:line 1102

--------------------------------------------------------------------------------------------------------
08-29-2026 17:28:35
'.', hexadecimal value 0x00, is an invalid character. Line 69648, position 14.
   at System.Xml.XmlTextReaderImpl.Throw(Exception e)
   at System.Xml.XmlTextReaderImpl.Throw(String res, String[] args)
   at System.Xml.XmlTextReaderImpl.ParseText(Int32& startPos, Int32& endPos, Int32& outOrChars)
   at System.Xml.XmlTextReaderImpl.ParseText()
   at System.Xml.XmlTextReaderImpl.ParseElementContent()
   at System.Xml.XmlTextReaderImpl.Read()
   at System.Xml.XmlLoader.LoadNode(Boolean skipOverWhitespace)
   at System.Xml.XmlLoader.LoadDocSequence(XmlDocument parentDoc)
   at System.Xml.XmlLoader.Load(XmlDocument doc, XmlReader reader, Boolean preserveWhitespace)
   at System.Xml.XmlDocument.Load(XmlReader reader)
   at System.Xml.XmlDocument.Load(String filename)
   at DataAnalyzer.Support.FileManager.WriteInputMessage(InputMessages Message, String FileName) in D:\NEW LIVE PROJECT\Extrnal soures\Extrnal soures\DataAnalyzer\Support\FileManager.cs:line 1102

--------------------------------------------------------------------------------------------------------
08-29-2026 17:28:44
'.', hexadecimal value 0x00, is an invalid character. Line 69648, position 14.
   at System.Xml.XmlTextReaderImpl.Throw(Exception e)
   at System.Xml.XmlTextReaderImpl.Throw(String res, String[] args)
   at System.Xml.XmlTextReaderImpl.ParseText(Int32& startPos, Int32& endPos, Int32& outOrChars)
   at System.Xml.XmlTextReaderImpl.ParseText()
   at System.Xml.XmlTextReaderImpl.ParseElementContent()
   at System.Xml.XmlTextReaderImpl.Read()
   at System.Xml.XmlLoader.LoadNode(Boolean skipOverWhitespace)
   at System.Xml.XmlLoader.LoadDocSequence(XmlDocument parentDoc)
   at System.Xml.XmlLoader.Load(XmlDocument doc, XmlReader reader, Boolean preserveWhitespace)
   at System.Xml.XmlDocument.Load(XmlReader reader)
   at System.Xml.XmlDocument.Load(String filename)
   at DataAnalyzer.Support.FileManager.WriteInputMessage(InputMessages Message, String FileName) in D:\NEW LIVE PROJECT\Extrnal soures\Extrnal soures\DataAnalyzer\Support\FileManager.cs:line 1102

--------------------------------------------------------------------------------------------------------
08-29-2026 17:45:47
'.', hexadecimal value 0x00, is an invalid character. Line 69648, position 14.
   at System.Xml.XmlTextReaderImpl.Throw(Exception e)
   at System.Xml.XmlTextReaderImpl.Throw(String res, String[] args)
   at System.Xml.XmlTextReaderImpl.ParseText(Int32& startPos, Int32& endPos, Int32& outOrChars)
   at System.Xml.XmlTextReaderImpl.ParseText()
   at System.Xml.XmlTextReaderImpl.ParseElementContent()
   at System.Xml.XmlTextReaderImpl.Read()
   at System.Xml.XmlLoader.LoadNode(Boolean skipOverWhitespace)
   at System.Xml.XmlLoader.LoadDocSequence(XmlDocument parentDoc)
   at System.Xml.XmlLoader.Load(XmlDocument doc, XmlReader reader, Boolean preserveWhitespace)
   at System.Xml.XmlDocument.Load(XmlReader reader)
   at System.Xml.XmlDocument.Load(String filename)
   at DataAnalyzer.Support.FileManager.WriteInputMessage(InputMessages Message, String FileName) in D:\NEW LIVE PROJECT\Extrnal soures\Extrnal soures\DataAnalyzer\Support\FileManager.cs:line 1102

--------------------------------------------------------------------------------------------------------
08-29-2026 17:48:12
'.', hexadecimal value 0x00, is an invalid character. Line 69648, position 14.
   at System.Xml.XmlTextReaderImpl.Throw(Exception e)
   at System.Xml.XmlTextReaderImpl.Throw(String res, String[] args)
   at System.Xml.XmlTextReaderImpl.ParseText(Int32& startPos, Int32& endPos, Int32& outOrChars)
   at System.Xml.XmlTextReaderImpl.ParseText()
   at System.Xml.XmlTextReaderImpl.ParseElementContent()
   at System.Xml.XmlTextReaderImpl.Read()
   at System.Xml.XmlLoader.LoadNode(Boolean skipOverWhitespace)
   at System.Xml.XmlLoader.LoadDocSequence(XmlDocument parentDoc)
   at System.Xml.XmlLoader.Load(XmlDocument doc, XmlReader reader, Boolean preserveWhitespace)
   at System.Xml.XmlDocument.Load(XmlReader reader)
   at System.Xml.XmlDocument.Load(String filename)
   at DataAnalyzer.Support.FileManager.WriteInputMessage(InputMessages Message, String FileName) in D:\NEW LIVE PROJECT\Extrnal soures\Extrnal soures\DataAnalyzer\Support\FileManager.cs:line 1102

--------------------------------------------------------------------------------------------------------
08-29-2026 17:48:47
'.', hexadecimal value 0x00, is an invalid character. Line 69648, position 14.
   at System.Xml.XmlTextReaderImpl.Throw(Exception e)
   at System.Xml.XmlTextReaderImpl.Throw(String res, String[] args)
   at System.Xml.XmlTextReaderImpl.ParseText(Int32& startPos, Int32& endPos, Int32& outOrChars)
   at System.Xml.XmlTextReaderImpl.ParseText()
   at System.Xml.XmlTextReaderImpl.ParseElementContent()
   at System.Xml.XmlTextReaderImpl.Read()
   at System.Xml.XmlLoader.LoadNode(Boolean skipOverWhitespace)
   at System.Xml.XmlLoader.LoadDocSequence(XmlDocument parentDoc)
   at System.Xml.XmlLoader.Load(XmlDocument doc, XmlReader reader, Boolean preserveWhitespace)
   at System.Xml.XmlDocument.Load(XmlReader reader)
   at System.Xml.XmlDocument.Load(String filename)
   at DataAnalyzer.Support.FileManager.WriteInputMessage(InputMessages Message, String FileName) in D:\NEW LIVE PROJECT\Extrnal soures\Extrnal soures\DataAnalyzer\Support\FileManager.cs:line 1102

--------------------------------------------------------------------------------------------------------
08-29-2026 17:49:38
'.', hexadecimal value 0x00, is an invalid character. Line 69648, position 14.
   at System.Xml.XmlTextReaderImpl.Throw(Exception e)
   at System.Xml.XmlTextReaderImpl.Throw(String res, String[] args)
   at System.Xml.XmlTextReaderImpl.ParseText(Int32& startPos, Int32& endPos, Int32& outOrChars)
   at System.Xml.XmlTextReaderImpl.ParseText()
   at System.Xml.XmlTextReaderImpl.ParseElementContent()
   at System.Xml.XmlTextReaderImpl.Read()
   at System.Xml.XmlLoader.LoadNode(Boolean skipOverWhitespace)
   at System.Xml.XmlLoader.LoadDocSequence(XmlDocument parentDoc)
   at System.Xml.XmlLoader.Load(XmlDocument doc, XmlReader reader, Boolean preserveWhitespace)
   at System.Xml.XmlDocument.Load(XmlReader reader)
   at System.Xml.XmlDocument.Load(String filename)
   at DataAnalyzer.Support.FileManager.WriteInputMessage(InputMessages Message, String FileName) in D:\NEW LIVE PROJECT\Extrnal soures\Extrnal soures\DataAnalyzer\Support\FileManager.cs:line 1102

--------------------------------------------------------------------------------------------------------
08-29-2026 17:51:38
'.', hexadecimal value 0x00, is an invalid character. Line 69648, position 14.
   at System.Xml.XmlTextReaderImpl.Throw(Exception e)
   at System.Xml.XmlTextReaderImpl.Throw(String res, String[] args)
   at System.Xml.XmlTextReaderImpl.ParseText(Int32& startPos, Int32& endPos, Int32& outOrChars)
   at System.Xml.XmlTextReaderImpl.ParseText()
   at System.Xml.XmlTextReaderImpl.ParseElementContent()
   at System.Xml.XmlTextReaderImpl.Read()
   at System.Xml.XmlLoader.LoadNode(Boolean skipOverWhitespace)
   at System.Xml.XmlLoader.LoadDocSequence(XmlDocument parentDoc)
   at System.Xml.XmlLoader.Load(XmlDocument doc, XmlReader reader, Boolean preserveWhitespace)
   at System.Xml.XmlDocument.Load(XmlReader reader)
   at System.Xml.XmlDocument.Load(String filename)
   at DataAnalyzer.Support.FileManager.WriteInputMessage(InputMessages Message, String FileName) in D:\NEW LIVE PROJECT\Extrnal soures\Extrnal soures\DataAnalyzer\Support\FileManager.cs:line 1102

--------------------------------------------------------------------------------------------------------
08-29-2026 17:52:20
'.', hexadecimal value 0x00, is an invalid character. Line 69648, position 14.
   at System.Xml.XmlTextReaderImpl.Throw(Exception e)
   at System.Xml.XmlTextReaderImpl.Throw(String res, String[] args)
   at System.Xml.XmlTextReaderImpl.ParseText(Int32& startPos, Int32& endPos, Int32& outOrChars)
   at System.Xml.XmlTextReaderImpl.ParseText()
   at System.Xml.XmlTextReaderImpl.ParseElementContent()
   at System.Xml.XmlTextReaderImpl.Read()
   at System.Xml.XmlLoader.LoadNode(Boolean skipOverWhitespace)
   at System.Xml.XmlLoader.LoadDocSequence(XmlDocument parentDoc)
   at System.Xml.XmlLoader.Load(XmlDocument doc, XmlReader reader, Boolean preserveWhitespace)
   at System.Xml.XmlDocument.Load(XmlReader reader)
   at System.Xml.XmlDocument.Load(String filename)
   at DataAnalyzer.Support.FileManager.WriteInputMessage(InputMessages Message, String FileName) in D:\NEW LIVE PROJECT\Extrnal soures\Extrnal soures\DataAnalyzer\Support\FileManager.cs:line 1102

--------------------------------------------------------------------------------------------------------
08-29-2026 17:52:46
'.', hexadecimal value 0x00, is an invalid character. Line 69648, position 14.
   at System.Xml.XmlTextReaderImpl.Throw(Exception e)
   at System.Xml.XmlTextReaderImpl.Throw(String res, String[] args)
   at System.Xml.XmlTextReaderImpl.ParseText(Int32& startPos, Int32& endPos, Int32& outOrChars)
   at System.Xml.XmlTextReaderImpl.ParseText()
   at System.Xml.XmlTextReaderImpl.ParseElementContent()
   at System.Xml.XmlTextReaderImpl.Read()
   at System.Xml.XmlLoader.LoadNode(Boolean skipOverWhitespace)
   at System.Xml.XmlLoader.LoadDocSequence(XmlDocument parentDoc)
   at System.Xml.XmlLoader.Load(XmlDocument doc, XmlReader reader, Boolean preserveWhitespace)
   at System.Xml.XmlDocument.Load(XmlReader reader)
   at System.Xml.XmlDocument.Load(String filename)
   at DataAnalyzer.Support.FileManager.WriteInputMessage(InputMessages Message, String FileName) in D:\NEW LIVE PROJECT\Extrnal soures\Extrnal soures\DataAnalyzer\Support\FileManager.cs:line 1102

--------------------------------------------------------------------------------------------------------
08-29-2026 18:16:15
'.', hexadecimal value 0x00, is an invalid character. Line 69648, position 14.
   at System.Xml.XmlTextReaderImpl.Throw(Exception e)
   at System.Xml.XmlTextReaderImpl.Throw(String res, String[] args)
   at System.Xml.XmlTextReaderImpl.ParseText(Int32& startPos, Int32& endPos, Int32& outOrChars)
   at System.Xml.XmlTextReaderImpl.ParseText()
   at System.Xml.XmlTextReaderImpl.ParseElementContent()
   at System.Xml.XmlTextReaderImpl.Read()
   at System.Xml.XmlLoader.LoadNode(Boolean skipOverWhitespace)
   at System.Xml.XmlLoader.LoadDocSequence(XmlDocument parentDoc)
   at System.Xml.XmlLoader.Load(XmlDocument doc, XmlReader reader, Boolean preserveWhitespace)
   at System.Xml.XmlDocument.Load(XmlReader reader)
   at System.Xml.XmlDocument.Load(String filename)
   at DataAnalyzer.Support.FileManager.WriteInputMessage(InputMessages Message, String FileName) in D:\NEW LIVE PROJECT\Extrnal soures\Extrnal soures\DataAnalyzer\Support\FileManager.cs:line 1102

--------------------------------------------------------------------------------------------------------
08-29-2026 18:19:06
'.', hexadecimal value 0x00, is an invalid character. Line 69648, position 14.
   at System.Xml.XmlTextReaderImpl.Throw(Exception e)
   at System.Xml.XmlTextReaderImpl.Throw(String res, String[] args)
   at System.Xml.XmlTextReaderImpl.ParseText(Int32& startPos, Int32& endPos, Int32& outOrChars)
   at System.Xml.XmlTextReaderImpl.ParseText()
   at System.Xml.XmlTextReaderImpl.ParseElementContent()
   at System.Xml.XmlTextReaderImpl.Read()
   at System.Xml.XmlLoader.LoadNode(Boolean skipOverWhitespace)
   at System.Xml.XmlLoader.LoadDocSequence(XmlDocument parentDoc)
   at System.Xml.XmlLoader.Load(XmlDocument doc, XmlReader reader, Boolean preserveWhitespace)
   at System.Xml.XmlDocument.Load(XmlReader reader)
   at System.Xml.XmlDocument.Load(String filename)
   at DataAnalyzer.Support.FileManager.WriteInputMessage(InputMessages Message, String FileName) in D:\NEW LIVE PROJECT\Extrnal soures\Extrnal soures\DataAnalyzer\Support\FileManager.cs:line 1102

--------------------------------------------------------------------------------------------------------
08-29-2026 18:21:15
'.', hexadecimal value 0x00, is an invalid character. Line 69648, position 14.
   at System.Xml.XmlTextReaderImpl.Throw(Exception e)
   at System.Xml.XmlTextReaderImpl.Throw(String res, String[] args)
   at System.Xml.XmlTextReaderImpl.ParseText(Int32& startPos, Int32& endPos, Int32& outOrChars)
   at System.Xml.XmlTextReaderImpl.ParseText()
   at System.Xml.XmlTextReaderImpl.ParseElementContent()
   at System.Xml.XmlTextReaderImpl.Read()
   at System.Xml.XmlLoader.LoadNode(Boolean skipOverWhitespace)
   at System.Xml.XmlLoader.LoadDocSequence(XmlDocument parentDoc)
   at System.Xml.XmlLoader.Load(XmlDocument doc, XmlReader reader, Boolean preserveWhitespace)
   at System.Xml.XmlDocument.Load(XmlReader reader)
   at System.Xml.XmlDocument.Load(String filename)
   at DataAnalyzer.Support.FileManager.WriteInputMessage(InputMessages Message, String FileName) in D:\NEW LIVE PROJECT\Extrnal soures\Extrnal soures\DataAnalyzer\Support\FileManager.cs:line 1102

--------------------------------------------------------------------------------------------------------
08-29-2026 18:23:23
'.', hexadecimal value 0x00, is an invalid character. Line 69648, position 14.
   at System.Xml.XmlTextReaderImpl.Throw(Exception e)
   at System.Xml.XmlTextReaderImpl.Throw(String res, String[] args)
   at System.Xml.XmlTextReaderImpl.ParseText(Int32& startPos, Int32& endPos, Int32& outOrChars)
   at System.Xml.XmlTextReaderImpl.ParseText()
   at System.Xml.XmlTextReaderImpl.ParseElementContent()
   at System.Xml.XmlTextReaderImpl.Read()
   at System.Xml.XmlLoader.LoadNode(Boolean skipOverWhitespace)
   at System.Xml.XmlLoader.LoadDocSequence(XmlDocument parentDoc)
   at System.Xml.XmlLoader.Load(XmlDocument doc, XmlReader reader, Boolean preserveWhitespace)
   at System.Xml.XmlDocument.Load(XmlReader reader)
   at System.Xml.XmlDocument.Load(String filename)
   at DataAnalyzer.Support.FileManager.WriteInputMessage(InputMessages Message, String FileName) in D:\NEW LIVE PROJECT\Extrnal soures\Extrnal soures\DataAnalyzer\Support\FileManager.cs:line 1102

--------------------------------------------------------------------------------------------------------
08-29-2026 18:25:32
'.', hexadecimal value 0x00, is an invalid character. Line 69648, position 14.
   at System.Xml.XmlTextReaderImpl.Throw(Exception e)
   at System.Xml.XmlTextReaderImpl.Throw(String res, String[] args)
   at System.Xml.XmlTextReaderImpl.ParseText(Int32& startPos, Int32& endPos, Int32& outOrChars)
   at System.Xml.XmlTextReaderImpl.ParseText()
   at System.Xml.XmlTextReaderImpl.ParseElementContent()
   at System.Xml.XmlTextReaderImpl.Read()
   at System.Xml.XmlLoader.LoadNode(Boolean skipOverWhitespace)
   at System.Xml.XmlLoader.LoadDocSequence(XmlDocument parentDoc)
   at System.Xml.XmlLoader.Load(XmlDocument doc, XmlReader reader, Boolean preserveWhitespace)
   at System.Xml.XmlDocument.Load(XmlReader reader)
   at System.Xml.XmlDocument.Load(String filename)
   at DataAnalyzer.Support.FileManager.WriteInputMessage(InputMessages Message, String FileName) in D:\NEW LIVE PROJECT\Extrnal soures\Extrnal soures\DataAnalyzer\Support\FileManager.cs:line 1102

--------------------------------------------------------------------------------------------------------
08-29-2026 18:25:42
'.', hexadecimal value 0x00, is an invalid character. Line 69648, position 14.
   at System.Xml.XmlTextReaderImpl.Throw(Exception e)
   at System.Xml.XmlTextReaderImpl.Throw(String res, String[] args)
   at System.Xml.XmlTextReaderImpl.ParseText(Int32& startPos, Int32& endPos, Int32& outOrChars)
   at System.Xml.XmlTextReaderImpl.ParseText()
   at System.Xml.XmlTextReaderImpl.ParseElementContent()
   at System.Xml.XmlTextReaderImpl.Read()
   at System.Xml.XmlLoader.LoadNode(Boolean skipOverWhitespace)
   at System.Xml.XmlLoader.LoadDocSequence(XmlDocument parentDoc)
   at System.Xml.XmlLoader.Load(XmlDocument doc, XmlReader reader, Boolean preserveWhitespace)
   at System.Xml.XmlDocument.Load(XmlReader reader)
   at System.Xml.XmlDocument.Load(String filename)
   at DataAnalyzer.Support.FileManager.WriteInputMessage(InputMessages Message, String FileName) in D:\NEW LIVE PROJECT\Extrnal soures\Extrnal soures\DataAnalyzer\Support\FileManager.cs:line 1102

--------------------------------------------------------------------------------------------------------
08-29-2026 18:27:40
'.', hexadecimal value 0x00, is an invalid character. Line 69648, position 14.
   at System.Xml.XmlTextReaderImpl.Throw(Exception e)
   at System.Xml.XmlTextReaderImpl.Throw(String res, String[] args)
   at System.Xml.XmlTextReaderImpl.ParseText(Int32& startPos, Int32& endPos, Int32& outOrChars)
   at System.Xml.XmlTextReaderImpl.ParseText()
   at System.Xml.XmlTextReaderImpl.ParseElementContent()
   at System.Xml.XmlTextReaderImpl.Read()
   at System.Xml.XmlLoader.LoadNode(Boolean skipOverWhitespace)
   at System.Xml.XmlLoader.LoadDocSequence(XmlDocument parentDoc)
   at System.Xml.XmlLoader.Load(XmlDocument doc, XmlReader reader, Boolean preserveWhitespace)
   at System.Xml.XmlDocument.Load(XmlReader reader)
   at System.Xml.XmlDocument.Load(String filename)
   at DataAnalyzer.Support.FileManager.WriteInputMessage(InputMessages Message, String FileName) in D:\NEW LIVE PROJECT\Extrnal soures\Extrnal soures\DataAnalyzer\Support\FileManager.cs:line 1102

--------------------------------------------------------------------------------------------------------
08-29-2026 18:29:48
'.', hexadecimal value 0x00, is an invalid character. Line 69648, position 14.
   at System.Xml.XmlTextReaderImpl.Throw(Exception e)
   at System.Xml.XmlTextReaderImpl.Throw(String res, String[] args)
   at System.Xml.XmlTextReaderImpl.ParseText(Int32& startPos, Int32& endPos, Int32& outOrChars)
   at System.Xml.XmlTextReaderImpl.ParseText()
   at System.Xml.XmlTextReaderImpl.ParseElementContent()
   at System.Xml.XmlTextReaderImpl.Read()
   at System.Xml.XmlLoader.LoadNode(Boolean skipOverWhitespace)
   at System.Xml.XmlLoader.LoadDocSequence(XmlDocument parentDoc)
   at System.Xml.XmlLoader.Load(XmlDocument doc, XmlReader reader, Boolean preserveWhitespace)
   at System.Xml.XmlDocument.Load(XmlReader reader)
   at System.Xml.XmlDocument.Load(String filename)
   at DataAnalyzer.Support.FileManager.WriteInputMessage(InputMessages Message, String FileName) in D:\NEW LIVE PROJECT\Extrnal soures\Extrnal soures\DataAnalyzer\Support\FileManager.cs:line 1102

--------------------------------------------------------------------------------------------------------
08-29-2026 18:30:57
'.', hexadecimal value 0x00, is an invalid character. Line 69648, position 14.
   at System.Xml.XmlTextReaderImpl.Throw(Exception e)
   at System.Xml.XmlTextReaderImpl.Throw(String res, String[] args)
   at System.Xml.XmlTextReaderImpl.ParseText(Int32& startPos, Int32& endPos, Int32& outOrChars)
   at System.Xml.XmlTextReaderImpl.ParseText()
   at System.Xml.XmlTextReaderImpl.ParseElementContent()
   at System.Xml.XmlTextReaderImpl.Read()
   at System.Xml.XmlLoader.LoadNode(Boolean skipOverWhitespace)
   at System.Xml.XmlLoader.LoadDocSequence(XmlDocument parentDoc)
   at System.Xml.XmlLoader.Load(XmlDocument doc, XmlReader reader, Boolean preserveWhitespace)
   at System.Xml.XmlDocument.Load(XmlReader reader)
   at System.Xml.XmlDocument.Load(String filename)
   at DataAnalyzer.Support.FileManager.WriteInputMessage(InputMessages Message, String FileName) in D:\NEW LIVE PROJECT\Extrnal soures\Extrnal soures\DataAnalyzer\Support\FileManager.cs:line 1102

--------------------------------------------------------------------------------------------------------
08-29-2026 18:31:05
'.', hexadecimal value 0x00, is an invalid character. Line 69648, position 14.
   at System.Xml.XmlTextReaderImpl.Throw(Exception e)
   at System.Xml.XmlTextReaderImpl.Throw(String res, String[] args)
   at System.Xml.XmlTextReaderImpl.ParseText(Int32& startPos, Int32& endPos, Int32& outOrChars)
   at System.Xml.XmlTextReaderImpl.ParseText()
   at System.Xml.XmlTextReaderImpl.ParseElementContent()
   at System.Xml.XmlTextReaderImpl.Read()
   at System.Xml.XmlLoader.LoadNode(Boolean skipOverWhitespace)
   at System.Xml.XmlLoader.LoadDocSequence(XmlDocument parentDoc)
   at System.Xml.XmlLoader.Load(XmlDocument doc, XmlReader reader, Boolean preserveWhitespace)
   at System.Xml.XmlDocument.Load(XmlReader reader)
   at System.Xml.XmlDocument.Load(String filename)
   at DataAnalyzer.Support.FileManager.WriteInputMessage(InputMessages Message, String FileName) in D:\NEW LIVE PROJECT\Extrnal soures\Extrnal soures\DataAnalyzer\Support\FileManager.cs:line 1102

--------------------------------------------------------------------------------------------------------
08-29-2026 18:31:14
'.', hexadecimal value 0x00, is an invalid character. Line 69648, position 14.
   at System.Xml.XmlTextReaderImpl.Throw(Exception e)
   at System.Xml.XmlTextReaderImpl.Throw(String res, String[] args)
   at System.Xml.XmlTextReaderImpl.ParseText(Int32& startPos, Int32& endPos, Int32& outOrChars)
   at System.Xml.XmlTextReaderImpl.ParseText()
   at System.Xml.XmlTextReaderImpl.ParseElementContent()
   at System.Xml.XmlTextReaderImpl.Read()
   at System.Xml.XmlLoader.LoadNode(Boolean skipOverWhitespace)
   at System.Xml.XmlLoader.LoadDocSequence(XmlDocument parentDoc)
   at System.Xml.XmlLoader.Load(XmlDocument doc, XmlReader reader, Boolean preserveWhitespace)
   at System.Xml.XmlDocument.Load(XmlReader reader)
   at System.Xml.XmlDocument.Load(String filename)
   at DataAnalyzer.Support.FileManager.WriteInputMessage(InputMessages Message, String FileName) in D:\NEW LIVE PROJECT\Extrnal soures\Extrnal soures\DataAnalyzer\Support\FileManager.cs:line 1102

--------------------------------------------------------------------------------------------------------
08-29-2026 18:31:14
'.', hexadecimal value 0x00, is an invalid character. Line 69648, position 14.
   at System.Xml.XmlTextReaderImpl.Throw(Exception e)
   at System.Xml.XmlTextReaderImpl.Throw(String res, String[] args)
   at System.Xml.XmlTextReaderImpl.ParseText(Int32& startPos, Int32& endPos, Int32& outOrChars)
   at System.Xml.XmlTextReaderImpl.ParseText()
   at System.Xml.XmlTextReaderImpl.ParseElementContent()
   at System.Xml.XmlTextReaderImpl.Read()
   at System.Xml.XmlLoader.LoadNode(Boolean skipOverWhitespace)
   at System.Xml.XmlLoader.LoadDocSequence(XmlDocument parentDoc)
   at System.Xml.XmlLoader.Load(XmlDocument doc, XmlReader reader, Boolean preserveWhitespace)
   at System.Xml.XmlDocument.Load(XmlReader reader)
   at System.Xml.XmlDocument.Load(String filename)
   at DataAnalyzer.Support.FileManager.WriteInputMessage(InputMessages Message, String FileName) in D:\NEW LIVE PROJECT\Extrnal soures\Extrnal soures\DataAnalyzer\Support\FileManager.cs:line 1102

--------------------------------------------------------------------------------------------------------
08-29-2026 18:31:14
'.', hexadecimal value 0x00, is an invalid character. Line 69648, position 14.
   at System.Xml.XmlTextReaderImpl.Throw(Exception e)
   at System.Xml.XmlTextReaderImpl.Throw(String res, String[] args)
   at System.Xml.XmlTextReaderImpl.ParseText(Int32& startPos, Int32& endPos, Int32& outOrChars)
   at System.Xml.XmlTextReaderImpl.ParseText()
   at System.Xml.XmlTextReaderImpl.ParseElementContent()
   at System.Xml.XmlTextReaderImpl.Read()
   at System.Xml.XmlLoader.LoadNode(Boolean skipOverWhitespace)
   at System.Xml.XmlLoader.LoadDocSequence(XmlDocument parentDoc)
   at System.Xml.XmlLoader.Load(XmlDocument doc, XmlReader reader, Boolean preserveWhitespace)
   at System.Xml.XmlDocument.Load(XmlReader reader)
   at System.Xml.XmlDocument.Load(String filename)
   at DataAnalyzer.Support.FileManager.WriteInputMessage(InputMessages Message, String FileName) in D:\NEW LIVE PROJECT\Extrnal soures\Extrnal soures\DataAnalyzer\Support\FileManager.cs:line 1102

--------------------------------------------------------------------------------------------------------
08-29-2026 18:31:22
'.', hexadecimal value 0x00, is an invalid character. Line 69648, position 14.
   at System.Xml.XmlTextReaderImpl.Throw(Exception e)
   at System.Xml.XmlTextReaderImpl.Throw(String res, String[] args)
   at System.Xml.XmlTextReaderImpl.ParseText(Int32& startPos, Int32& endPos, Int32& outOrChars)
   at System.Xml.XmlTextReaderImpl.ParseText()
   at System.Xml.XmlTextReaderImpl.ParseElementContent()
   at System.Xml.XmlTextReaderImpl.Read()
   at System.Xml.XmlLoader.LoadNode(Boolean skipOverWhitespace)
   at System.Xml.XmlLoader.LoadDocSequence(XmlDocument parentDoc)
   at System.Xml.XmlLoader.Load(XmlDocument doc, XmlReader reader, Boolean preserveWhitespace)
   at System.Xml.XmlDocument.Load(XmlReader reader)
   at System.Xml.XmlDocument.Load(String filename)
   at DataAnalyzer.Support.FileManager.WriteInputMessage(InputMessages Message, String FileName) in D:\NEW LIVE PROJECT\Extrnal soures\Extrnal soures\DataAnalyzer\Support\FileManager.cs:line 1102

--------------------------------------------------------------------------------------------------------
08-29-2026 18:31:31
'.', hexadecimal value 0x00, is an invalid character. Line 69648, position 14.
   at System.Xml.XmlTextReaderImpl.Throw(Exception e)
   at System.Xml.XmlTextReaderImpl.Throw(String res, String[] args)
   at System.Xml.XmlTextReaderImpl.ParseText(Int32& startPos, Int32& endPos, Int32& outOrChars)
   at System.Xml.XmlTextReaderImpl.ParseText()
   at System.Xml.XmlTextReaderImpl.ParseElementContent()
   at System.Xml.XmlTextReaderImpl.Read()
   at System.Xml.XmlLoader.LoadNode(Boolean skipOverWhitespace)
   at System.Xml.XmlLoader.LoadDocSequence(XmlDocument parentDoc)
   at System.Xml.XmlLoader.Load(XmlDocument doc, XmlReader reader, Boolean preserveWhitespace)
   at System.Xml.XmlDocument.Load(XmlReader reader)
   at System.Xml.XmlDocument.Load(String filename)
   at DataAnalyzer.Support.FileManager.WriteInputMessage(InputMessages Message, String FileName) in D:\NEW LIVE PROJECT\Extrnal soures\Extrnal soures\DataAnalyzer\Support\FileManager.cs:line 1102

--------------------------------------------------------------------------------------------------------
08-29-2026 18:34:22
'.', hexadecimal value 0x00, is an invalid character. Line 69648, position 14.
   at System.Xml.XmlTextReaderImpl.Throw(Exception e)
   at System.Xml.XmlTextReaderImpl.Throw(String res, String[] args)
   at System.Xml.XmlTextReaderImpl.ParseText(Int32& startPos, Int32& endPos, Int32& outOrChars)
   at System.Xml.XmlTextReaderImpl.ParseText()
   at System.Xml.XmlTextReaderImpl.ParseElementContent()
   at System.Xml.XmlTextReaderImpl.Read()
   at System.Xml.XmlLoader.LoadNode(Boolean skipOverWhitespace)
   at System.Xml.XmlLoader.LoadDocSequence(XmlDocument parentDoc)
   at System.Xml.XmlLoader.Load(XmlDocument doc, XmlReader reader, Boolean preserveWhitespace)
   at System.Xml.XmlDocument.Load(XmlReader reader)
   at System.Xml.XmlDocument.Load(String filename)
   at DataAnalyzer.Support.FileManager.WriteInputMessage(InputMessages Message, String FileName) in D:\NEW LIVE PROJECT\Extrnal soures\Extrnal soures\DataAnalyzer\Support\FileManager.cs:line 1102

--------------------------------------------------------------------------------------------------------
08-29-2026 19:52:04
'.', hexadecimal value 0x00, is an invalid character. Line 69648, position 14.
   at System.Xml.XmlTextReaderImpl.Throw(Exception e)
   at System.Xml.XmlTextReaderImpl.Throw(String res, String[] args)
   at System.Xml.XmlTextReaderImpl.ParseText(Int32& startPos, Int32& endPos, Int32& outOrChars)
   at System.Xml.XmlTextReaderImpl.ParseText()
   at System.Xml.XmlTextReaderImpl.ParseElementContent()
   at System.Xml.XmlTextReaderImpl.Read()
   at System.Xml.XmlLoader.LoadNode(Boolean skipOverWhitespace)
   at System.Xml.XmlLoader.LoadDocSequence(XmlDocument parentDoc)
   at System.Xml.XmlLoader.Load(XmlDocument doc, XmlReader reader, Boolean preserveWhitespace)
   at System.Xml.XmlDocument.Load(XmlReader reader)
   at System.Xml.XmlDocument.Load(String filename)
   at DataAnalyzer.Support.FileManager.WriteInputMessage(InputMessages Message, String FileName) in D:\NEW LIVE PROJECT\Extrnal soures\Extrnal soures\DataAnalyzer\Support\FileManager.cs:line 1102

--------------------------------------------------------------------------------------------------------
08-29-2026 20:02:45
'.', hexadecimal value 0x00, is an invalid character. Line 69648, position 14.
   at System.Xml.XmlTextReaderImpl.Throw(Exception e)
   at System.Xml.XmlTextReaderImpl.Throw(String res, String[] args)
   at System.Xml.XmlTextReaderImpl.ParseText(Int32& startPos, Int32& endPos, Int32& outOrChars)
   at System.Xml.XmlTextReaderImpl.ParseText()
   at System.Xml.XmlTextReaderImpl.ParseElementContent()
   at System.Xml.XmlTextReaderImpl.Read()
   at System.Xml.XmlLoader.LoadNode(Boolean skipOverWhitespace)
   at System.Xml.XmlLoader.LoadDocSequence(XmlDocument parentDoc)
   at System.Xml.XmlLoader.Load(XmlDocument doc, XmlReader reader, Boolean preserveWhitespace)
   at System.Xml.XmlDocument.Load(XmlReader reader)
   at System.Xml.XmlDocument.Load(String filename)
   at DataAnalyzer.Support.FileManager.WriteInputMessage(InputMessages Message, String FileName) in D:\NEW LIVE PROJECT\Extrnal soures\Extrnal soures\DataAnalyzer\Support\FileManager.cs:line 1102

--------------------------------------------------------------------------------------------------------
08-29-2026 20:03:28
'.', hexadecimal value 0x00, is an invalid character. Line 69648, position 14.
   at System.Xml.XmlTextReaderImpl.Throw(Exception e)
   at System.Xml.XmlTextReaderImpl.Throw(String res, String[] args)
   at System.Xml.XmlTextReaderImpl.ParseText(Int32& startPos, Int32& endPos, Int32& outOrChars)
   at System.Xml.XmlTextReaderImpl.ParseText()
   at System.Xml.XmlTextReaderImpl.ParseElementContent()
   at System.Xml.XmlTextReaderImpl.Read()
   at System.Xml.XmlLoader.LoadNode(Boolean skipOverWhitespace)
   at System.Xml.XmlLoader.LoadDocSequence(XmlDocument parentDoc)
   at System.Xml.XmlLoader.Load(XmlDocument doc, XmlReader reader, Boolean preserveWhitespace)
   at System.Xml.XmlDocument.Load(XmlReader reader)
   at System.Xml.XmlDocument.Load(String filename)
   at DataAnalyzer.Support.FileManager.WriteInputMessage(InputMessages Message, String FileName) in D:\NEW LIVE PROJECT\Extrnal soures\Extrnal soures\DataAnalyzer\Support\FileManager.cs:line 1102

--------------------------------------------------------------------------------------------------------
08-29-2026 20:05:28
'.', hexadecimal value 0x00, is an invalid character. Line 69648, position 14.
   at System.Xml.XmlTextReaderImpl.Throw(Exception e)
   at System.Xml.XmlTextReaderImpl.Throw(String res, String[] args)
   at System.Xml.XmlTextReaderImpl.ParseText(Int32& startPos, Int32& endPos, Int32& outOrChars)
   at System.Xml.XmlTextReaderImpl.ParseText()
   at System.Xml.XmlTextReaderImpl.ParseElementContent()
   at System.Xml.XmlTextReaderImpl.Read()
   at System.Xml.XmlLoader.LoadNode(Boolean skipOverWhitespace)
   at System.Xml.XmlLoader.LoadDocSequence(XmlDocument parentDoc)
   at System.Xml.XmlLoader.Load(XmlDocument doc, XmlReader reader, Boolean preserveWhitespace)
   at System.Xml.XmlDocument.Load(XmlReader reader)
   at System.Xml.XmlDocument.Load(String filename)
   at DataAnalyzer.Support.FileManager.WriteInputMessage(InputMessages Message, String FileName) in D:\NEW LIVE PROJECT\Extrnal soures\Extrnal soures\DataAnalyzer\Support\FileManager.cs:line 1102

--------------------------------------------------------------------------------------------------------
08-29-2026 21:18:25
'.', hexadecimal value 0x00, is an invalid character. Line 69648, position 14.
   at System.Xml.XmlTextReaderImpl.Throw(Exception e)
   at System.Xml.XmlTextReaderImpl.Throw(String res, String[] args)
   at System.Xml.XmlTextReaderImpl.ParseText(Int32& startPos, Int32& endPos, Int32& outOrChars)
   at System.Xml.XmlTextReaderImpl.ParseText()
   at System.Xml.XmlTextReaderImpl.ParseElementContent()
   at System.Xml.XmlTextReaderImpl.Read()
   at System.Xml.XmlLoader.LoadNode(Boolean skipOverWhitespace)
   at System.Xml.XmlLoader.LoadDocSequence(XmlDocument parentDoc)
   at System.Xml.XmlLoader.Load(XmlDocument doc, XmlReader reader, Boolean preserveWhitespace)
   at System.Xml.XmlDocument.Load(XmlReader reader)
   at System.Xml.XmlDocument.Load(String filename)
   at DataAnalyzer.Support.FileManager.WriteInputMessage(InputMessages Message, String FileName) in D:\NEW LIVE PROJECT\Extrnal soures\Extrnal soures\DataAnalyzer\Support\FileManager.cs:line 1102

--------------------------------------------------------------------------------------------------------
08-29-2026 21:18:33
'.', hexadecimal value 0x00, is an invalid character. Line 69648, position 14.
   at System.Xml.XmlTextReaderImpl.Throw(Exception e)
   at System.Xml.XmlTextReaderImpl.Throw(String res, String[] args)
   at System.Xml.XmlTextReaderImpl.ParseText(Int32& startPos, Int32& endPos, Int32& outOrChars)
   at System.Xml.XmlTextReaderImpl.ParseText()
   at System.Xml.XmlTextReaderImpl.ParseElementContent()
   at System.Xml.XmlTextReaderImpl.Read()
   at System.Xml.XmlLoader.LoadNode(Boolean skipOverWhitespace)
   at System.Xml.XmlLoader.LoadDocSequence(XmlDocument parentDoc)
   at System.Xml.XmlLoader.Load(XmlDocument doc, XmlReader reader, Boolean preserveWhitespace)
   at System.Xml.XmlDocument.Load(XmlReader reader)
   at System.Xml.XmlDocument.Load(String filename)
   at DataAnalyzer.Support.FileManager.WriteInputMessage(InputMessages Message, String FileName) in D:\NEW LIVE PROJECT\Extrnal soures\Extrnal soures\DataAnalyzer\Support\FileManager.cs:line 1102

--------------------------------------------------------------------------------------------------------
08-29-2026 21:37:35
'.', hexadecimal value 0x00, is an invalid character. Line 69648, position 14.
   at System.Xml.XmlTextReaderImpl.Throw(Exception e)
   at System.Xml.XmlTextReaderImpl.Throw(String res, String[] args)
   at System.Xml.XmlTextReaderImpl.ParseText(Int32& startPos, Int32& endPos, Int32& outOrChars)
   at System.Xml.XmlTextReaderImpl.ParseText()
   at System.Xml.XmlTextReaderImpl.ParseElementContent()
   at System.Xml.XmlTextReaderImpl.Read()
   at System.Xml.XmlLoader.LoadNode(Boolean skipOverWhitespace)
   at System.Xml.XmlLoader.LoadDocSequence(XmlDocument parentDoc)
   at System.Xml.XmlLoader.Load(XmlDocument doc, XmlReader reader, Boolean preserveWhitespace)
   at System.Xml.XmlDocument.Load(XmlReader reader)
   at System.Xml.XmlDocument.Load(String filename)
   at DataAnalyzer.Support.FileManager.WriteInputMessage(InputMessages Message, String FileName) in D:\NEW LIVE PROJECT\Extrnal soures\Extrnal soures\DataAnalyzer\Support\FileManager.cs:line 1102

--------------------------------------------------------------------------------------------------------
08-29-2026 21:44:58
'.', hexadecimal value 0x00, is an invalid character. Line 69648, position 14.
   at System.Xml.XmlTextReaderImpl.Throw(Exception e)
   at System.Xml.XmlTextReaderImpl.Throw(String res, String[] args)
   at System.Xml.XmlTextReaderImpl.ParseText(Int32& startPos, Int32& endPos, Int32& outOrChars)
   at System.Xml.XmlTextReaderImpl.ParseText()
   at System.Xml.XmlTextReaderImpl.ParseElementContent()
   at System.Xml.XmlTextReaderImpl.Read()
   at System.Xml.XmlLoader.LoadNode(Boolean skipOverWhitespace)
   at System.Xml.XmlLoader.LoadDocSequence(XmlDocument parentDoc)
   at System.Xml.XmlLoader.Load(XmlDocument doc, XmlReader reader, Boolean preserveWhitespace)
   at System.Xml.XmlDocument.Load(XmlReader reader)
   at System.Xml.XmlDocument.Load(String filename)
   at DataAnalyzer.Support.FileManager.WriteInputMessage(InputMessages Message, String FileName) in D:\NEW LIVE PROJECT\Extrnal soures\Extrnal soures\DataAnalyzer\Support\FileManager.cs:line 1102

--------------------------------------------------------------------------------------------------------
08-29-2026 21:46:32
'.', hexadecimal value 0x00, is an invalid character. Line 69648, position 14.
   at System.Xml.XmlTextReaderImpl.Throw(Exception e)
   at System.Xml.XmlTextReaderImpl.Throw(String res, String[] args)
   at System.Xml.XmlTextReaderImpl.ParseText(Int32& startPos, Int32& endPos, Int32& outOrChars)
   at System.Xml.XmlTextReaderImpl.ParseText()
   at System.Xml.XmlTextReaderImpl.ParseElementContent()
   at System.Xml.XmlTextReaderImpl.Read()
   at System.Xml.XmlLoader.LoadNode(Boolean skipOverWhitespace)
   at System.Xml.XmlLoader.LoadDocSequence(XmlDocument parentDoc)
   at System.Xml.XmlLoader.Load(XmlDocument doc, XmlReader reader, Boolean preserveWhitespace)
   at System.Xml.XmlDocument.Load(XmlReader reader)
   at System.Xml.XmlDocument.Load(String filename)
   at DataAnalyzer.Support.FileManager.WriteInputMessage(InputMessages Message, String FileName) in D:\NEW LIVE PROJECT\Extrnal soures\Extrnal soures\DataAnalyzer\Support\FileManager.cs:line 1102

--------------------------------------------------------------------------------------------------------
08-29-2026 21:46:58
'.', hexadecimal value 0x00, is an invalid character. Line 69648, position 14.
   at System.Xml.XmlTextReaderImpl.Throw(Exception e)
   at System.Xml.XmlTextReaderImpl.Throw(String res, String[] args)
   at System.Xml.XmlTextReaderImpl.ParseText(Int32& startPos, Int32& endPos, Int32& outOrChars)
   at System.Xml.XmlTextReaderImpl.ParseText()
   at System.Xml.XmlTextReaderImpl.ParseElementContent()
   at System.Xml.XmlTextReaderImpl.Read()
   at System.Xml.XmlLoader.LoadNode(Boolean skipOverWhitespace)
   at System.Xml.XmlLoader.LoadDocSequence(XmlDocument parentDoc)
   at System.Xml.XmlLoader.Load(XmlDocument doc, XmlReader reader, Boolean preserveWhitespace)
   at System.Xml.XmlDocument.Load(XmlReader reader)
   at System.Xml.XmlDocument.Load(String filename)
   at DataAnalyzer.Support.FileManager.WriteInputMessage(InputMessages Message, String FileName) in D:\NEW LIVE PROJECT\Extrnal soures\Extrnal soures\DataAnalyzer\Support\FileManager.cs:line 1102

--------------------------------------------------------------------------------------------------------
08-29-2026 21:47:07
'.', hexadecimal value 0x00, is an invalid character. Line 69648, position 14.
   at System.Xml.XmlTextReaderImpl.Throw(Exception e)
   at System.Xml.XmlTextReaderImpl.Throw(String res, String[] args)
   at System.Xml.XmlTextReaderImpl.ParseText(Int32& startPos, Int32& endPos, Int32& outOrChars)
   at System.Xml.XmlTextReaderImpl.ParseText()
   at System.Xml.XmlTextReaderImpl.ParseElementContent()
   at System.Xml.XmlTextReaderImpl.Read()
   at System.Xml.XmlLoader.LoadNode(Boolean skipOverWhitespace)
   at System.Xml.XmlLoader.LoadDocSequence(XmlDocument parentDoc)
   at System.Xml.XmlLoader.Load(XmlDocument doc, XmlReader reader, Boolean preserveWhitespace)
   at System.Xml.XmlDocument.Load(XmlReader reader)
   at System.Xml.XmlDocument.Load(String filename)
   at DataAnalyzer.Support.FileManager.WriteInputMessage(InputMessages Message, String FileName) in D:\NEW LIVE PROJECT\Extrnal soures\Extrnal soures\DataAnalyzer\Support\FileManager.cs:line 1102

--------------------------------------------------------------------------------------------------------
08-29-2026 21:50:23
'.', hexadecimal value 0x00, is an invalid character. Line 69648, position 14.
   at System.Xml.XmlTextReaderImpl.Throw(Exception e)
   at System.Xml.XmlTextReaderImpl.Throw(String res, String[] args)
   at System.Xml.XmlTextReaderImpl.ParseText(Int32& startPos, Int32& endPos, Int32& outOrChars)
   at System.Xml.XmlTextReaderImpl.ParseText()
   at System.Xml.XmlTextReaderImpl.ParseElementContent()
   at System.Xml.XmlTextReaderImpl.Read()
   at System.Xml.XmlLoader.LoadNode(Boolean skipOverWhitespace)
   at System.Xml.XmlLoader.LoadDocSequence(XmlDocument parentDoc)
   at System.Xml.XmlLoader.Load(XmlDocument doc, XmlReader reader, Boolean preserveWhitespace)
   at System.Xml.XmlDocument.Load(XmlReader reader)
   at System.Xml.XmlDocument.Load(String filename)
   at DataAnalyzer.Support.FileManager.WriteInputMessage(InputMessages Message, String FileName) in D:\NEW LIVE PROJECT\Extrnal soures\Extrnal soures\DataAnalyzer\Support\FileManager.cs:line 1102

--------------------------------------------------------------------------------------------------------
08-29-2026 21:52:06
'.', hexadecimal value 0x00, is an invalid character. Line 69648, position 14.
   at System.Xml.XmlTextReaderImpl.Throw(Exception e)
   at System.Xml.XmlTextReaderImpl.Throw(String res, String[] args)
   at System.Xml.XmlTextReaderImpl.ParseText(Int32& startPos, Int32& endPos, Int32& outOrChars)
   at System.Xml.XmlTextReaderImpl.ParseText()
   at System.Xml.XmlTextReaderImpl.ParseElementContent()
   at System.Xml.XmlTextReaderImpl.Read()
   at System.Xml.XmlLoader.LoadNode(Boolean skipOverWhitespace)
   at System.Xml.XmlLoader.LoadDocSequence(XmlDocument parentDoc)
   at System.Xml.XmlLoader.Load(XmlDocument doc, XmlReader reader, Boolean preserveWhitespace)
   at System.Xml.XmlDocument.Load(XmlReader reader)
   at System.Xml.XmlDocument.Load(String filename)
   at DataAnalyzer.Support.FileManager.WriteInputMessage(InputMessages Message, String FileName) in D:\NEW LIVE PROJECT\Extrnal soures\Extrnal soures\DataAnalyzer\Support\FileManager.cs:line 1102

--------------------------------------------------------------------------------------------------------
08-29-2026 22:10:09
'.', hexadecimal value 0x00, is an invalid character. Line 69648, position 14.
   at System.Xml.XmlTextReaderImpl.Throw(Exception e)
   at System.Xml.XmlTextReaderImpl.Throw(String res, String[] args)
   at System.Xml.XmlTextReaderImpl.ParseText(Int32& startPos, Int32& endPos, Int32& outOrChars)
   at System.Xml.XmlTextReaderImpl.ParseText()
   at System.Xml.XmlTextReaderImpl.ParseElementContent()
   at System.Xml.XmlTextReaderImpl.Read()
   at System.Xml.XmlLoader.LoadNode(Boolean skipOverWhitespace)
   at System.Xml.XmlLoader.LoadDocSequence(XmlDocument parentDoc)
   at System.Xml.XmlLoader.Load(XmlDocument doc, XmlReader reader, Boolean preserveWhitespace)
   at System.Xml.XmlDocument.Load(XmlReader reader)
   at System.Xml.XmlDocument.Load(String filename)
   at DataAnalyzer.Support.FileManager.WriteInputMessage(InputMessages Message, String FileName) in D:\NEW LIVE PROJECT\Extrnal soures\Extrnal soures\DataAnalyzer\Support\FileManager.cs:line 1102

--------------------------------------------------------------------------------------------------------
08-29-2026 22:19:25
'.', hexadecimal value 0x00, is an invalid character. Line 69648, position 14.
   at System.Xml.XmlTextReaderImpl.Throw(Exception e)
   at System.Xml.XmlTextReaderImpl.Throw(String res, String[] args)
   at System.Xml.XmlTextReaderImpl.ParseText(Int32& startPos, Int32& endPos, Int32& outOrChars)
   at System.Xml.XmlTextReaderImpl.ParseText()
   at System.Xml.XmlTextReaderImpl.ParseElementContent()
   at System.Xml.XmlTextReaderImpl.Read()
   at System.Xml.XmlLoader.LoadNode(Boolean skipOverWhitespace)
   at System.Xml.XmlLoader.LoadDocSequence(XmlDocument parentDoc)
   at System.Xml.XmlLoader.Load(XmlDocument doc, XmlReader reader, Boolean preserveWhitespace)
   at System.Xml.XmlDocument.Load(XmlReader reader)
   at System.Xml.XmlDocument.Load(String filename)
   at DataAnalyzer.Support.FileManager.WriteInputMessage(InputMessages Message, String FileName) in D:\NEW LIVE PROJECT\Extrnal soures\Extrnal soures\DataAnalyzer\Support\FileManager.cs:line 1102

--------------------------------------------------------------------------------------------------------
08-29-2026 22:54:58
'.', hexadecimal value 0x00, is an invalid character. Line 69648, position 14.
   at System.Xml.XmlTextReaderImpl.Throw(Exception e)
   at System.Xml.XmlTextReaderImpl.Throw(String res, String[] args)
   at System.Xml.XmlTextReaderImpl.ParseText(Int32& startPos, Int32& endPos, Int32& outOrChars)
   at System.Xml.XmlTextReaderImpl.ParseText()
   at System.Xml.XmlTextReaderImpl.ParseElementContent()
   at System.Xml.XmlTextReaderImpl.Read()
   at System.Xml.XmlLoader.LoadNode(Boolean skipOverWhitespace)
   at System.Xml.XmlLoader.LoadDocSequence(XmlDocument parentDoc)
   at System.Xml.XmlLoader.Load(XmlDocument doc, XmlReader reader, Boolean preserveWhitespace)
   at System.Xml.XmlDocument.Load(XmlReader reader)
   at System.Xml.XmlDocument.Load(String filename)
   at DataAnalyzer.Support.FileManager.WriteInputMessage(InputMessages Message, String FileName) in D:\NEW LIVE PROJECT\Extrnal soures\Extrnal soures\DataAnalyzer\Support\FileManager.cs:line 1102

--------------------------------------------------------------------------------------------------------
08-29-2026 23:35:00
'.', hexadecimal value 0x00, is an invalid character. Line 69648, position 14.
   at System.Xml.XmlTextReaderImpl.Throw(Exception e)
   at System.Xml.XmlTextReaderImpl.Throw(String res, String[] args)
   at System.Xml.XmlTextReaderImpl.ParseText(Int32& startPos, Int32& endPos, Int32& outOrChars)
   at System.Xml.XmlTextReaderImpl.ParseText()
   at System.Xml.XmlTextReaderImpl.ParseElementContent()
   at System.Xml.XmlTextReaderImpl.Read()
   at System.Xml.XmlLoader.LoadNode(Boolean skipOverWhitespace)
   at System.Xml.XmlLoader.LoadDocSequence(XmlDocument parentDoc)
   at System.Xml.XmlLoader.Load(XmlDocument doc, XmlReader reader, Boolean preserveWhitespace)
   at System.Xml.XmlDocument.Load(XmlReader reader)
   at System.Xml.XmlDocument.Load(String filename)
   at DataAnalyzer.Support.FileManager.WriteInputMessage(InputMessages Message, String FileName) in D:\NEW LIVE PROJECT\Extrnal soures\Extrnal soures\DataAnalyzer\Support\FileManager.cs:line 1102

--------------------------------------------------------------------------------------------------------
08-29-2026 23:35:51
'.', hexadecimal value 0x00, is an invalid character. Line 69648, position 14.
   at System.Xml.XmlTextReaderImpl.Throw(Exception e)
   at System.Xml.XmlTextReaderImpl.Throw(String res, String[] args)
   at System.Xml.XmlTextReaderImpl.ParseText(Int32& startPos, Int32& endPos, Int32& outOrChars)
   at System.Xml.XmlTextReaderImpl.ParseText()
   at System.Xml.XmlTextReaderImpl.ParseElementContent()
   at System.Xml.XmlTextReaderImpl.Read()
   at System.Xml.XmlLoader.LoadNode(Boolean skipOverWhitespace)
   at System.Xml.XmlLoader.LoadDocSequence(XmlDocument parentDoc)
   at System.Xml.XmlLoader.Load(XmlDocument doc, XmlReader reader, Boolean preserveWhitespace)
   at System.Xml.XmlDocument.Load(XmlReader reader)
   at System.Xml.XmlDocument.Load(String filename)
   at DataAnalyzer.Support.FileManager.WriteInputMessage(InputMessages Message, String FileName) in D:\NEW LIVE PROJECT\Extrnal soures\Extrnal soures\DataAnalyzer\Support\FileManager.cs:line 1102

--------------------------------------------------------------------------------------------------------
08-29-2026 23:35:52
'.', hexadecimal value 0x00, is an invalid character. Line 69648, position 14.
   at System.Xml.XmlTextReaderImpl.Throw(Exception e)
   at System.Xml.XmlTextReaderImpl.Throw(String res, String[] args)
   at System.Xml.XmlTextReaderImpl.ParseText(Int32& startPos, Int32& endPos, Int32& outOrChars)
   at System.Xml.XmlTextReaderImpl.ParseText()
   at System.Xml.XmlTextReaderImpl.ParseElementContent()
   at System.Xml.XmlTextReaderImpl.Read()
   at System.Xml.XmlLoader.LoadNode(Boolean skipOverWhitespace)
   at System.Xml.XmlLoader.LoadDocSequence(XmlDocument parentDoc)
   at System.Xml.XmlLoader.Load(XmlDocument doc, XmlReader reader, Boolean preserveWhitespace)
   at System.Xml.XmlDocument.Load(XmlReader reader)
   at System.Xml.XmlDocument.Load(String filename)
   at DataAnalyzer.Support.FileManager.WriteInputMessage(InputMessages Message, String FileName) in D:\NEW LIVE PROJECT\Extrnal soures\Extrnal soures\DataAnalyzer\Support\FileManager.cs:line 1102

--------------------------------------------------------------------------------------------------------
08-29-2026 23:36:08
'.', hexadecimal value 0x00, is an invalid character. Line 69648, position 14.
   at System.Xml.XmlTextReaderImpl.Throw(Exception e)
   at System.Xml.XmlTextReaderImpl.Throw(String res, String[] args)
   at System.Xml.XmlTextReaderImpl.ParseText(Int32& startPos, Int32& endPos, Int32& outOrChars)
   at System.Xml.XmlTextReaderImpl.ParseText()
   at System.Xml.XmlTextReaderImpl.ParseElementContent()
   at System.Xml.XmlTextReaderImpl.Read()
   at System.Xml.XmlLoader.LoadNode(Boolean skipOverWhitespace)
   at System.Xml.XmlLoader.LoadDocSequence(XmlDocument parentDoc)
   at System.Xml.XmlLoader.Load(XmlDocument doc, XmlReader reader, Boolean preserveWhitespace)
   at System.Xml.XmlDocument.Load(XmlReader reader)
   at System.Xml.XmlDocument.Load(String filename)
   at DataAnalyzer.Support.FileManager.WriteInputMessage(InputMessages Message, String FileName) in D:\NEW LIVE PROJECT\Extrnal soures\Extrnal soures\DataAnalyzer\Support\FileManager.cs:line 1102

--------------------------------------------------------------------------------------------------------
08-29-2026 23:37:51
'.', hexadecimal value 0x00, is an invalid character. Line 69648, position 14.
   at System.Xml.XmlTextReaderImpl.Throw(Exception e)
   at System.Xml.XmlTextReaderImpl.Throw(String res, String[] args)
   at System.Xml.XmlTextReaderImpl.ParseText(Int32& startPos, Int32& endPos, Int32& outOrChars)
   at System.Xml.XmlTextReaderImpl.ParseText()
   at System.Xml.XmlTextReaderImpl.ParseElementContent()
   at System.Xml.XmlTextReaderImpl.Read()
   at System.Xml.XmlLoader.LoadNode(Boolean skipOverWhitespace)
   at System.Xml.XmlLoader.LoadDocSequence(XmlDocument parentDoc)
   at System.Xml.XmlLoader.Load(XmlDocument doc, XmlReader reader, Boolean preserveWhitespace)
   at System.Xml.XmlDocument.Load(XmlReader reader)
   at System.Xml.XmlDocument.Load(String filename)
   at DataAnalyzer.Support.FileManager.WriteInputMessage(InputMessages Message, String FileName) in D:\NEW LIVE PROJECT\Extrnal soures\Extrnal soures\DataAnalyzer\Support\FileManager.cs:line 1102

--------------------------------------------------------------------------------------------------------
08-29-2026 23:38:08
'.', hexadecimal value 0x00, is an invalid character. Line 69648, position 14.
   at System.Xml.XmlTextReaderImpl.Throw(Exception e)
   at System.Xml.XmlTextReaderImpl.Throw(String res, String[] args)
   at System.Xml.XmlTextReaderImpl.ParseText(Int32& startPos, Int32& endPos, Int32& outOrChars)
   at System.Xml.XmlTextReaderImpl.ParseText()
   at System.Xml.XmlTextReaderImpl.ParseElementContent()
   at System.Xml.XmlTextReaderImpl.Read()
   at System.Xml.XmlLoader.LoadNode(Boolean skipOverWhitespace)
   at System.Xml.XmlLoader.LoadDocSequence(XmlDocument parentDoc)
   at System.Xml.XmlLoader.Load(XmlDocument doc, XmlReader reader, Boolean preserveWhitespace)
   at System.Xml.XmlDocument.Load(XmlReader reader)
   at System.Xml.XmlDocument.Load(String filename)
   at DataAnalyzer.Support.FileManager.WriteInputMessage(InputMessages Message, String FileName) in D:\NEW LIVE PROJECT\Extrnal soures\Extrnal soures\DataAnalyzer\Support\FileManager.cs:line 1102

--------------------------------------------------------------------------------------------------------
08-29-2026 23:40:45
'.', hexadecimal value 0x00, is an invalid character. Line 69648, position 14.
   at System.Xml.XmlTextReaderImpl.Throw(Exception e)
   at System.Xml.XmlTextReaderImpl.Throw(String res, String[] args)
   at System.Xml.XmlTextReaderImpl.ParseText(Int32& startPos, Int32& endPos, Int32& outOrChars)
   at System.Xml.XmlTextReaderImpl.ParseText()
   at System.Xml.XmlTextReaderImpl.ParseElementContent()
   at System.Xml.XmlTextReaderImpl.Read()
   at System.Xml.XmlLoader.LoadNode(Boolean skipOverWhitespace)
   at System.Xml.XmlLoader.LoadDocSequence(XmlDocument parentDoc)
   at System.Xml.XmlLoader.Load(XmlDocument doc, XmlReader reader, Boolean preserveWhitespace)
   at System.Xml.XmlDocument.Load(XmlReader reader)
   at System.Xml.XmlDocument.Load(String filename)
   at DataAnalyzer.Support.FileManager.WriteInputMessage(InputMessages Message, String FileName) in D:\NEW LIVE PROJECT\Extrnal soures\Extrnal soures\DataAnalyzer\Support\FileManager.cs:line 1102

--------------------------------------------------------------------------------------------------------
08-29-2026 23:40:45
'.', hexadecimal value 0x00, is an invalid character. Line 69648, position 14.
   at System.Xml.XmlTextReaderImpl.Throw(Exception e)
   at System.Xml.XmlTextReaderImpl.Throw(String res, String[] args)
   at System.Xml.XmlTextReaderImpl.ParseText(Int32& startPos, Int32& endPos, Int32& outOrChars)
   at System.Xml.XmlTextReaderImpl.ParseText()
   at System.Xml.XmlTextReaderImpl.ParseElementContent()
   at System.Xml.XmlTextReaderImpl.Read()
   at System.Xml.XmlLoader.LoadNode(Boolean skipOverWhitespace)
   at System.Xml.XmlLoader.LoadDocSequence(XmlDocument parentDoc)
   at System.Xml.XmlLoader.Load(XmlDocument doc, XmlReader reader, Boolean preserveWhitespace)
   at System.Xml.XmlDocument.Load(XmlReader reader)
   at System.Xml.XmlDocument.Load(String filename)
   at DataAnalyzer.Support.FileManager.WriteInputMessage(InputMessages Message, String FileName) in D:\NEW LIVE PROJECT\Extrnal soures\Extrnal soures\DataAnalyzer\Support\FileManager.cs:line 1102

--------------------------------------------------------------------------------------------------------
08-29-2026 23:40:46
'.', hexadecimal value 0x00, is an invalid character. Line 69648, position 14.
   at System.Xml.XmlTextReaderImpl.Throw(Exception e)
   at System.Xml.XmlTextReaderImpl.Throw(String res, String[] args)
   at System.Xml.XmlTextReaderImpl.ParseText(Int32& startPos, Int32& endPos, Int32& outOrChars)
   at System.Xml.XmlTextReaderImpl.ParseText()
   at System.Xml.XmlTextReaderImpl.ParseElementContent()
   at System.Xml.XmlTextReaderImpl.Read()
   at System.Xml.XmlLoader.LoadNode(Boolean skipOverWhitespace)
   at System.Xml.XmlLoader.LoadDocSequence(XmlDocument parentDoc)
   at System.Xml.XmlLoader.Load(XmlDocument doc, XmlReader reader, Boolean preserveWhitespace)
   at System.Xml.XmlDocument.Load(XmlReader reader)
   at System.Xml.XmlDocument.Load(String filename)
   at DataAnalyzer.Support.FileManager.WriteInputMessage(InputMessages Message, String FileName) in D:\NEW LIVE PROJECT\Extrnal soures\Extrnal soures\DataAnalyzer\Support\FileManager.cs:line 1102

--------------------------------------------------------------------------------------------------------
08-29-2026 23:40:46
'.', hexadecimal value 0x00, is an invalid character. Line 69648, position 14.
   at System.Xml.XmlTextReaderImpl.Throw(Exception e)
   at System.Xml.XmlTextReaderImpl.Throw(String res, String[] args)
   at System.Xml.XmlTextReaderImpl.ParseText(Int32& startPos, Int32& endPos, Int32& outOrChars)
   at System.Xml.XmlTextReaderImpl.ParseText()
   at System.Xml.XmlTextReaderImpl.ParseElementContent()
   at System.Xml.XmlTextReaderImpl.Read()
   at System.Xml.XmlLoader.LoadNode(Boolean skipOverWhitespace)
   at System.Xml.XmlLoader.LoadDocSequence(XmlDocument parentDoc)
   at System.Xml.XmlLoader.Load(XmlDocument doc, XmlReader reader, Boolean preserveWhitespace)
   at System.Xml.XmlDocument.Load(XmlReader reader)
   at System.Xml.XmlDocument.Load(String filename)
   at DataAnalyzer.Support.FileManager.WriteInputMessage(InputMessages Message, String FileName) in D:\NEW LIVE PROJECT\Extrnal soures\Extrnal soures\DataAnalyzer\Support\FileManager.cs:line 1102

--------------------------------------------------------------------------------------------------------
08-29-2026 23:40:46
'.', hexadecimal value 0x00, is an invalid character. Line 69648, position 14.
   at System.Xml.XmlTextReaderImpl.Throw(Exception e)
   at System.Xml.XmlTextReaderImpl.Throw(String res, String[] args)
   at System.Xml.XmlTextReaderImpl.ParseText(Int32& startPos, Int32& endPos, Int32& outOrChars)
   at System.Xml.XmlTextReaderImpl.ParseText()
   at System.Xml.XmlTextReaderImpl.ParseElementContent()
   at System.Xml.XmlTextReaderImpl.Read()
   at System.Xml.XmlLoader.LoadNode(Boolean skipOverWhitespace)
   at System.Xml.XmlLoader.LoadDocSequence(XmlDocument parentDoc)
   at System.Xml.XmlLoader.Load(XmlDocument doc, XmlReader reader, Boolean preserveWhitespace)
   at System.Xml.XmlDocument.Load(XmlReader reader)
   at System.Xml.XmlDocument.Load(String filename)
   at DataAnalyzer.Support.FileManager.WriteInputMessage(InputMessages Message, String FileName) in D:\NEW LIVE PROJECT\Extrnal soures\Extrnal soures\DataAnalyzer\Support\FileManager.cs:line 1102

--------------------------------------------------------------------------------------------------------
08-29-2026 23:40:51
'.', hexadecimal value 0x00, is an invalid character. Line 69648, position 14.
   at System.Xml.XmlTextReaderImpl.Throw(Exception e)
   at System.Xml.XmlTextReaderImpl.Throw(String res, String[] args)
   at System.Xml.XmlTextReaderImpl.ParseText(Int32& startPos, Int32& endPos, Int32& outOrChars)
   at System.Xml.XmlTextReaderImpl.ParseText()
   at System.Xml.XmlTextReaderImpl.ParseElementContent()
   at System.Xml.XmlTextReaderImpl.Read()
   at System.Xml.XmlLoader.LoadNode(Boolean skipOverWhitespace)
   at System.Xml.XmlLoader.LoadDocSequence(XmlDocument parentDoc)
   at System.Xml.XmlLoader.Load(XmlDocument doc, XmlReader reader, Boolean preserveWhitespace)
   at System.Xml.XmlDocument.Load(XmlReader reader)
   at System.Xml.XmlDocument.Load(String filename)
   at DataAnalyzer.Support.FileManager.WriteInputMessage(InputMessages Message, String FileName) in D:\NEW LIVE PROJECT\Extrnal soures\Extrnal soures\DataAnalyzer\Support\FileManager.cs:line 1102

--------------------------------------------------------------------------------------------------------
08-29-2026 23:47:29
'.', hexadecimal value 0x00, is an invalid character. Line 69648, position 14.
   at System.Xml.XmlTextReaderImpl.Throw(Exception e)
   at System.Xml.XmlTextReaderImpl.Throw(String res, String[] args)
   at System.Xml.XmlTextReaderImpl.ParseText(Int32& startPos, Int32& endPos, Int32& outOrChars)
   at System.Xml.XmlTextReaderImpl.ParseText()
   at System.Xml.XmlTextReaderImpl.ParseElementContent()
   at System.Xml.XmlTextReaderImpl.Read()
   at System.Xml.XmlLoader.LoadNode(Boolean skipOverWhitespace)
   at System.Xml.XmlLoader.LoadDocSequence(XmlDocument parentDoc)
   at System.Xml.XmlLoader.Load(XmlDocument doc, XmlReader reader, Boolean preserveWhitespace)
   at System.Xml.XmlDocument.Load(XmlReader reader)
   at System.Xml.XmlDocument.Load(String filename)
   at DataAnalyzer.Support.FileManager.WriteInputMessage(InputMessages Message, String FileName) in D:\NEW LIVE PROJECT\Extrnal soures\Extrnal soures\DataAnalyzer\Support\FileManager.cs:line 1102

--------------------------------------------------------------------------------------------------------
08-29-2026 23:47:29
'.', hexadecimal value 0x00, is an invalid character. Line 69648, position 14.
   at System.Xml.XmlTextReaderImpl.Throw(Exception e)
   at System.Xml.XmlTextReaderImpl.Throw(String res, String[] args)
   at System.Xml.XmlTextReaderImpl.ParseText(Int32& startPos, Int32& endPos, Int32& outOrChars)
   at System.Xml.XmlTextReaderImpl.ParseText()
   at System.Xml.XmlTextReaderImpl.ParseElementContent()
   at System.Xml.XmlTextReaderImpl.Read()
   at System.Xml.XmlLoader.LoadNode(Boolean skipOverWhitespace)
   at System.Xml.XmlLoader.LoadDocSequence(XmlDocument parentDoc)
   at System.Xml.XmlLoader.Load(XmlDocument doc, XmlReader reader, Boolean preserveWhitespace)
   at System.Xml.XmlDocument.Load(XmlReader reader)
   at System.Xml.XmlDocument.Load(String filename)
   at DataAnalyzer.Support.FileManager.WriteInputMessage(InputMessages Message, String FileName) in D:\NEW LIVE PROJECT\Extrnal soures\Extrnal soures\DataAnalyzer\Support\FileManager.cs:line 1102

--------------------------------------------------------------------------------------------------------
08-29-2026 23:55:03
'.', hexadecimal value 0x00, is an invalid character. Line 69648, position 14.
   at System.Xml.XmlTextReaderImpl.Throw(Exception e)
   at System.Xml.XmlTextReaderImpl.Throw(String res, String[] args)
   at System.Xml.XmlTextReaderImpl.ParseText(Int32& startPos, Int32& endPos, Int32& outOrChars)
   at System.Xml.XmlTextReaderImpl.ParseText()
   at System.Xml.XmlTextReaderImpl.ParseElementContent()
   at System.Xml.XmlTextReaderImpl.Read()
   at System.Xml.XmlLoader.LoadNode(Boolean skipOverWhitespace)
   at System.Xml.XmlLoader.LoadDocSequence(XmlDocument parentDoc)
   at System.Xml.XmlLoader.Load(XmlDocument doc, XmlReader reader, Boolean preserveWhitespace)
   at System.Xml.XmlDocument.Load(XmlReader reader)
   at System.Xml.XmlDocument.Load(String filename)
   at DataAnalyzer.Support.FileManager.WriteInputMessage(InputMessages Message, String FileName) in D:\NEW LIVE PROJECT\Extrnal soures\Extrnal soures\DataAnalyzer\Support\FileManager.cs:line 1102

