2026-08-27 00:01:00 - [ENQ]
2026-08-27 00:01:00 - [STX]1H|\^&|||Mindry^^|||||||PR|1394-97|20260827000100[CR]P|222||||^^||^^|U||||||||||||||||||||||||||[CR]O|222|120^1^49|6555|CHOL^T.CHOL^^|S|20260826235130|20260826235033|||||||20260826235033|serum||||||||||F|||||[CR]R|254|CHOL^T.CHOL^^F|227.184910^^^^|mg/dL|^|N||F|227.184910^^^^|0|20260827000100||Mindry^[CR]L|110|N[CR][ETX]24[CR][LF]
2026-08-27 00:01:00 - [EOT]
2026-08-27 00:29:01 - [ENQ]
2026-08-27 00:29:01 - [STX]1H|\^&|||Mindry^^|||||||RQ|1394-97|20260827002901[CR]Q|287|^9368230||||||||||O[CR]L|111|N[CR][ETX]D9[CR][LF]
2026-08-27 00:29:01 - [EOT]
2026-08-27 00:29:01 - [ACK]
2026-08-27 00:29:01 - --Send Message To Machine --[ENQ]
2026-08-27 00:29:01 - --Send Message To Machine --[STX]1H|\^&||| Product Model^01.03.07.03^123456|||||||SA|1394-97|20260827002901[CR]P|1||PATIENT111||ABC^XYZ^j||19600315|M|||A|||icteru||||||01|||||A1|002|||||||[CR]O|1|1^1^1|9368230|CREAT^^2^1\UREA^^2^1\URIC^^2^1\ALP^^2^1\SGPT^^2^1\SGOT^^2^1\BID^^2^1\BIT^^2^1|R|20260827002901|20260827002901||||||||serum|||1|||||||Q|||||[CR]L|1|N[CR][ETX]4C[CR][LF]
2026-08-27 00:29:01 - [ACK]
2026-08-27 00:29:01 - --Send Message To Machine --[EOT]
2026-08-27 00:42:22 - [ENQ]
2026-08-27 00:42:22 - [STX]1H|\^&|||Mindry^^|||||||PR|1394-97|20260827004222[CR]P|223||PATIENT111||ABC^^||19600315^66^Y|M||||||||||||||||||||||||||[CR]O|223|1^1^1|9368230|BID^Bilirubin Direct (DSA Method)^^\SGPT^Alanine Aminotransferase^^\SGOT^Aspartate Aminotransferase^^\CREAT^Creatinine (Sarcosine Oxidase Method)^^\BIT^T.BILL H^^\ALP^ALKALINE ^^\URIC^URIC ACID^^\UREA^UREA^^|R|20260827002901|20260827002901|||||||20260827002901|serum||||||||||F|||||[CR]R|255|BID^Bilirubin Direct (DSA Method)^^F|0.566312^^^^|mg/dL|^|N||F|0.566312^^^^|0|20260827004147||Mindry^[CR]R|256|SGPT^Alanine Aminotransferase^^F|44.773914^^^^|U/L|^|N||F|44.773914^^^^|0|20260827004139||Mindry^[CR]R|257|SGOT^Aspartate Aminotransferase^^F|33.879777^^^^|U/L|^|N||F|33.879777^^^^|0|20260827004147||Mindry^[CR]R|258|CREAT^Creatinine (Sarcosine Oxidase Method)^^F|0.902245^^^^|mg/dL|^|N||F|0.902245^^^^|0|20260827004213||Mindry^[CR]R|259|BIT^T.BILL H^^F|1.279208^^^^|mg/dL|^|N||F|1.279208^^^^|0|20260827004222||Mindry^[CR]R|260|ALP^ALKALINE ^^F|159.050079^^^^|U/L|^|N||F|159.050079^^^^|0|20260827004213||Mindry^[CR]R|261|URIC^URIC ACID^^F|4.309208^^^^|mg/dL|^|N||F|4.309208^^^^|0|20260827003641||Mindry^[CR]R|262|UREA^UREA^^F|19.423868^^^^|mg/dL|^|N||F|19.423868^^^^|0|20260827004139||Mindry^[CR]L|112|N[CR][ETX]EF[CR][LF]
2026-08-27 00:42:22 - [EOT]
2026-08-27 00:42:56 - [ENQ]
2026-08-27 00:42:56 - [STX]1H|\^&|||Mindry^^|||||||PR|1394-97|20260827004256[CR]P|224||||^^||^^|U||||||||||||||||||||||||||[CR]O|224|9001^1^69|8689468|TRIG^Triglycerides^^\CHOL^T.CHOL^^|S|20260827002933|20260827002920|||||||20260827002920|serum||||||||||F|||||[CR]R|263|TRIG^Triglycerides^^F|290.890500^^^^|mg/dL|^|N||F|290.890500^^^^|0|20260827004256||Mindry^[CR]R|264|CHOL^T.CHOL^^F|222.361693^^^^|mg/dL|^|N||F|222.361693^^^^|0|20260827003815||Mindry^[CR]L|113|N[CR][ETX]CD[CR][LF]
2026-08-27 00:42:56 - [EOT]
2026-08-27 00:43:13 - [ENQ]
2026-08-27 00:43:13 - [STX]1H|\^&|||Mindry^^|||||||PR|1394-97|20260827004313[CR]P|225||||^^||^^|U||||||||||||||||||||||||||[CR]O|225|9002^1^70|9366455|TRIG^Triglycerides^^\CHOL^T.CHOL^^|S|20260827002959|20260827002933|||||||20260827002933|serum||||||||||F|||||[CR]R|265|TRIG^Triglycerides^^F|172.048188^^^^|mg/dL|^|N||F|172.048188^^^^|0|20260827004313||Mindry^[CR]R|266|CHOL^T.CHOL^^F|215.696602^^^^|mg/dL|^|N||F|215.696602^^^^|0|20260827003832||Mindry^[CR]L|114|N[CR][ETX]D7[CR][LF]
2026-08-27 00:43:13 - [EOT]
2026-08-27 00:43:30 - [ENQ]
2026-08-27 00:43:30 - [STX]1H|\^&|||Mindry^^|||||||PR|1394-97|20260827004330[CR]P|226||||^^||^^|U||||||||||||||||||||||||||[CR]O|226|9003^1^72|9366465|TRIG^Triglycerides^^\CHOL^T.CHOL^^|S|20260827003055|20260827002959|||||||20260827002959|serum||||||||||F|||||[CR]R|267|TRIG^Triglycerides^^F|96.367968^^^^|mg/dL|^|N||F|96.367968^^^^|0|20260827004330||Mindry^[CR]R|268|CHOL^T.CHOL^^F|129.163323^^^^|mg/dL|^|N||F|129.163323^^^^|0|20260827003849||Mindry^[CR]L|115|N[CR][ETX]9C[CR][LF]
2026-08-27 00:43:30 - [EOT]
2026-08-27 00:43:47 - [ENQ]
2026-08-27 00:43:47 - [STX]1H|\^&|||Mindry^^|||||||PR|1394-97|20260827004347[CR]P|227||||^^||^^|U||||||||||||||||||||||||||[CR]O|227|9004^1^73|9366456|TRIG^Triglycerides^^\CHOL^T.CHOL^^|S|20260827003127|20260827003055|||||||20260827003055|serum||||||||||F|||||[CR]R|269|TRIG^Triglycerides^^F|488.184536^^^^|mg/dL|^|N||F|488.184536^^^^|0|20260827004347||Mindry^[CR]R|270|CHOL^T.CHOL^^F|167.227339^^^^|mg/dL|^|N||F|167.227339^^^^|0|20260827003907||Mindry^[CR]L|116|N[CR][ETX]F5[CR][LF]
2026-08-27 00:43:47 - [EOT]
2026-08-27 05:03:47 - [ENQ]
2026-08-27 05:03:47 - [STX]1H|\^&|||Mindry^^|||||||RQ|1394-97|20260827050347[CR]Q|1|^8901953||||||||||O[CR]L|1|N[CR][ETX]12[CR][LF]
2026-08-27 05:03:47 - [EOT]
2026-08-27 05:03:48 - [ACK]
2026-08-27 05:03:48 - --Send Message To Machine --[ENQ]
2026-08-27 05:03:48 - --Send Message To Machine --[STX]1H|\^&||| Product Model^01.03.07.03^123456|||||||SA|1394-97|20260827050348[CR]P|1||PATIENT111||ABC^XYZ^j||19600315|M|||A|||icteru||||||01|||||A1|002|||||||[CR]O|1|1^1^1|8901953|GGT^^2^1\ALB^^2^1\TP^^2^1\ALP^^2^1\SGPT^^2^1\SGOT^^2^1\BID^^2^1\BIT^^2^1|R|20260827050348|20260827050348||||||||serum|||1|||||||Q|||||[CR]L|1|N[CR][ETX]EE[CR][LF]
2026-08-27 05:03:48 - --Send Message To Machine --[EOT]
2026-08-27 05:03:48 - [ACK]
2026-08-27 05:03:48 - [ENQ]
2026-08-27 05:03:48 - [STX]1H|\^&|||Mindry^^|||||||RQ|1394-97|20260827050348[CR]Q|2|^9571913||||||||||O[CR]L|2|N[CR][ETX]15[CR][LF]
2026-08-27 05:03:48 - [EOT]
2026-08-27 05:03:48 - --Send Message To Machine --[ENQ]
2026-08-27 05:03:48 - --Send Message To Machine --[STX]1H|\^&||| Product Model^01.03.07.03^123456|||||||SA|1394-97|20260827050348[CR]P|1||PATIENT111||ABC^XYZ^j||19600315|M|||A|||icteru||||||01|||||A1|002|||||||[CR]O|1|1^1^1|9571913|CREAT^^2^1\UREA^^2^1\URIC^^2^1\CAL^^2^1|R|20260827050348|20260827050348||||||||serum|||1|||||||Q|||||[CR]L|1|N[CR][ETX]CE[CR][LF]
2026-08-27 05:03:48 - [ACK]
2026-08-27 05:03:48 - --Send Message To Machine --[EOT]
2026-08-27 05:03:48 - [ACK]
2026-08-27 05:03:48 - [ENQ]
2026-08-27 05:03:48 - [STX]1H|\^&|||Mindry^^|||||||RQ|1394-97|20260827050348[CR]Q|3|^9569951||||||||||O[CR]L|3|N[CR][ETX]20[CR][LF]
2026-08-27 05:03:48 - [EOT]
2026-08-27 05:03:48 - --Send Message To Machine --[ENQ]
2026-08-27 05:03:48 - --Send Message To Machine --[STX]1H|\^&||| Product Model^01.03.07.03^123456|||||||SA|1394-97|20260827050348[CR]P|1||PATIENT111||ABC^XYZ^j||19600315|M|||A|||icteru||||||01|||||A1|002|||||||[CR]O|1|1^1^1|9569951|GGT^^2^1\ALB^^2^1\TP^^2^1\ALP^^2^1\SGPT^^2^1\SGOT^^2^1\BID^^2^1\BIT^^2^1|R|20260827050348|20260827050348||||||||serum|||1|||||||Q|||||[CR]L|1|N[CR][ETX]F7[CR][LF]
2026-08-27 05:03:48 - --Send Message To Machine --[EOT]
2026-08-27 05:03:48 - [ACK]
2026-08-27 05:03:48 - [ACK]
2026-08-27 05:03:49 - [ENQ]
2026-08-27 05:03:49 - [STX]1H|\^&|||Mindry^^|||||||RQ|1394-97|20260827050349[CR]Q|4|^9575504||||||||||O[CR]L|4|N[CR][ETX]1A[CR][LF]
2026-08-27 05:03:49 - [EOT]
2026-08-27 05:03:49 - --Send Message To Machine --[ENQ]
2026-08-27 05:03:49 - [ACK]
2026-08-27 05:03:49 - --Send Message To Machine --[STX]1H|\^&||| Product Model^01.03.07.03^123456|||||||SA|1394-97|20260827050349[CR]P|1||PATIENT111||ABC^XYZ^j||19600315|M|||A|||icteru||||||01|||||A1|002|||||||[CR]O|1|1^1^1|9575504|GLU^^2^1|R|20260827050349|20260827050349||||||||serum|||1|||||||Q|||||[CR]L|1|N[CR][ETX]8F[CR][LF]
2026-08-27 05:03:49 - --Send Message To Machine --[EOT]
2026-08-27 05:03:49 - [ACK]
2026-08-27 05:03:49 - [ENQ]
2026-08-27 05:03:49 - [STX]1H|\^&|||Mindry^^|||||||RQ|1394-97|20260827050349[CR]Q|5|^9365631||||||||||O[CR]L|5|N[CR][ETX]1A[CR][LF]
2026-08-27 05:03:49 - [EOT]
2026-08-27 05:03:49 - [ACK]
2026-08-27 05:03:49 - --Send Message To Machine --[ENQ]
2026-08-27 05:03:49 - --Send Message To Machine --[STX]1H|\^&||| Product Model^01.03.07.03^123456|||||||SA|1394-97|20260827050349[CR]P|1||PATIENT111||ABC^XYZ^j||19600315|M|||A|||icteru||||||01|||||A1|002|||||||[CR]O|1|1^1^1|9365631|HDL^^2^1\LDL^^2^1\CHOL^^2^1\TC^^2^1\TG^^2^1\TRIG^^2^1\CAL^^2^1|R|20260827050349|20260827050349||||||||serum|||1|||||||Q|||||[CR]L|1|N[CR][ETX]CD[CR][LF]
2026-08-27 05:03:49 - --Send Message To Machine --[EOT]
2026-08-27 05:03:49 - [ACK]
2026-08-27 05:03:49 - [ENQ]
2026-08-27 05:03:49 - [STX]1H|\^&|||Mindry^^|||||||RQ|1394-97|20260827050349[CR]Q|6|^9167866||||||||||O[CR]L|6|N[CR][ETX]26[CR][LF]
2026-08-27 05:03:49 - [EOT]
2026-08-27 05:03:49 - --Send Message To Machine --[ENQ]
2026-08-27 05:03:49 - [ACK]
2026-08-27 05:03:49 - --Send Message To Machine --[STX]1H|\^&||| Product Model^01.03.07.03^123456|||||||SA|1394-97|20260827050349[CR]P|1||PATIENT111||ABC^XYZ^j||19600315|M|||A|||icteru||||||01|||||A1|002|||||||[CR]O|1|1^1^1|9167866|CREAT^^2^1\GGT^^2^1\ALB^^2^1\TP^^2^1\UREA^^2^1\URIC^^2^1\ALP^^2^1\SGPT^^2^1\SGOT^^2^1\BID^^2^1\BIT^^2^1\CAL^^2^1|R|20260827050349|20260827050349||||||||serum|||1|||||||Q|||||[CR]L|1|N[CR][ETX]FC[CR][LF]
2026-08-27 05:03:49 - --Send Message To Machine --[EOT]
2026-08-27 05:03:49 - [ACK]
2026-08-27 05:03:49 - [ENQ]
2026-08-27 05:03:49 - [STX]1H|\^&|||Mindry^^|||||||RQ|1394-97|20260827050349[CR]Q|7|^9573735||||||||||O[CR]L|7|N[CR][ETX]24[CR][LF]
2026-08-27 05:03:49 - [EOT]
2026-08-27 05:03:49 - --Send Message To Machine --[ENQ]
2026-08-27 05:03:49 - --Send Message To Machine --[STX]1H|\^&||| Product Model^01.03.07.03^123456|||||||SA|1394-97|20260827050349[CR]P|1||PATIENT111||ABC^XYZ^j||19600315|M|||A|||icteru||||||01|||||A1|002|||||||[CR]O|1|1^1^1|9573735|GLU^^2^1|R|20260827050349|20260827050349||||||||serum|||1|||||||Q|||||[CR]L|1|N[CR][ETX]93[CR][LF]
2026-08-27 05:03:49 - [ACK]
2026-08-27 05:03:49 - --Send Message To Machine --[EOT]
2026-08-27 05:03:49 - [ACK]
2026-08-27 05:03:49 - [ENQ]
2026-08-27 05:03:50 - [STX]1H|\^&|||Mindry^^|||||||RQ|1394-97|20260827050349[CR]Q|8|^9569950||||||||||O[CR]L|8|N[CR][ETX]2A[CR][LF]
2026-08-27 05:03:50 - [EOT]
2026-08-27 05:03:50 - --Send Message To Machine --[ENQ]
2026-08-27 05:03:50 - [ACK]
2026-08-27 05:03:50 - --Send Message To Machine --[STX]1H|\^&||| Product Model^01.03.07.03^123456|||||||SA|1394-97|20260827050350[CR]P|1||PATIENT111||ABC^XYZ^j||19600315|M|||A|||icteru||||||01|||||A1|002|||||||[CR]O|1|1^1^1|9569950|CREAT^^2^1\UREA^^2^1\URIC^^2^1\CAL^^2^1|R|20260827050350|20260827050350||||||||serum|||1|||||||Q|||||[CR]L|1|N[CR][ETX]C1[CR][LF]
2026-08-27 05:03:50 - --Send Message To Machine --[EOT]
2026-08-27 05:03:50 - [ACK]
2026-08-27 05:03:50 - [ENQ]
2026-08-27 05:03:50 - [STX]1H|\^&|||Mindry^^|||||||RQ|1394-97|20260827050350[CR]Q|9|^9568901||||||||||O[CR]L|9|N[CR][ETX]1F[CR][LF]
2026-08-27 05:03:50 - [EOT]
2026-08-27 05:03:50 - --Send Message To Machine --[ENQ]
2026-08-27 05:03:50 - [ACK]
2026-08-27 05:03:50 - --Send Message To Machine --[STX]1H|\^&||| Product Model^01.03.07.03^123456|||||||SA|1394-97|20260827050350[CR]P|1||PATIENT111||ABC^XYZ^j||19600315|M|||A|||icteru||||||01|||||A1|002|||||||[CR]O|1|1^1^1|9568901|BIT^^2^1|R|20260827050350|20260827050350||||||||serum|||1|||||||Q|||||[CR]L|1|N[CR][ETX]71[CR][LF]
2026-08-27 05:03:50 - --Send Message To Machine --[EOT]
2026-08-27 05:03:50 - [ACK]
2026-08-27 05:03:50 - [ENQ]
2026-08-27 05:03:50 - [STX]1H|\^&|||Mindry^^|||||||RQ|1394-97|20260827050350[CR]Q|10|^8550274||||||||||O[CR]L|10|N[CR][ETX]68[CR][LF]
2026-08-27 05:03:50 - [EOT]
2026-08-27 05:03:50 - [ACK]
2026-08-27 05:03:50 - --Send Message To Machine --[ENQ]
2026-08-27 05:03:50 - --Send Message To Machine --[STX]1H|\^&||| Product Model^01.03.07.03^123456|||||||SA|1394-97|20260827050350[CR]P|1||PATIENT111||ABC^XYZ^j||19600315|M|||A|||icteru||||||01|||||A1|002|||||||[CR]O|1|1^1^1|8550274|GLU^^2^1|R|20260827050350|20260827050350||||||||serum|||1|||||||Q|||||[CR]L|1|N[CR][ETX]73[CR][LF]
2026-08-27 05:03:50 - --Send Message To Machine --[EOT]
2026-08-27 05:03:50 - [ACK]
2026-08-27 05:03:50 - [ENQ]
2026-08-27 05:03:50 - [STX]1H|\^&|||Mindry^^|||||||RQ|1394-97|20260827050350[CR]Q|11|^9366323||||||||||O[CR]L|11|N[CR][ETX]6B[CR][LF]
2026-08-27 05:03:50 - [EOT]
2026-08-27 05:03:50 - --Send Message To Machine --[ENQ]
2026-08-27 05:03:50 - [ACK]
2026-08-27 05:03:50 - --Send Message To Machine --[STX]1H|\^&||| Product Model^01.03.07.03^123456|||||||SA|1394-97|20260827050350[CR]P|1||PATIENT111||ABC^XYZ^j||19600315|M|||A|||icteru||||||01|||||A1|002|||||||[CR]O|1|1^1^1|9366323|GLU^^2^1|R|20260827050350|20260827050350||||||||serum|||1|||||||Q|||||[CR]L|1|N[CR][ETX]74[CR][LF]
2026-08-27 05:03:50 - --Send Message To Machine --[EOT]
2026-08-27 05:03:50 - [ACK]
2026-08-27 05:03:51 - [ENQ]
2026-08-27 05:03:51 - [STX]1H|\^&|||Mindry^^|||||||RQ|1394-97|20260827050350[CR]Q|12|^9365656||||||||||O[CR]L|12|N[CR][ETX]75[CR][LF]
2026-08-27 05:03:51 - [EOT]
2026-08-27 05:03:51 - --Send Message To Machine --[ENQ]
2026-08-27 05:03:51 - [ACK]
2026-08-27 05:03:51 - --Send Message To Machine --[STX]1H|\^&||| Product Model^01.03.07.03^123456|||||||SA|1394-97|20260827050351[CR]P|1||PATIENT111||ABC^XYZ^j||19600315|M|||A|||icteru||||||01|||||A1|002|||||||[CR]O|1|1^1^1|9365656|GLU^^2^1|R|20260827050351|20260827050351||||||||serum|||1|||||||Q|||||[CR]L|1|N[CR][ETX]7F[CR][LF]
2026-08-27 05:03:51 - --Send Message To Machine --[EOT]
2026-08-27 05:03:51 - [ACK]
2026-08-27 05:03:51 - [ENQ]
2026-08-27 05:03:51 - [STX]1H|\^&|||Mindry^^|||||||RQ|1394-97|20260827050351[CR]Q|13|^9575507||||||||||O[CR]L|13|N[CR][ETX]76[CR][LF]
2026-08-27 05:03:51 - [EOT]
2026-08-27 05:03:51 - --Send Message To Machine --[ENQ]
2026-08-27 05:03:51 - [ACK]
2026-08-27 05:03:51 - --Send Message To Machine --[STX]1H|\^&||| Product Model^01.03.07.03^123456|||||||SA|1394-97|20260827050351[CR]P|1||PATIENT111||ABC^XYZ^j||19600315|M|||A|||icteru||||||01|||||A1|002|||||||[CR]O|1|1^1^1|9575507|GLU^^2^1|R|20260827050351|20260827050351||||||||serum|||1|||||||Q|||||[CR]L|1|N[CR][ETX]7D[CR][LF]
2026-08-27 05:03:51 - --Send Message To Machine --[EOT]
2026-08-27 05:03:51 - [ACK]
2026-08-27 05:03:51 - [ENQ]
2026-08-27 05:03:51 - [STX]1H|\^&|||Mindry^^|||||||RQ|1394-97|20260827050351[CR]Q|14|^9366319||||||||||O[CR]L|14|N[CR][ETX]77[CR][LF]
2026-08-27 05:03:51 - [EOT]
2026-08-27 05:03:51 - --Send Message To Machine --[ENQ]
2026-08-27 05:03:51 - [ACK]
2026-08-27 05:03:51 - --Send Message To Machine --[STX]1H|\^&||| Product Model^01.03.07.03^123456|||||||SA|1394-97|20260827050351[CR]P|1||PATIENT111||ABC^XYZ^j||19600315|M|||A|||icteru||||||01|||||A1|002|||||||[CR]O|1|1^1^1|9366319|TP^^2^1\ALB^^2^1\ALP^^2^1\SGPT^^2^1\SGOT^^2^1\BIT^^2^1|R|20260827050351|20260827050351||||||||serum|||1|||||||Q|||||[CR]L|1|N[CR][ETX]7B[CR][LF]
2026-08-27 05:03:51 - --Send Message To Machine --[EOT]
2026-08-27 05:03:51 - [ACK]
2026-08-27 05:03:51 - [ENQ]
2026-08-27 05:03:51 - [STX]1H|\^&|||Mindry^^|||||||RQ|1394-97|20260827050351[CR]Q|15|^9573729||||||||||O[CR]L|15|N[CR][ETX]7E[CR][LF]
2026-08-27 05:03:51 - [EOT]
2026-08-27 05:03:51 - --Send Message To Machine --[ENQ]
2026-08-27 05:03:51 - --Send Message To Machine --[STX]1H|\^&||| Product Model^01.03.07.03^123456|||||||SA|1394-97|20260827050351[CR]P|1||PATIENT111||ABC^XYZ^j||19600315|M|||A|||icteru||||||01|||||A1|002|||||||[CR]O|1|1^1^1|9573729|SGPT^^2^1\SGOT^^2^1|R|20260827050351|20260827050351||||||||serum|||1|||||||Q|||||[CR]L|1|N[CR][ETX]ED[CR][LF]
2026-08-27 05:03:51 - --Send Message To Machine --[EOT]
2026-08-27 05:03:51 - [ACK]
2026-08-27 05:03:51 - [ACK]
2026-08-27 05:03:51 - [ENQ]
2026-08-27 05:03:51 - [STX]1H|\^&|||Mindry^^|||||||RQ|1394-97|20260827050351[CR]Q|16|^9571898||||||||||O[CR]L|16|N[CR][ETX]85[CR][LF]
2026-08-27 05:03:51 - [EOT]
2026-08-27 05:03:51 - --Send Message To Machine --[ENQ]
2026-08-27 05:03:51 - [ACK]
2026-08-27 05:03:51 - --Send Message To Machine --[STX]1H|\^&||| Product Model^01.03.07.03^123456|||||||SA|1394-97|20260827050351[CR]P|1||PATIENT111||ABC^XYZ^j||19600315|M|||A|||icteru||||||01|||||A1|002|||||||[CR]O|1|1^1^1|9571898|CRP^^2^1\SGPT^^2^1|R|20260827050351|20260827050351||||||||serum|||1|||||||Q|||||[CR]L|1|N[CR][ETX]9A[CR][LF]
2026-08-27 05:03:51 - --Send Message To Machine --[EOT]
2026-08-27 05:03:51 - [ACK]
2026-08-27 05:03:52 - [ENQ]
2026-08-27 05:03:52 - [STX]1H|\^&|||Mindry^^|||||||RQ|1394-97|20260827050352[CR]Q|17|^9571895||||||||||O[CR]L|17|N[CR][ETX]85[CR][LF]
2026-08-27 05:03:52 - [EOT]
2026-08-27 05:03:52 - --Send Message To Machine --[ENQ]
2026-08-27 05:03:52 - [ACK]
2026-08-27 05:03:52 - --Send Message To Machine --[STX]1H|\^&||| Product Model^01.03.07.03^123456|||||||SA|1394-97|20260827050352[CR]P|1||PATIENT111||ABC^XYZ^j||19600315|M|||A|||icteru||||||01|||||A1|002|||||||[CR]O|1|1^1^1|9571895|GLU^^2^1|R|20260827050352|20260827050352||||||||serum|||1|||||||Q|||||[CR]L|1|N[CR][ETX]86[CR][LF]
2026-08-27 05:03:52 - --Send Message To Machine --[EOT]
2026-08-27 05:03:52 - [ACK]
2026-08-27 05:03:52 - [ENQ]
2026-08-27 05:03:52 - [STX]1H|\^&|||Mindry^^|||||||RQ|1394-97|20260827050352[CR]Q|18|^9569940||||||||||O[CR]L|18|N[CR][ETX]85[CR][LF]
2026-08-27 05:03:52 - [EOT]
2026-08-27 05:03:52 - --Send Message To Machine --[ENQ]
2026-08-27 05:03:52 - [ACK]
2026-08-27 05:03:52 - --Send Message To Machine --[STX]1H|\^&||| Product Model^01.03.07.03^123456|||||||SA|1394-97|20260827050352[CR]P|1||PATIENT111||ABC^XYZ^j||19600315|M|||A|||icteru||||||01|||||A1|002|||||||[CR]O|1|1^1^1|9569940|CRP^^2^1|R|20260827050352|20260827050352||||||||serum|||1|||||||Q|||||[CR]L|1|N[CR][ETX]81[CR][LF]
2026-08-27 05:03:52 - --Send Message To Machine --[EOT]
2026-08-27 05:03:52 - [ACK]
2026-08-27 05:03:52 - [ENQ]
2026-08-27 05:03:52 - [STX]1H|\^&|||Mindry^^|||||||RQ|1394-97|20260827050352[CR]Q|19|^9573730||||||||||O[CR]L|19|N[CR][ETX]7F[CR][LF]
2026-08-27 05:03:52 - [EOT]
2026-08-27 05:03:52 - --Send Message To Machine --[ENQ]
2026-08-27 05:03:52 - [ACK]
2026-08-27 05:03:52 - --Send Message To Machine --[STX]1H|\^&||| Product Model^01.03.07.03^123456|||||||SA|1394-97|20260827050352[CR]P|1||PATIENT111||ABC^XYZ^j||19600315|M|||A|||icteru||||||01|||||A1|002|||||||[CR]O|1|1^1^1|9573730|CREAT^^2^1\SGPT^^2^1|R|20260827050352|20260827050352||||||||serum|||1|||||||Q|||||[CR]L|1|N[CR][ETX]1A[CR][LF]
2026-08-27 05:03:52 - --Send Message To Machine --[EOT]
2026-08-27 05:03:52 - [ACK]
2026-08-27 05:03:52 - [ENQ]
2026-08-27 05:03:52 - [STX]1H|\^&|||Mindry^^|||||||RQ|1394-97|20260827050352[CR]Q|20|^8550275||||||||||O[CR]L|20|N[CR][ETX]6D[CR][LF]
2026-08-27 05:03:52 - [EOT]
2026-08-27 05:03:52 - --Send Message To Machine --[ENQ]
2026-08-27 05:03:52 - [ACK]
2026-08-27 05:03:52 - --Send Message To Machine --[STX]1H|\^&||| Product Model^01.03.07.03^123456|||||||SA|1394-97|20260827050352[CR]P|1||PATIENT111||ABC^XYZ^j||19600315|M|||A|||icteru||||||01|||||A1|002|||||||[CR]O|1|1^1^1|8550275|HDL^^2^1\LDL^^2^1\CHOL^^2^1\TC^^2^1\CREAT^^2^1\GGT^^2^1\Iron^^2^1\TIBC^^2^1\ALB^^2^1\TP^^2^1\TG^^2^1\TRIG^^2^1\UREA^^2^1\URIC^^2^1\UIBC^^2^1\ALP^^2^1\SGPT^^2^1\SGOT^^2^1\BID^^2^1\BIT^^2^1\CAL^^2^1|R|20260827050352|20260827050352||||||||serum|||1|||||||Q|||||[CR]L|1|N[CR][ETX]9F[CR][LF]
2026-08-27 05:03:52 - --Send Message To Machine --[EOT]
2026-08-27 05:03:52 - [ACK]
2026-08-27 05:03:53 - [ENQ]
2026-08-27 05:03:53 - [STX]1H|\^&|||Mindry^^|||||||RQ|1394-97|20260827050353[CR]Q|21|^9576801||||||||||O[CR]L|21|N[CR][ETX]74[CR][LF]
2026-08-27 05:03:53 - [EOT]
2026-08-27 05:03:53 - --Send Message To Machine --[ENQ]
2026-08-27 05:03:53 - [ACK]
2026-08-27 05:03:53 - --Send Message To Machine --[STX]1H|\^&||| Product Model^01.03.07.03^123456|||||||SA|1394-97|20260827050353[CR]P|1||PATIENT111||ABC^XYZ^j||19600315|M|||A|||icteru||||||01|||||A1|002|||||||[CR]O|1|1^1^1|9576801|HDL^^2^1\LDL^^2^1\CHOL^^2^1\TC^^2^1\CREAT^^2^1\GGT^^2^1\Iron^^2^1\TIBC^^2^1\ALB^^2^1\TP^^2^1\TG^^2^1\TRIG^^2^1\UREA^^2^1\URIC^^2^1\UIBC^^2^1\ALP^^2^1\SGPT^^2^1\SGOT^^2^1\BID^^2^1\BIT^^2^1\CAL^^2^1|R|20260827050353|20260827050353||||||||serum|||1|||||||Q|||||[CR]L|1|N[CR][ETX]A6[CR][LF]
2026-08-27 05:03:53 - --Send Message To Machine --[EOT]
2026-08-27 05:03:53 - [ACK]
2026-08-27 05:03:53 - [ENQ]
2026-08-27 05:03:53 - [STX]1H|\^&|||Mindry^^|||||||RQ|1394-97|20260827050353[CR]Q|22|^9365655||||||||||O[CR]L|22|N[CR][ETX]79[CR][LF]
2026-08-27 05:03:53 - [EOT]
2026-08-27 05:03:53 - --Send Message To Machine --[ENQ]
2026-08-27 05:03:53 - [ACK]
2026-08-27 05:03:53 - --Send Message To Machine --[STX]1H|\^&||| Product Model^01.03.07.03^123456|||||||SA|1394-97|20260827050353[CR]P|1||PATIENT111||ABC^XYZ^j||19600315|M|||A|||icteru||||||01|||||A1|002|||||||[CR]O|1|1^1^1|9365655|HDL^^2^1\LDL^^2^1\CHOL^^2^1\TC^^2^1\CREAT^^2^1\GGT^^2^1\ALB^^2^1\TP^^2^1\TG^^2^1\TRIG^^2^1\UREA^^2^1\URIC^^2^1\ALP^^2^1\SGPT^^2^1\SGOT^^2^1\BID^^2^1\BIT^^2^1\CAL^^2^1|R|20260827050353|20260827050353||||||||serum|||1|||||||Q|||||[CR]L|1|N[CR][ETX]41[CR][LF]
2026-08-27 05:03:53 - --Send Message To Machine --[EOT]
2026-08-27 05:03:53 - [ACK]
2026-08-27 05:03:53 - [ENQ]
2026-08-27 05:03:53 - [STX]1H|\^&|||Mindry^^|||||||RQ|1394-97|20260827050353[CR]Q|23|^9571904||||||||||O[CR]L|23|N[CR][ETX]77[CR][LF]
2026-08-27 05:03:53 - [EOT]
2026-08-27 05:03:53 - [ACK]
2026-08-27 05:03:53 - --Send Message To Machine --[ENQ]
2026-08-27 05:03:53 - --Send Message To Machine --[STX]1H|\^&||| Product Model^01.03.07.03^123456|||||||SA|1394-97|20260827050353[CR]P|1||PATIENT111||ABC^XYZ^j||19600315|M|||A|||icteru||||||01|||||A1|002|||||||[CR]O|1|1^1^1|9571904|HDL^^2^1\LDL^^2^1\CHOL^^2^1\TC^^2^1\CREAT^^2^1\GGT^^2^1\Iron^^2^1\TIBC^^2^1\ALB^^2^1\TP^^2^1\TG^^2^1\TRIG^^2^1\UREA^^2^1\URIC^^2^1\UIBC^^2^1\ALP^^2^1\SGPT^^2^1\SGOT^^2^1\BID^^2^1\BIT^^2^1\CAL^^2^1|R|20260827050353|20260827050353||||||||serum|||1|||||||Q|||||[CR]L|1|N[CR][ETX]A5[CR][LF]
2026-08-27 05:03:53 - --Send Message To Machine --[EOT]
2026-08-27 05:03:53 - [ACK]
2026-08-27 05:03:53 - [ENQ]
2026-08-27 05:03:53 - [STX]1H|\^&|||Mindry^^|||||||RQ|1394-97|20260827050353[CR]Q|24|^9575502||||||||||O[CR]L|24|N[CR][ETX]77[CR][LF]
2026-08-27 05:03:53 - [EOT]
2026-08-27 05:03:53 - --Send Message To Machine --[ENQ]
2026-08-27 05:03:53 - [ACK]
2026-08-27 05:03:53 - --Send Message To Machine --[STX]1H|\^&||| Product Model^01.03.07.03^123456|||||||SA|1394-97|20260827050353[CR]P|1||PATIENT111||ABC^XYZ^j||19600315|M|||A|||icteru||||||01|||||A1|002|||||||[CR]O|1|1^1^1|9575502|HDL^^2^1\LDL^^2^1\CHOL^^2^1\TC^^2^1\CREAT^^2^1\GGT^^2^1\Iron^^2^1\TIBC^^2^1\ALB^^2^1\TP^^2^1\TG^^2^1\TRIG^^2^1\UREA^^2^1\URIC^^2^1\UIBC^^2^1\ALP^^2^1\SGPT^^2^1\SGOT^^2^1\BID^^2^1\BIT^^2^1\CAL^^2^1|R|20260827050353|20260827050353||||||||serum|||1|||||||Q|||||[CR]L|1|N[CR][ETX]A3[CR][LF]
2026-08-27 05:03:53 - --Send Message To Machine --[EOT]
2026-08-27 05:03:54 - [ACK]
2026-08-27 05:03:54 - [ENQ]
2026-08-27 05:03:54 - [STX]1H|\^&|||Mindry^^|||||||RQ|1394-97|20260827050354[CR]Q|25|^9571891||||||||||O[CR]L|25|N[CR][ETX]81[CR][LF]
2026-08-27 05:03:54 - [EOT]
2026-08-27 05:03:54 - --Send Message To Machine --[ENQ]
2026-08-27 05:03:54 - [ACK]
2026-08-27 05:03:54 - --Send Message To Machine --[STX]1H|\^&||| Product Model^01.03.07.03^123456|||||||SA|1394-97|20260827050354[CR]P|1||PATIENT111||ABC^XYZ^j||19600315|M|||A|||icteru||||||01|||||A1|002|||||||[CR]O|1|1^1^1|9571891|HDL^^2^1\LDL^^2^1\CHOL^^2^1\TC^^2^1\CREAT^^2^1\GGT^^2^1\Iron^^2^1\TIBC^^2^1\ALB^^2^1\TP^^2^1\TG^^2^1\TRIG^^2^1\UREA^^2^1\URIC^^2^1\UIBC^^2^1\ALP^^2^1\SGPT^^2^1\SGOT^^2^1\BID^^2^1\BIT^^2^1\CAL^^2^1|R|20260827050354|20260827050354||||||||serum|||1|||||||Q|||||[CR]L|1|N[CR][ETX]AD[CR][LF]
2026-08-27 05:03:54 - --Send Message To Machine --[EOT]
2026-08-27 05:03:54 - [ACK]
2026-08-27 05:03:54 - [ENQ]
2026-08-27 05:03:54 - [STX]1H|\^&|||Mindry^^|||||||RQ|1394-97|20260827050354[CR]Q|26|^9366326||||||||||O[CR]L|26|N[CR][ETX]7E[CR][LF]
2026-08-27 05:03:54 - [EOT]
2026-08-27 05:04:24 - [ENQ]
2026-08-27 05:04:24 - [STX]1H|\^&|||Mindry^^|||||||RQ|1394-97|20260827050424[CR]Q|27|^9365629||||||||||O[CR]L|27|N[CR][ETX]83[CR][LF]
2026-08-27 05:04:24 - [EOT]
2026-08-27 05:04:54 - [ENQ]
2026-08-27 05:04:54 - [STX]1H|\^&|||Mindry^^|||||||RQ|1394-97|20260827050454[CR]Q|28|^9569946||||||||||O[CR]L|28|N[CR][ETX]90[CR][LF]
2026-08-27 05:04:54 - [EOT]
2026-08-27 05:04:54 - --Send Message To Machine --[ENQ]
2026-08-27 05:04:54 - [ACK]
2026-08-27 05:04:54 - --Send Message To Machine --[STX]1H|\^&||| Product Model^01.03.07.03^123456|||||||SA|1394-97|20260827050454[CR]P|1||PATIENT111||ABC^XYZ^j||19600315|M|||A|||icteru||||||01|||||A1|002|||||||[CR]O|1|1^1^1|9569946|HDL^^2^1\LDL^^2^1\CHOL^^2^1\TC^^2^1\CREAT^^2^1\GGT^^2^1\Iron^^2^1\TIBC^^2^1\ALB^^2^1\TP^^2^1\TG^^2^1\TRIG^^2^1\UREA^^2^1\URIC^^2^1\UIBC^^2^1\ALP^^2^1\SGPT^^2^1\SGOT^^2^1\BID^^2^1\BIT^^2^1\CAL^^2^1|R|20260827050454|20260827050454||||||||serum|||1|||||||Q|||||[CR]L|1|N[CR][ETX]B8[CR][LF]
2026-08-27 05:04:54 - --Send Message To Machine --[EOT]
2026-08-27 05:04:54 - [ACK]
2026-08-27 05:04:54 - [ENQ]
2026-08-27 05:04:54 - [STX]1H|\^&|||Mindry^^|||||||RQ|1394-97|20260827050454[CR]Q|29|^9167868||||||||||O[CR]L|29|N[CR][ETX]8F[CR][LF]
2026-08-27 05:04:54 - [EOT]
2026-08-27 05:04:54 - --Send Message To Machine --[ENQ]
2026-08-27 05:04:55 - --Send Message To Machine --[STX]1H|\^&||| Product Model^01.03.07.03^123456|||||||SA|1394-97|20260827050454[CR]P|1||PATIENT111||ABC^XYZ^j||19600315|M|||A|||icteru||||||01|||||A1|002|||||||[CR]O|1|1^1^1|9167868|HDL^^2^1\LDL^^2^1\CHOL^^2^1\TC^^2^1\CREAT^^2^1\GGT^^2^1\Iron^^2^1\TIBC^^2^1\ALB^^2^1\TP^^2^1\TG^^2^1\TRIG^^2^1\UREA^^2^1\URIC^^2^1\UIBC^^2^1\ALP^^2^1\SGPT^^2^1\SGOT^^2^1\BID^^2^1\BIT^^2^1\CAL^^2^1|R|20260827050454|20260827050454||||||||serum|||1|||||||Q|||||[CR]L|1|N[CR][ETX]B5[CR][LF]
2026-08-27 05:04:55 - --Send Message To Machine --[EOT]
2026-08-27 05:04:55 - [ACK]
2026-08-27 05:04:55 - [ACK]
2026-08-27 05:04:55 - [ENQ]
2026-08-27 05:04:55 - [STX]1H|\^&|||Mindry^^|||||||RQ|1394-97|20260827050455[CR]Q|30|^9573733||||||||||O[CR]L|30|N[CR][ETX]78[CR][LF]
2026-08-27 05:04:55 - [EOT]
2026-08-27 05:04:55 - --Send Message To Machine --[ENQ]
2026-08-27 05:04:55 - [ACK]
2026-08-27 05:04:55 - --Send Message To Machine --[STX]1H|\^&||| Product Model^01.03.07.03^123456|||||||SA|1394-97|20260827050455[CR]P|1||PATIENT111||ABC^XYZ^j||19600315|M|||A|||icteru||||||01|||||A1|002|||||||[CR]O|1|1^1^1|9573733|HDL^^2^1\LDL^^2^1\CHOL^^2^1\TC^^2^1\CREAT^^2^1\GGT^^2^1\Iron^^2^1\TIBC^^2^1\ALB^^2^1\TP^^2^1\TG^^2^1\TRIG^^2^1\UREA^^2^1\URIC^^2^1\UIBC^^2^1\ALP^^2^1\SGPT^^2^1\SGOT^^2^1\BID^^2^1\BIT^^2^1\CAL^^2^1|R|20260827050455|20260827050455||||||||serum|||1|||||||Q|||||[CR]L|1|N[CR][ETX]B0[CR][LF]
2026-08-27 05:04:55 - --Send Message To Machine --[EOT]
2026-08-27 05:04:55 - [ACK]
2026-08-27 05:04:55 - [ENQ]
2026-08-27 05:04:55 - [STX]1H|\^&|||Mindry^^|||||||RQ|1394-97|20260827050455[CR]Q|31|^9575512||||||||||O[CR]L|31|N[CR][ETX]77[CR][LF]
2026-08-27 05:04:55 - [EOT]
2026-08-27 05:05:25 - [ENQ]
2026-08-27 05:05:25 - [STX]1H|\^&|||Mindry^^|||||||RQ|1394-97|20260827050525[CR]Q|32|^9569955||||||||||O[CR]L|32|N[CR][ETX]85[CR][LF]
2026-08-27 05:05:25 - [EOT]
2026-08-27 05:05:25 - [ACK]
2026-08-27 05:05:25 - --Send Message To Machine --[ENQ]
2026-08-27 05:05:25 - --Send Message To Machine --[STX]1H|\^&||| Product Model^01.03.07.03^123456|||||||SA|1394-97|20260827050525[CR]P|1||PATIENT111||ABC^XYZ^j||19600315|M|||A|||icteru||||||01|||||A1|002|||||||[CR]O|1|1^1^1|9569955|HDL^^2^1\LDL^^2^1\CHOL^^2^1\TC^^2^1\CREAT^^2^1\GGT^^2^1\Iron^^2^1\TIBC^^2^1\ALB^^2^1\TP^^2^1\TG^^2^1\TRIG^^2^1\UREA^^2^1\URIC^^2^1\UIBC^^2^1\ALP^^2^1\SGPT^^2^1\SGOT^^2^1\BID^^2^1\BIT^^2^1\CAL^^2^1|R|20260827050525|20260827050525||||||||serum|||1|||||||Q|||||[CR]L|1|N[CR][ETX]B5[CR][LF]
2026-08-27 05:05:25 - --Send Message To Machine --[EOT]
2026-08-27 05:05:25 - [ACK]
2026-08-27 05:16:17 - [ENQ]
2026-08-27 05:16:17 - [STX]1H|\^&|||Mindry^^|||||||PR|1394-97|20260827051617[CR]P|1||||^^||^^|U||||||||||||||||||||||||||[CR]O|1|9005^1^74|9366320|LIP^Lipase^^\AMY^a-Amylase^^|S|20260827050451|20260827050441|||||||20260827050441|serum||||||||||F|||||[CR]R|1|LIP^Lipase^^F|5.340028^^^^|U/L|^|N||F|5.340028^^^^|0|20260827051617||Mindry^[CR]R|2|AMY^a-Amylase^^F|46.320682^^^^|U/L|^|N||F|46.320682^^^^|0|20260827051534||Mindry^[CR]L|33|N[CR][ETX]39[CR][LF]
2026-08-27 05:16:17 - [EOT]
2026-08-27 05:17:08 - [ENQ]
2026-08-27 05:17:08 - [STX]1H|\^&|||Mindry^^|||||||PR|1394-97|20260827051708[CR]P|2||||^^||^^|U||||||||||||||||||||||||||[CR]O|2|9006^1^75|9366325|TRIG^Triglycerides^^\CHOL^T.CHOL^^|S|20260827050515|20260827050502|||||||20260827050502|serum||||||||||F|||||[CR]R|3|TRIG^Triglycerides^^F|205.689394^^^^|mg/dL|^|N||F|205.689394^^^^|0|20260827051708||Mindry^[CR]R|4|CHOL^T.CHOL^^F|209.418950^^^^|mg/dL|^|N||F|209.418950^^^^|0|20260827051227||Mindry^[CR]L|34|N[CR][ETX]1D[CR][LF]
2026-08-27 05:17:08 - [EOT]
2026-08-27 05:17:25 - [ENQ]
2026-08-27 05:17:25 - [STX]1H|\^&|||Mindry^^|||||||PR|1394-97|20260827051725[CR]P|3||||^^||^^|U||||||||||||||||||||||||||[CR]O|3|9007^1^76|9569944|TRIG^Triglycerides^^\CHOL^T.CHOL^^|S|20260827050533|20260827050515|||||||20260827050515|serum||||||||||F|||||[CR]R|5|TRIG^Triglycerides^^F|257.522288^^^^|mg/dL|^|N||F|257.522288^^^^|0|20260827051725||Mindry^[CR]R|6|CHOL^T.CHOL^^F|143.177186^^^^|mg/dL|^|N||F|143.177186^^^^|0|20260827051244||Mindry^[CR]L|35|N[CR][ETX]2D[CR][LF]
2026-08-27 05:17:25 - [EOT]
2026-08-27 05:18:34 - [ENQ]
2026-08-27 05:18:34 - [STX]1H|\^&|||Mindry^^|||||||PR|1394-97|20260827051834[CR]P|4||PATIENT111||ABC^^||19600315^66^Y|M||||||||||||||||||||||||||[CR]O|4|2^1^1|8901953|BID^Bilirubin Direct (DSA Method)^^\SGPT^Alanine Aminotransferase^^\SGOT^Aspartate Aminotransferase^^\BIT^T.BILL H^^\ALB^ALBUMIN ^^\ALP^ALKALINE ^^\TP^TP H^^\GGT^GGT H^^|R|20260827050348|20260827050348|||||||20260827050348|serum||||||||||F|||||[CR]R|7|BID^Bilirubin Direct (DSA Method)^^F|0.235680^^^^|mg/dL|^|N||F|0.235680^^^^|0|20260827051742||Mindry^[CR]R|8|SGPT^Alanine Aminotransferase^^F|22.866238^^^^|U/L|^|N||F|22.866238^^^^|0|20260827051734||Mindry^[CR]R|9|SGOT^Aspartate Aminotransferase^^F|58.606188^^^^|U/L|^|N||F|58.606188^^^^|0|20260827051742||Mindry^[CR]R|10|BIT^T.BILL H^^F|0.580995^^^^|mg/dL|^|N||F|0.580995^^^^|0|20260827051808||Mindry^[CR]R|11|ALB^ALBUMIN ^^F|3.533846^^^^|g/dL|^|N||F|3.533846^^^^|0|20260827051327||Mindry^[CR]R|12|ALP^ALKALINE ^^F|114.913958^^^^|U/L|^|N||F|114.913958^^^^|0|20260827051808||Mindry^[CR]R|13|TP^TP H^^F|6.885480^^^^|g/dL|^|N||F|6.885480^^^^|0|20260827051834||Mindry^[CR]R|14|GGT^GGT H^^F|62.620023^^^^|U/L|^|N||F|62.620023^^^^|0|20260827051825||Mindry^[CR]L|36|N[CR][ETX]33[CR][LF]
2026-08-27 05:18:34 - [EOT]
2026-08-27 05:18:51 - [ENQ]
2026-08-27 05:18:51 - [STX]1H|\^&|||Mindry^^|||||||PR|1394-97|20260827051851[CR]P|5||PATIENT111||ABC^^||19600315^66^Y|M||||||||||||||||||||||||||[CR]O|5|3^1^2|9571913|CREAT^Creatinine (Sarcosine Oxidase Method)^^\URIC^URIC ACID^^\CAL^CA. SB^^\UREA^UREA^^|R|20260827050348|20260827050348|||||||20260827050348|serum||||||||||F|||||[CR]R|15|CREAT^Creatinine (Sarcosine Oxidase Method)^^F|0.766726^^^^|mg/dL|^|N||F|0.766726^^^^|0|20260827051851||Mindry^[CR]R|16|URIC^URIC ACID^^F|8.435469^^^^|mg/dL|^|N||F|8.435469^^^^|0|20260827051301||Mindry^[CR]R|17|CAL^CA. SB^^F|7.473978^^^^|mg/dL|^|N||F|7.473978^^^^|0|20260827051418||Mindry^[CR]R|18|UREA^UREA^^F|39.964317^^^^|mg/dL|^|N||F|39.964317^^^^|0|20260827051808||Mindry^[CR]L|37|N[CR][ETX]15[CR][LF]
2026-08-27 05:18:51 - [EOT]
2026-08-27 05:19:42 - [ENQ]
2026-08-27 05:19:42 - [STX]1H|\^&|||Mindry^^|||||||PR|1394-97|20260827051942[CR]P|6||PATIENT111||ABC^^||19600315^66^Y|M||||||||||||||||||||||||||[CR]O|6|5^1^4|9575504|GLU^GLU H^^|R|20260827050349|20260827050349|||||||20260827050349|serum||||||||||F|||||[CR]R|19|GLU^GLU H^^F|110.336256^^^^|mg/dL|^|N||F|110.336256^^^^|0|20260827051942||Mindry^[CR]L|38|N[CR][ETX]D8[CR][LF]
2026-08-27 05:19:42 - [EOT]
2026-08-27 05:20:16 - [ENQ]
2026-08-27 05:20:16 - [STX]1H|\^&|||Mindry^^|||||||PR|1394-97|20260827052016[CR]P|7||||^^||^^|U||||||||||||||||||||||||||[CR]O|7|9008^1^77|9366322|GLU^GLU H^^|S|20260827050925|20260827050756|||||||20260827050756|serum||||||||||F|||||[CR]R|20|GLU^GLU H^^F|107.712174^^^^|mg/dL|^|N||F|107.712174^^^^|0|20260827052016||Mindry^[CR]L|39|N[CR][ETX]DE[CR][LF]
2026-08-27 05:20:16 - [EOT]
2026-08-27 05:20:17 - [ENQ]
2026-08-27 05:20:17 - [STX]1H|\^&|||Mindry^^|||||||PR|1394-97|20260827052017[CR]P|8||PATIENT111||ABC^^||19600315^66^Y|M||||||||||||||||||||||||||[CR]O|8|4^1^3|9569951|BID^Bilirubin Direct (DSA Method)^^\SGPT^Alanine Aminotransferase^^\SGOT^Aspartate Aminotransferase^^\BIT^T.BILL H^^\ALB^ALBUMIN ^^\ALP^ALKALINE ^^\TP^TP H^^\GGT^GGT H^^|R|20260827050348|20260827050348|||||||20260827050348|serum||||||||||F|||||[CR]R|21|BID^Bilirubin Direct (DSA Method)^^F|0.189233^^^^|mg/dL|^|N||F|0.189233^^^^|0|20260827051925||Mindry^[CR]R|22|SGPT^Alanine Aminotransferase^^F|8.779281^^^^|U/L|^|N||F|8.779281^^^^|0|20260827051916||Mindry^[CR]R|23|SGOT^Aspartate Aminotransferase^^F|25.188695^^^^|U/L|^|N||F|25.188695^^^^|0|20260827051925||Mindry^[CR]R|24|BIT^T.BILL H^^F|0.356465^^^^|mg/dL|^|N||F|0.356465^^^^|0|20260827051951||Mindry^[CR]R|25|ALB^ALBUMIN ^^F|4.231155^^^^|g/dL|^|N||F|4.231155^^^^|0|20260827051510||Mindry^[CR]R|26|ALP^ALKALINE ^^F|45.421331^^^^|U/L|^|N||F|45.421331^^^^|0|20260827051951||Mindry^[CR]R|27|TP^TP H^^F|7.376665^^^^|g/dL|^|N||F|7.376665^^^^|0|20260827052016||Mindry^[CR]R|28|GGT^GGT H^^F|18.880708^^^^|U/L|^|N||F|18.880708^^^^|0|20260827052008||Mindry^[CR]L|40|N[CR][ETX]FF[CR][LF]
2026-08-27 05:20:17 - [EOT]
2026-08-27 05:20:42 - [ENQ]
2026-08-27 05:20:42 - [STX]1H|\^&|||Mindry^^|||||||PR|1394-97|20260827052042[CR]P|9||PATIENT111||ABC^^||19600315^66^Y|M||||||||||||||||||||||||||[CR]O|9|6^1^5|9365631|TRIG^Triglycerides^^\CHOL^T.CHOL^^\CAL^CA. SB^^|R|20260827050349|20260827050349|||||||20260827050349|serum||||||||||F|||||[CR]R|29|TRIG^Triglycerides^^F|171.373407^^^^|mg/dL|^|N||F|171.373407^^^^|0|20260827052042||Mindry^[CR]R|30|CHOL^T.CHOL^^F|97.090028^^^^|mg/dL|^|N||F|97.090028^^^^|0|20260827051601||Mindry^[CR]R|31|CAL^CA. SB^^F|9.021053^^^^|mg/dL|^|N||F|9.021053^^^^|0|20260827051610||Mindry^[CR]L|41|N[CR][ETX]DA[CR][LF]
2026-08-27 05:20:42 - [EOT]
2026-08-27 05:23:59 - [ENQ]
2026-08-27 05:23:59 - [STX]1H|\^&|||Mindry^^|||||||PR|1394-97|20260827052359[CR]P|10||PATIENT111||ABC^^||19600315^66^Y|M||||||||||||||||||||||||||[CR]O|10|8^1^8|9573735|GLU^GLU H^^|R|20260827050349|20260827050349|||||||20260827050349|serum||||||||||F|||||[CR]R|32|GLU^GLU H^^F|90.861789^^^^|mg/dL|^|N||F|90.861789^^^^|0|20260827052359||Mindry^[CR]L|42|N[CR][ETX]FF[CR][LF]
2026-08-27 05:23:59 - [EOT]
2026-08-27 05:24:16 - [ENQ]
2026-08-27 05:24:16 - [STX]1H|\^&|||Mindry^^|||||||PR|1394-97|20260827052416[CR]P|11||PATIENT111||ABC^^||19600315^66^Y|M||||||||||||||||||||||||||[CR]O|11|7^1^6|9167866|BID^Bilirubin Direct (DSA Method)^^\SGPT^Alanine Aminotransferase^^\SGOT^Aspartate Aminotransferase^^\CREAT^Creatinine (Sarcosine Oxidase Method)^^\BIT^T.BILL H^^\ALB^ALBUMIN ^^\ALP^ALKALINE ^^\URIC^URIC ACID^^\TP^TP H^^\GGT^GGT H^^\CAL^CA. SB^^\UREA^UREA^^|R|20260827050349|20260827050349|||||||20260827050349|serum||||||||||F|||||[CR]R|33|BID^Bilirubin Direct (DSA Method)^^F|0.129507^^^^|mg/dL|^|N||F|0.129507^^^^|0|20260827052308||Mindry^[CR]R|34|SGPT^Alanine Aminotransferase^^F|12.510705^^^^|U/L|^|N||F|12.510705^^^^|0|20260827052259||Mindry^[CR]R|35|SGOT^Aspartate Aminotransferase^^F|21.522914^^^^|U/L|^|N||F|21.522914^^^^|0|20260827052308||Mindry^[CR]R|36|CREAT^Creatinine (Sarcosine Oxidase Method)^^F|0.482724^^^^|mg/dL|^|N||F|0.482724^^^^|0|20260827052333||Mindry^[CR]R|37|BIT^T.BILL H^^F|0.357023^^^^|mg/dL|^|N||F|0.357023^^^^|0|20260827052342||Mindry^[CR]R|38|ALB^ALBUMIN ^^F|3.909032^^^^|g/dL|^|N||F|3.909032^^^^|0|20260827051901||Mindry^[CR]R|39|ALP^ALKALINE ^^F|116.136922^^^^|U/L|^|N||F|116.136922^^^^|0|20260827052342||Mindry^[CR]R|40|URIC^URIC ACID^^F|3.395942^^^^|mg/dL|^|N||F|3.395942^^^^|0|20260827051809||Mindry^[CR]R|41|TP^TP H^^F|6.492772^^^^|g/dL|^|N||F|6.492772^^^^|0|20260827052416||Mindry^[CR]R|42|GGT^GGT H^^F|16.346624^^^^|U/L|^|N||F|16.346624^^^^|0|20260827052408||Mindry^[CR]R|43|CAL^CA. SB^^F|9.907423^^^^|mg/dL|^|N||F|9.907423^^^^|0|20260827051944||Mindry^[CR]R|44|UREA^UREA^^F|15.873573^^^^|mg/dL|^|N||F|15.873573^^^^|0|20260827052333||Mindry^[CR]L|43|N[CR][ETX]97[CR][LF]
2026-08-27 05:24:16 - [EOT]
2026-08-27 05:24:51 - [ENQ]
2026-08-27 05:24:51 - [STX]1H|\^&|||Mindry^^|||||||PR|1394-97|20260827052450[CR]P|12||PATIENT111||ABC^^||19600315^66^Y|M||||||||||||||||||||||||||[CR]O|12|11^1^11|8550274|GLU^GLU H^^|R|20260827050350|20260827050350|||||||20260827050350|serum||||||||||F|||||[CR]R|45|GLU^GLU H^^F|100.017825^^^^|mg/dL|^|N||F|100.017825^^^^|0|20260827052450||Mindry^[CR]L|44|N[CR][ETX]5D[CR][LF]
2026-08-27 05:24:51 - [EOT]
2026-08-27 05:24:59 - [ENQ]
2026-08-27 05:24:59 - [STX]1H|\^&|||Mindry^^|||||||PR|1394-97|20260827052459[CR]P|13||PATIENT111||ABC^^||19600315^66^Y|M||||||||||||||||||||||||||[CR]O|13|12^1^12|9366323|GLU^GLU H^^|R|20260827050350|20260827050350|||||||20260827050350|serum||||||||||F|||||[CR]R|46|GLU^GLU H^^F|348.122826^^^^|mg/dL|^|N||F|348.122826^^^^|0|20260827052459||Mindry^[CR]L|45|N[CR][ETX]8E[CR][LF]
2026-08-27 05:24:59 - [EOT]
2026-08-27 05:24:59 - [ENQ]
2026-08-27 05:24:59 - [STX]1H|\^&|||Mindry^^|||||||PR|1394-97|20260827052459[CR]P|14||PATIENT111||ABC^^||19600315^66^Y|M||||||||||||||||||||||||||[CR]O|14|9^1^9|9569950|CREAT^Creatinine (Sarcosine Oxidase Method)^^\URIC^URIC ACID^^\CAL^CA. SB^^\UREA^UREA^^|R|20260827050350|20260827050350|||||||20260827050350|serum||||||||||F|||||[CR]R|47|CREAT^Creatinine (Sarcosine Oxidase Method)^^F|0.590544^^^^|mg/dL|^|N||F|0.590544^^^^|0|20260827052459||Mindry^[CR]R|48|URIC^URIC ACID^^F|5.371471^^^^|mg/dL|^|N||F|5.371471^^^^|0|20260827051909||Mindry^[CR]R|49|CAL^CA. SB^^F|7.157206^^^^|mg/dL|^|N||F|7.157206^^^^|0|20260827052026||Mindry^[CR]R|50|UREA^UREA^^F|17.251145^^^^|mg/dL|^|N||F|17.251145^^^^|0|20260827052416||Mindry^[CR]L|46|N[CR][ETX]2A[CR][LF]
2026-08-27 05:24:59 - [EOT]
2026-08-27 05:25:08 - [ENQ]
2026-08-27 05:25:08 - [STX]1H|\^&|||Mindry^^|||||||PR|1394-97|20260827052508[CR]P|15||PATIENT111||ABC^^||19600315^66^Y|M||||||||||||||||||||||||||[CR]O|15|13^1^13|9365656|GLU^GLU H^^|R|20260827050351|20260827050351|||||||20260827050351|serum||||||||||F|||||[CR]R|51|GLU^GLU H^^F|132.925445^^^^|mg/dL|^|N||F|132.925445^^^^|0|20260827052507||Mindry^[CR]L|47|N[CR][ETX]90[CR][LF]
2026-08-27 05:25:08 - [EOT]
2026-08-27 05:25:16 - [ENQ]
2026-08-27 05:25:16 - [STX]1H|\^&|||Mindry^^|||||||PR|1394-97|20260827052516[CR]P|16||PATIENT111||ABC^^||19600315^66^Y|M||||||||||||||||||||||||||[CR]O|16|14^1^14|9575507|GLU^GLU H^^|R|20260827050351|20260827050351|||||||20260827050351|serum||||||||||F|||||[CR]R|52|GLU^GLU H^^F|96.781534^^^^|mg/dL|^|N||F|96.781534^^^^|0|20260827052516||Mindry^[CR]L|48|N[CR][ETX]43[CR][LF]
2026-08-27 05:25:16 - [EOT]
2026-08-27 05:25:33 - [ENQ]
2026-08-27 05:25:33 - [STX]1H|\^&|||Mindry^^|||||||PR|1394-97|20260827052533[CR]P|17||PATIENT111||ABC^^||19600315^66^Y|M||||||||||||||||||||||||||[CR]O|17|10^1^10|9568901|BIT^T.BILL H^^|R|20260827050350|20260827050350|||||||20260827050350|serum||||||||||F|||||[CR]R|53|BIT^T.BILL H^^F|0.152505^^^^|mg/dL|^|N||F|0.152505^^^^|0|20260827052533||Mindry^[CR]L|49|N[CR][ETX]10[CR][LF]
2026-08-27 05:25:33 - [EOT]
2026-08-27 05:26:50 - [ENQ]
2026-08-27 05:26:50 - [STX]1H|\^&|||Mindry^^|||||||PR|1394-97|20260827052650[CR]P|18||PATIENT111||ABC^^||19600315^66^Y|M||||||||||||||||||||||||||[CR]O|18|18^1^18|9571895|GLU^GLU H^^|R|20260827050352|20260827050352|||||||20260827050352|serum||||||||||F|||||[CR]R|54|GLU^GLU H^^F|288.875531^^^^|mg/dL|^|N||F|288.875531^^^^|0|20260827052650||Mindry^[CR]L|50|N[CR][ETX]B9[CR][LF]
2026-08-27 05:26:50 - [EOT]
2026-08-27 05:26:59 - [ENQ]
2026-08-27 05:26:59 - [STX]1H|\^&|||Mindry^^|||||||PR|1394-97|20260827052659[CR]P|19||PATIENT111||ABC^^||19600315^66^Y|M||||||||||||||||||||||||||[CR]O|19|16^1^16|9573729|SGPT^Alanine Aminotransferase^^\SGOT^Aspartate Aminotransferase^^|R|20260827050351|20260827050351|||||||20260827050351|serum||||||||||F|||||[CR]R|55|SGPT^Alanine Aminotransferase^^F|41.474946^^^^|U/L|^|N||F|41.474946^^^^|0|20260827052650||Mindry^[CR]R|56|SGOT^Aspartate Aminotransferase^^F|26.182289^^^^|U/L|^|N||F|26.182289^^^^|0|20260827052659||Mindry^[CR]L|51|N[CR][ETX]8F[CR][LF]
2026-08-27 05:26:59 - [EOT]
2026-08-27 05:26:59 - [ENQ]
2026-08-27 05:26:59 - [STX]1H|\^&|||Mindry^^|||||||PR|1394-97|20260827052659[CR]P|20||PATIENT111||ABC^^||19600315^66^Y|M||||||||||||||||||||||||||[CR]O|20|15^1^15|9366319|SGPT^Alanine Aminotransferase^^\SGOT^Aspartate Aminotransferase^^\BIT^T.BILL H^^\ALB^ALBUMIN ^^\ALP^ALKALINE ^^\TP^TP H^^|R|20260827050351|20260827050351|||||||20260827050351|serum||||||||||F|||||[CR]R|57|SGPT^Alanine Aminotransferase^^F|9.968824^^^^|U/L|^|N||F|9.968824^^^^|0|20260827052559||Mindry^[CR]R|58|SGOT^Aspartate Aminotransferase^^F|23.998014^^^^|U/L|^|N||F|23.998014^^^^|0|20260827052607||Mindry^[CR]R|59|BIT^T.BILL H^^F|2.222796^^^^|mg/dL|^|N||F|2.222796^^^^|0|20260827052633||Mindry^[CR]R|60|ALB^ALBUMIN ^^F|4.307409^^^^|g/dL|^|N||F|4.307409^^^^|0|20260827052152||Mindry^[CR]R|61|ALP^ALKALINE ^^F|86.402877^^^^|U/L|^|N||F|86.402877^^^^|0|20260827052633||Mindry^[CR]R|62|TP^TP H^^F|7.391342^^^^|g/dL|^|N||F|7.391342^^^^|0|20260827052659||Mindry^[CR]L|52|N[CR][ETX]98[CR][LF]
2026-08-27 05:26:59 - [EOT]
2026-08-27 05:27:33 - [ENQ]
2026-08-27 05:27:33 - [STX]1H|\^&|||Mindry^^|||||||PR|1394-97|20260827052733[CR]P|21||PATIENT111||ABC^^||19600315^66^Y|M||||||||||||||||||||||||||[CR]O|21|17^1^17|9571898|SGPT^Alanine Aminotransferase^^\CRP^C-Reactive Protein^^|R|20260827050351|20260827050351|||||||20260827050351|serum||||||||||F|||||[CR]R|63|SGPT^Alanine Aminotransferase^^F|77.913488^^^^|U/L|^|N||F|77.913488^^^^|0|20260827052707||Mindry^[CR]R|64|CRP^C-Reactive Protein^^F|0.000000^^^^|mg/L|^|N||F|0.000000^^^^|0|20260827052733||Mindry^[CR]L|53|N[CR][ETX]4A[CR][LF]
2026-08-27 05:27:33 - [EOT]
2026-08-27 05:27:50 - [ENQ]
2026-08-27 05:27:50 - [STX]1H|\^&|||Mindry^^|||||||PR|1394-97|20260827052750[CR]P|22||PATIENT111||ABC^^||19600315^66^Y|M||||||||||||||||||||||||||[CR]O|22|19^1^19|9569940|CRP^C-Reactive Protein^^|R|20260827050352|20260827050352|||||||20260827050352|serum||||||||||F|||||[CR]R|65|CRP^C-Reactive Protein^^F|0.000000^^^^|mg/L|^|N||F|0.000000^^^^|0|20260827052750||Mindry^[CR]L|54|N[CR][ETX]D7[CR][LF]
2026-08-27 05:27:50 - [EOT]
2026-08-27 05:28:07 - [ENQ]
2026-08-27 05:28:07 - [STX]1H|\^&|||Mindry^^|||||||PR|1394-97|20260827052807[CR]P|23||PATIENT111||ABC^^||19600315^66^Y|M||||||||||||||||||||||||||[CR]O|23|20^1^20|9573730|SGPT^Alanine Aminotransferase^^\CREAT^Creatinine (Sarcosine Oxidase Method)^^|R|20260827050352|20260827050352|||||||20260827050352|serum||||||||||F|||||[CR]R|66|SGPT^Alanine Aminotransferase^^F|27.455132^^^^|U/L|^|N||F|27.455132^^^^|0|20260827052742||Mindry^[CR]R|67|CREAT^Creatinine (Sarcosine Oxidase Method)^^F|1.048990^^^^|mg/dL|^|N||F|1.048990^^^^|0|20260827052807||Mindry^[CR]L|55|N[CR][ETX]9D[CR][LF]
2026-08-27 05:28:07 - [EOT]
2026-08-27 05:30:07 - [ENQ]
2026-08-27 05:30:07 - [STX]1H|\^&|||Mindry^^|||||||PR|1394-97|20260827053007[CR]P|24||PATIENT111||ABC^^||19600315^66^Y|M||||||||||||||||||||||||||[CR]O|24|21^1^21|8550275|BID^Bilirubin Direct (DSA Method)^^\SGPT^Alanine Aminotransferase^^\SGOT^Aspartate Aminotransferase^^\TRIG^Triglycerides^^\CREAT^Creatinine (Sarcosine Oxidase Method)^^\BIT^T.BILL H^^\CHOL^T.CHOL^^\ALB^ALBUMIN ^^\ALP^ALKALINE ^^\URIC^URIC ACID^^\TP^TP H^^\GGT^GGT H^^\CAL^CA. SB^^\Iron^IRON^^\UREA^UREA^^|R|20260827050352|20260827050352|||||||20260827050352|serum||||||||||F|||||[CR]R|68|BID^Bilirubin Direct (DSA Method)^^F|0.141936^^^^|mg/dL|^|N||F|0.141936^^^^|0|20260827052816||Mindry^[CR]R|69|SGPT^Alanine Aminotransferase^^F|53.653613^^^^|U/L|^|N||F|53.653613^^^^|0|20260827052807||Mindry^[CR]R|70|SGOT^Aspartate Aminotransferase^^F|42.270134^^^^|U/L|^|N||F|42.270134^^^^|0|20260827052816||Mindry^[CR]R|71|TRIG^Triglycerides^^F|380.134753^^^^|mg/dL|^|N||F|380.134753^^^^|0|20260827052842||Mindry^[CR]R|72|CREAT^Creatinine (Sarcosine Oxidase Method)^^F|0.781343^^^^|mg/dL|^|N||F|0.781343^^^^|0|20260827052850||Mindry^[CR]R|73|BIT^T.BILL H^^F|0.246090^^^^|mg/dL|^|N||F|0.246090^^^^|0|20260827052859||Mindry^[CR]R|74|CHOL^T.CHOL^^F|193.411988^^^^|mg/dL|^|N||F|193.411988^^^^|0|20260827052418||Mindry^[CR]R|75|ALB^ALBUMIN ^^F|4.437089^^^^|g/dL|^|N||F|4.437089^^^^|0|20260827052426||Mindry^[CR]R|76|ALP^ALKALINE ^^F|79.179037^^^^|U/L|^|N||F|79.179037^^^^|0|20260827052907||Mindry^[CR]R|77|URIC^URIC ACID^^F|6.136719^^^^|mg/dL|^|N||F|6.136719^^^^|0|20260827052335||Mindry^[CR]R|78|TP^TP H^^F|7.359513^^^^|g/dL|^|N||F|7.359513^^^^|0|20260827052942||Mindry^[CR]R|79|GGT^GGT H^^F|30.654056^^^^|U/L|^|N||F|30.654056^^^^|0|20260827052933||Mindry^[CR]R|80|CAL^CA. SB^^F|9.691954^^^^|mg/dL|^|N||F|9.691954^^^^|0|20260827052509||Mindry^[CR]R|81|Iron^IRON^^F|-137.650912^^^^|g/dL|^|N||F|-137.650912^^^^|0|20260827053007||Mindry^[CR]R|82|UREA^UREA^^F|25.651812^^^^|mg/dL|^|N||F|25.651812^^^^|0|20260827052907||Mindry^[CR]L|56|N[CR][ETX]FB[CR][LF]
2026-08-27 05:30:07 - [EOT]
2026-08-27 05:32:16 - [ENQ]
2026-08-27 05:32:16 - [STX]1H|\^&|||Mindry^^|||||||PR|1394-97|20260827053216[CR]P|25||PATIENT111||ABC^^||19600315^66^Y|M||||||||||||||||||||||||||[CR]O|25|22^1^22|9576801|BID^Bilirubin Direct (DSA Method)^^\SGPT^Alanine Aminotransferase^^\SGOT^Aspartate Aminotransferase^^\TRIG^Triglycerides^^\CREAT^Creatinine (Sarcosine Oxidase Method)^^\BIT^T.BILL H^^\CHOL^T.CHOL^^\ALB^ALBUMIN ^^\ALP^ALKALINE ^^\URIC^URIC ACID^^\TP^TP H^^\GGT^GGT H^^\CAL^CA. SB^^\Iron^IRON^^\UREA^UREA^^|R|20260827050353|20260827050353|||||||20260827050353|serum||||||||||F|||||[CR]R|83|BID^Bilirubin Direct (DSA Method)^^F|0.173706^^^^|mg/dL|^|N||F|0.173706^^^^|0|20260827053024||Mindry^[CR]R|84|SGPT^Alanine Aminotransferase^^F|21.693264^^^^|U/L|^|N||F|21.693264^^^^|0|20260827053016||Mindry^[CR]R|85|SGOT^Aspartate Aminotransferase^^F|29.533316^^^^|U/L|^|N||F|29.533316^^^^|0|20260827053024||Mindry^[CR]R|86|TRIG^Triglycerides^^F|128.461989^^^^|mg/dL|^|N||F|128.461989^^^^|0|20260827053050||Mindry^[CR]R|87|CREAT^Creatinine (Sarcosine Oxidase Method)^^F|0.515656^^^^|mg/dL|^|N||F|0.515656^^^^|0|20260827053059||Mindry^[CR]R|88|BIT^T.BILL H^^F|0.349669^^^^|mg/dL|^|N||F|0.349669^^^^|0|20260827053107||Mindry^[CR]R|89|CHOL^T.CHOL^^F|104.874787^^^^|mg/dL|^|N||F|104.874787^^^^|0|20260827052626||Mindry^[CR]R|90|ALB^ALBUMIN ^^F|4.129676^^^^|g/dL|^|N||F|4.129676^^^^|0|20260827052635||Mindry^[CR]R|91|ALP^ALKALINE ^^F|55.784891^^^^|U/L|^|N||F|55.784891^^^^|0|20260827053116||Mindry^[CR]R|92|URIC^URIC ACID^^F|3.981617^^^^|mg/dL|^|N||F|3.981617^^^^|0|20260827052543||Mindry^[CR]R|93|TP^TP H^^F|6.118975^^^^|g/dL|^|N||F|6.118975^^^^|0|20260827053150||Mindry^[CR]R|94|GGT^GGT H^^F|-0.671582^^^^|U/L|^|N||F|-0.671582^^^^|0|20260827053141||Mindry^[CR]R|95|CAL^CA. SB^^F|9.448897^^^^|mg/dL|^|N||F|9.448897^^^^|0|20260827052717||Mindry^[CR]R|96|Iron^IRON^^F|287.028527^^^^|g/dL|^|N||F|287.028527^^^^|0|20260827053215||Mindry^[CR]R|97|UREA^UREA^^F|37.854669^^^^|mg/dL|^|N||F|37.854669^^^^|0|20260827053116||Mindry^[CR]L|57|N[CR][ETX]2C[CR][LF]
2026-08-27 05:32:16 - [EOT]
2026-08-27 05:33:58 - [ENQ]
2026-08-27 05:33:58 - [STX]1H|\^&|||Mindry^^|||||||PR|1394-97|20260827053358[CR]P|26||PATIENT111||ABC^^||19600315^66^Y|M||||||||||||||||||||||||||[CR]O|26|23^1^23|9365655|BID^Bilirubin Direct (DSA Method)^^\SGPT^Alanine Aminotransferase^^\SGOT^Aspartate Aminotransferase^^\TRIG^Triglycerides^^\CREAT^Creatinine (Sarcosine Oxidase Method)^^\BIT^T.BILL H^^\CHOL^T.CHOL^^\ALB^ALBUMIN ^^\ALP^ALKALINE ^^\URIC^URIC ACID^^\TP^TP H^^\GGT^GGT H^^\CAL^CA. SB^^\UREA^UREA^^|R|20260827050353|20260827050353|||||||20260827050353|serum||||||||||F|||||[CR]R|98|BID^Bilirubin Direct (DSA Method)^^F|0.043680^^^^|mg/dL|^|N||F|0.043680^^^^|0|20260827053233||Mindry^[CR]R|99|SGPT^Alanine Aminotransferase^^F|68.069727^^^^|U/L|^|N||F|68.069727^^^^|0|20260827053224||Mindry^[CR]R|100|SGOT^Aspartate Aminotransferase^^F|95.653500^^^^|U/L|^|N||F|95.653500^^^^|0|20260827053233||Mindry^[CR]R|101|TRIG^Triglycerides^^F|271.411602^^^^|mg/dL|^|N||F|271.411602^^^^|0|20260827053258||Mindry^[CR]R|102|CREAT^Creatinine (Sarcosine Oxidase Method)^^F|0.255366^^^^|mg/dL|^|N||F|0.255366^^^^|0|20260827053307||Mindry^[CR]R|103|BIT^T.BILL H^^F|-0.153449^^^^|mg/dL|^|N||F|-0.153449^^^^|0|20260827053315||Mindry^[CR]R|104|CHOL^T.CHOL^^F|224.451064^^^^|mg/dL|^|N||F|224.451064^^^^|0|20260827052835||Mindry^[CR]R|105|ALB^ALBUMIN ^^F|3.510920^^^^|g/dL|^|N||F|3.510920^^^^|0|20260827052843||Mindry^[CR]R|106|ALP^ALKALINE ^^F|216.489687^^^^|U/L|^|N||F|216.489687^^^^|0|20260827053324||Mindry^[CR]R|107|URIC^URIC ACID^^F|7.168121^^^^|mg/dL|^|N||F|7.168121^^^^|0|20260827052752||Mindry^[CR]R|108|TP^TP H^^F|5.819798^^^^|g/dL|^|N||F|5.819798^^^^|0|20260827053358||Mindry^[CR]R|109|GGT^GGT H^^F|163.020300^^^^|U/L|^|N||F|163.020300^^^^|0|20260827053349||Mindry^[CR]R|110|CAL^CA. SB^^F|9.594484^^^^|mg/dL|^|N||F|9.594484^^^^|0|20260827052926||Mindry^[CR]R|111|UREA^UREA^^F|16.725416^^^^|mg/dL|^|N||F|16.725416^^^^|0|20260827053315||Mindry^[CR]L|58|N[CR][ETX]71[CR][LF]
2026-08-27 05:33:58 - [EOT]
2026-08-27 05:36:23 - [ENQ]
2026-08-27 05:36:23 - [STX]1H|\^&|||Mindry^^|||||||PR|1394-97|20260827053623[CR]P|27||PATIENT111||ABC^^||19600315^66^Y|M||||||||||||||||||||||||||[CR]O|27|24^1^24|9571904|BID^Bilirubin Direct (DSA Method)^^\SGPT^Alanine Aminotransferase^^\SGOT^Aspartate Aminotransferase^^\TRIG^Triglycerides^^\CREAT^Creatinine (Sarcosine Oxidase Method)^^\BIT^T.BILL H^^\CHOL^T.CHOL^^\ALB^ALBUMIN ^^\ALP^ALKALINE ^^\URIC^URIC ACID^^\TP^TP H^^\GGT^GGT H^^\CAL^CA. SB^^\Iron^IRON^^\UREA^UREA^^|R|20260827050353|20260827050353|||||||20260827050353|serum||||||||||F|||||[CR]R|112|BID^Bilirubin Direct (DSA Method)^^F|0.085405^^^^|mg/dL|^|N||F|0.085405^^^^|0|20260827053432||Mindry^[CR]R|113|SGPT^Alanine Aminotransferase^^F|16.303159^^^^|U/L|^|N||F|16.303159^^^^|0|20260827053424||Mindry^[CR]R|114|SGOT^Aspartate Aminotransferase^^F|29.377699^^^^|U/L|^|N||F|29.377699^^^^|0|20260827053432||Mindry^[CR]R|115|TRIG^Triglycerides^^F|218.166017^^^^|mg/dL|^|N||F|218.166017^^^^|0|20260827053458||Mindry^[CR]R|116|CREAT^Creatinine (Sarcosine Oxidase Method)^^F|0.504403^^^^|mg/dL|^|N||F|0.504403^^^^|0|20260827053506||Mindry^[CR]R|117|BIT^T.BILL H^^F|0.663236^^^^|mg/dL|^|N||F|0.663236^^^^|0|20260827053515||Mindry^[CR]R|118|CHOL^T.CHOL^^F|179.170500^^^^|mg/dL|^|N||F|179.170500^^^^|0|20260827053034||Mindry^[CR]R|119|ALB^ALBUMIN ^^F|4.203020^^^^|g/dL|^|N||F|4.203020^^^^|0|20260827053043||Mindry^[CR]R|120|ALP^ALKALINE ^^F|94.555930^^^^|U/L|^|N||F|94.555930^^^^|0|20260827053523||Mindry^[CR]R|121|URIC^URIC ACID^^F|7.839627^^^^|mg/dL|^|N||F|7.839627^^^^|0|20260827052952||Mindry^[CR]R|122|TP^TP H^^F|6.910420^^^^|g/dL|^|N||F|6.910420^^^^|0|20260827053558||Mindry^[CR]R|123|GGT^GGT H^^F|30.184945^^^^|U/L|^|N||F|30.184945^^^^|0|20260827053549||Mindry^[CR]R|124|CAL^CA. SB^^F|9.243618^^^^|mg/dL|^|N||F|9.243618^^^^|0|20260827053126||Mindry^[CR]R|125|Iron^IRON^^F|-63.528540^^^^|g/dL|^|N||F|-63.528540^^^^|0|20260827053623||Mindry^[CR]R|126|UREA^UREA^^F|24.194579^^^^|mg/dL|^|N||F|24.194579^^^^|0|20260827053523||Mindry^[CR]L|59|N[CR][ETX]F8[CR][LF]
2026-08-27 05:36:23 - [EOT]
2026-08-27 05:38:01 - [ENQ]
2026-08-27 05:38:01 - [STX]1H|\^&|||Mindry^^|||||||RQ|1394-97|20260827053801[CR]Q|33|^9575502||||||||||O[CR]L|60|N[CR][ETX]78[CR][LF]
2026-08-27 05:38:01 - [EOT]
2026-08-27 05:38:01 - [ACK]
2026-08-27 05:38:01 - --Send Message To Machine --[ENQ]
2026-08-27 05:38:01 - --Send Message To Machine --[STX]1H|\^&||| Product Model^01.03.07.03^123456|||||||SA|1394-97|20260827053801[CR]P|1||PATIENT111||ABC^XYZ^j||19600315|M|||A|||icteru||||||01|||||A1|002|||||||[CR]O|1|1^1^1|9575502|HDL^^2^1\LDL^^2^1\CHOL^^2^1\TC^^2^1\CREAT^^2^1\GGT^^2^1\Iron^^2^1\TIBC^^2^1\ALB^^2^1\TP^^2^1\TG^^2^1\TRIG^^2^1\UREA^^2^1\URIC^^2^1\UIBC^^2^1\ALP^^2^1\SGPT^^2^1\SGOT^^2^1\BID^^2^1\BIT^^2^1\CAL^^2^1|R|20260827053801|20260827053801||||||||serum|||1|||||||Q|||||[CR]L|1|N[CR][ETX]A6[CR][LF]
2026-08-27 05:38:01 - --Send Message To Machine --[EOT]
2026-08-27 05:38:01 - [ACK]
2026-08-27 05:38:01 - [ENQ]
2026-08-27 05:38:01 - [STX]1H|\^&|||Mindry^^|||||||RQ|1394-97|20260827053801[CR]Q|34|^9571891||||||||||O[CR]L|61|N[CR][ETX]81[CR][LF]
2026-08-27 05:38:01 - [EOT]
2026-08-27 05:38:01 - --Send Message To Machine --[ENQ]
2026-08-27 05:38:01 - [ACK]
2026-08-27 05:38:01 - --Send Message To Machine --[STX]1H|\^&||| Product Model^01.03.07.03^123456|||||||SA|1394-97|20260827053801[CR]P|1||PATIENT111||ABC^XYZ^j||19600315|M|||A|||icteru||||||01|||||A1|002|||||||[CR]O|1|1^1^1|9571891|HDL^^2^1\LDL^^2^1\CHOL^^2^1\TC^^2^1\CREAT^^2^1\GGT^^2^1\Iron^^2^1\TIBC^^2^1\ALB^^2^1\TP^^2^1\TG^^2^1\TRIG^^2^1\UREA^^2^1\URIC^^2^1\UIBC^^2^1\ALP^^2^1\SGPT^^2^1\SGOT^^2^1\BID^^2^1\BIT^^2^1\CAL^^2^1|R|20260827053801|20260827053801||||||||serum|||1|||||||Q|||||[CR]L|1|N[CR][ETX]AD[CR][LF]
2026-08-27 05:38:01 - --Send Message To Machine --[EOT]
2026-08-27 05:38:01 - [ACK]
2026-08-27 05:38:01 - [ENQ]
2026-08-27 05:38:01 - [STX]1H|\^&|||Mindry^^|||||||RQ|1394-97|20260827053801[CR]Q|35|^9569946||||||||||O[CR]L|62|N[CR][ETX]8B[CR][LF]
2026-08-27 05:38:01 - [EOT]
2026-08-27 05:38:01 - --Send Message To Machine --[ENQ]
2026-08-27 05:38:01 - [ACK]
2026-08-27 05:38:01 - --Send Message To Machine --[STX]1H|\^&||| Product Model^01.03.07.03^123456|||||||SA|1394-97|20260827053801[CR]P|1||PATIENT111||ABC^XYZ^j||19600315|M|||A|||icteru||||||01|||||A1|002|||||||[CR]O|1|1^1^1|9569946|HDL^^2^1\LDL^^2^1\CHOL^^2^1\TC^^2^1\CREAT^^2^1\GGT^^2^1\Iron^^2^1\TIBC^^2^1\ALB^^2^1\TP^^2^1\TG^^2^1\TRIG^^2^1\UREA^^2^1\URIC^^2^1\UIBC^^2^1\ALP^^2^1\SGPT^^2^1\SGOT^^2^1\BID^^2^1\BIT^^2^1\CAL^^2^1|R|20260827053801|20260827053801||||||||serum|||1|||||||Q|||||[CR]L|1|N[CR][ETX]B5[CR][LF]
2026-08-27 05:38:01 - --Send Message To Machine --[EOT]
2026-08-27 05:38:01 - [ACK]
2026-08-27 05:38:01 - [ENQ]
2026-08-27 05:38:01 - [STX]1H|\^&|||Mindry^^|||||||RQ|1394-97|20260827053801[CR]Q|36|^9167868||||||||||O[CR]L|63|N[CR][ETX]8A[CR][LF]
2026-08-27 05:38:01 - [EOT]
2026-08-27 05:38:01 - [ACK]
2026-08-27 05:38:02 - --Send Message To Machine --[ENQ]
2026-08-27 05:38:02 - --Send Message To Machine --[STX]1H|\^&||| Product Model^01.03.07.03^123456|||||||SA|1394-97|20260827053801[CR]P|1||PATIENT111||ABC^XYZ^j||19600315|M|||A|||icteru||||||01|||||A1|002|||||||[CR]O|1|1^1^1|9167868|HDL^^2^1\LDL^^2^1\CHOL^^2^1\TC^^2^1\CREAT^^2^1\GGT^^2^1\Iron^^2^1\TIBC^^2^1\ALB^^2^1\TP^^2^1\TG^^2^1\TRIG^^2^1\UREA^^2^1\URIC^^2^1\UIBC^^2^1\ALP^^2^1\SGPT^^2^1\SGOT^^2^1\BID^^2^1\BIT^^2^1\CAL^^2^1|R|20260827053801|20260827053801||||||||serum|||1|||||||Q|||||[CR]L|1|N[CR][ETX]B2[CR][LF]
2026-08-27 05:38:02 - --Send Message To Machine --[EOT]
2026-08-27 05:38:02 - [ACK]
2026-08-27 05:38:02 - [ENQ]
2026-08-27 05:38:02 - [STX]1H|\^&|||Mindry^^|||||||RQ|1394-97|20260827053802[CR]Q|37|^9573733||||||||||O[CR]L|64|N[CR][ETX]85[CR][LF]
2026-08-27 05:38:02 - [EOT]
2026-08-27 05:38:02 - [ACK]
2026-08-27 05:38:02 - --Send Message To Machine --[ENQ]
2026-08-27 05:38:02 - --Send Message To Machine --[STX]1H|\^&||| Product Model^01.03.07.03^123456|||||||SA|1394-97|20260827053802[CR]P|1||PATIENT111||ABC^XYZ^j||19600315|M|||A|||icteru||||||01|||||A1|002|||||||[CR]O|1|1^1^1|9573733|HDL^^2^1\LDL^^2^1\CHOL^^2^1\TC^^2^1\CREAT^^2^1\GGT^^2^1\Iron^^2^1\TIBC^^2^1\ALB^^2^1\TP^^2^1\TG^^2^1\TRIG^^2^1\UREA^^2^1\URIC^^2^1\UIBC^^2^1\ALP^^2^1\SGPT^^2^1\SGOT^^2^1\BID^^2^1\BIT^^2^1\CAL^^2^1|R|20260827053802|20260827053802||||||||serum|||1|||||||Q|||||[CR]L|1|N[CR][ETX]AD[CR][LF]
2026-08-27 05:38:02 - --Send Message To Machine --[EOT]
2026-08-27 05:38:02 - [ACK]
2026-08-27 05:38:02 - [ENQ]
2026-08-27 05:38:02 - [STX]1H|\^&|||Mindry^^|||||||RQ|1394-97|20260827053802[CR]Q|38|^9569955||||||||||O[CR]L|65|N[CR][ETX]92[CR][LF]
2026-08-27 05:38:02 - [EOT]
2026-08-27 05:38:02 - [ACK]
2026-08-27 05:38:02 - --Send Message To Machine --[ENQ]
2026-08-27 05:38:02 - --Send Message To Machine --[STX]1H|\^&||| Product Model^01.03.07.03^123456|||||||SA|1394-97|20260827053802[CR]P|1||PATIENT111||ABC^XYZ^j||19600315|M|||A|||icteru||||||01|||||A1|002|||||||[CR]O|1|1^1^1|9569955|HDL^^2^1\LDL^^2^1\CHOL^^2^1\TC^^2^1\CREAT^^2^1\GGT^^2^1\Iron^^2^1\TIBC^^2^1\ALB^^2^1\TP^^2^1\TG^^2^1\TRIG^^2^1\UREA^^2^1\URIC^^2^1\UIBC^^2^1\ALP^^2^1\SGPT^^2^1\SGOT^^2^1\BID^^2^1\BIT^^2^1\CAL^^2^1|R|20260827053802|20260827053802||||||||serum|||1|||||||Q|||||[CR]L|1|N[CR][ETX]B8[CR][LF]
2026-08-27 05:38:02 - --Send Message To Machine --[EOT]
2026-08-27 05:38:02 - [ACK]
2026-08-27 05:38:32 - [ENQ]
2026-08-27 05:38:32 - [STX]1H|\^&|||Mindry^^|||||||PR|1394-97|20260827053832[CR]P|28||PATIENT111||ABC^^||19600315^66^Y|M||||||||||||||||||||||||||[CR]O|28|25^1^25|9575502|BID^Bilirubin Direct (DSA Method)^^\SGPT^Alanine Aminotransferase^^\SGOT^Aspartate Aminotransferase^^\TRIG^Triglycerides^^\CREAT^Creatinine (Sarcosine Oxidase Method)^^\BIT^T.BILL H^^\CHOL^T.CHOL^^\ALB^ALBUMIN ^^\ALP^ALKALINE ^^\URIC^URIC ACID^^\TP^TP H^^\GGT^GGT H^^\CAL^CA. SB^^\Iron^IRON^^\UREA^UREA^^|R|20260827050353|20260827053801|||||||20260827050353|serum||||||||||F|||||[CR]R|127|BID^Bilirubin Direct (DSA Method)^^F|0.526765^^^^|mg/dL|^|N||F|0.526765^^^^|0|20260827053640||Mindry^[CR]R|128|SGPT^Alanine Aminotransferase^^F|17.850344^^^^|U/L|^|N||F|17.850344^^^^|0|20260827053632||Mindry^[CR]R|129|SGOT^Aspartate Aminotransferase^^F|31.572680^^^^|U/L|^|N||F|31.572680^^^^|0|20260827053640||Mindry^[CR]R|130|TRIG^Triglycerides^^F|247.636380^^^^|mg/dL|^|N||F|247.636380^^^^|0|20260827053706||Mindry^[CR]R|131|CREAT^Creatinine (Sarcosine Oxidase Method)^^F|0.457669^^^^|mg/dL|^|N||F|0.457669^^^^|0|20260827053714||Mindry^[CR]R|132|BIT^T.BILL H^^F|1.519878^^^^|mg/dL|^|N||F|1.519878^^^^|0|20260827053723||Mindry^[CR]R|133|CHOL^T.CHOL^^F|110.075235^^^^|mg/dL|^|N||F|110.075235^^^^|0|20260827053243||Mindry^[CR]R|134|ALB^ALBUMIN ^^F|4.446195^^^^|g/dL|^|N||F|4.446195^^^^|0|20260827053251||Mindry^[CR]R|135|ALP^ALKALINE ^^F|114.397878^^^^|U/L|^|N||F|114.397878^^^^|0|20260827053732||Mindry^[CR]R|136|URIC^URIC ACID^^F|7.872060^^^^|mg/dL|^|N||F|7.872060^^^^|0|20260827053200||Mindry^[CR]R|137|TP^TP H^^F|6.856055^^^^|g/dL|^|N||F|6.856055^^^^|0|20260827053806||Mindry^[CR]R|138|GGT^GGT H^^F|23.069279^^^^|U/L|^|N||F|23.069279^^^^|0|20260827053757||Mindry^[CR]R|139|CAL^CA. SB^^F|9.286905^^^^|mg/dL|^|N||F|9.286905^^^^|0|20260827053334||Mindry^[CR]R|140|Iron^IRON^^F|-658.071764^^^^|g/dL|^|N||F|-658.071764^^^^|0|20260827053831||Mindry^[CR]R|141|UREA^UREA^^F|20.620913^^^^|mg/dL|^|N||F|20.620913^^^^|0|20260827053731||Mindry^[CR]L|66|N[CR][ETX]4B[CR][LF]
2026-08-27 05:38:32 - [EOT]
2026-08-27 05:39:17 - [ENQ]
2026-08-27 05:39:17 - [STX]1H|\^&|||Mindry^^|||||||RQ|1394-97|20260827053917[CR]Q|39|^9575502||||||||||O[CR]L|67|N[CR][ETX]8D[CR][LF]
2026-08-27 05:39:17 - [EOT]
2026-08-27 05:39:17 - [ACK]
2026-08-27 05:39:17 - --Send Message To Machine --[ENQ]
2026-08-27 05:39:17 - --Send Message To Machine --[STX]1H|\^&||| Product Model^01.03.07.03^123456|||||||SA|1394-97|20260827053917[CR]P|1||PATIENT111||ABC^XYZ^j||19600315|M|||A|||icteru||||||01|||||A1|002|||||||[CR]O|1|1^1^1|9575502|HDL^^2^1\LDL^^2^1\TIBC^^2^1\ALB^^2^1\TP^^2^1\UIBC^^2^1\BID^^2^1\BIT^^2^1|R|20260827053917|20260827053917||||||||serum|||1|||||||Q|||||[CR]L|1|N[CR][ETX]BA[CR][LF]
2026-08-27 05:39:17 - --Send Message To Machine --[EOT]
2026-08-27 05:39:17 - [ACK]
2026-08-27 05:39:17 - [ENQ]
2026-08-27 05:39:17 - [STX]1H|\^&|||Mindry^^|||||||RQ|1394-97|20260827053917[CR]Q|40|^9571891||||||||||O[CR]L|68|N[CR][ETX]8D[CR][LF]
2026-08-27 05:39:17 - [EOT]
2026-08-27 05:39:17 - --Send Message To Machine --[ENQ]
2026-08-27 05:39:17 - [ACK]
2026-08-27 05:39:17 - --Send Message To Machine --[STX]1H|\^&||| Product Model^01.03.07.03^123456|||||||SA|1394-97|20260827053917[CR]P|1||PATIENT111||ABC^XYZ^j||19600315|M|||A|||icteru||||||01|||||A1|002|||||||[CR]O|1|1^1^1|9571891|HDL^^2^1\LDL^^2^1\CHOL^^2^1\TC^^2^1\CREAT^^2^1\GGT^^2^1\Iron^^2^1\TIBC^^2^1\ALB^^2^1\TP^^2^1\TG^^2^1\TRIG^^2^1\UREA^^2^1\URIC^^2^1\UIBC^^2^1\ALP^^2^1\SGPT^^2^1\SGOT^^2^1\BID^^2^1\BIT^^2^1\CAL^^2^1|R|20260827053917|20260827053917||||||||serum|||1|||||||Q|||||[CR]L|1|N[CR][ETX]C5[CR][LF]
2026-08-27 05:39:17 - --Send Message To Machine --[EOT]
2026-08-27 05:39:17 - [ACK]
2026-08-27 05:39:17 - [ENQ]
2026-08-27 05:39:18 - [STX]1H|\^&|||Mindry^^|||||||RQ|1394-97|20260827053917[CR]Q|41|^9569946||||||||||O[CR]L|69|N[CR][ETX]97[CR][LF]
2026-08-27 05:39:18 - [EOT]
2026-08-27 05:39:18 - --Send Message To Machine --[ENQ]
2026-08-27 05:39:18 - [ACK]
2026-08-27 05:39:18 - --Send Message To Machine --[STX]1H|\^&||| Product Model^01.03.07.03^123456|||||||SA|1394-97|20260827053918[CR]P|1||PATIENT111||ABC^XYZ^j||19600315|M|||A|||icteru||||||01|||||A1|002|||||||[CR]O|1|1^1^1|9569946|HDL^^2^1\LDL^^2^1\CHOL^^2^1\TC^^2^1\CREAT^^2^1\GGT^^2^1\Iron^^2^1\TIBC^^2^1\ALB^^2^1\TP^^2^1\TG^^2^1\TRIG^^2^1\UREA^^2^1\URIC^^2^1\UIBC^^2^1\ALP^^2^1\SGPT^^2^1\SGOT^^2^1\BID^^2^1\BIT^^2^1\CAL^^2^1|R|20260827053918|20260827053918||||||||serum|||1|||||||Q|||||[CR]L|1|N[CR][ETX]D0[CR][LF]
2026-08-27 05:39:18 - --Send Message To Machine --[EOT]
2026-08-27 05:39:18 - [ACK]
2026-08-27 05:39:18 - [ENQ]
2026-08-27 05:39:18 - [STX]1H|\^&|||Mindry^^|||||||RQ|1394-97|20260827053918[CR]Q|42|^9167868||||||||||O[CR]L|70|N[CR][ETX]8E[CR][LF]
2026-08-27 05:39:18 - [EOT]
2026-08-27 05:39:18 - --Send Message To Machine --[ENQ]
2026-08-27 05:39:18 - [ACK]
2026-08-27 05:39:18 - --Send Message To Machine --[STX]1H|\^&||| Product Model^01.03.07.03^123456|||||||SA|1394-97|20260827053918[CR]P|1||PATIENT111||ABC^XYZ^j||19600315|M|||A|||icteru||||||01|||||A1|002|||||||[CR]O|1|1^1^1|9167868|HDL^^2^1\LDL^^2^1\CHOL^^2^1\TC^^2^1\CREAT^^2^1\GGT^^2^1\Iron^^2^1\TIBC^^2^1\ALB^^2^1\TP^^2^1\TG^^2^1\TRIG^^2^1\UREA^^2^1\URIC^^2^1\UIBC^^2^1\ALP^^2^1\SGPT^^2^1\SGOT^^2^1\BID^^2^1\BIT^^2^1\CAL^^2^1|R|20260827053918|20260827053918||||||||serum|||1|||||||Q|||||[CR]L|1|N[CR][ETX]CD[CR][LF]
2026-08-27 05:39:18 - --Send Message To Machine --[EOT]
2026-08-27 05:39:18 - [ACK]
2026-08-27 05:39:18 - [ENQ]
2026-08-27 05:39:18 - [STX]1H|\^&|||Mindry^^|||||||RQ|1394-97|20260827053918[CR]Q|43|^9573733||||||||||O[CR]L|71|N[CR][ETX]88[CR][LF]
2026-08-27 05:39:18 - [EOT]
2026-08-27 05:39:18 - [ACK]
2026-08-27 05:39:18 - --Send Message To Machine --[ENQ]
2026-08-27 05:39:18 - --Send Message To Machine --[STX]1H|\^&||| Product Model^01.03.07.03^123456|||||||SA|1394-97|20260827053918[CR]P|1||PATIENT111||ABC^XYZ^j||19600315|M|||A|||icteru||||||01|||||A1|002|||||||[CR]O|1|1^1^1|9573733|HDL^^2^1\LDL^^2^1\CHOL^^2^1\TC^^2^1\CREAT^^2^1\GGT^^2^1\Iron^^2^1\TIBC^^2^1\ALB^^2^1\TP^^2^1\TG^^2^1\TRIG^^2^1\UREA^^2^1\URIC^^2^1\UIBC^^2^1\ALP^^2^1\SGPT^^2^1\SGOT^^2^1\BID^^2^1\BIT^^2^1\CAL^^2^1|R|20260827053918|20260827053918||||||||serum|||1|||||||Q|||||[CR]L|1|N[CR][ETX]C5[CR][LF]
2026-08-27 05:39:18 - --Send Message To Machine --[EOT]
2026-08-27 05:39:18 - [ACK]
2026-08-27 05:39:18 - [ENQ]
2026-08-27 05:39:18 - [STX]1H|\^&|||Mindry^^|||||||RQ|1394-97|20260827053918[CR]Q|44|^9569955||||||||||O[CR]L|72|N[CR][ETX]95[CR][LF]
2026-08-27 05:39:18 - [EOT]
2026-08-27 05:39:18 - --Send Message To Machine --[ENQ]
2026-08-27 05:39:18 - [ACK]
2026-08-27 05:39:18 - --Send Message To Machine --[STX]1H|\^&||| Product Model^01.03.07.03^123456|||||||SA|1394-97|20260827053918[CR]P|1||PATIENT111||ABC^XYZ^j||19600315|M|||A|||icteru||||||01|||||A1|002|||||||[CR]O|1|1^1^1|9569955|HDL^^2^1\LDL^^2^1\CHOL^^2^1\TC^^2^1\CREAT^^2^1\GGT^^2^1\Iron^^2^1\TIBC^^2^1\ALB^^2^1\TP^^2^1\TG^^2^1\TRIG^^2^1\UREA^^2^1\URIC^^2^1\UIBC^^2^1\ALP^^2^1\SGPT^^2^1\SGOT^^2^1\BID^^2^1\BIT^^2^1\CAL^^2^1|R|20260827053918|20260827053918||||||||serum|||1|||||||Q|||||[CR]L|1|N[CR][ETX]D0[CR][LF]
2026-08-27 05:39:18 - --Send Message To Machine --[EOT]
2026-08-27 05:39:18 - [ACK]
2026-08-27 05:39:31 - [ENQ]
2026-08-27 05:39:31 - [STX]1H|\^&|||Mindry^^|||||||PR|1394-97|20260827053931[CR]P|29||PATIENT111||ABC^^||19600315^66^Y|M||||||||||||||||||||||||||[CR]O|29|26^1^26|9571891|BID^Bilirubin Direct (DSA Method)^^\SGPT^Alanine Aminotransferase^^\SGOT^Aspartate Aminotransferase^^\TRIG^Triglycerides^^\CREAT^Creatinine (Sarcosine Oxidase Method)^^\BIT^T.BILL H^^\CHOL^T.CHOL^^\ALB^ALBUMIN ^^|R|20260827050354|20260827053917|||||||20260827050354|serum||||||||||F|||||[CR]R|142|BID^Bilirubin Direct (DSA Method)^^F|0.186635^^^^|mg/dL|^|N||F|0.186635^^^^|0|20260827053848||Mindry^[CR]R|143|SGPT^Alanine Aminotransferase^^F|37.412043^^^^|U/L|^|N||F|37.412043^^^^|0|20260827053840||Mindry^[CR]R|144|SGOT^Aspartate Aminotransferase^^F|36.662561^^^^|U/L|^|N||F|36.662561^^^^|0|20260827053848||Mindry^[CR]R|145|TRIG^Triglycerides^^F|377.088264^^^^|mg/dL|^|N||F|377.088264^^^^|0|20260827053914||Mindry^[CR]R|146|CREAT^Creatinine (Sarcosine Oxidase Method)^^F|0.583716^^^^|mg/dL|^|N||F|0.583716^^^^|0|20260827053923||Mindry^[CR]R|147|BIT^T.BILL H^^F|0.262859^^^^|mg/dL|^|N||F|0.262859^^^^|0|20260827053931||Mindry^[CR]R|148|CHOL^T.CHOL^^F|190.395099^^^^|mg/dL|^|N||F|190.395099^^^^|0|20260827053451||Mindry^[CR]R|149|ALB^ALBUMIN ^^F|3.682420^^^^|g/dL|^|N||F|3.682420^^^^|0|20260827053633||Mindry^[CR]L|73|N[CR][ETX]5C[CR][LF]
2026-08-27 05:39:31 - [EOT]
2026-08-27 05:52:44 - [ENQ]
2026-08-27 05:52:44 - [STX]1H|\^&|||Mindry^^|||||||RQ|1394-97|20260827055244[CR]Q|45|^9571891||||||||||O[CR]L|74|N[CR][ETX]8A[CR][LF]
2026-08-27 05:52:44 - [EOT]
2026-08-27 05:52:44 - --Send Message To Machine --[ENQ]
2026-08-27 05:52:44 - --Send Message To Machine --[STX]1H|\^&||| Product Model^01.03.07.03^123456|||||||SA|1394-97|20260827055244[CR]P|1||PATIENT111||ABC^XYZ^j||19600315|M|||A|||icteru||||||01|||||A1|002|||||||[CR]O|1|1^1^1|9571891|HDL^^2^1\LDL^^2^1\GGT^^2^1\Iron^^2^1\TIBC^^2^1\ALB^^2^1\TP^^2^1\UREA^^2^1\URIC^^2^1\UIBC^^2^1\ALP^^2^1\BID^^2^1\BIT^^2^1\CAL^^2^1|R|20260827055244|20260827055244||||||||serum|||1|||||||Q|||||[CR]L|1|N[CR][ETX]4F[CR][LF]
2026-08-27 05:52:44 - [ACK]
2026-08-27 05:52:44 - --Send Message To Machine --[EOT]
2026-08-27 05:52:44 - [ACK]
2026-08-27 05:52:44 - [ENQ]
2026-08-27 05:52:44 - [STX]1H|\^&|||Mindry^^|||||||RQ|1394-97|20260827055244[CR]Q|46|^9569946||||||||||O[CR]L|75|N[CR][ETX]94[CR][LF]
2026-08-27 05:52:44 - [EOT]
2026-08-27 05:52:44 - --Send Message To Machine --[ENQ]
2026-08-27 05:52:44 - [ACK]
2026-08-27 05:52:44 - --Send Message To Machine --[STX]1H|\^&||| Product Model^01.03.07.03^123456|||||||SA|1394-97|20260827055244[CR]P|1||PATIENT111||ABC^XYZ^j||19600315|M|||A|||icteru||||||01|||||A1|002|||||||[CR]O|1|1^1^1|9569946|HDL^^2^1\LDL^^2^1\CHOL^^2^1\TC^^2^1\CREAT^^2^1\GGT^^2^1\Iron^^2^1\TIBC^^2^1\ALB^^2^1\TP^^2^1\TG^^2^1\TRIG^^2^1\UREA^^2^1\URIC^^2^1\UIBC^^2^1\ALP^^2^1\SGPT^^2^1\SGOT^^2^1\BID^^2^1\BIT^^2^1\CAL^^2^1|R|20260827055244|20260827055244||||||||serum|||1|||||||Q|||||[CR]L|1|N[CR][ETX]BE[CR][LF]
2026-08-27 05:52:44 - --Send Message To Machine --[EOT]
2026-08-27 05:52:44 - [ACK]
2026-08-27 05:52:44 - [ENQ]
2026-08-27 05:52:44 - [STX]1H|\^&|||Mindry^^|||||||RQ|1394-97|20260827055244[CR]Q|47|^9167868||||||||||O[CR]L|76|N[CR][ETX]93[CR][LF]
2026-08-27 05:52:44 - [EOT]
2026-08-27 05:52:44 - --Send Message To Machine --[ENQ]
2026-08-27 05:52:44 - [ACK]
2026-08-27 05:52:44 - --Send Message To Machine --[STX]1H|\^&||| Product Model^01.03.07.03^123456|||||||SA|1394-97|20260827055244[CR]P|1||PATIENT111||ABC^XYZ^j||19600315|M|||A|||icteru||||||01|||||A1|002|||||||[CR]O|1|1^1^1|9167868|HDL^^2^1\LDL^^2^1\CHOL^^2^1\TC^^2^1\CREAT^^2^1\GGT^^2^1\Iron^^2^1\TIBC^^2^1\ALB^^2^1\TP^^2^1\TG^^2^1\TRIG^^2^1\UREA^^2^1\URIC^^2^1\UIBC^^2^1\ALP^^2^1\SGPT^^2^1\SGOT^^2^1\BID^^2^1\BIT^^2^1\CAL^^2^1|R|20260827055244|20260827055244||||||||serum|||1|||||||Q|||||[CR]L|1|N[CR][ETX]BB[CR][LF]
2026-08-27 05:52:44 - --Send Message To Machine --[EOT]
2026-08-27 05:52:44 - [ACK]
2026-08-27 05:52:45 - [ENQ]
2026-08-27 05:52:45 - [STX]1H|\^&|||Mindry^^|||||||RQ|1394-97|20260827055245[CR]Q|48|^9573733||||||||||O[CR]L|77|N[CR][ETX]8E[CR][LF]
2026-08-27 05:52:45 - [EOT]
2026-08-27 05:52:45 - [ACK]
2026-08-27 05:52:45 - --Send Message To Machine --[ENQ]
2026-08-27 05:52:45 - --Send Message To Machine --[STX]1H|\^&||| Product Model^01.03.07.03^123456|||||||SA|1394-97|20260827055245[CR]P|1||PATIENT111||ABC^XYZ^j||19600315|M|||A|||icteru||||||01|||||A1|002|||||||[CR]O|1|1^1^1|9573733|HDL^^2^1\LDL^^2^1\CHOL^^2^1\TC^^2^1\CREAT^^2^1\GGT^^2^1\Iron^^2^1\TIBC^^2^1\ALB^^2^1\TP^^2^1\TG^^2^1\TRIG^^2^1\UREA^^2^1\URIC^^2^1\UIBC^^2^1\ALP^^2^1\SGPT^^2^1\SGOT^^2^1\BID^^2^1\BIT^^2^1\CAL^^2^1|R|20260827055245|20260827055245||||||||serum|||1|||||||Q|||||[CR]L|1|N[CR][ETX]B6[CR][LF]
2026-08-27 05:52:45 - --Send Message To Machine --[EOT]
2026-08-27 05:52:45 - [ACK]
2026-08-27 05:52:45 - [ENQ]
2026-08-27 05:52:45 - [STX]1H|\^&|||Mindry^^|||||||RQ|1394-97|20260827055245[CR]Q|49|^9569955||||||||||O[CR]L|78|N[CR][ETX]9B[CR][LF]
2026-08-27 05:52:45 - [EOT]
2026-08-27 05:52:45 - --Send Message To Machine --[ENQ]
2026-08-27 05:52:45 - [ACK]
2026-08-27 05:52:45 - --Send Message To Machine --[STX]1H|\^&||| Product Model^01.03.07.03^123456|||||||SA|1394-97|20260827055245[CR]P|1||PATIENT111||ABC^XYZ^j||19600315|M|||A|||icteru||||||01|||||A1|002|||||||[CR]O|1|1^1^1|9569955|HDL^^2^1\LDL^^2^1\CHOL^^2^1\TC^^2^1\CREAT^^2^1\GGT^^2^1\Iron^^2^1\TIBC^^2^1\ALB^^2^1\TP^^2^1\TG^^2^1\TRIG^^2^1\UREA^^2^1\URIC^^2^1\UIBC^^2^1\ALP^^2^1\SGPT^^2^1\SGOT^^2^1\BID^^2^1\BIT^^2^1\CAL^^2^1|R|20260827055245|20260827055245||||||||serum|||1|||||||Q|||||[CR]L|1|N[CR][ETX]C1[CR][LF]
2026-08-27 05:52:45 - --Send Message To Machine --[EOT]
2026-08-27 05:52:45 - [ACK]
2026-08-27 06:35:33 - [ENQ]
2026-08-27 06:35:33 - [STX]1H|\^&|||Mindry^^|||||||RQ|1394-97|20260827063533[CR]Q|50|^9571891||||||||||O[CR]L|79|N[CR][ETX]8B[CR][LF]
2026-08-27 06:35:33 - [EOT]
2026-08-27 06:35:33 - --Send Message To Machine --[ENQ]
2026-08-27 06:35:33 - --Send Message To Machine --[STX]1H|\^&||| Product Model^01.03.07.03^123456|||||||SA|1394-97|20260827063533[CR]P|1||PATIENT111||ABC^XYZ^j||19600315|M|||A|||icteru||||||01|||||A1|002|||||||[CR]O|1|1^1^1|9571891|HDL^^2^1\LDL^^2^1\GGT^^2^1\Iron^^2^1\TIBC^^2^1\ALB^^2^1\TP^^2^1\UREA^^2^1\URIC^^2^1\UIBC^^2^1\ALP^^2^1\BID^^2^1\BIT^^2^1\CAL^^2^1|R|20260827063533|20260827063533||||||||serum|||1|||||||Q|||||[CR]L|1|N[CR][ETX]4F[CR][LF]
2026-08-27 06:35:33 - --Send Message To Machine --[EOT]
2026-08-27 06:35:33 - [ACK]
2026-08-27 06:35:33 - [ACK]
2026-08-27 06:35:34 - [ENQ]
2026-08-27 06:35:34 - [STX]1H|\^&|||Mindry^^|||||||RQ|1394-97|20260827063534[CR]Q|51|^9569946||||||||||O[CR]L|80|N[CR][ETX]8D[CR][LF]
2026-08-27 06:35:34 - [EOT]
2026-08-27 06:35:34 - [ACK]
2026-08-27 06:35:34 - --Send Message To Machine --[ENQ]
2026-08-27 06:35:34 - --Send Message To Machine --[STX]1H|\^&||| Product Model^01.03.07.03^123456|||||||SA|1394-97|20260827063534[CR]P|1||PATIENT111||ABC^XYZ^j||19600315|M|||A|||icteru||||||01|||||A1|002|||||||[CR]O|1|1^1^1|9569946|HDL^^2^1\LDL^^2^1\CHOL^^2^1\TC^^2^1\CREAT^^2^1\GGT^^2^1\Iron^^2^1\TIBC^^2^1\ALB^^2^1\TP^^2^1\TG^^2^1\TRIG^^2^1\UREA^^2^1\URIC^^2^1\UIBC^^2^1\ALP^^2^1\SGPT^^2^1\SGOT^^2^1\BID^^2^1\BIT^^2^1\CAL^^2^1|R|20260827063534|20260827063534||||||||serum|||1|||||||Q|||||[CR]L|1|N[CR][ETX]C1[CR][LF]
2026-08-27 06:35:34 - --Send Message To Machine --[EOT]
2026-08-27 06:35:34 - [ACK]
2026-08-27 06:35:34 - [ENQ]
2026-08-27 06:35:34 - [STX]1H|\^&|||Mindry^^|||||||RQ|1394-97|20260827063534[CR]Q|52|^9167868||||||||||O[CR]L|81|N[CR][ETX]8C[CR][LF]
2026-08-27 06:35:34 - [EOT]
2026-08-27 06:35:34 - --Send Message To Machine --[ENQ]
2026-08-27 06:35:34 - --Send Message To Machine --[STX]1H|\^&||| Product Model^01.03.07.03^123456|||||||SA|1394-97|20260827063534[CR]P|1||PATIENT111||ABC^XYZ^j||19600315|M|||A|||icteru||||||01|||||A1|002|||||||[CR]O|1|1^1^1|9167868|HDL^^2^1\LDL^^2^1\CHOL^^2^1\TC^^2^1\CREAT^^2^1\GGT^^2^1\Iron^^2^1\TIBC^^2^1\ALB^^2^1\TP^^2^1\TG^^2^1\TRIG^^2^1\UREA^^2^1\URIC^^2^1\UIBC^^2^1\ALP^^2^1\SGPT^^2^1\SGOT^^2^1\BID^^2^1\BIT^^2^1\CAL^^2^1|R|20260827063534|20260827063534||||||||serum|||1|||||||Q|||||[CR]L|1|N[CR][ETX]BE[CR][LF]
2026-08-27 06:35:34 - [ACK]
2026-08-27 06:35:34 - --Send Message To Machine --[EOT]
2026-08-27 06:35:34 - [ACK]
2026-08-27 06:35:34 - [ENQ]
2026-08-27 06:35:34 - [STX]1H|\^&|||Mindry^^|||||||RQ|1394-97|20260827063534[CR]Q|53|^9573733||||||||||O[CR]L|82|N[CR][ETX]86[CR][LF]
2026-08-27 06:35:34 - [EOT]
2026-08-27 06:35:34 - [ACK]
2026-08-27 06:35:34 - --Send Message To Machine --[ENQ]
2026-08-27 06:35:34 - --Send Message To Machine --[STX]1H|\^&||| Product Model^01.03.07.03^123456|||||||SA|1394-97|20260827063534[CR]P|1||PATIENT111||ABC^XYZ^j||19600315|M|||A|||icteru||||||01|||||A1|002|||||||[CR]O|1|1^1^1|9573733|HDL^^2^1\LDL^^2^1\CHOL^^2^1\TC^^2^1\CREAT^^2^1\GGT^^2^1\Iron^^2^1\TIBC^^2^1\ALB^^2^1\TP^^2^1\TG^^2^1\TRIG^^2^1\UREA^^2^1\URIC^^2^1\UIBC^^2^1\ALP^^2^1\SGPT^^2^1\SGOT^^2^1\BID^^2^1\BIT^^2^1\CAL^^2^1|R|20260827063534|20260827063534||||||||serum|||1|||||||Q|||||[CR]L|1|N[CR][ETX]B6[CR][LF]
2026-08-27 06:35:34 - --Send Message To Machine --[EOT]
2026-08-27 06:35:34 - [ACK]
2026-08-27 06:35:34 - [ENQ]
2026-08-27 06:35:34 - [STX]1H|\^&|||Mindry^^|||||||RQ|1394-97|20260827063534[CR]Q|54|^9569955||||||||||O[CR]L|83|N[CR][ETX]93[CR][LF]
2026-08-27 06:35:34 - [EOT]
2026-08-27 06:35:34 - [ACK]
2026-08-27 06:35:34 - --Send Message To Machine --[ENQ]
2026-08-27 06:35:34 - --Send Message To Machine --[STX]1H|\^&||| Product Model^01.03.07.03^123456|||||||SA|1394-97|20260827063534[CR]P|1||PATIENT111||ABC^XYZ^j||19600315|M|||A|||icteru||||||01|||||A1|002|||||||[CR]O|1|1^1^1|9569955|HDL^^2^1\LDL^^2^1\CHOL^^2^1\TC^^2^1\CREAT^^2^1\GGT^^2^1\Iron^^2^1\TIBC^^2^1\ALB^^2^1\TP^^2^1\TG^^2^1\TRIG^^2^1\UREA^^2^1\URIC^^2^1\UIBC^^2^1\ALP^^2^1\SGPT^^2^1\SGOT^^2^1\BID^^2^1\BIT^^2^1\CAL^^2^1|R|20260827063534|20260827063534||||||||serum|||1|||||||Q|||||[CR]L|1|N[CR][ETX]C1[CR][LF]
2026-08-27 06:35:34 - --Send Message To Machine --[EOT]
2026-08-27 06:35:35 - [ACK]
2026-08-27 06:49:46 - [ENQ]
2026-08-27 06:49:46 - [STX]1H|\^&|||Mindry^^|||||||PR|1394-97|20260827064946[CR]P|30||||^^||^^|U||||||||||||||||||||||||||[CR]O|30|9009^1^79|9575505|BID^Bilirubin Direct (DSA Method)^^\SGPT^Alanine Aminotransferase^^\SGOT^Aspartate Aminotransferase^^\TRIG^Triglycerides^^\CREAT^Creatinine (Sarcosine Oxidase Method)^^\BIT^T.BILL H^^\CHOL^T.CHOL^^\ALB^ALBUMIN ^^\TP^TP H^^|S|20260827053835|20260827053819|||||||20260827053819|serum||||||||||F|||||[CR]R|150|BID^Bilirubin Direct (DSA Method)^^F|0.179044^^^^|mg/dL|^|N||F|0.179044^^^^|0|20260827064820||Mindry^[CR]R|151|SGPT^Alanine Aminotransferase^^F|10.761744^^^^|U/L|^|N||F|10.761744^^^^|0|20260827064812||Mindry^[CR]R|152|SGOT^Aspartate Aminotransferase^^F|29.005066^^^^|U/L|^|N||F|29.005066^^^^|0|20260827064820||Mindry^[CR]R|153|TRIG^Triglycerides^^F|164.714941^^^^|mg/dL|^|N||F|164.714941^^^^|0|20260827064846||Mindry^[CR]R|154|CREAT^Creatinine (Sarcosine Oxidase Method)^^F|0.602512^^^^|mg/dL|^|N||F|0.602512^^^^|0|20260827064854||Mindry^[CR]R|155|BIT^T.BILL H^^F|0.257696^^^^|mg/dL|^|N||F|0.257696^^^^|0|20260827064903||Mindry^[CR]R|156|CHOL^T.CHOL^^F|209.848067^^^^|mg/dL|^|N||F|209.848067^^^^|0|20260827064422||Mindry^[CR]R|157|ALB^ALBUMIN ^^F|4.104462^^^^|g/dL|^|N||F|4.104462^^^^|0|20260827064431||Mindry^[CR]R|158|TP^TP H^^F|7.640415^^^^|g/dL|^|N||F|7.640415^^^^|0|20260827064946||Mindry^[CR]L|84|N[CR][ETX]7D[CR][LF]
2026-08-27 06:49:46 - [EOT]
2026-08-27 06:52:54 - [ENQ]
2026-08-27 06:52:54 - [STX]1H|\^&|||Mindry^^|||||||PR|1394-97|20260827065254[CR]P|31||PATIENT111||ABC^^||19600315^66^Y|M||||||||||||||||||||||||||[CR]O|31|26^1^26|9571891|ALP^ALKALINE ^^\URIC^URIC ACID^^\TP^TP H^^\GGT^GGT H^^\CAL^CA. SB^^\Iron^IRON^^\UREA^UREA^^|R|20260827050354|20260827063533|||||||20260827050354|serum||||||||||F|||||[CR]R|159|ALP^ALKALINE ^^F|85.592279^^^^|U/L|^|N||F|85.592279^^^^|0|20260827065154||Mindry^[CR]R|160|URIC^URIC ACID^^F|3.999821^^^^|mg/dL|^|N||F|3.999821^^^^|0|20260827064622||Mindry^[CR]R|161|TP^TP H^^F|6.523340^^^^|g/dL|^|N||F|6.523340^^^^|0|20260827065229||Mindry^[CR]R|162|GGT^GGT H^^F|32.156027^^^^|U/L|^|N||F|32.156027^^^^|0|20260827065220||Mindry^[CR]R|163|CAL^CA. SB^^F|9.805675^^^^|mg/dL|^|N||F|9.805675^^^^|0|20260827064756||Mindry^[CR]R|164|Iron^IRON^^F|-237.921473^^^^|g/dL|^|N||F|-237.921473^^^^|0|20260827065254||Mindry^[CR]R|165|UREA^UREA^^F|19.777293^^^^|mg/dL|^|N||F|19.777293^^^^|0|20260827065154||Mindry^[CR]L|85|N[CR][ETX]D3[CR][LF]
2026-08-27 06:52:54 - [EOT]
2026-08-27 06:55:03 - [ENQ]
2026-08-27 06:55:03 - [STX]1H|\^&|||Mindry^^|||||||PR|1394-97|20260827065503[CR]P|32||PATIENT111||ABC^^||19600315^66^Y|M||||||||||||||||||||||||||[CR]O|32|27^1^29|9569946|BID^Bilirubin Direct (DSA Method)^^\SGPT^Alanine Aminotransferase^^\SGOT^Aspartate Aminotransferase^^\TRIG^Triglycerides^^\CREAT^Creatinine (Sarcosine Oxidase Method)^^\BIT^T.BILL H^^\CHOL^T.CHOL^^\ALB^ALBUMIN ^^\ALP^ALKALINE ^^\URIC^URIC ACID^^\TP^TP H^^\GGT^GGT H^^\CAL^CA. SB^^\Iron^IRON^^\UREA^UREA^^|R|20260827050454|20260827063534|||||||20260827050454|serum||||||||||F|||||[CR]R|166|BID^Bilirubin Direct (DSA Method)^^F|0.177849^^^^|mg/dL|^|N||F|0.177849^^^^|0|20260827065311||Mindry^[CR]R|167|SGPT^Alanine Aminotransferase^^F|16.290279^^^^|U/L|^|N||F|16.290279^^^^|0|20260827065303||Mindry^[CR]R|168|SGOT^Aspartate Aminotransferase^^F|34.860882^^^^|U/L|^|N||F|34.860882^^^^|0|20260827065311||Mindry^[CR]R|169|TRIG^Triglycerides^^F|173.609750^^^^|mg/dL|^|N||F|173.609750^^^^|0|20260827065337||Mindry^[CR]R|170|CREAT^Creatinine (Sarcosine Oxidase Method)^^F|0.884611^^^^|mg/dL|^|N||F|0.884611^^^^|0|20260827065346||Mindry^[CR]R|171|BIT^T.BILL H^^F|0.300284^^^^|mg/dL|^|N||F|0.300284^^^^|0|20260827065354||Mindry^[CR]R|172|CHOL^T.CHOL^^F|218.390810^^^^|mg/dL|^|N||F|218.390810^^^^|0|20260827064913||Mindry^[CR]R|173|ALB^ALBUMIN ^^F|4.039120^^^^|g/dL|^|N||F|4.039120^^^^|0|20260827064922||Mindry^[CR]R|174|ALP^ALKALINE ^^F|71.685455^^^^|U/L|^|N||F|71.685455^^^^|0|20260827065403||Mindry^[CR]R|175|URIC^URIC ACID^^F|4.538953^^^^|mg/dL|^|N||F|4.538953^^^^|0|20260827064830||Mindry^[CR]R|176|TP^TP H^^F|6.692384^^^^|g/dL|^|N||F|6.692384^^^^|0|20260827065437||Mindry^[CR]R|177|GGT^GGT H^^F|27.444507^^^^|U/L|^|N||F|27.444507^^^^|0|20260827065428||Mindry^[CR]R|178|CAL^CA. SB^^F|9.622471^^^^|mg/dL|^|N||F|9.622471^^^^|0|20260827065004||Mindry^[CR]R|179|Iron^IRON^^F|85.051548^^^^|g/dL|^|N||F|85.051548^^^^|0|20260827065503||Mindry^[CR]R|180|UREA^UREA^^F|30.002371^^^^|mg/dL|^|N||F|30.002371^^^^|0|20260827065403||Mindry^[CR]L|86|N[CR][ETX]3B[CR][LF]
2026-08-27 06:55:03 - [EOT]
2026-08-27 06:57:11 - [ENQ]
2026-08-27 06:57:11 - [STX]1H|\^&|||Mindry^^|||||||PR|1394-97|20260827065711[CR]P|33||PATIENT111||ABC^^||19600315^66^Y|M||||||||||||||||||||||||||[CR]O|33|28^1^30|9167868|BID^Bilirubin Direct (DSA Method)^^\SGPT^Alanine Aminotransferase^^\SGOT^Aspartate Aminotransferase^^\TRIG^Triglycerides^^\CREAT^Creatinine (Sarcosine Oxidase Method)^^\BIT^T.BILL H^^\CHOL^T.CHOL^^\ALB^ALBUMIN ^^\ALP^ALKALINE ^^\URIC^URIC ACID^^\TP^TP H^^\GGT^GGT H^^\CAL^CA. SB^^\Iron^IRON^^\UREA^UREA^^|R|20260827050454|20260827063534|||||||20260827050455|serum||||||||||F|||||[CR]R|181|BID^Bilirubin Direct (DSA Method)^^F|0.255724^^^^|mg/dL|^|N||F|0.255724^^^^|0|20260827065520||Mindry^[CR]R|182|SGPT^Alanine Aminotransferase^^F|36.214387^^^^|U/L|^|N||F|36.214387^^^^|0|20260827065511||Mindry^[CR]R|183|SGOT^Aspartate Aminotransferase^^F|44.128510^^^^|U/L|^|N||F|44.128510^^^^|0|20260827065520||Mindry^[CR]R|184|TRIG^Triglycerides^^F|102.210424^^^^|mg/dL|^|N||F|102.210424^^^^|0|20260827065545||Mindry^[CR]R|185|CREAT^Creatinine (Sarcosine Oxidase Method)^^F|1.318320^^^^|mg/dL|^|N||F|1.318320^^^^|0|20260827065554||Mindry^[CR]R|186|BIT^T.BILL H^^F|0.646668^^^^|mg/dL|^|N||F|0.646668^^^^|0|20260827065603||Mindry^[CR]R|187|CHOL^T.CHOL^^F|194.275954^^^^|mg/dL|^|N||F|194.275954^^^^|0|20260827065122||Mindry^[CR]R|188|ALB^ALBUMIN ^^F|4.107213^^^^|g/dL|^|N||F|4.107213^^^^|0|20260827065130||Mindry^[CR]R|189|ALP^ALKALINE ^^F|79.096018^^^^|U/L|^|N||F|79.096018^^^^|0|20260827065611||Mindry^[CR]R|190|URIC^URIC ACID^^F|8.438261^^^^|mg/dL|^|N||F|8.438261^^^^|0|20260827065039||Mindry^[CR]R|191|TP^TP H^^F|7.516832^^^^|g/dL|^|N||F|7.516832^^^^|0|20260827065645||Mindry^[CR]R|192|GGT^GGT H^^F|15.322782^^^^|U/L|^|N||F|15.322782^^^^|0|20260827065637||Mindry^[CR]R|193|CAL^CA. SB^^F|9.981823^^^^|mg/dL|^|N||F|9.981823^^^^|0|20260827065213||Mindry^[CR]R|194|Iron^IRON^^F|-28.565527^^^^|g/dL|^|N||F|-28.565527^^^^|0|20260827065711||Mindry^[CR]R|195|UREA^UREA^^F|42.274300^^^^|mg/dL|^|N||F|42.274300^^^^|0|20260827065611||Mindry^[CR]L|87|N[CR][ETX]6A[CR][LF]
2026-08-27 06:57:11 - [EOT]
2026-08-27 06:59:19 - [ENQ]
2026-08-27 06:59:19 - [STX]1H|\^&|||Mindry^^|||||||PR|1394-97|20260827065919[CR]P|34||PATIENT111||ABC^^||19600315^66^Y|M||||||||||||||||||||||||||[CR]O|34|29^1^31|9573733|BID^Bilirubin Direct (DSA Method)^^\SGPT^Alanine Aminotransferase^^\SGOT^Aspartate Aminotransferase^^\TRIG^Triglycerides^^\CREAT^Creatinine (Sarcosine Oxidase Method)^^\BIT^T.BILL H^^\CHOL^T.CHOL^^\ALB^ALBUMIN ^^\ALP^ALKALINE ^^\URIC^URIC ACID^^\TP^TP H^^\GGT^GGT H^^\CAL^CA. SB^^\Iron^IRON^^\UREA^UREA^^|R|20260827050455|20260827063534|||||||20260827050455|serum||||||||||F|||||[CR]R|196|BID^Bilirubin Direct (DSA Method)^^F|0.327923^^^^|mg/dL|^|N||F|0.327923^^^^|0|20260827065728||Mindry^[CR]R|197|SGPT^Alanine Aminotransferase^^F|9.077389^^^^|U/L|^|N||F|9.077389^^^^|0|20260827065720||Mindry^[CR]R|198|SGOT^Aspartate Aminotransferase^^F|17.466918^^^^|U/L|^|N||F|17.466918^^^^|0|20260827065728||Mindry^[CR]R|199|TRIG^Triglycerides^^F|235.946478^^^^|mg/dL|^|N||F|235.946478^^^^|0|20260827065754||Mindry^[CR]R|200|CREAT^Creatinine (Sarcosine Oxidase Method)^^F|0.667748^^^^|mg/dL|^|N||F|0.667748^^^^|0|20260827065802||Mindry^[CR]R|201|BIT^T.BILL H^^F|1.644382^^^^|mg/dL|^|N||F|1.644382^^^^|0|20260827065811||Mindry^[CR]R|202|CHOL^T.CHOL^^F|217.474755^^^^|mg/dL|^|N||F|217.474755^^^^|0|20260827065330||Mindry^[CR]R|203|ALB^ALBUMIN ^^F|4.157081^^^^|g/dL|^|N||F|4.157081^^^^|0|20260827065338||Mindry^[CR]R|204|ALP^ALKALINE ^^F|120.678953^^^^|U/L|^|N||F|120.678953^^^^|0|20260827065819||Mindry^[CR]R|205|URIC^URIC ACID^^F|6.176205^^^^|mg/dL|^|N||F|6.176205^^^^|0|20260827065247||Mindry^[CR]R|206|TP^TP H^^F|6.770425^^^^|g/dL|^|N||F|6.770425^^^^|0|20260827065854||Mindry^[CR]R|207|GGT^GGT H^^F|13.586955^^^^|U/L|^|N||F|13.586955^^^^|0|20260827065845||Mindry^[CR]R|208|CAL^CA. SB^^F|10.791754^^^^|mg/dL|^|N||F|10.791754^^^^|0|20260827065421||Mindry^[CR]R|209|Iron^IRON^^F|-40.673708^^^^|g/dL|^|N||F|-40.673708^^^^|0|20260827065919||Mindry^[CR]R|210|UREA^UREA^^F|35.334347^^^^|mg/dL|^|N||F|35.334347^^^^|0|20260827065819||Mindry^[CR]L|88|N[CR][ETX]78[CR][LF]
2026-08-27 06:59:19 - [EOT]
2026-08-27 07:03:02 - [ENQ]
2026-08-27 07:03:02 - [STX]1H|\^&|||Mindry^^|||||||PR|1394-97|20260827070302[CR]P|35||PATIENT111||ABC^^||19600315^66^Y|M||||||||||||||||||||||||||[CR]O|35|30^1^33|9569955|BID^Bilirubin Direct (DSA Method)^^\SGPT^Alanine Aminotransferase^^\SGOT^Aspartate Aminotransferase^^\TRIG^Triglycerides^^\CREAT^Creatinine (Sarcosine Oxidase Method)^^\BIT^T.BILL H^^\CHOL^T.CHOL^^\ALB^ALBUMIN ^^\ALP^ALKALINE ^^\URIC^URIC ACID^^\TP^TP H^^\GGT^GGT H^^\CAL^CA. SB^^\Iron^IRON^^\UREA^UREA^^|R|20260827050525|20260827063534|||||||20260827050525|serum||||||||||F|||||[CR]R|211|BID^Bilirubin Direct (DSA Method)^^F|0.212090^^^^|mg/dL|^|N||F|0.212090^^^^|0|20260827065936||Mindry^[CR]R|212|SGPT^Alanine Aminotransferase^^F|92.885204^^^^|U/L|^|N||F|92.885204^^^^|0|20260827065928||Mindry^[CR]R|213|SGOT^Aspartate Aminotransferase^^F|56.745590^^^^|U/L|^|N||F|56.745590^^^^|0|20260827065936||Mindry^[CR]R|214|TRIG^Triglycerides^^F|255.431995^^^^|mg/dL|^|N||F|255.431995^^^^|0|20260827070002||Mindry^[CR]R|215|CREAT^Creatinine (Sarcosine Oxidase Method)^^F|0.736848^^^^|mg/dL|^|N||F|0.736848^^^^|0|20260827070011||Mindry^[CR]R|216|BIT^T.BILL H^^F|0.393618^^^^|mg/dL|^|N||F|0.393618^^^^|0|20260827070019||Mindry^[CR]R|217|CHOL^T.CHOL^^F|161.212943^^^^|mg/dL|^|N||F|161.212943^^^^|0|20260827065538||Mindry^[CR]R|218|ALB^ALBUMIN ^^F|4.450457^^^^|g/dL|^|N||F|4.450457^^^^|0|20260827065547||Mindry^[CR]R|219|ALP^ALKALINE ^^F|64.654506^^^^|U/L|^|N||F|64.654506^^^^|0|20260827070028||Mindry^[CR]R|220|URIC^URIC ACID^^F|7.876771^^^^|mg/dL|^|N||F|7.876771^^^^|0|20260827065456||Mindry^[CR]R|221|TP^TP H^^F|7.124809^^^^|g/dL|^|N||F|7.124809^^^^|0|20260827070102||Mindry^[CR]R|222|GGT^GGT H^^F|94.676582^^^^|U/L|^|N||F|94.676582^^^^|0|20260827070053||Mindry^[CR]R|223|CAL^CA. SB^^F|9.900224^^^^|mg/dL|^|N||F|9.900224^^^^|0|20260827065630||Mindry^[CR]R|224|Iron^IRON^^F|-70.927758^^^^|g/dL|^|N||F|-70.927758^^^^|0|20260827070302||Mindry^[CR]R|225|UREA^UREA^^F|43.431082^^^^|mg/dL|^|N||F|43.431082^^^^|0|20260827070202||Mindry^[CR]L|89|N[CR][ETX]6E[CR][LF]
2026-08-27 07:03:02 - [EOT]
2026-08-27 07:04:01 - [ENQ]
2026-08-27 07:04:01 - [STX]1H|\^&|||Mindry^^|||||||PR|1394-97|20260827070401[CR]P|36||||^^||^^|U||||||||||||||||||||||||||[CR]O|36|9010^1^3|8760622|AMY^a-Amylase^^|S|20260827065144|20260827065136|||||||20260827065136|serum||||||||||F|||||[CR]R|226|AMY^a-Amylase^^F|122.901623^^^^|U/L|^|N||F|122.901623^^^^|0|20260827070401||Mindry^[CR]L|90|N[CR][ETX]53[CR][LF]
2026-08-27 07:04:01 - [EOT]
2026-08-27 07:04:10 - [ENQ]
2026-08-27 07:04:10 - [STX]1H|\^&|||Mindry^^|||||||PR|1394-97|20260827070410[CR]P|37||||^^||^^|U||||||||||||||||||||||||||[CR]O|37|9003^1^72|9366465|BID^Bilirubin Direct (DSA Method)^^\SGPT^Alanine Aminotransferase^^\SGOT^Aspartate Aminotransferase^^\BIT^T.BILL H^^\ALB^ALBUMIN ^^\ALP^ALKALINE ^^\TP^TP H^^\GGT^GGT H^^|S|20260827003055|20260827002959|||||||20260827002959|serum||||||||||F|||||[CR]R|227|BID^Bilirubin Direct (DSA Method)^^F|0.185494^^^^|mg/dL|^|N||F|0.185494^^^^|0|20260827070319||Mindry^[CR]R|228|SGPT^Alanine Aminotransferase^^F|17.811237^^^^|U/L|^|N||F|17.811237^^^^|0|20260827070310||Mindry^[CR]R|229|SGOT^Aspartate Aminotransferase^^F|27.274144^^^^|U/L|^|N||F|27.274144^^^^|0|20260827070319||Mindry^[CR]R|230|BIT^T.BILL H^^F|0.478105^^^^|mg/dL|^|N||F|0.478105^^^^|0|20260827070344||Mindry^[CR]R|231|ALB^ALBUMIN ^^F|4.129630^^^^|g/dL|^|N||F|4.129630^^^^|0|20260827065904||Mindry^[CR]R|232|ALP^ALKALINE ^^F|80.760123^^^^|U/L|^|N||F|80.760123^^^^|0|20260827070344||Mindry^[CR]R|233|TP^TP H^^F|7.164151^^^^|g/dL|^|N||F|7.164151^^^^|0|20260827070410||Mindry^[CR]R|234|GGT^GGT H^^F|17.792455^^^^|U/L|^|N||F|17.792455^^^^|0|20260827070401||Mindry^[CR]L|91|N[CR][ETX]16[CR][LF]
2026-08-27 07:04:10 - [EOT]
2026-08-27 07:04:19 - [ENQ]
2026-08-27 07:04:19 - [STX]1H|\^&|||Mindry^^|||||||RQ|1394-97|20260827070419[CR]Q|55|^8689464||||||||||O[CR]L|92|N[CR][ETX]91[CR][LF]
2026-08-27 07:04:19 - [EOT]
2026-08-27 07:04:19 - [ACK]
2026-08-27 07:04:19 - --Send Message To Machine --[ENQ]
2026-08-27 07:04:19 - --Send Message To Machine --[STX]1H|\^&||| Product Model^01.03.07.03^123456|||||||SA|1394-97|20260827070419[CR]P|1||PATIENT111||ABC^XYZ^j||19600315|M|||A|||icteru||||||01|||||A1|002|||||||[CR]O|1|1^1^1|8689464|HDL^^2^1\LDL^^2^1\CHOL^^2^1\TC^^2^1\TG^^2^1\TRIG^^2^1|R|20260827070419|20260827070419||||||||serum|||1|||||||Q|||||[CR]L|1|N[CR][ETX]30[CR][LF]
2026-08-27 07:04:19 - --Send Message To Machine --[EOT]
2026-08-27 07:04:19 - [ACK]
2026-08-27 07:04:19 - [ENQ]
2026-08-27 07:04:19 - [STX]1H|\^&|||Mindry^^|||||||RQ|1394-97|20260827070419[CR]Q|56|^8306042||||||||||O[CR]L|93|N[CR][ETX]7D[CR][LF]
2026-08-27 07:04:19 - [EOT]
2026-08-27 07:04:19 - [ACK]
2026-08-27 07:04:19 - --Send Message To Machine --[ENQ]
2026-08-27 07:04:19 - --Send Message To Machine --[STX]1H|\^&||| Product Model^01.03.07.03^123456|||||||SA|1394-97|20260827070419[CR]P|1||PATIENT111||ABC^XYZ^j||19600315|M|||A|||icteru||||||01|||||A1|002|||||||[CR]O|1|1^1^1|8306042|HDL^^2^1\LDL^^2^1\CHOL^^2^1\TC^^2^1\CREAT^^2^1\GGT^^2^1\Iron^^2^1\TIBC^^2^1\ALB^^2^1\TP^^2^1\TG^^2^1\TRIG^^2^1\UREA^^2^1\URIC^^2^1\UIBC^^2^1\ALP^^2^1\SGPT^^2^1\SGOT^^2^1\BID^^2^1\BIT^^2^1\CAL^^2^1|R|20260827070419|20260827070419||||||||serum|||1|||||||Q|||||[CR]L|1|N[CR][ETX]A8[CR][LF]
2026-08-27 07:04:20 - --Send Message To Machine --[EOT]
2026-08-27 07:04:20 - [ACK]
2026-08-27 07:04:20 - [ENQ]
2026-08-27 07:04:20 - [STX]1H|\^&|||Mindry^^|||||||RQ|1394-97|20260827070420[CR]Q|57|^8308504||||||||||O[CR]L|94|N[CR][ETX]7C[CR][LF]
2026-08-27 07:04:20 - [EOT]
2026-08-27 07:04:20 - --Send Message To Machine --[ENQ]
2026-08-27 07:04:20 - [ACK]
2026-08-27 07:04:20 - --Send Message To Machine --[STX]1H|\^&||| Product Model^01.03.07.03^123456|||||||SA|1394-97|20260827070420[CR]P|1||PATIENT111||ABC^XYZ^j||19600315|M|||A|||icteru||||||01|||||A1|002|||||||[CR]O|1|1^1^1|8308504|GLU^^2^1|R|20260827070420|20260827070420||||||||serum|||1|||||||Q|||||[CR]L|1|N[CR][ETX]70[CR][LF]
2026-08-27 07:04:20 - --Send Message To Machine --[EOT]
2026-08-27 07:04:20 - [ACK]
2026-08-27 07:04:20 - [ENQ]
2026-08-27 07:04:20 - [STX]1H|\^&|||Mindry^^|||||||RQ|1394-97|20260827070420[CR]Q|58|^8469316||||||||||O[CR]L|95|N[CR][ETX]87[CR][LF]
2026-08-27 07:04:20 - [EOT]
2026-08-27 07:04:20 - [ACK]
2026-08-27 07:04:20 - --Send Message To Machine --[ENQ]
2026-08-27 07:04:20 - --Send Message To Machine --[STX]1H|\^&||| Product Model^01.03.07.03^123456|||||||SA|1394-97|20260827070420[CR]P|1||PATIENT111||ABC^XYZ^j||19600315|M|||A|||icteru||||||01|||||A1|002|||||||[CR]O|1|1^1^1|8469316|HDL^^2^1\LDL^^2^1\CHOL^^2^1\TC^^2^1\CREAT^^2^1\GGT^^2^1\Iron^^2^1\TIBC^^2^1\ALB^^2^1\TP^^2^1\TG^^2^1\TRIG^^2^1\UREA^^2^1\URIC^^2^1\UIBC^^2^1\ALP^^2^1\SGPT^^2^1\SGOT^^2^1\BID^^2^1\BIT^^2^1\CAL^^2^1|R|20260827070420|20260827070420||||||||serum|||1|||||||Q|||||[CR]L|1|N[CR][ETX]9E[CR][LF]
2026-08-27 07:04:20 - --Send Message To Machine --[EOT]
2026-08-27 07:04:20 - [ACK]
2026-08-27 07:04:20 - [ENQ]
2026-08-27 07:04:20 - [STX]1H|\^&|||Mindry^^|||||||RQ|1394-97|20260827070420[CR]Q|59|^9165190||||||||||O[CR]L|96|N[CR][ETX]83[CR][LF]
2026-08-27 07:04:20 - [EOT]
2026-08-27 07:04:20 - [ACK]
2026-08-27 07:04:20 - --Send Message To Machine --[ENQ]
2026-08-27 07:04:20 - --Send Message To Machine --[STX]1H|\^&||| Product Model^01.03.07.03^123456|||||||SA|1394-97|20260827070420[CR]P|1||PATIENT111||ABC^XYZ^j||19600315|M|||A|||icteru||||||01|||||A1|002|||||||[CR]O|1|1^1^1|9165190|HDL^^2^1\LDL^^2^1\CHOL^^2^1\TC^^2^1\CREAT^^2^1\GGT^^2^1\Iron^^2^1\TIBC^^2^1\ALB^^2^1\TP^^2^1\TG^^2^1\TRIG^^2^1\UREA^^2^1\URIC^^2^1\UIBC^^2^1\ALP^^2^1\SGPT^^2^1\SGOT^^2^1\BID^^2^1\BIT^^2^1\CAL^^2^1|R|20260827070420|20260827070420||||||||serum|||1|||||||Q|||||[CR]L|1|N[CR][ETX]98[CR][LF]
2026-08-27 07:04:20 - --Send Message To Machine --[EOT]
2026-08-27 07:04:20 - [ACK]
2026-08-27 07:04:21 - [ENQ]
2026-08-27 07:04:21 - [STX]1H|\^&|||Mindry^^|||||||RQ|1394-97|20260827070421[CR]Q|60|^8307055||||||||||O[CR]L|97|N[CR][ETX]7A[CR][LF]
2026-08-27 07:04:21 - [EOT]
2026-08-27 07:04:21 - [ACK]
2026-08-27 07:04:21 - --Send Message To Machine --[ENQ]
2026-08-27 07:04:21 - --Send Message To Machine --[STX]1H|\^&||| Product Model^01.03.07.03^123456|||||||SA|1394-97|20260827070421[CR]P|1||PATIENT111||ABC^XYZ^j||19600315|M|||A|||icteru||||||01|||||A1|002|||||||[CR]O|1|1^1^1|8307055|GLU^^2^1|R|20260827070421|20260827070421||||||||serum|||1|||||||Q|||||[CR]L|1|N[CR][ETX]73[CR][LF]
2026-08-27 07:04:21 - --Send Message To Machine --[EOT]
2026-08-27 07:04:21 - [ACK]
2026-08-27 07:04:21 - [ENQ]
2026-08-27 07:04:21 - [STX]1H|\^&|||Mindry^^|||||||RQ|1394-97|20260827070421[CR]Q|61|^9165184||||||||||O[CR]L|98|N[CR][ETX]82[CR][LF]
2026-08-27 07:04:21 - [EOT]
2026-08-27 07:04:21 - --Send Message To Machine --[ENQ]
2026-08-27 07:04:21 - [ACK]
2026-08-27 07:04:21 - --Send Message To Machine --[STX]1H|\^&||| Product Model^01.03.07.03^123456|||||||SA|1394-97|20260827070421[CR]P|1||PATIENT111||ABC^XYZ^j||19600315|M|||A|||icteru||||||01|||||A1|002|||||||[CR]O|1|1^1^1|9165184|HDL^^2^1\LDL^^2^1\CHOL^^2^1\TC^^2^1\CREAT^^2^1\GGT^^2^1\Iron^^2^1\TIBC^^2^1\ALB^^2^1\TP^^2^1\TG^^2^1\TRIG^^2^1\UREA^^2^1\URIC^^2^1\UIBC^^2^1\ALP^^2^1\SGPT^^2^1\SGOT^^2^1\BID^^2^1\BIT^^2^1\CAL^^2^1|R|20260827070421|20260827070421||||||||serum|||1|||||||Q|||||[CR]L|1|N[CR][ETX]9E[CR][LF]
2026-08-27 07:04:21 - --Send Message To Machine --[EOT]
2026-08-27 07:04:21 - [ACK]
2026-08-27 07:04:21 - [ENQ]
2026-08-27 07:04:21 - [STX]1H|\^&|||Mindry^^|||||||RQ|1394-97|20260827070421[CR]Q|62|^8760631||||||||||O[CR]L|99|N[CR][ETX]81[CR][LF]
2026-08-27 07:04:21 - [EOT]
2026-08-27 07:04:21 - --Send Message To Machine --[ENQ]
2026-08-27 07:04:21 - [ACK]
2026-08-27 07:04:21 - --Send Message To Machine --[STX]1H|\^&||| Product Model^01.03.07.03^123456|||||||SA|1394-97|20260827070421[CR]P|1||PATIENT111||ABC^XYZ^j||19600315|M|||A|||icteru||||||01|||||A1|002|||||||[CR]O|1|1^1^1|8760631|HDL^^2^1\LDL^^2^1\CHOL^^2^1\TC^^2^1\CREAT^^2^1\GGT^^2^1\Iron^^2^1\TIBC^^2^1\ALB^^2^1\TP^^2^1\TG^^2^1\TRIG^^2^1\UREA^^2^1\URIC^^2^1\UIBC^^2^1\ALP^^2^1\SGPT^^2^1\SGOT^^2^1\BID^^2^1\BIT^^2^1\CAL^^2^1|R|20260827070421|20260827070421||||||||serum|||1|||||||Q|||||[CR]L|1|N[CR][ETX]9B[CR][LF]
2026-08-27 07:04:21 - --Send Message To Machine --[EOT]
2026-08-27 07:04:21 - [ACK]
2026-08-27 07:04:22 - [ENQ]
2026-08-27 07:04:22 - [STX]1H|\^&|||Mindry^^|||||||RQ|1394-97|20260827070422[CR]Q|63|^8308501||||||||||O[CR]L|100|N[CR][ETX]9C[CR][LF]
2026-08-27 07:04:22 - [EOT]
2026-08-27 07:04:22 - [ACK]
2026-08-27 07:04:22 - --Send Message To Machine --[ENQ]
2026-08-27 07:04:22 - --Send Message To Machine --[STX]1H|\^&||| Product Model^01.03.07.03^123456|||||||SA|1394-97|20260827070422[CR]P|1||PATIENT111||ABC^XYZ^j||19600315|M|||A|||icteru||||||01|||||A1|002|||||||[CR]O|1|1^1^1|8308501|GLU^^2^1|R|20260827070422|20260827070422||||||||serum|||1|||||||Q|||||[CR]L|1|N[CR][ETX]73[CR][LF]
2026-08-27 07:04:22 - --Send Message To Machine --[EOT]
2026-08-27 07:04:22 - [ACK]
2026-08-27 07:04:22 - [ENQ]
2026-08-27 07:04:22 - [STX]1H|\^&|||Mindry^^|||||||RQ|1394-97|20260827070422[CR]Q|64|^9165186||||||||||O[CR]L|101|N[CR][ETX]A9[CR][LF]
2026-08-27 07:04:22 - [EOT]
2026-08-27 07:04:22 - --Send Message To Machine --[ENQ]
2026-08-27 07:04:22 - [ACK]
2026-08-27 07:04:22 - --Send Message To Machine --[STX]1H|\^&||| Product Model^01.03.07.03^123456|||||||SA|1394-97|20260827070422[CR]P|1||PATIENT111||ABC^XYZ^j||19600315|M|||A|||icteru||||||01|||||A1|002|||||||[CR]O|1|1^1^1|9165186|GLU^^2^1|R|20260827070422|20260827070422||||||||serum|||1|||||||Q|||||[CR]L|1|N[CR][ETX]7E[CR][LF]
2026-08-27 07:04:22 - --Send Message To Machine --[EOT]
2026-08-27 07:04:22 - [ACK]
2026-08-27 07:04:22 - [ENQ]
2026-08-27 07:04:22 - [STX]1H|\^&|||Mindry^^|||||||RQ|1394-97|20260827070422[CR]Q|65|^8308498||||||||||O[CR]L|102|N[CR][ETX]AF[CR][LF]
2026-08-27 07:04:22 - [EOT]
2026-08-27 07:04:22 - [ACK]
2026-08-27 07:04:22 - --Send Message To Machine --[ENQ]
2026-08-27 07:04:22 - --Send Message To Machine --[STX]1H|\^&||| Product Model^01.03.07.03^123456|||||||SA|1394-97|20260827070422[CR]P|1||PATIENT111||ABC^XYZ^j||19600315|M|||A|||icteru||||||01|||||A1|002|||||||[CR]O|1|1^1^1|8308498|HDL^^2^1\LDL^^2^1\CHOL^^2^1\TC^^2^1\TG^^2^1\TRIG^^2^1|R|20260827070422|20260827070422||||||||serum|||1|||||||Q|||||[CR]L|1|N[CR][ETX]19[CR][LF]
2026-08-27 07:04:22 - --Send Message To Machine --[EOT]
2026-08-27 07:04:22 - [ACK]
2026-08-27 07:04:22 - [ENQ]
2026-08-27 07:04:22 - [STX]1H|\^&|||Mindry^^|||||||RQ|1394-97|20260827070422[CR]Q|66|^8308496||||||||||O[CR]L|103|N[CR][ETX]AF[CR][LF]
2026-08-27 07:04:22 - [EOT]
2026-08-27 07:04:22 - [ACK]
2026-08-27 07:04:22 - --Send Message To Machine --[ENQ]
2026-08-27 07:04:22 - --Send Message To Machine --[STX]1H|\^&||| Product Model^01.03.07.03^123456|||||||SA|1394-97|20260827070422[CR]P|1||PATIENT111||ABC^XYZ^j||19600315|M|||A|||icteru||||||01|||||A1|002|||||||[CR]O|1|1^1^1|8308496|HDL^^2^1\LDL^^2^1\CHOL^^2^1\TC^^2^1\CREAT^^2^1\TG^^2^1\TRIG^^2^1\UREA^^2^1\URIC^^2^1\CAL^^2^1|R|20260827070422|20260827070422||||||||serum|||1|||||||Q|||||[CR]L|1|N[CR][ETX]1A[CR][LF]
2026-08-27 07:04:22 - --Send Message To Machine --[EOT]
2026-08-27 07:04:22 - [ACK]
2026-08-27 07:04:23 - [ENQ]
2026-08-27 07:04:23 - [STX]1H|\^&|||Mindry^^|||||||RQ|1394-97|20260827070423[CR]Q|67|^8760623||||||||||O[CR]L|104|N[CR][ETX]AC[CR][LF]
2026-08-27 07:04:23 - [EOT]
2026-08-27 07:04:23 - [ACK]
2026-08-27 07:04:23 - --Send Message To Machine --[ENQ]
2026-08-27 07:04:23 - --Send Message To Machine --[STX]1H|\^&||| Product Model^01.03.07.03^123456|||||||SA|1394-97|20260827070423[CR]P|1||PATIENT111||ABC^XYZ^j||19600315|M|||A|||icteru||||||01|||||A1|002|||||||[CR]O|1|1^1^1|8760623|CREAT^^2^1\GGT^^2^1\ALB^^2^1\TP^^2^1\UREA^^2^1\URIC^^2^1\ALP^^2^1\SGPT^^2^1\SGOT^^2^1\BID^^2^1\BIT^^2^1\CAL^^2^1|R|20260827070423|20260827070423||||||||serum|||1|||||||Q|||||[CR]L|1|N[CR][ETX]E2[CR][LF]
2026-08-27 07:04:23 - --Send Message To Machine --[EOT]
2026-08-27 07:04:23 - [ACK]
2026-08-27 07:04:23 - [ENQ]
2026-08-27 07:04:23 - [STX]1H|\^&|||Mindry^^|||||||RQ|1394-97|20260827070423[CR]Q|68|^8469311||||||||||O[CR]L|105|N[CR][ETX]AE[CR][LF]
2026-08-27 07:04:23 - [EOT]
2026-08-27 07:04:23 - [ACK]
2026-08-27 07:04:23 - --Send Message To Machine --[ENQ]
2026-08-27 07:04:23 - --Send Message To Machine --[STX]1H|\^&||| Product Model^01.03.07.03^123456|||||||SA|1394-97|20260827070423[CR]P|1||PATIENT111||ABC^XYZ^j||19600315|M|||A|||icteru||||||01|||||A1|002|||||||[CR]O|1|1^1^1|8469311|GGT^^2^1\ALB^^2^1\TP^^2^1\ALP^^2^1\SGPT^^2^1\SGOT^^2^1\BID^^2^1\BIT^^2^1|R|20260827070423|20260827070423||||||||serum|||1|||||||Q|||||[CR]L|1|N[CR][ETX]DF[CR][LF]
2026-08-27 07:04:23 - --Send Message To Machine --[EOT]
2026-08-27 07:04:23 - [ACK]
2026-08-27 07:04:23 - [ENQ]
2026-08-27 07:04:23 - [STX]1H|\^&|||Mindry^^|||||||RQ|1394-97|20260827070423[CR]Q|69|^9165189||||||||||O[CR]L|106|N[CR][ETX]B7[CR][LF]
2026-08-27 07:04:23 - [EOT]
2026-08-27 07:04:23 - [ACK]
2026-08-27 07:04:23 - --Send Message To Machine --[ENQ]
2026-08-27 07:04:23 - --Send Message To Machine --[STX]1H|\^&||| Product Model^01.03.07.03^123456|||||||SA|1394-97|20260827070423[CR]P|1||PATIENT111||ABC^XYZ^j||19600315|M|||A|||icteru||||||01|||||A1|002|||||||[CR]O|1|1^1^1|9165189|GLU^^2^1|R|20260827070423|20260827070423||||||||serum|||1|||||||Q|||||[CR]L|1|N[CR][ETX]84[CR][LF]
2026-08-27 07:04:23 - --Send Message To Machine --[EOT]
2026-08-27 07:04:23 - [ACK]
2026-08-27 07:04:23 - [ENQ]
2026-08-27 07:04:23 - [STX]1H|\^&|||Mindry^^|||||||RQ|1394-97|20260827070423[CR]Q|70|^8760629||||||||||O[CR]L|107|N[CR][ETX]AF[CR][LF]
2026-08-27 07:04:23 - [EOT]
2026-08-27 07:04:23 - [ACK]
2026-08-27 07:04:23 - --Send Message To Machine --[ENQ]
2026-08-27 07:04:23 - --Send Message To Machine --[STX]1H|\^&||| Product Model^01.03.07.03^123456|||||||SA|1394-97|20260827070423[CR]P|1||PATIENT111||ABC^XYZ^j||19600315|M|||A|||icteru||||||01|||||A1|002|||||||[CR]O|1|1^1^1|8760629|CRP^^2^1|R|20260827070423|20260827070423||||||||serum|||1|||||||Q|||||[CR]L|1|N[CR][ETX]80[CR][LF]
2026-08-27 07:04:23 - --Send Message To Machine --[EOT]
2026-08-27 07:04:23 - [ACK]
2026-08-27 07:04:23 - [ENQ]
2026-08-27 07:04:24 - [STX]1H|\^&|||Mindry^^|||||||RQ|1394-97|20260827070423[CR]Q|71|^9162886||||||||||O[CR]L|108|N[CR][ETX]B3[CR][LF]
2026-08-27 07:04:24 - [EOT]
2026-08-27 07:04:24 - [ACK]
2026-08-27 07:04:24 - --Send Message To Machine --[ENQ]
2026-08-27 07:04:24 - --Send Message To Machine --[STX]1H|\^&||| Product Model^01.03.07.03^123456|||||||SA|1394-97|20260827070424[CR]P|1||PATIENT111||ABC^XYZ^j||19600315|M|||A|||icteru||||||01|||||A1|002|||||||[CR]O|1|1^1^1|9162886|CREAT^^2^1\UREA^^2^1\URIC^^2^1\CAL^^2^1|R|20260827070424|20260827070424||||||||serum|||1|||||||Q|||||[CR]L|1|N[CR][ETX]CA[CR][LF]
2026-08-27 07:04:24 - --Send Message To Machine --[EOT]
2026-08-27 07:04:24 - [ACK]
2026-08-27 07:04:24 - [ENQ]
2026-08-27 07:04:24 - [STX]1H|\^&|||Mindry^^|||||||RQ|1394-97|20260827070424[CR]Q|72|^9162883||||||||||O[CR]L|109|N[CR][ETX]B3[CR][LF]
2026-08-27 07:04:24 - [EOT]
2026-08-27 07:04:24 - [ACK]
2026-08-27 07:04:24 - --Send Message To Machine --[ENQ]
2026-08-27 07:04:24 - --Send Message To Machine --[STX]1H|\^&||| Product Model^01.03.07.03^123456|||||||SA|1394-97|20260827070424[CR]P|1||PATIENT111||ABC^XYZ^j||19600315|M|||A|||icteru||||||01|||||A1|002|||||||[CR]O|1|1^1^1|9162883|HDL^^2^1\LDL^^2^1\CHOL^^2^1\TC^^2^1\GGT^^2^1\ALB^^2^1\TP^^2^1\TG^^2^1\TRIG^^2^1\ALP^^2^1\SGPT^^2^1\SGOT^^2^1\BID^^2^1\BIT^^2^1|R|20260827070424|20260827070424||||||||serum|||1|||||||Q|||||[CR]L|1|N[CR][ETX]3F[CR][LF]
2026-08-27 07:04:24 - --Send Message To Machine --[EOT]
2026-08-27 07:04:24 - [ACK]
2026-08-27 07:04:24 - [ENQ]
2026-08-27 07:04:24 - [STX]1H|\^&|||Mindry^^|||||||RQ|1394-97|20260827070424[CR]Q|73|^8307054||||||||||O[CR]L|110|N[CR][ETX]A2[CR][LF]
2026-08-27 07:04:24 - [EOT]
2026-08-27 07:04:24 - [ACK]
2026-08-27 07:04:24 - --Send Message To Machine --[ENQ]
2026-08-27 07:04:24 - --Send Message To Machine --[STX]1H|\^&||| Product Model^01.03.07.03^123456|||||||SA|1394-97|20260827070424[CR]P|1||PATIENT111||ABC^XYZ^j||19600315|M|||A|||icteru||||||01|||||A1|002|||||||[CR]O|1|1^1^1|8307054|HDL^^2^1\LDL^^2^1\CHOL^^2^1\TC^^2^1\CREAT^^2^1\GGT^^2^1\Iron^^2^1\TIBC^^2^1\PHOS^^2^1\ALB^^2^1\TP^^2^1\TG^^2^1\TRIG^^2^1\UREA^^2^1\URIC^^2^1\UIBC^^2^1\ALP^^2^1\SGPT^^2^1\SGOT^^2^1\BID^^2^1\BIT^^2^1\CAL^^2^1|R|20260827070424|20260827070424||||||||serum|||1|||||||Q|||||[CR]L|1|N[CR][ETX]B3[CR][LF]
2026-08-27 07:04:24 - --Send Message To Machine --[EOT]
2026-08-27 07:04:24 - [ACK]
2026-08-27 07:04:24 - [ENQ]
2026-08-27 07:04:24 - [STX]1H|\^&|||Mindry^^|||||||RQ|1394-97|20260827070424[CR]Q|74|^8306203||||||||||O[CR]L|111|N[CR][ETX]9F[CR][LF]
2026-08-27 07:04:24 - [EOT]
2026-08-27 07:04:24 - [ACK]
2026-08-27 07:04:24 - --Send Message To Machine --[ENQ]
2026-08-27 07:04:24 - --Send Message To Machine --[STX]1H|\^&||| Product Model^01.03.07.03^123456|||||||SA|1394-97|20260827070424[CR]P|1||PATIENT111||ABC^XYZ^j||19600315|M|||A|||icteru||||||01|||||A1|002|||||||[CR]O|1|1^1^1|8306203|HDL^^2^1\LDL^^2^1\CHOL^^2^1\TC^^2^1\CREAT^^2^1\GGT^^2^1\Iron^^2^1\TIBC^^2^1\ALB^^2^1\TP^^2^1\TG^^2^1\TRIG^^2^1\UREA^^2^1\URIC^^2^1\UIBC^^2^1\ALP^^2^1\SGPT^^2^1\SGOT^^2^1\BID^^2^1\BIT^^2^1\CAL^^2^1|R|20260827070424|20260827070424||||||||serum|||1|||||||Q|||||[CR]L|1|N[CR][ETX]9B[CR][LF]
2026-08-27 07:04:24 - --Send Message To Machine --[EOT]
2026-08-27 07:04:24 - [ACK]
2026-08-27 07:04:25 - [ENQ]
2026-08-27 07:04:25 - [STX]1H|\^&|||Mindry^^|||||||RQ|1394-97|20260827070425[CR]Q|75|^8760620||||||||||O[CR]L|112|N[CR][ETX]A9[CR][LF]
2026-08-27 07:04:25 - [EOT]
2026-08-27 07:04:25 - [ACK]
2026-08-27 07:04:25 - --Send Message To Machine --[ENQ]
2026-08-27 07:04:25 - --Send Message To Machine --[STX]1H|\^&||| Product Model^01.03.07.03^123456|||||||SA|1394-97|20260827070425[CR]P|1||PATIENT111||ABC^XYZ^j||19600315|M|||A|||icteru||||||01|||||A1|002|||||||[CR]O|1|1^1^1|8760620|HDL^^2^1\LDL^^2^1\CHOL^^2^1\TC^^2^1\CREAT^^2^1\GGT^^2^1\Iron^^2^1\TIBC^^2^1\PHOS^^2^1\ALB^^2^1\TP^^2^1\TG^^2^1\TRIG^^2^1\UREA^^2^1\URIC^^2^1\UIBC^^2^1\ALP^^2^1\SGPT^^2^1\SGOT^^2^1\BID^^2^1\BIT^^2^1\CAL^^2^1|R|20260827070425|20260827070425||||||||serum|||1|||||||Q|||||[CR]L|1|N[CR][ETX]B8[CR][LF]
2026-08-27 07:04:25 - --Send Message To Machine --[EOT]
2026-08-27 07:04:25 - [ACK]
2026-08-27 07:04:25 - [ENQ]
2026-08-27 07:04:25 - [STX]1H|\^&|||Mindry^^|||||||RQ|1394-97|20260827070425[CR]Q|76|^8760613||||||||||O[CR]L|113|N[CR][ETX]AD[CR][LF]
2026-08-27 07:04:25 - [EOT]
2026-08-27 07:04:25 - [ACK]
2026-08-27 07:04:25 - --Send Message To Machine --[ENQ]
2026-08-27 07:04:25 - --Send Message To Machine --[STX]1H|\^&||| Product Model^01.03.07.03^123456|||||||SA|1394-97|20260827070425[CR]P|1||PATIENT111||ABC^XYZ^j||19600315|M|||A|||icteru||||||01|||||A1|002|||||||[CR]O|1|1^1^1|8760613|HDL^^2^1\LDL^^2^1\CHOL^^2^1\TC^^2^1\CRP^^2^1\CREAT^^2^1\GGT^^2^1\Iron^^2^1\TIBC^^2^1\ALB^^2^1\TP^^2^1\TG^^2^1\TRIG^^2^1\UREA^^2^1\URIC^^2^1\RFII^^2^1\UIBC^^2^1\ALP^^2^1\SGPT^^2^1\SGOT^^2^1\BID^^2^1\BIT^^2^1\CAL^^2^1|R|20260827070425|20260827070425||||||||serum|||1|||||||Q|||||[CR]L|1|N[CR][ETX]68[CR][LF]
2026-08-27 07:04:25 - --Send Message To Machine --[EOT]
2026-08-27 07:04:25 - [ACK]
2026-08-27 07:04:25 - [ENQ]
2026-08-27 07:04:25 - [STX]1H|\^&|||Mindry^^|||||||RQ|1394-97|20260827070425[CR]Q|77|^9165206||||||||||O[CR]L|114|N[CR][ETX]AD[CR][LF]
2026-08-27 07:04:25 - [EOT]
2026-08-27 07:04:25 - [ACK]
2026-08-27 07:04:25 - --Send Message To Machine --[ENQ]
2026-08-27 07:04:25 - --Send Message To Machine --[STX]1H|\^&||| Product Model^01.03.07.03^123456|||||||SA|1394-97|20260827070425[CR]P|1||PATIENT111||ABC^XYZ^j||19600315|M|||A|||icteru||||||01|||||A1|002|||||||[CR]O|1|1^1^1|9165206|CREAT^^2^1\GGT^^2^1\ALB^^2^1\TP^^2^1\UREA^^2^1\URIC^^2^1\ALP^^2^1\SGPT^^2^1\SGOT^^2^1\BID^^2^1\BIT^^2^1\CAL^^2^1|R|20260827070425|20260827070425||||||||serum|||1|||||||Q|||||[CR]L|1|N[CR][ETX]E5[CR][LF]
2026-08-27 07:04:25 - --Send Message To Machine --[EOT]
2026-08-27 07:04:25 - [ACK]
2026-08-27 07:04:26 - [ENQ]
2026-08-27 07:04:26 - [STX]1H|\^&|||Mindry^^|||||||RQ|1394-97|20260827070425[CR]Q|78|^8469312||||||||||O[CR]L|115|N[CR][ETX]B3[CR][LF]
2026-08-27 07:04:26 - [EOT]
2026-08-27 07:04:26 - [ACK]
2026-08-27 07:04:26 - --Send Message To Machine --[ENQ]
2026-08-27 07:04:26 - --Send Message To Machine --[STX]1H|\^&||| Product Model^01.03.07.03^123456|||||||SA|1394-97|20260827070426[CR]P|1||PATIENT111||ABC^XYZ^j||19600315|M|||A|||icteru||||||01|||||A1|002|||||||[CR]O|1|1^1^1|8469312|GLU^^2^1|R|20260827070426|20260827070426||||||||serum|||1|||||||Q|||||[CR]L|1|N[CR][ETX]87[CR][LF]
2026-08-27 07:04:26 - --Send Message To Machine --[EOT]
2026-08-27 07:04:26 - [ACK]
2026-08-27 07:04:26 - [ENQ]
2026-08-27 07:04:26 - [STX]1H|\^&|||Mindry^^|||||||RQ|1394-97|20260827070426[CR]Q|79|^7568284||||||||||O[CR]L|116|N[CR][ETX]BD[CR][LF]
2026-08-27 07:04:26 - [EOT]
2026-08-27 07:04:26 - [ACK]
2026-08-27 07:04:26 - --Send Message To Machine --[ENQ]
2026-08-27 07:04:26 - --Send Message To Machine --[STX]1H|\^&||| Product Model^01.03.07.03^123456|||||||SA|1394-97|20260827070426[CR]P|1||PATIENT111||ABC^XYZ^j||19600315|M|||A|||icteru||||||01|||||A1|002|||||||[CR]O|1|1^1^1|7568284|GLU^^2^1|R|20260827070426|20260827070426||||||||serum|||1|||||||Q|||||[CR]L|1|N[CR][ETX]8E[CR][LF]
2026-08-27 07:04:26 - --Send Message To Machine --[EOT]
2026-08-27 07:04:26 - [ACK]
2026-08-27 07:04:26 - [ENQ]
2026-08-27 07:04:26 - [STX]1H|\^&|||Mindry^^|||||||RQ|1394-97|20260827070426[CR]Q|80|^8469314||||||||||O[CR]L|117|N[CR][ETX]B1[CR][LF]
2026-08-27 07:04:26 - [EOT]
2026-08-27 07:04:26 - [ACK]
2026-08-27 07:04:26 - --Send Message To Machine --[ENQ]
2026-08-27 07:04:26 - --Send Message To Machine --[STX]1H|\^&||| Product Model^01.03.07.03^123456|||||||SA|1394-97|20260827070426[CR]P|1||PATIENT111||ABC^XYZ^j||19600315|M|||A|||icteru||||||01|||||A1|002|||||||[CR]O|1|1^1^1|8469314|HDL^^2^1\LDL^^2^1\CHOL^^2^1\TC^^2^1\CREAT^^2^1\GGT^^2^1\Iron^^2^1\TIBC^^2^1\PHOS^^2^1\ALB^^2^1\TP^^2^1\TG^^2^1\TRIG^^2^1\UREA^^2^1\URIC^^2^1\UIBC^^2^1\ALP^^2^1\SGPT^^2^1\SGOT^^2^1\BID^^2^1\BIT^^2^1\CAL^^2^1|R|20260827070426|20260827070426||||||||serum|||1|||||||Q|||||[CR]L|1|N[CR][ETX]C1[CR][LF]
2026-08-27 07:04:26 - --Send Message To Machine --[EOT]
2026-08-27 07:04:26 - [ACK]
2026-08-27 07:04:26 - [ENQ]
2026-08-27 07:04:26 - [STX]1H|\^&|||Mindry^^|||||||RQ|1394-97|20260827070426[CR]Q|81|^9162887||||||||||O[CR]L|118|N[CR][ETX]B9[CR][LF]
2026-08-27 07:04:26 - [EOT]
2026-08-27 07:04:26 - [ACK]
2026-08-27 07:04:26 - --Send Message To Machine --[ENQ]
2026-08-27 07:04:26 - --Send Message To Machine --[STX]1H|\^&||| Product Model^01.03.07.03^123456|||||||SA|1394-97|20260827070426[CR]P|1||PATIENT111||ABC^XYZ^j||19600315|M|||A|||icteru||||||01|||||A1|002|||||||[CR]O|1|1^1^1|9162887|GGT^^2^1\ALB^^2^1\TP^^2^1\ALP^^2^1\SGPT^^2^1\SGOT^^2^1\BID^^2^1\BIT^^2^1|R|20260827070426|20260827070426||||||||serum|||1|||||||Q|||||[CR]L|1|N[CR][ETX]F1[CR][LF]
2026-08-27 07:04:26 - --Send Message To Machine --[EOT]
2026-08-27 07:04:26 - [ACK]
2026-08-27 07:04:27 - [ENQ]
2026-08-27 07:04:27 - [STX]1H|\^&|||Mindry^^|||||||RQ|1394-97|20260827070427[CR]Q|82|^9165204||||||||||O[CR]L|119|N[CR][ETX]AE[CR][LF]
2026-08-27 07:04:27 - [EOT]
2026-08-27 07:04:27 - --Send Message To Machine --[ENQ]
2026-08-27 07:04:27 - [ACK]
2026-08-27 07:04:27 - --Send Message To Machine --[STX]1H|\^&||| Product Model^01.03.07.03^123456|||||||SA|1394-97|20260827070427[CR]P|1||PATIENT111||ABC^XYZ^j||19600315|M|||A|||icteru||||||01|||||A1|002|||||||[CR]O|1|1^1^1|9165204|GLU^^2^1|R|20260827070427|20260827070427||||||||serum|||1|||||||Q|||||[CR]L|1|N[CR][ETX]84[CR][LF]
2026-08-27 07:04:27 - --Send Message To Machine --[EOT]
2026-08-27 07:04:27 - [ACK]
2026-08-27 07:04:27 - [ENQ]
2026-08-27 07:04:27 - [STX]1H|\^&|||Mindry^^|||||||RQ|1394-97|20260827070427[CR]Q|83|^8760633||||||||||O[CR]L|120|N[CR][ETX]AD[CR][LF]
2026-08-27 07:04:27 - [EOT]
2026-08-27 07:04:27 - [ACK]
2026-08-27 07:04:27 - --Send Message To Machine --[ENQ]
2026-08-27 07:04:27 - --Send Message To Machine --[STX]1H|\^&||| Product Model^01.03.07.03^123456|||||||SA|1394-97|20260827070427[CR]P|1||PATIENT111||ABC^XYZ^j||19600315|M|||A|||icteru||||||01|||||A1|002|||||||[CR]O|1|1^1^1|8760633|GLU^^2^1|R|20260827070427|20260827070427||||||||serum|||1|||||||Q|||||[CR]L|1|N[CR][ETX]8A[CR][LF]
2026-08-27 07:04:27 - --Send Message To Machine --[EOT]
2026-08-27 07:04:27 - [ACK]
2026-08-27 07:04:27 - [ENQ]
2026-08-27 07:04:27 - [STX]1H|\^&|||Mindry^^|||||||RQ|1394-97|20260827070427[CR]Q|84|^8469325||||||||||O[CR]L|121|N[CR][ETX]B3[CR][LF]
2026-08-27 07:04:27 - [EOT]
2026-08-27 07:04:27 - [ACK]
2026-08-27 07:04:27 - --Send Message To Machine --[ENQ]
2026-08-27 07:04:27 - --Send Message To Machine --[STX]1H|\^&||| Product Model^01.03.07.03^123456|||||||SA|1394-97|20260827070427[CR]P|1||PATIENT111||ABC^XYZ^j||19600315|M|||A|||icteru||||||01|||||A1|002|||||||[CR]O|1|1^1^1|8469325|GLU^^2^1|R|20260827070427|20260827070427||||||||serum|||1|||||||Q|||||[CR]L|1|N[CR][ETX]8E[CR][LF]
2026-08-27 07:04:27 - --Send Message To Machine --[EOT]
2026-08-27 07:04:27 - [ACK]
2026-08-27 07:04:28 - [ENQ]
2026-08-27 07:04:28 - [STX]1H|\^&|||Mindry^^|||||||RQ|1394-97|20260827070428[CR]Q|85|^8469317||||||||||O[CR]L|122|N[CR][ETX]B7[CR][LF]
2026-08-27 07:04:28 - [EOT]
2026-08-27 07:04:28 - [ACK]
2026-08-27 07:04:28 - --Send Message To Machine --[ENQ]
2026-08-27 07:04:28 - --Send Message To Machine --[STX]1H|\^&||| Product Model^01.03.07.03^123456|||||||SA|1394-97|20260827070428[CR]P|1||PATIENT111||ABC^XYZ^j||19600315|M|||A|||icteru||||||01|||||A1|002|||||||[CR]O|1|1^1^1|8469317|GLU^^2^1|R|20260827070428|20260827070428||||||||serum|||1|||||||Q|||||[CR]L|1|N[CR][ETX]92[CR][LF]
2026-08-27 07:04:28 - --Send Message To Machine --[EOT]
2026-08-27 07:04:28 - [ACK]
2026-08-27 07:04:28 - [ENQ]
2026-08-27 07:04:28 - [STX]1H|\^&|||Mindry^^|||||||RQ|1394-97|20260827070428[CR]Q|86|^8760619||||||||||O[CR]L|123|N[CR][ETX]B8[CR][LF]
2026-08-27 07:04:28 - [EOT]
2026-08-27 07:04:28 - [ACK]
2026-08-27 07:04:28 - --Send Message To Machine --[ENQ]
2026-08-27 07:04:28 - --Send Message To Machine --[STX]1H|\^&||| Product Model^01.03.07.03^123456|||||||SA|1394-97|20260827070428[CR]P|1||PATIENT111||ABC^XYZ^j||19600315|M|||A|||icteru||||||01|||||A1|002|||||||[CR]O|1|1^1^1|8760619|GLU^^2^1|R|20260827070428|20260827070428||||||||serum|||1|||||||Q|||||[CR]L|1|N[CR][ETX]91[CR][LF]
2026-08-27 07:04:28 - --Send Message To Machine --[EOT]
2026-08-27 07:04:28 - [ACK]
2026-08-27 07:04:28 - [ENQ]
2026-08-27 07:04:28 - [STX]1H|\^&|||Mindry^^|||||||RQ|1394-97|20260827070428[CR]Q|87|^9570109||||||||||O[CR]L|124|N[CR][ETX]B4[CR][LF]
2026-08-27 07:04:28 - [EOT]
2026-08-27 07:04:28 - [ACK]
2026-08-27 07:04:28 - --Send Message To Machine --[ENQ]
2026-08-27 07:04:28 - --Send Message To Machine --[STX]1H|\^&||| Product Model^01.03.07.03^123456|||||||SA|1394-97|20260827070428[CR]P|1||PATIENT111||ABC^XYZ^j||19600315|M|||A|||icteru||||||01|||||A1|002|||||||[CR]O|1|1^1^1|9570109|GLU^^2^1|R|20260827070428|20260827070428||||||||serum|||1|||||||Q|||||[CR]L|1|N[CR][ETX]8B[CR][LF]
2026-08-27 07:04:28 - --Send Message To Machine --[EOT]
2026-08-27 07:04:28 - [ACK]
2026-08-27 07:04:28 - [ENQ]
2026-08-27 07:04:28 - [STX]1H|\^&|||Mindry^^|||||||RQ|1394-97|20260827070428[CR]Q|88|^8306205||||||||||O[CR]L|125|N[CR][ETX]AF[CR][LF]
2026-08-27 07:04:28 - [EOT]
2026-08-27 07:04:28 - [ACK]
2026-08-27 07:04:28 - --Send Message To Machine --[ENQ]
2026-08-27 07:04:28 - --Send Message To Machine --[STX]1H|\^&||| Product Model^01.03.07.03^123456|||||||SA|1394-97|20260827070428[CR]P|1||PATIENT111||ABC^XYZ^j||19600315|M|||A|||icteru||||||01|||||A1|002|||||||[CR]O|1|1^1^1|8306205|GLU^^2^1|R|20260827070428|20260827070428||||||||serum|||1|||||||Q|||||[CR]L|1|N[CR][ETX]84[CR][LF]
2026-08-27 07:04:28 - --Send Message To Machine --[EOT]
2026-08-27 07:04:28 - [ACK]
2026-08-27 07:04:29 - [ENQ]
2026-08-27 07:04:29 - [STX]1H|\^&|||Mindry^^|||||||RQ|1394-97|20260827070429[CR]Q|89|^8760625||||||||||O[CR]L|126|N[CR][ETX]BC[CR][LF]
2026-08-27 07:04:29 - [EOT]
2026-08-27 07:04:29 - [ACK]
2026-08-27 07:04:29 - --Send Message To Machine --[ENQ]
2026-08-27 07:04:29 - --Send Message To Machine --[STX]1H|\^&||| Product Model^01.03.07.03^123456|||||||SA|1394-97|20260827070429[CR]P|1||PATIENT111||ABC^XYZ^j||19600315|M|||A|||icteru||||||01|||||A1|002|||||||[CR]O|1|1^1^1|8760625|HDL^^2^1\LDL^^2^1\CHOL^^2^1\TC^^2^1\TG^^2^1\TRIG^^2^1|R|20260827070429|20260827070429||||||||serum|||1|||||||Q|||||[CR]L|1|N[CR][ETX]28[CR][LF]
2026-08-27 07:04:29 - --Send Message To Machine --[EOT]
2026-08-27 07:04:29 - [ACK]
2026-08-27 07:04:29 - [ENQ]
2026-08-27 07:04:29 - [STX]1H|\^&|||Mindry^^|||||||RQ|1394-97|20260827070429[CR]Q|90|^8306043||||||||||O[CR]L|127|N[CR][ETX]AB[CR][LF]
2026-08-27 07:04:29 - [EOT]
2026-08-27 07:04:29 - [ACK]
2026-08-27 07:04:29 - --Send Message To Machine --[ENQ]
2026-08-27 07:04:29 - --Send Message To Machine --[STX]1H|\^&||| Product Model^01.03.07.03^123456|||||||SA|1394-97|20260827070429[CR]P|1||PATIENT111||ABC^XYZ^j||19600315|M|||A|||icteru||||||01|||||A1|002|||||||[CR]O|1|1^1^1|8306043|CRP^^2^1|R|20260827070429|20260827070429||||||||serum|||1|||||||Q|||||[CR]L|1|N[CR][ETX]84[CR][LF]
2026-08-27 07:04:29 - --Send Message To Machine --[EOT]
2026-08-27 07:04:29 - [ACK]
2026-08-27 07:04:29 - [ENQ]
2026-08-27 07:04:29 - [STX]1H|\^&|||Mindry^^|||||||RQ|1394-97|20260827070429[CR]Q|91|^8308503||||||||||O[CR]L|128|N[CR][ETX]B0[CR][LF]
2026-08-27 07:04:29 - [EOT]
2026-08-27 07:04:29 - [ACK]
2026-08-27 07:04:29 - --Send Message To Machine --[ENQ]
2026-08-27 07:04:29 - --Send Message To Machine --[STX]1H|\^&||| Product Model^01.03.07.03^123456|||||||SA|1394-97|20260827070429[CR]P|1||PATIENT111||ABC^XYZ^j||19600315|M|||A|||icteru||||||01|||||A1|002|||||||[CR]O|1|1^1^1|8308503|HDL^^2^1\LDL^^2^1\CHOL^^2^1\TC^^2^1\CREAT^^2^1\GGT^^2^1\Iron^^2^1\TIBC^^2^1\PHOS^^2^1\ALB^^2^1\TP^^2^1\TG^^2^1\TRIG^^2^1\UREA^^2^1\URIC^^2^1\UIBC^^2^1\ALP^^2^1\SGPT^^2^1\SGOT^^2^1\BID^^2^1\BIT^^2^1\CAL^^2^1|R|20260827070429|20260827070429||||||||serum|||1|||||||Q|||||[CR]L|1|N[CR][ETX]C2[CR][LF]
2026-08-27 07:04:29 - --Send Message To Machine --[EOT]
2026-08-27 07:04:29 - [ACK]
2026-08-27 07:04:29 - [ENQ]
2026-08-27 07:04:29 - [STX]1H|\^&|||Mindry^^|||||||RQ|1394-97|20260827070429[CR]Q|92|^8760611||||||||||O[CR]L|129|N[CR][ETX]B4[CR][LF]
2026-08-27 07:04:29 - [EOT]
2026-08-27 07:04:29 - [ACK]
2026-08-27 07:04:29 - --Send Message To Machine --[ENQ]
2026-08-27 07:04:29 - --Send Message To Machine --[STX]1H|\^&||| Product Model^01.03.07.03^123456|||||||SA|1394-97|20260827070429[CR]P|1||PATIENT111||ABC^XYZ^j||19600315|M|||A|||icteru||||||01|||||A1|002|||||||[CR]O|1|1^1^1|8760611|HDL^^2^1\LDL^^2^1\CHOL^^2^1\TC^^2^1\CRP^^2^1\CREAT^^2^1\GGT^^2^1\Iron^^2^1\TIBC^^2^1\ALB^^2^1\TP^^2^1\TG^^2^1\TRIG^^2^1\UREA^^2^1\URIC^^2^1\RFII^^2^1\UIBC^^2^1\ALP^^2^1\SGPT^^2^1\SGOT^^2^1\BID^^2^1\BIT^^2^1\CAL^^2^1|R|20260827070429|20260827070429||||||||serum|||1|||||||Q|||||[CR]L|1|N[CR][ETX]72[CR][LF]
2026-08-27 07:04:29 - --Send Message To Machine --[EOT]
2026-08-27 07:04:30 - [ACK]
2026-08-27 07:04:30 - [ENQ]
2026-08-27 07:04:30 - [STX]1H|\^&|||Mindry^^|||||||RQ|1394-97|20260827070430[CR]Q|93|^8760617||||||||||O[CR]L|130|N[CR][ETX]AB[CR][LF]
2026-08-27 07:04:30 - [EOT]
2026-08-27 07:04:30 - [ACK]
2026-08-27 07:04:30 - --Send Message To Machine --[ENQ]
2026-08-27 07:04:30 - --Send Message To Machine --[STX]1H|\^&||| Product Model^01.03.07.03^123456|||||||SA|1394-97|20260827070430[CR]P|1||PATIENT111||ABC^XYZ^j||19600315|M|||A|||icteru||||||01|||||A1|002|||||||[CR]O|1|1^1^1|8760617|HDL^^2^1\LDL^^2^1\CHOL^^2^1\TC^^2^1\CREAT^^2^1\GGT^^2^1\Iron^^2^1\TIBC^^2^1\PHOS^^2^1\ALB^^2^1\TP^^2^1\TG^^2^1\TRIG^^2^1\UREA^^2^1\URIC^^2^1\UIBC^^2^1\ALP^^2^1\SGPT^^2^1\SGOT^^2^1\BID^^2^1\BIT^^2^1\CAL^^2^1|R|20260827070430|20260827070430||||||||serum|||1|||||||Q|||||[CR]L|1|N[CR][ETX]B2[CR][LF]
2026-08-27 07:04:30 - --Send Message To Machine --[EOT]
2026-08-27 07:04:30 - [ACK]
2026-08-27 07:04:30 - [ENQ]
2026-08-27 07:04:30 - [STX]1H|\^&|||Mindry^^|||||||RQ|1394-97|20260827070430[CR]Q|94|^8469324||||||||||O[CR]L|131|N[CR][ETX]AE[CR][LF]
2026-08-27 07:04:30 - [EOT]
2026-08-27 07:04:30 - [ACK]
2026-08-27 07:04:30 - --Send Message To Machine --[ENQ]
2026-08-27 07:04:30 - --Send Message To Machine --[STX]1H|\^&||| Product Model^01.03.07.03^123456|||||||SA|1394-97|20260827070430[CR]P|1||PATIENT111||ABC^XYZ^j||19600315|M|||A|||icteru||||||01|||||A1|002|||||||[CR]O|1|1^1^1|8469324|HDL^^2^1\LDL^^2^1\CHOL^^2^1\TC^^2^1\CREAT^^2^1\GGT^^2^1\Iron^^2^1\TIBC^^2^1\PHOS^^2^1\ALB^^2^1\TP^^2^1\TG^^2^1\TRIG^^2^1\UREA^^2^1\URIC^^2^1\UIBC^^2^1\ALP^^2^1\SGPT^^2^1\SGOT^^2^1\BID^^2^1\BIT^^2^1\CAL^^2^1|R|20260827070430|20260827070430||||||||serum|||1|||||||Q|||||[CR]L|1|N[CR][ETX]B3[CR][LF]
2026-08-27 07:04:30 - --Send Message To Machine --[EOT]
2026-08-27 07:04:30 - [ACK]
2026-08-27 07:04:30 - [ENQ]
2026-08-27 07:04:30 - [STX]1H|\^&|||Mindry^^|||||||RQ|1394-97|20260827070430[CR]Q|95|^8306206||||||||||O[CR]L|132|N[CR][ETX]A5[CR][LF]
2026-08-27 07:04:30 - [EOT]
2026-08-27 07:04:30 - [ACK]
2026-08-27 07:04:30 - --Send Message To Machine --[ENQ]
2026-08-27 07:04:30 - --Send Message To Machine --[STX]1H|\^&||| Product Model^01.03.07.03^123456|||||||SA|1394-97|20260827070430[CR]P|1||PATIENT111||ABC^XYZ^j||19600315|M|||A|||icteru||||||01|||||A1|002|||||||[CR]O|1|1^1^1|8306206|HDL^^2^1\LDL^^2^1\CHOL^^2^1\TC^^2^1\CREAT^^2^1\GGT^^2^1\Iron^^2^1\TIBC^^2^1\ALB^^2^1\TP^^2^1\TG^^2^1\TRIG^^2^1\UREA^^2^1\URIC^^2^1\UIBC^^2^1\ALP^^2^1\SGPT^^2^1\SGOT^^2^1\BID^^2^1\BIT^^2^1\CAL^^2^1|R|20260827070430|20260827070430||||||||serum|||1|||||||Q|||||[CR]L|1|N[CR][ETX]95[CR][LF]
2026-08-27 07:04:30 - --Send Message To Machine --[EOT]
2026-08-27 07:04:30 - [ACK]
2026-08-27 07:04:31 - [ENQ]
2026-08-27 07:04:31 - [STX]1H|\^&|||Mindry^^|||||||RQ|1394-97|20260827070431[CR]Q|96|^7568286||||||||||O[CR]L|133|N[CR][ETX]B9[CR][LF]
2026-08-27 07:04:31 - [EOT]
2026-08-27 07:04:31 - [ACK]
2026-08-27 07:04:31 - --Send Message To Machine --[ENQ]
2026-08-27 07:04:31 - --Send Message To Machine --[STX]1H|\^&||| Product Model^01.03.07.03^123456|||||||SA|1394-97|20260827070431[CR]P|1||PATIENT111||ABC^XYZ^j||19600315|M|||A|||icteru||||||01|||||A1|002|||||||[CR]O|1|1^1^1|7568286|HDL^^2^1\LDL^^2^1\CHOL^^2^1\TC^^2^1\CREAT^^2^1\GGT^^2^1\Iron^^2^1\TIBC^^2^1\PHOS^^2^1\ALB^^2^1\TP^^2^1\TG^^2^1\TRIG^^2^1\UREA^^2^1\URIC^^2^1\UIBC^^2^1\ALP^^2^1\SGPT^^2^1\SGOT^^2^1\BID^^2^1\BIT^^2^1\CAL^^2^1|R|20260827070431|20260827070431||||||||serum|||1|||||||Q|||||[CR]L|1|N[CR][ETX]BC[CR][LF]
2026-08-27 07:04:31 - --Send Message To Machine --[EOT]
2026-08-27 07:04:31 - [ACK]
2026-08-27 07:05:10 - [ENQ]
2026-08-27 07:05:10 - [STX]1H|\^&|||Mindry^^|||||||PR|1394-97|20260827070510[CR]P|38||||^^||^^|U||||||||||||||||||||||||||[CR]O|38|9011^1^2|6467|CREAT^Creatinine (Sarcosine Oxidase Method)^^\UREA^UREA^^|S|20260827064638|20260827064614|||||||20260827064614|serum||||||||||F|||||[CR]R|235|CREAT^Creatinine (Sarcosine Oxidase Method)^^F|0.486781^^^^|mg/dL|^|N||F|0.486781^^^^|0|20260827070510||Mindry^[CR]R|236|UREA^UREA^^F|19.920633^^^^|mg/dL|^|N||F|19.920633^^^^|0|20260827070410||Mindry^[CR]L|134|N[CR][ETX]61[CR][LF]
2026-08-27 07:05:10 - [EOT]
2026-08-27 07:12:43 - [ENQ]
2026-08-27 07:12:43 - [STX]1H|\^&|||Mindry^^|||||||PR|1394-97|20260827071243[CR]P|39||PATIENT111||ABC^^||19600315^66^Y|M||||||||||||||||||||||||||[CR]O|39|31^1^1|8689464|TRIG^Triglycerides^^\CHOL^T.CHOL^^|R|20260827064816|20260827070419|||||||20260827064805|serum||||||||||F|||||[CR]R|237|TRIG^Triglycerides^^F|151.750674^^^^|mg/dL|^|N||F|151.750674^^^^|0|20260827071243||Mindry^[CR]R|238|CHOL^T.CHOL^^F|215.569972^^^^|mg/dL|^|N||F|215.569972^^^^|0|20260827070802||Mindry^[CR]L|135|N[CR][ETX]CE[CR][LF]
2026-08-27 07:12:43 - [EOT]
2026-08-27 07:19:17 - [ENQ]
2026-08-27 07:19:17 - [STX]1H|\^&|||Mindry^^|||||||PR|1394-97|20260827071917[CR]P|40||PATIENT111||ABC^^||19600315^66^Y|M||||||||||||||||||||||||||[CR]O|40|33^1^5|8308504|GLU^GLU H^^|R|20260827070420|20260827070420|||||||20260827070420|serum||||||||||F|||||[CR]R|239|GLU^GLU H^^F|210.212967^^^^|mg/dL|^|N||F|210.212967^^^^|0|20260827071917||Mindry^[CR]L|136|N[CR][ETX]B8[CR][LF]
2026-08-27 07:19:17 - [EOT]
2026-08-27 07:19:51 - [ENQ]
2026-08-27 07:19:51 - [STX]1H|\^&|||Mindry^^|||||||PR|1394-97|20260827071951[CR]P|41||PATIENT111||ABC^^||19600315^66^Y|M||||||||||||||||||||||||||[CR]O|41|32^1^4|8306042|BID^Bilirubin Direct (DSA Method)^^\SGPT^Alanine Aminotransferase^^\SGOT^Aspartate Aminotransferase^^\TRIG^Triglycerides^^\CREAT^Creatinine (Sarcosine Oxidase Method)^^\BIT^T.BILL H^^\CHOL^T.CHOL^^\ALB^ALBUMIN ^^\ALP^ALKALINE ^^\URIC^URIC ACID^^\TP^TP H^^\GGT^GGT H^^\CAL^CA. SB^^\Iron^IRON^^\UREA^UREA^^|R|20260827070419|20260827070419|||||||20260827070420|serum||||||||||F|||||[CR]R|240|BID^Bilirubin Direct (DSA Method)^^F|0.228590^^^^|mg/dL|^|N||F|0.228590^^^^|0|20260827071800||Mindry^[CR]R|241|SGPT^Alanine Aminotransferase^^F|16.072852^^^^|U/L|^|N||F|16.072852^^^^|0|20260827071751||Mindry^[CR]R|242|SGOT^Aspartate Aminotransferase^^F|23.593044^^^^|U/L|^|N||F|23.593044^^^^|0|20260827071800||Mindry^[CR]R|243|TRIG^Triglycerides^^F|383.027018^^^^|mg/dL|^|N||F|383.027018^^^^|0|20260827071826||Mindry^[CR]R|244|CREAT^Creatinine (Sarcosine Oxidase Method)^^F|0.548176^^^^|mg/dL|^|N||F|0.548176^^^^|0|20260827071834||Mindry^[CR]R|245|BIT^T.BILL H^^F|1.039357^^^^|mg/dL|^|N||F|1.039357^^^^|0|20260827071843||Mindry^[CR]R|246|CHOL^T.CHOL^^F|156.860242^^^^|mg/dL|^|N||F|156.860242^^^^|0|20260827071402||Mindry^[CR]R|247|ALB^ALBUMIN ^^F|3.784083^^^^|g/dL|^|N||F|3.784083^^^^|0|20260827071410||Mindry^[CR]R|248|ALP^ALKALINE ^^F|63.984153^^^^|U/L|^|N||F|63.984153^^^^|0|20260827071851||Mindry^[CR]R|249|URIC^URIC ACID^^F|6.046483^^^^|mg/dL|^|N||F|6.046483^^^^|0|20260827071319||Mindry^[CR]R|250|TP^TP H^^F|6.380526^^^^|g/dL|^|N||F|6.380526^^^^|0|20260827071926||Mindry^[CR]R|251|GGT^GGT H^^F|17.770148^^^^|U/L|^|N||F|17.770148^^^^|0|20260827071917||Mindry^[CR]R|252|CAL^CA. SB^^F|9.237350^^^^|mg/dL|^|N||F|9.237350^^^^|0|20260827071453||Mindry^[CR]R|253|Iron^IRON^^F|-140.467978^^^^|g/dL|^|N||F|-140.467978^^^^|0|20260827071951||Mindry^[CR]R|254|UREA^UREA^^F|21.218387^^^^|mg/dL|^|N||F|21.218387^^^^|0|20260827071851||Mindry^[CR]L|137|N[CR][ETX]BB[CR][LF]
2026-08-27 07:19:51 - [EOT]
2026-08-27 07:22:08 - [ENQ]
2026-08-27 07:22:08 - [STX]1H|\^&|||Mindry^^|||||||PR|1394-97|20260827072208[CR]P|42||PATIENT111||ABC^^||19600315^66^Y|M||||||||||||||||||||||||||[CR]O|42|34^1^6|8469316|BID^Bilirubin Direct (DSA Method)^^\SGPT^Alanine Aminotransferase^^\SGOT^Aspartate Aminotransferase^^\TRIG^Triglycerides^^\CREAT^Creatinine (Sarcosine Oxidase Method)^^\BIT^T.BILL H^^\CHOL^T.CHOL^^\ALB^ALBUMIN ^^\ALP^ALKALINE ^^\URIC^URIC ACID^^\TP^TP H^^\GGT^GGT H^^\CAL^CA. SB^^\Iron^IRON^^\UREA^UREA^^|R|20260827070420|20260827070420|||||||20260827070420|serum||||||||||F|||||[CR]R|255|BID^Bilirubin Direct (DSA Method)^^F|0.279181^^^^|mg/dL|^|N||F|0.279181^^^^|0|20260827072017||Mindry^[CR]R|256|SGPT^Alanine Aminotransferase^^F|21.146088^^^^|U/L|^|N||F|21.146088^^^^|0|20260827072008||Mindry^[CR]R|257|SGOT^Aspartate Aminotransferase^^F|29.376811^^^^|U/L|^|N||F|29.376811^^^^|0|20260827072017||Mindry^[CR]R|258|TRIG^Triglycerides^^F|168.067437^^^^|mg/dL|^|N||F|168.067437^^^^|0|20260827072043||Mindry^[CR]R|259|CREAT^Creatinine (Sarcosine Oxidase Method)^^F|1.027648^^^^|mg/dL|^|N||F|1.027648^^^^|0|20260827072051||Mindry^[CR]R|260|BIT^T.BILL H^^F|0.763906^^^^|mg/dL|^|N||F|0.763906^^^^|0|20260827072100||Mindry^[CR]R|261|CHOL^T.CHOL^^F|106.062283^^^^|mg/dL|^|N||F|106.062283^^^^|0|20260827071619||Mindry^[CR]R|262|ALB^ALBUMIN ^^F|3.885900^^^^|g/dL|^|N||F|3.885900^^^^|0|20260827071627||Mindry^[CR]R|263|ALP^ALKALINE ^^F|86.179698^^^^|U/L|^|N||F|86.179698^^^^|0|20260827072108||Mindry^[CR]R|264|URIC^URIC ACID^^F|8.271022^^^^|mg/dL|^|N||F|8.271022^^^^|0|20260827071536||Mindry^[CR]R|265|TP^TP H^^F|7.070980^^^^|g/dL|^|N||F|7.070980^^^^|0|20260827072143||Mindry^[CR]R|266|GGT^GGT H^^F|38.736355^^^^|U/L|^|N||F|38.736355^^^^|0|20260827072134||Mindry^[CR]R|267|CAL^CA. SB^^F|9.383338^^^^|mg/dL|^|N||F|9.383338^^^^|0|20260827071710||Mindry^[CR]R|268|Iron^IRON^^F|-12.385938^^^^|g/dL|^|N||F|-12.385938^^^^|0|20260827072208||Mindry^[CR]R|269|UREA^UREA^^F|52.237209^^^^|mg/dL|^|N||F|52.237209^^^^|0|20260827072108||Mindry^[CR]L|138|N[CR][ETX]8D[CR][LF]
2026-08-27 07:22:08 - [EOT]
2026-08-27 07:23:42 - [ENQ]
2026-08-27 07:23:42 - [STX]1H|\^&|||Mindry^^|||||||PR|1394-97|20260827072342[CR]P|43||PATIENT111||ABC^^||19600315^66^Y|M||||||||||||||||||||||||||[CR]O|43|36^1^8|8307055|GLU^GLU H^^|R|20260827070421|20260827070421|||||||20260827070421|serum||||||||||F|||||[CR]R|270|GLU^GLU H^^F|97.328540^^^^|mg/dL|^|N||F|97.328540^^^^|0|20260827072342||Mindry^[CR]L|139|N[CR][ETX]67[CR][LF]
2026-08-27 07:23:42 - [EOT]
2026-08-27 07:24:17 - [ENQ]
2026-08-27 07:24:17 - [STX]1H|\^&|||Mindry^^|||||||PR|1394-97|20260827072417[CR]P|44||PATIENT111||ABC^^||19600315^66^Y|M||||||||||||||||||||||||||[CR]O|44|35^1^7|9165190|BID^Bilirubin Direct (DSA Method)^^\SGPT^Alanine Aminotransferase^^\SGOT^Aspartate Aminotransferase^^\TRIG^Triglycerides^^\CREAT^Creatinine (Sarcosine Oxidase Method)^^\BIT^T.BILL H^^\CHOL^T.CHOL^^\ALB^ALBUMIN ^^\ALP^ALKALINE ^^\URIC^URIC ACID^^\TP^TP H^^\GGT^GGT H^^\CAL^CA. SB^^\Iron^IRON^^\UREA^UREA^^|R|20260827070420|20260827070420|||||||20260827070420|serum||||||||||F|||||[CR]R|271|BID^Bilirubin Direct (DSA Method)^^F|0.074294^^^^|mg/dL|^|N||F|0.074294^^^^|0|20260827072225||Mindry^[CR]R|272|SGPT^Alanine Aminotransferase^^F|18.601062^^^^|U/L|^|N||F|18.601062^^^^|0|20260827072217||Mindry^[CR]R|273|SGOT^Aspartate Aminotransferase^^F|24.143462^^^^|U/L|^|N||F|24.143462^^^^|0|20260827072225||Mindry^[CR]R|274|TRIG^Triglycerides^^F|459.189378^^^^|mg/dL|^|N||F|459.189378^^^^|0|20260827072251||Mindry^[CR]R|275|CREAT^Creatinine (Sarcosine Oxidase Method)^^F|0.573988^^^^|mg/dL|^|N||F|0.573988^^^^|0|20260827072300||Mindry^[CR]R|276|BIT^T.BILL H^^F|0.019309^^^^|mg/dL|^|N||F|0.019309^^^^|0|20260827072308||Mindry^[CR]R|277|CHOL^T.CHOL^^F|202.261684^^^^|mg/dL|^|N||F|202.261684^^^^|0|20260827071827||Mindry^[CR]R|278|ALB^ALBUMIN ^^F|3.954106^^^^|g/dL|^|N||F|3.954106^^^^|0|20260827071836||Mindry^[CR]R|279|ALP^ALKALINE ^^F|66.634181^^^^|U/L|^|N||F|66.634181^^^^|0|20260827072317||Mindry^[CR]R|280|URIC^URIC ACID^^F|7.262964^^^^|mg/dL|^|N||F|7.262964^^^^|0|20260827071744||Mindry^[CR]R|281|TP^TP H^^F|7.095911^^^^|g/dL|^|N||F|7.095911^^^^|0|20260827072351||Mindry^[CR]R|282|GGT^GGT H^^F|28.952230^^^^|U/L|^|N||F|28.952230^^^^|0|20260827072342||Mindry^[CR]R|283|CAL^CA. SB^^F|9.952199^^^^|mg/dL|^|N||F|9.952199^^^^|0|20260827071918||Mindry^[CR]R|284|Iron^IRON^^F|-772.595639^^^^|g/dL|^|N||F|-772.595639^^^^|0|20260827072417||Mindry^[CR]R|285|UREA^UREA^^F|16.862204^^^^|mg/dL|^|N||F|16.862204^^^^|0|20260827072317||Mindry^[CR]L|140|N[CR][ETX]12[CR][LF]
2026-08-27 07:24:17 - [EOT]
2026-08-27 07:26:34 - [ENQ]
2026-08-27 07:26:34 - [STX]1H|\^&|||Mindry^^|||||||PR|1394-97|20260827072634[CR]P|45||PATIENT111||ABC^^||19600315^66^Y|M||||||||||||||||||||||||||[CR]O|45|37^1^9|9165184|BID^Bilirubin Direct (DSA Method)^^\SGPT^Alanine Aminotransferase^^\SGOT^Aspartate Aminotransferase^^\TRIG^Triglycerides^^\CREAT^Creatinine (Sarcosine Oxidase Method)^^\BIT^T.BILL H^^\CHOL^T.CHOL^^\ALB^ALBUMIN ^^\ALP^ALKALINE ^^\URIC^URIC ACID^^\TP^TP H^^\GGT^GGT H^^\CAL^CA. SB^^\Iron^IRON^^\UREA^UREA^^|R|20260827070421|20260827070421|||||||20260827070421|serum||||||||||F|||||[CR]R|286|BID^Bilirubin Direct (DSA Method)^^F|-0.071096^^^^|mg/dL|^|N||F|-0.071096^^^^|0|20260827072442||Mindry^[CR]R|287|SGPT^Alanine Aminotransferase^^F|-2.610623^^^^|U/L|^|N||F|-2.610623^^^^|0|20260827072434||Mindry^[CR]R|288|SGOT^Aspartate Aminotransferase^^F|0.799135^^^^|U/L|^|N||F|0.799135^^^^|0|20260827072442||Mindry^[CR]R|289|TRIG^Triglycerides^^F|10.823863^^^^|mg/dL|^|N||F|10.823863^^^^|0|20260827072508||Mindry^[CR]R|290|CREAT^Creatinine (Sarcosine Oxidase Method)^^F|0.026712^^^^|mg/dL|^|N||F|0.026712^^^^|0|20260827072517||Mindry^[CR]R|291|BIT^T.BILL H^^F|0.114315^^^^|mg/dL|^|N||F|0.114315^^^^|0|20260827072525||Mindry^[CR]R|292|CHOL^T.CHOL^^F|162.681144^^^^|mg/dL|^|N||F|162.681144^^^^|0|20260827072044||Mindry^[CR]R|293|ALB^ALBUMIN ^^F|3.763453^^^^|g/dL|^|N||F|3.763453^^^^|0|20260827072053||Mindry^[CR]R|294|ALP^ALKALINE ^^F|45.181017^^^^|U/L|^|N||F|45.181017^^^^|0|20260827072534||Mindry^[CR]R|295|URIC^URIC ACID^^F|5.237973^^^^|mg/dL|^|N||F|5.237973^^^^|0|20260827072001||Mindry^[CR]R|296|TP^TP H^^F|6.484801^^^^|g/dL|^|N||F|6.484801^^^^|0|20260827072608||Mindry^[CR]R|297|GGT^GGT H^^F|12.952114^^^^|U/L|^|N||F|12.952114^^^^|0|20260827072559||Mindry^[CR]R|298|CAL^CA. SB^^F|9.347277^^^^|mg/dL|^|N||F|9.347277^^^^|0|20260827072135||Mindry^[CR]R|299|Iron^IRON^^F|444.490683^^^^|g/dL|^|N||F|444.490683^^^^|0|20260827072634||Mindry^[CR]R|300|UREA^UREA^^F|31.664819^^^^|mg/dL|^|N||F|31.664819^^^^|0|20260827072534||Mindry^[CR]L|141|N[CR][ETX]ED[CR][LF]
2026-08-27 07:26:34 - [EOT]
2026-08-27 07:28:08 - [ENQ]
2026-08-27 07:28:08 - [STX]1H|\^&|||Mindry^^|||||||PR|1394-97|20260827072808[CR]P|46||PATIENT111||ABC^^||19600315^66^Y|M||||||||||||||||||||||||||[CR]O|46|39^1^11|8308501|GLU^GLU H^^|R|20260827070422|20260827070422|||||||20260827070422|serum||||||||||F|||||[CR]R|301|GLU^GLU H^^F|173.552567^^^^|mg/dL|^|N||F|173.552567^^^^|0|20260827072808||Mindry^[CR]L|142|N[CR][ETX]03[CR][LF]
2026-08-27 07:28:08 - [EOT]
2026-08-27 07:28:17 - [ENQ]
2026-08-27 07:28:17 - [STX]1H|\^&|||Mindry^^|||||||PR|1394-97|20260827072817[CR]P|47||PATIENT111||ABC^^||19600315^66^Y|M||||||||||||||||||||||||||[CR]O|47|40^1^12|9165186|GLU^GLU H^^|R|20260827070422|20260827070422|||||||20260827070422|serum||||||||||F|||||[CR]R|302|GLU^GLU H^^F|103.664785^^^^|mg/dL|^|N||F|103.664785^^^^|0|20260827072816||Mindry^[CR]L|143|N[CR][ETX]08[CR][LF]
2026-08-27 07:28:17 - [EOT]
2026-08-27 07:28:42 - [ENQ]
2026-08-27 07:28:42 - [STX]1H|\^&|||Mindry^^|||||||PR|1394-97|20260827072842[CR]P|48||PATIENT111||ABC^^||19600315^66^Y|M||||||||||||||||||||||||||[CR]O|48|38^1^10|8760631|BID^Bilirubin Direct (DSA Method)^^\SGPT^Alanine Aminotransferase^^\SGOT^Aspartate Aminotransferase^^\TRIG^Triglycerides^^\CREAT^Creatinine (Sarcosine Oxidase Method)^^\BIT^T.BILL H^^\CHOL^T.CHOL^^\ALB^ALBUMIN ^^\ALP^ALKALINE ^^\URIC^URIC ACID^^\TP^TP H^^\GGT^GGT H^^\CAL^CA. SB^^\Iron^IRON^^\UREA^UREA^^|R|20260827070421|20260827070421|||||||20260827070421|serum||||||||||F|||||[CR]R|303|BID^Bilirubin Direct (DSA Method)^^F|0.305487^^^^|mg/dL|^|N||F|0.305487^^^^|0|20260827072651||Mindry^[CR]R|304|SGPT^Alanine Aminotransferase^^F|28.943156^^^^|U/L|^|N||F|28.943156^^^^|0|20260827072642||Mindry^[CR]R|305|SGOT^Aspartate Aminotransferase^^F|39.239537^^^^|U/L|^|N||F|39.239537^^^^|0|20260827072651||Mindry^[CR]R|306|TRIG^Triglycerides^^F|219.295121^^^^|mg/dL|^|N||F|219.295121^^^^|0|20260827072717||Mindry^[CR]R|307|CREAT^Creatinine (Sarcosine Oxidase Method)^^F|0.508616^^^^|mg/dL|^|N||F|0.508616^^^^|0|20260827072725||Mindry^[CR]R|308|BIT^T.BILL H^^F|1.727296^^^^|mg/dL|^|N||F|1.727296^^^^|0|20260827072734||Mindry^[CR]R|309|CHOL^T.CHOL^^F|295.908178^^^^|mg/dL|^|N||F|295.908178^^^^|0|20260827072252||Mindry^[CR]R|310|ALB^ALBUMIN ^^F|3.966453^^^^|g/dL|^|N||F|3.966453^^^^|0|20260827072301||Mindry^[CR]R|311|ALP^ALKALINE ^^F|97.868483^^^^|U/L|^|N||F|97.868483^^^^|0|20260827072742||Mindry^[CR]R|312|URIC^URIC ACID^^F|5.546597^^^^|mg/dL|^|N||F|5.546597^^^^|0|20260827072210||Mindry^[CR]R|313|TP^TP H^^F|6.442203^^^^|g/dL|^|N||F|6.442203^^^^|0|20260827072816||Mindry^[CR]R|314|GGT^GGT H^^F|32.534132^^^^|U/L|^|N||F|32.534132^^^^|0|20260827072808||Mindry^[CR]R|315|CAL^CA. SB^^F|9.811907^^^^|mg/dL|^|N||F|9.811907^^^^|0|20260827072344||Mindry^[CR]R|316|Iron^IRON^^F|-262.769490^^^^|g/dL|^|N||F|-262.769490^^^^|0|20260827072842||Mindry^[CR]R|317|UREA^UREA^^F|30.303542^^^^|mg/dL|^|N||F|30.303542^^^^|0|20260827072742||Mindry^[CR]L|144|N[CR][ETX]22[CR][LF]
2026-08-27 07:28:42 - [EOT]
2026-08-27 07:29:16 - [ENQ]
2026-08-27 07:29:16 - [STX]1H|\^&|||Mindry^^|||||||PR|1394-97|20260827072916[CR]P|49||PATIENT111||ABC^^||19600315^66^Y|M||||||||||||||||||||||||||[CR]O|49|41^1^13|8308498|TRIG^Triglycerides^^\CHOL^T.CHOL^^|R|20260827070422|20260827070422|||||||20260827070422|serum||||||||||F|||||[CR]R|318|TRIG^Triglycerides^^F|230.630351^^^^|mg/dL|^|N||F|230.630351^^^^|0|20260827072916||Mindry^[CR]R|319|CHOL^T.CHOL^^F|107.348437^^^^|mg/dL|^|N||F|107.348437^^^^|0|20260827072435||Mindry^[CR]L|145|N[CR][ETX]D0[CR][LF]
2026-08-27 07:29:17 - [EOT]
2026-08-27 07:29:42 - [ENQ]
2026-08-27 07:29:42 - [STX]1H|\^&|||Mindry^^|||||||PR|1394-97|20260827072942[CR]P|50||PATIENT111||ABC^^||19600315^66^Y|M||||||||||||||||||||||||||[CR]O|50|42^1^14|8308496|TRIG^Triglycerides^^\CREAT^Creatinine (Sarcosine Oxidase Method)^^\CHOL^T.CHOL^^\URIC^URIC ACID^^\CAL^CA. SB^^\UREA^UREA^^|R|20260827070422|20260827070422|||||||20260827070422|serum||||||||||F|||||[CR]R|320|TRIG^Triglycerides^^F|210.263471^^^^|mg/dL|^|N||F|210.263471^^^^|0|20260827072933||Mindry^[CR]R|321|CREAT^Creatinine (Sarcosine Oxidase Method)^^F|0.617362^^^^|mg/dL|^|N||F|0.617362^^^^|0|20260827072942||Mindry^[CR]R|322|CHOL^T.CHOL^^F|153.492140^^^^|mg/dL|^|N||F|153.492140^^^^|0|20260827072501||Mindry^[CR]R|323|URIC^URIC ACID^^F|5.191061^^^^|mg/dL|^|N||F|5.191061^^^^|0|20260827072401||Mindry^[CR]R|324|CAL^CA. SB^^F|8.652391^^^^|mg/dL|^|N||F|8.652391^^^^|0|20260827072518||Mindry^[CR]R|325|UREA^UREA^^F|22.366001^^^^|mg/dL|^|N||F|22.366001^^^^|0|20260827072908||Mindry^[CR]L|146|N[CR][ETX]FC[CR][LF]
2026-08-27 07:29:42 - [EOT]
2026-08-27 07:33:59 - [ENQ]
2026-08-27 07:33:59 - [STX]1H|\^&|||Mindry^^|||||||PR|1394-97|20260827073359[CR]P|51||PATIENT111||ABC^^||19600315^66^Y|M||||||||||||||||||||||||||[CR]O|51|43^1^15|8760623|BID^Bilirubin Direct (DSA Method)^^\SGPT^Alanine Aminotransferase^^\SGOT^Aspartate Aminotransferase^^\CREAT^Creatinine (Sarcosine Oxidase Method)^^\BIT^T.BILL H^^\ALB^ALBUMIN ^^\ALP^ALKALINE ^^\URIC^URIC ACID^^\TP^TP H^^\GGT^GGT H^^\CAL^CA. SB^^\UREA^UREA^^|R|20260827070423|20260827070423|||||||20260827070423|serum||||||||||F|||||[CR]R|326|BID^Bilirubin Direct (DSA Method)^^F|0.064533^^^^|mg/dL|^|N||F|0.064533^^^^|0|20260827073250||Mindry^[CR]R|327|SGPT^Alanine Aminotransferase^^F|10.898978^^^^|U/L|^|N||F|10.898978^^^^|0|20260827073242||Mindry^[CR]R|328|SGOT^Aspartate Aminotransferase^^F|33.923285^^^^|U/L|^|N||F|33.923285^^^^|0|20260827073250||Mindry^[CR]R|329|CREAT^Creatinine (Sarcosine Oxidase Method)^^F|0.610134^^^^|mg/dL|^|N||F|0.610134^^^^|0|20260827073316||Mindry^[CR]R|330|BIT^T.BILL H^^F|0.051027^^^^|mg/dL|^|N||F|0.051027^^^^|0|20260827073325||Mindry^[CR]R|331|ALB^ALBUMIN ^^F|3.471262^^^^|g/dL|^|N||F|3.471262^^^^|0|20260827072844||Mindry^[CR]R|332|ALP^ALKALINE ^^F|74.710222^^^^|U/L|^|N||F|74.710222^^^^|0|20260827073325||Mindry^[CR]R|333|URIC^URIC ACID^^F|5.740532^^^^|mg/dL|^|N||F|5.740532^^^^|0|20260827072752||Mindry^[CR]R|334|TP^TP H^^F|6.369742^^^^|g/dL|^|N||F|6.369742^^^^|0|20260827073359||Mindry^[CR]R|335|GGT^GGT H^^F|15.861997^^^^|U/L|^|N||F|15.861997^^^^|0|20260827073350||Mindry^[CR]R|336|CAL^CA. SB^^F|8.719113^^^^|mg/dL|^|N||F|8.719113^^^^|0|20260827072926||Mindry^[CR]R|337|UREA^UREA^^F|25.255246^^^^|mg/dL|^|N||F|25.255246^^^^|0|20260827073316||Mindry^[CR]L|147|N[CR][ETX]49[CR][LF]
2026-08-27 07:33:59 - [EOT]
2026-08-27 07:34:51 - [ENQ]
2026-08-27 07:34:51 - [STX]1H|\^&|||Mindry^^|||||||PR|1394-97|20260827073450[CR]P|52||PATIENT111||ABC^^||19600315^66^Y|M||||||||||||||||||||||||||[CR]O|52|45^1^17|9165189|GLU^GLU H^^|R|20260827070423|20260827070423|||||||20260827070423|serum||||||||||F|||||[CR]R|338|GLU^GLU H^^F|149.302174^^^^|mg/dL|^|N||F|149.302174^^^^|0|20260827073450||Mindry^[CR]L|148|N[CR][ETX]01[CR][LF]
2026-08-27 07:34:51 - [EOT]
2026-08-27 07:35:25 - [ENQ]
2026-08-27 07:35:25 - [STX]1H|\^&|||Mindry^^|||||||PR|1394-97|20260827073525[CR]P|53||PATIENT111||ABC^^||19600315^66^Y|M||||||||||||||||||||||||||[CR]O|53|44^1^16|8469311|BID^Bilirubin Direct (DSA Method)^^\SGPT^Alanine Aminotransferase^^\SGOT^Aspartate Aminotransferase^^\BIT^T.BILL H^^\ALB^ALBUMIN ^^\ALP^ALKALINE ^^\TP^TP H^^\GGT^GGT H^^|R|20260827070423|20260827070423|||||||20260827070423|serum||||||||||F|||||[CR]R|339|BID^Bilirubin Direct (DSA Method)^^F|0.246513^^^^|mg/dL|^|N||F|0.246513^^^^|0|20260827073433||Mindry^[CR]R|340|SGPT^Alanine Aminotransferase^^F|24.002425^^^^|U/L|^|N||F|24.002425^^^^|0|20260827073425||Mindry^[CR]R|341|SGOT^Aspartate Aminotransferase^^F|41.204697^^^^|U/L|^|N||F|41.204697^^^^|0|20260827073433||Mindry^[CR]R|342|BIT^T.BILL H^^F|0.509593^^^^|mg/dL|^|N||F|0.509593^^^^|0|20260827073459||Mindry^[CR]R|343|ALB^ALBUMIN ^^F|4.313430^^^^|g/dL|^|N||F|4.313430^^^^|0|20260827073018||Mindry^[CR]R|344|ALP^ALKALINE ^^F|95.171840^^^^|U/L|^|N||F|95.171840^^^^|0|20260827073459||Mindry^[CR]R|345|TP^TP H^^F|8.058330^^^^|g/dL|^|N||F|8.058330^^^^|0|20260827073525||Mindry^[CR]R|346|GGT^GGT H^^F|60.365818^^^^|U/L|^|N||F|60.365818^^^^|0|20260827073516||Mindry^[CR]L|149|N[CR][ETX]B8[CR][LF]
2026-08-27 07:35:25 - [EOT]
2026-08-27 07:35:50 - [ENQ]
2026-08-27 07:35:50 - [STX]1H|\^&|||Mindry^^|||||||PR|1394-97|20260827073550[CR]P|54||PATIENT111||ABC^^||19600315^66^Y|M||||||||||||||||||||||||||[CR]O|54|46^1^18|8760629|CRP^C-Reactive Protein^^|R|20260827070423|20260827070423|||||||20260827070423|serum||||||||||F|||||[CR]R|347|CRP^C-Reactive Protein^^F|0.000000^^^^|mg/L|^|N||F|0.000000^^^^|0|20260827073550||Mindry^[CR]L|150|N[CR][ETX]41[CR][LF]
2026-08-27 07:35:50 - [EOT]
2026-08-27 07:35:59 - [ENQ]
2026-08-27 07:35:59 - [STX]1H|\^&|||Mindry^^|||||||PR|1394-97|20260827073559[CR]P|55||PATIENT111||ABC^^||19600315^66^Y|M||||||||||||||||||||||||||[CR]O|55|47^1^19|9162886|CREAT^Creatinine (Sarcosine Oxidase Method)^^\URIC^URIC ACID^^\CAL^CA. SB^^\UREA^UREA^^|R|20260827070424|20260827070424|||||||20260827070424|serum||||||||||F|||||[CR]R|348|CREAT^Creatinine (Sarcosine Oxidase Method)^^F|1.419670^^^^|mg/dL|^|N||F|1.419670^^^^|0|20260827073559||Mindry^[CR]R|349|URIC^URIC ACID^^F|8.842384^^^^|mg/dL|^|N||F|8.842384^^^^|0|20260827073009||Mindry^[CR]R|350|CAL^CA. SB^^F|8.176084^^^^|mg/dL|^|N||F|8.176084^^^^|0|20260827073126||Mindry^[CR]R|351|UREA^UREA^^F|50.700027^^^^|mg/dL|^|N||F|50.700027^^^^|0|20260827073516||Mindry^[CR]L|151|N[CR][ETX]B5[CR][LF]
2026-08-27 07:35:59 - [EOT]
2026-08-27 07:37:42 - [ENQ]
2026-08-27 07:37:42 - [STX]1H|\^&|||Mindry^^|||||||PR|1394-97|20260827073742[CR]P|56||PATIENT111||ABC^^||19600315^66^Y|M||||||||||||||||||||||||||[CR]O|56|48^1^20|9162883|BID^Bilirubin Direct (DSA Method)^^\SGPT^Alanine Aminotransferase^^\SGOT^Aspartate Aminotransferase^^\TRIG^Triglycerides^^\BIT^T.BILL H^^\CHOL^T.CHOL^^\ALB^ALBUMIN ^^\ALP^ALKALINE ^^\TP^TP H^^\GGT^GGT H^^|R|20260827070424|20260827070424|||||||20260827070424|serum||||||||||F|||||[CR]R|352|BID^Bilirubin Direct (DSA Method)^^F|0.289420^^^^|mg/dL|^|N||F|0.289420^^^^|0|20260827073633||Mindry^[CR]R|353|SGPT^Alanine Aminotransferase^^F|68.480713^^^^|U/L|^|N||F|68.480713^^^^|0|20260827073625||Mindry^[CR]R|354|SGOT^Aspartate Aminotransferase^^F|44.366348^^^^|U/L|^|N||F|44.366348^^^^|0|20260827073633||Mindry^[CR]R|355|TRIG^Triglycerides^^F|196.461696^^^^|mg/dL|^|N||F|196.461696^^^^|0|20260827073659||Mindry^[CR]R|356|BIT^T.BILL H^^F|0.528480^^^^|mg/dL|^|N||F|0.528480^^^^|0|20260827073707||Mindry^[CR]R|357|CHOL^T.CHOL^^F|204.577922^^^^|mg/dL|^|N||F|204.577922^^^^|0|20260827073226||Mindry^[CR]R|358|ALB^ALBUMIN ^^F|4.247224^^^^|g/dL|^|N||F|4.247224^^^^|0|20260827073235||Mindry^[CR]R|359|ALP^ALKALINE ^^F|91.355335^^^^|U/L|^|N||F|91.355335^^^^|0|20260827073716||Mindry^[CR]R|360|TP^TP H^^F|6.750909^^^^|g/dL|^|N||F|6.750909^^^^|0|20260827073742||Mindry^[CR]R|361|GGT^GGT H^^F|67.083285^^^^|U/L|^|N||F|67.083285^^^^|0|20260827073733||Mindry^[CR]L|152|N[CR][ETX]11[CR][LF]
2026-08-27 07:37:42 - [EOT]
2026-08-27 07:39:59 - [ENQ]
2026-08-27 07:39:59 - [STX]1H|\^&|||Mindry^^|||||||PR|1394-97|20260827073959[CR]P|57||PATIENT111||ABC^^||19600315^66^Y|M||||||||||||||||||||||||||[CR]O|57|49^1^21|8307054|BID^Bilirubin Direct (DSA Method)^^\SGPT^Alanine Aminotransferase^^\SGOT^Aspartate Aminotransferase^^\TRIG^Triglycerides^^\CREAT^Creatinine (Sarcosine Oxidase Method)^^\PHOS^Phosphorus^^\BIT^T.BILL H^^\CHOL^T.CHOL^^\ALB^ALBUMIN ^^\ALP^ALKALINE ^^\URIC^URIC ACID^^\TP^TP H^^\GGT^GGT H^^\CAL^CA. SB^^\Iron^IRON^^\UREA^UREA^^|R|20260827070424|20260827070424|||||||20260827070424|serum||||||||||F|||||[CR]R|362|BID^Bilirubin Direct (DSA Method)^^F|0.261886^^^^|mg/dL|^|N||F|0.261886^^^^|0|20260827073759||Mindry^[CR]R|363|SGPT^Alanine Aminotransferase^^F|21.019756^^^^|U/L|^|N||F|21.019756^^^^|0|20260827073750||Mindry^[CR]R|364|SGOT^Aspartate Aminotransferase^^F|38.356908^^^^|U/L|^|N||F|38.356908^^^^|0|20260827073759||Mindry^[CR]R|365|TRIG^Triglycerides^^F|212.085144^^^^|mg/dL|^|N||F|212.085144^^^^|0|20260827073824||Mindry^[CR]R|366|CREAT^Creatinine (Sarcosine Oxidase Method)^^F|0.449423^^^^|mg/dL|^|N||F|0.449423^^^^|0|20260827073833||Mindry^[CR]R|367|PHOS^Phosphorus^^F|3.340234^^^^|mg/dL|^|N||F|3.340234^^^^|0|20260827073842||Mindry^[CR]R|368|BIT^T.BILL H^^F|0.874197^^^^|mg/dL|^|N||F|0.874197^^^^|0|20260827073850||Mindry^[CR]R|369|CHOL^T.CHOL^^F|158.415759^^^^|mg/dL|^|N||F|158.415759^^^^|0|20260827073409||Mindry^[CR]R|370|ALB^ALBUMIN ^^F|4.261161^^^^|g/dL|^|N||F|4.261161^^^^|0|20260827073418||Mindry^[CR]R|371|ALP^ALKALINE ^^F|186.514183^^^^|U/L|^|N||F|186.514183^^^^|0|20260827073859||Mindry^[CR]R|372|URIC^URIC ACID^^F|4.277900^^^^|mg/dL|^|N||F|4.277900^^^^|0|20260827073326||Mindry^[CR]R|373|TP^TP H^^F|6.832061^^^^|g/dL|^|N||F|6.832061^^^^|0|20260827073933||Mindry^[CR]R|374|GGT^GGT H^^F|19.761952^^^^|U/L|^|N||F|19.761952^^^^|0|20260827073924||Mindry^[CR]R|375|CAL^CA. SB^^F|10.123754^^^^|mg/dL|^|N||F|10.123754^^^^|0|20260827073500||Mindry^[CR]R|376|Iron^IRON^^F|-44.611384^^^^|g/dL|^|N||F|-44.611384^^^^|0|20260827073959||Mindry^[CR]R|377|UREA^UREA^^F|18.445818^^^^|mg/dL|^|N||F|18.445818^^^^|0|20260827073859||Mindry^[CR]L|153|N[CR][ETX]7E[CR][LF]
2026-08-27 07:39:59 - [EOT]
2026-08-27 07:42:07 - [ENQ]
2026-08-27 07:42:07 - [STX]1H|\^&|||Mindry^^|||||||PR|1394-97|20260827074207[CR]P|58||PATIENT111||ABC^^||19600315^66^Y|M||||||||||||||||||||||||||[CR]O|58|50^1^22|8306203|BID^Bilirubin Direct (DSA Method)^^\SGPT^Alanine Aminotransferase^^\SGOT^Aspartate Aminotransferase^^\TRIG^Triglycerides^^\CREAT^Creatinine (Sarcosine Oxidase Method)^^\BIT^T.BILL H^^\CHOL^T.CHOL^^\ALB^ALBUMIN ^^\ALP^ALKALINE ^^\URIC^URIC ACID^^\TP^TP H^^\GGT^GGT H^^\CAL^CA. SB^^\Iron^IRON^^\UREA^UREA^^|R|20260827070424|20260827070424|||||||20260827070424|serum||||||||||F|||||[CR]R|378|BID^Bilirubin Direct (DSA Method)^^F|0.212407^^^^|mg/dL|^|N||F|0.212407^^^^|0|20260827074016||Mindry^[CR]R|379|SGPT^Alanine Aminotransferase^^F|45.262031^^^^|U/L|^|N||F|45.262031^^^^|0|20260827074007||Mindry^[CR]R|380|SGOT^Aspartate Aminotransferase^^F|75.303911^^^^|U/L|^|N||F|75.303911^^^^|0|20260827074016||Mindry^[CR]R|381|TRIG^Triglycerides^^F|214.361003^^^^|mg/dL|^|N||F|214.361003^^^^|0|20260827074041||Mindry^[CR]R|382|CREAT^Creatinine (Sarcosine Oxidase Method)^^F|0.797213^^^^|mg/dL|^|N||F|0.797213^^^^|0|20260827074050||Mindry^[CR]R|383|BIT^T.BILL H^^F|0.623044^^^^|mg/dL|^|N||F|0.623044^^^^|0|20260827074059||Mindry^[CR]R|384|CHOL^T.CHOL^^F|290.657476^^^^|mg/dL|^|N||F|290.657476^^^^|0|20260827073617||Mindry^[CR]R|385|ALB^ALBUMIN ^^F|4.063476^^^^|g/dL|^|N||F|4.063476^^^^|0|20260827073626||Mindry^[CR]R|386|ALP^ALKALINE ^^F|57.642609^^^^|U/L|^|N||F|57.642609^^^^|0|20260827074107||Mindry^[CR]R|387|URIC^URIC ACID^^F|6.015727^^^^|mg/dL|^|N||F|6.015727^^^^|0|20260827073535||Mindry^[CR]R|388|TP^TP H^^F|6.540477^^^^|g/dL|^|N||F|6.540477^^^^|0|20260827074141||Mindry^[CR]R|389|GGT^GGT H^^F|20.967055^^^^|U/L|^|N||F|20.967055^^^^|0|20260827074133||Mindry^[CR]R|390|CAL^CA. SB^^F|9.460710^^^^|mg/dL|^|N||F|9.460710^^^^|0|20260827073709||Mindry^[CR]R|391|Iron^IRON^^F|-160.215467^^^^|g/dL|^|N||F|-160.215467^^^^|0|20260827074207||Mindry^[CR]R|392|UREA^UREA^^F|34.210606^^^^|mg/dL|^|N||F|34.210606^^^^|0|20260827074107||Mindry^[CR]L|154|N[CR][ETX]C4[CR][LF]
2026-08-27 07:42:07 - [EOT]
2026-08-27 07:44:24 - [ENQ]
2026-08-27 07:44:24 - [STX]1H|\^&|||Mindry^^|||||||PR|1394-97|20260827074424[CR]P|59||PATIENT111||ABC^^||19600315^66^Y|M||||||||||||||||||||||||||[CR]O|59|51^1^23|8760620|BID^Bilirubin Direct (DSA Method)^^\SGPT^Alanine Aminotransferase^^\SGOT^Aspartate Aminotransferase^^\TRIG^Triglycerides^^\CREAT^Creatinine (Sarcosine Oxidase Method)^^\PHOS^Phosphorus^^\BIT^T.BILL H^^\CHOL^T.CHOL^^\ALB^ALBUMIN ^^\ALP^ALKALINE ^^\URIC^URIC ACID^^\TP^TP H^^\GGT^GGT H^^\CAL^CA. SB^^\Iron^IRON^^\UREA^UREA^^|R|20260827070425|20260827070425|||||||20260827070425|serum||||||||||F|||||[CR]R|393|BID^Bilirubin Direct (DSA Method)^^F|0.137224^^^^|mg/dL|^|N||F|0.137224^^^^|0|20260827074224||Mindry^[CR]R|394|SGPT^Alanine Aminotransferase^^F|24.832829^^^^|U/L|^|N||F|24.832829^^^^|0|20260827074216||Mindry^[CR]R|395|SGOT^Aspartate Aminotransferase^^F|20.909433^^^^|U/L|^|N||F|20.909433^^^^|0|20260827074224||Mindry^[CR]R|396|TRIG^Triglycerides^^F|160.807621^^^^|mg/dL|^|N||F|160.807621^^^^|0|20260827074250||Mindry^[CR]R|397|CREAT^Creatinine (Sarcosine Oxidase Method)^^F|0.691719^^^^|mg/dL|^|N||F|0.691719^^^^|0|20260827074258||Mindry^[CR]R|398|PHOS^Phosphorus^^F|2.613073^^^^|mg/dL|^|N||F|2.613073^^^^|0|20260827074307||Mindry^[CR]R|399|BIT^T.BILL H^^F|0.313220^^^^|mg/dL|^|N||F|0.313220^^^^|0|20260827074316||Mindry^[CR]R|400|CHOL^T.CHOL^^F|182.410663^^^^|mg/dL|^|N||F|182.410663^^^^|0|20260827073834||Mindry^[CR]R|401|ALB^ALBUMIN ^^F|4.031742^^^^|g/dL|^|N||F|4.031742^^^^|0|20260827073843||Mindry^[CR]R|402|ALP^ALKALINE ^^F|76.807298^^^^|U/L|^|N||F|76.807298^^^^|0|20260827074324||Mindry^[CR]R|403|URIC^URIC ACID^^F|5.584586^^^^|mg/dL|^|N||F|5.584586^^^^|0|20260827073752||Mindry^[CR]R|404|TP^TP H^^F|6.587819^^^^|g/dL|^|N||F|6.587819^^^^|0|20260827074358||Mindry^[CR]R|405|GGT^GGT H^^F|48.144700^^^^|U/L|^|N||F|48.144700^^^^|0|20260827074350||Mindry^[CR]R|406|CAL^CA. SB^^F|9.960094^^^^|mg/dL|^|N||F|9.960094^^^^|0|20260827073926||Mindry^[CR]R|407|Iron^IRON^^F|-272.969953^^^^|g/dL|^|N||F|-272.969953^^^^|0|20260827074424||Mindry^[CR]R|408|UREA^UREA^^F|17.858034^^^^|mg/dL|^|N||F|17.858034^^^^|0|20260827074324||Mindry^[CR]L|155|N[CR][ETX]EA[CR][LF]
2026-08-27 07:44:24 - [EOT]
2026-08-27 07:46:41 - [ENQ]
2026-08-27 07:46:41 - [STX]1H|\^&|||Mindry^^|||||||PR|1394-97|20260827074641[CR]P|60||PATIENT111||ABC^^||19600315^66^Y|M||||||||||||||||||||||||||[CR]O|60|52^1^24|8760613|BID^Bilirubin Direct (DSA Method)^^\SGPT^Alanine Aminotransferase^^\SGOT^Aspartate Aminotransferase^^\CRP^C-Reactive Protein^^\TRIG^Triglycerides^^\CREAT^Creatinine (Sarcosine Oxidase Method)^^\BIT^T.BILL H^^\CHOL^T.CHOL^^\ALB^ALBUMIN ^^\ALP^ALKALINE ^^\URIC^URIC ACID^^\TP^TP H^^\GGT^GGT H^^\CAL^CA. SB^^\Iron^IRON^^\UREA^UREA^^|R|20260827070425|20260827070425|||||||20260827070425|serum||||||||||F|||||[CR]R|409|BID^Bilirubin Direct (DSA Method)^^F|0.223285^^^^|mg/dL|^|N||F|0.223285^^^^|0|20260827074441||Mindry^[CR]R|410|SGPT^Alanine Aminotransferase^^F|11.800699^^^^|U/L|^|N||F|11.800699^^^^|0|20260827074433||Mindry^[CR]R|411|SGOT^Aspartate Aminotransferase^^F|21.087799^^^^|U/L|^|N||F|21.087799^^^^|0|20260827074441||Mindry^[CR]R|412|CRP^C-Reactive Protein^^F|24.527380^^^^|mg/L|^|N||F|24.527380^^^^|0|20260827074507||Mindry^[CR]R|413|TRIG^Triglycerides^^F|209.373650^^^^|mg/dL|^|N||F|209.373650^^^^|0|20260827074515||Mindry^[CR]R|414|CREAT^Creatinine (Sarcosine Oxidase Method)^^F|0.516309^^^^|mg/dL|^|N||F|0.516309^^^^|0|20260827074524||Mindry^[CR]R|415|BIT^T.BILL H^^F|0.816945^^^^|mg/dL|^|N||F|0.816945^^^^|0|20260827074533||Mindry^[CR]R|416|CHOL^T.CHOL^^F|179.163780^^^^|mg/dL|^|N||F|179.163780^^^^|0|20260827074051||Mindry^[CR]R|417|ALB^ALBUMIN ^^F|3.843260^^^^|g/dL|^|N||F|3.843260^^^^|0|20260827074100||Mindry^[CR]R|418|ALP^ALKALINE ^^F|115.277432^^^^|U/L|^|N||F|115.277432^^^^|0|20260827074541||Mindry^[CR]R|419|URIC^URIC ACID^^F|3.425431^^^^|mg/dL|^|N||F|3.425431^^^^|0|20260827074009||Mindry^[CR]R|420|TP^TP H^^F|7.104145^^^^|g/dL|^|N||F|7.104145^^^^|0|20260827074615||Mindry^[CR]R|421|GGT^GGT H^^F|27.300653^^^^|U/L|^|N||F|27.300653^^^^|0|20260827074607||Mindry^[CR]R|422|CAL^CA. SB^^F|9.279021^^^^|mg/dL|^|N||F|9.279021^^^^|0|20260827074143||Mindry^[CR]R|423|Iron^IRON^^F|-87.503950^^^^|g/dL|^|N||F|-87.503950^^^^|0|20260827074641||Mindry^[CR]R|424|UREA^UREA^^F|30.312140^^^^|mg/dL|^|N||F|30.312140^^^^|0|20260827074541||Mindry^[CR]L|156|N[CR][ETX]5B[CR][LF]
2026-08-27 07:46:41 - [EOT]
2026-08-27 07:47:33 - [ENQ]
2026-08-27 07:47:33 - [STX]1H|\^&|||Mindry^^|||||||PR|1394-97|20260827074733[CR]P|61||PATIENT111||ABC^^||19600315^66^Y|M||||||||||||||||||||||||||[CR]O|61|54^1^26|8469312|GLU^GLU H^^|R|20260827070426|20260827070426|||||||20260827070426|serum||||||||||F|||||[CR]R|425|GLU^GLU H^^F|524.845604^^^^|mg/dL|^|N||F|524.845604^^^^|0|20260827074732||Mindry^[CR]L|157|N[CR][ETX]18[CR][LF]
2026-08-27 07:47:33 - [EOT]
2026-08-27 07:47:41 - [ENQ]
2026-08-27 07:47:41 - [STX]1H|\^&|||Mindry^^|||||||PR|1394-97|20260827074741[CR]P|62||PATIENT111||ABC^^||19600315^66^Y|M||||||||||||||||||||||||||[CR]O|62|55^1^27|7568284|GLU^GLU H^^|R|20260827070426|20260827070426|||||||20260827070426|serum||||||||||F|||||[CR]R|426|GLU^GLU H^^F|106.169865^^^^|mg/dL|^|N||F|106.169865^^^^|0|20260827074741||Mindry^[CR]L|158|N[CR][ETX]2C[CR][LF]
2026-08-27 07:47:41 - [EOT]
2026-08-27 07:47:50 - [ENQ]
2026-08-27 07:47:50 - [STX]1H|\^&|||Mindry^^|||||||PR|1394-97|20260827074750[CR]P|63||PATIENT111||ABC^^||19600315^66^Y|M||||||||||||||||||||||||||[CR]O|63|53^1^25|9165206|BID^Bilirubin Direct (DSA Method)^^\SGPT^Alanine Aminotransferase^^\ALB^ALBUMIN ^^\ALP^ALKALINE ^^\URIC^URIC ACID^^\TP^TP H^^\GGT^GGT H^^\CAL^CA. SB^^\UREA^UREA^^|R|20260827070425|20260827070425|||||||20260827070425|serum||||||||||F|||||[CR]R|427|BID^Bilirubin Direct (DSA Method)^^F|0.135668^^^^|mg/dL|^|N||F|0.135668^^^^|0|20260827074658||Mindry^[CR]R|428|SGPT^Alanine Aminotransferase^^F|19.860138^^^^|U/L|^|N||F|19.860138^^^^|0|20260827074650||Mindry^[CR]R|429|ALB^ALBUMIN ^^F|3.988136^^^^|g/dL|^|N||F|3.988136^^^^|0|20260827074234||Mindry^[CR]R|430|ALP^ALKALINE ^^F|84.946236^^^^|U/L|^|N||F|84.946236^^^^|0|20260827074715||Mindry^[CR]R|431|URIC^URIC ACID^^F|5.575562^^^^|mg/dL|^|N||F|5.575562^^^^|0|20260827074143||Mindry^[CR]R|432|TP^TP H^^F|6.879806^^^^|g/dL|^|N||F|6.879806^^^^|0|20260827074750||Mindry^[CR]R|433|GGT^GGT H^^F|89.771471^^^^|U/L|^|N||F|89.771471^^^^|0|20260827074741||Mindry^[CR]R|434|CAL^CA. SB^^F|10.019984^^^^|mg/dL|^|N||F|10.019984^^^^|0|20260827074317||Mindry^[CR]R|435|UREA^UREA^^F|15.141943^^^^|mg/dL|^|N||F|15.141943^^^^|0|20260827074707||Mindry^[CR]L|159|N[CR][ETX]B0[CR][LF]
2026-08-27 07:47:50 - [EOT]
2026-08-27 07:50:41 - [ENQ]
2026-08-27 07:50:41 - [STX]1H|\^&|||Mindry^^|||||||PR|1394-97|20260827075041[CR]P|64||PATIENT111||ABC^^||19600315^66^Y|M||||||||||||||||||||||||||[CR]O|64|56^1^29|8469314|BID^Bilirubin Direct (DSA Method)^^\SGPT^Alanine Aminotransferase^^\SGOT^Aspartate Aminotransferase^^\TRIG^Triglycerides^^\CREAT^Creatinine (Sarcosine Oxidase Method)^^\PHOS^Phosphorus^^\BIT^T.BILL H^^\CHOL^T.CHOL^^\ALB^ALBUMIN ^^\ALP^ALKALINE ^^\URIC^URIC ACID^^\TP^TP H^^\GGT^GGT H^^\CAL^CA. SB^^\Iron^IRON^^\UREA^UREA^^|R|20260827070426|20260827070426|||||||20260827070426|serum||||||||||F|||||[CR]R|436|BID^Bilirubin Direct (DSA Method)^^F|0.147637^^^^|mg/dL|^|N||F|0.147637^^^^|0|20260827074841||Mindry^[CR]R|437|SGPT^Alanine Aminotransferase^^F|19.643539^^^^|U/L|^|N||F|19.643539^^^^|0|20260827074832||Mindry^[CR]R|438|SGOT^Aspartate Aminotransferase^^F|30.978775^^^^|U/L|^|N||F|30.978775^^^^|0|20260827074841||Mindry^[CR]R|439|TRIG^Triglycerides^^F|239.562669^^^^|mg/dL|^|N||F|239.562669^^^^|0|20260827074907||Mindry^[CR]R|440|CREAT^Creatinine (Sarcosine Oxidase Method)^^F|0.668429^^^^|mg/dL|^|N||F|0.668429^^^^|0|20260827074915||Mindry^[CR]R|441|PHOS^Phosphorus^^F|3.161134^^^^|mg/dL|^|N||F|3.161134^^^^|0|20260827074924||Mindry^[CR]R|442|BIT^T.BILL H^^F|0.459940^^^^|mg/dL|^|N||F|0.459940^^^^|0|20260827074932||Mindry^[CR]R|443|CHOL^T.CHOL^^F|206.238813^^^^|mg/dL|^|N||F|206.238813^^^^|0|20260827074451||Mindry^[CR]R|444|ALB^ALBUMIN ^^F|3.541290^^^^|g/dL|^|N||F|3.541290^^^^|0|20260827074500||Mindry^[CR]R|445|ALP^ALKALINE ^^F|90.183718^^^^|U/L|^|N||F|90.183718^^^^|0|20260827074941||Mindry^[CR]R|446|URIC^URIC ACID^^F|4.804836^^^^|mg/dL|^|N||F|4.804836^^^^|0|20260827074408||Mindry^[CR]R|447|TP^TP H^^F|6.157306^^^^|g/dL|^|N||F|6.157306^^^^|0|20260827075015||Mindry^[CR]R|448|GGT^GGT H^^F|53.734988^^^^|U/L|^|N||F|53.734988^^^^|0|20260827075007||Mindry^[CR]R|449|CAL^CA. SB^^F|9.147360^^^^|mg/dL|^|N||F|9.147360^^^^|0|20260827074543||Mindry^[CR]R|450|Iron^IRON^^F|-187.188021^^^^|g/dL|^|N||F|-187.188021^^^^|0|20260827075041||Mindry^[CR]R|451|UREA^UREA^^F|17.728313^^^^|mg/dL|^|N||F|17.728313^^^^|0|20260827074941||Mindry^[CR]L|160|N[CR][ETX]31[CR][LF]
2026-08-27 07:50:41 - [EOT]
2026-08-27 07:51:15 - [ENQ]
2026-08-27 07:51:15 - [STX]1H|\^&|||Mindry^^|||||||PR|1394-97|20260827075115[CR]P|65||PATIENT111||ABC^^||19600315^66^Y|M||||||||||||||||||||||||||[CR]O|65|58^1^36|9165204|GLU^GLU H^^|R|20260827070427|20260827070427|||||||20260827070427|serum||||||||||F|||||[CR]R|452|GLU^GLU H^^F|93.010730^^^^|mg/dL|^|N||F|93.010730^^^^|0|20260827075115||Mindry^[CR]L|161|N[CR][ETX]96[CR][LF]
2026-08-27 07:51:15 - [EOT]
2026-08-27 07:51:24 - [ENQ]
2026-08-27 07:51:24 - [STX]1H|\^&|||Mindry^^|||||||PR|1394-97|20260827075124[CR]P|66||PATIENT111||ABC^^||19600315^66^Y|M||||||||||||||||||||||||||[CR]O|66|59^1^37|8760633|GLU^GLU H^^|R|20260827070427|20260827070427|||||||20260827070427|serum||||||||||F|||||[CR]R|453|GLU^GLU H^^F|92.119934^^^^|mg/dL|^|N||F|92.119934^^^^|0|20260827075124||Mindry^[CR]L|162|N[CR][ETX]C0[CR][LF]
2026-08-27 07:51:24 - [EOT]
2026-08-27 07:51:32 - [ENQ]
2026-08-27 07:51:32 - [STX]1H|\^&|||Mindry^^|||||||PR|1394-97|20260827075132[CR]P|67||PATIENT111||ABC^^||19600315^66^Y|M||||||||||||||||||||||||||[CR]O|67|60^1^39|8469325|GLU^GLU H^^|R|20260827070427|20260827070427|||||||20260827070427|serum||||||||||F|||||[CR]R|454|GLU^GLU H^^F|178.375238^^^^|mg/dL|^|N||F|178.375238^^^^|0|20260827075132||Mindry^[CR]L|163|N[CR][ETX]2C[CR][LF]
2026-08-27 07:51:32 - [EOT]
2026-08-27 07:51:41 - [ENQ]
2026-08-27 07:51:41 - [STX]1H|\^&|||Mindry^^|||||||PR|1394-97|20260827075141[CR]P|68||PATIENT111||ABC^^||19600315^66^Y|M||||||||||||||||||||||||||[CR]O|68|61^1^56|8469317|GLU^GLU H^^|R|20260827070428|20260827070428|||||||20260827070428|serum||||||||||F|||||[CR]R|455|GLU^GLU H^^F|304.844146^^^^|mg/dL|^|N||F|304.844146^^^^|0|20260827075141||Mindry^[CR]L|164|N[CR][ETX]20[CR][LF]
2026-08-27 07:51:41 - [EOT]
2026-08-27 07:51:49 - [ENQ]
2026-08-27 07:51:49 - [STX]1H|\^&|||Mindry^^|||||||PR|1394-97|20260827075149[CR]P|69||PATIENT111||ABC^^||19600315^66^Y|M||||||||||||||||||||||||||[CR]O|69|62^1^57|8760619|GLU^GLU H^^|R|20260827070428|20260827070428|||||||20260827070428|serum||||||||||F|||||[CR]R|456|GLU^GLU H^^F|113.918125^^^^|mg/dL|^|N||F|113.918125^^^^|0|20260827075149||Mindry^[CR]L|165|N[CR][ETX]2F[CR][LF]
2026-08-27 07:51:49 - [EOT]
2026-08-27 07:51:50 - [ENQ]
2026-08-27 07:51:50 - [STX]1H|\^&|||Mindry^^|||||||PR|1394-97|20260827075150[CR]P|70||PATIENT111||ABC^^||19600315^66^Y|M||||||||||||||||||||||||||[CR]O|70|57^1^35|9162887|BID^Bilirubin Direct (DSA Method)^^\SGPT^Alanine Aminotransferase^^\SGOT^Aspartate Aminotransferase^^\BIT^T.BILL H^^\ALB^ALBUMIN ^^\ALP^ALKALINE ^^\TP^TP H^^\GGT^GGT H^^|R|20260827070426|20260827070426|||||||20260827070427|serum||||||||||F|||||[CR]R|457|BID^Bilirubin Direct (DSA Method)^^F|0.273033^^^^|mg/dL|^|N||F|0.273033^^^^|0|20260827075058||Mindry^[CR]R|458|SGPT^Alanine Aminotransferase^^F|22.474455^^^^|U/L|^|N||F|22.474455^^^^|0|20260827075049||Mindry^[CR]R|459|SGOT^Aspartate Aminotransferase^^F|36.776062^^^^|U/L|^|N||F|36.776062^^^^|0|20260827075058||Mindry^[CR]R|460|BIT^T.BILL H^^F|0.495376^^^^|mg/dL|^|N||F|0.495376^^^^|0|20260827075124||Mindry^[CR]R|461|ALB^ALBUMIN ^^F|3.855872^^^^|g/dL|^|N||F|3.855872^^^^|0|20260827074643||Mindry^[CR]R|462|ALP^ALKALINE ^^F|52.188872^^^^|U/L|^|N||F|52.188872^^^^|0|20260827075124||Mindry^[CR]R|463|TP^TP H^^F|6.846637^^^^|g/dL|^|N||F|6.846637^^^^|0|20260827075149||Mindry^[CR]R|464|GGT^GGT H^^F|21.006559^^^^|U/L|^|N||F|21.006559^^^^|0|20260827075141||Mindry^[CR]L|166|N[CR][ETX]44[CR][LF]
2026-08-27 07:51:50 - [EOT]
2026-08-27 07:51:58 - [ENQ]
2026-08-27 07:51:58 - [STX]1H|\^&|||Mindry^^|||||||PR|1394-97|20260827075158[CR]P|71||PATIENT111||ABC^^||19600315^66^Y|M||||||||||||||||||||||||||[CR]O|71|63^1^58|9570109|GLU^GLU H^^|R|20260827070428|20260827070428|||||||20260827070428|serum||||||||||F|||||[CR]R|465|GLU^GLU H^^F|137.643501^^^^|mg/dL|^|N||F|137.643501^^^^|0|20260827075158||Mindry^[CR]L|167|N[CR][ETX]1D[CR][LF]
2026-08-27 07:51:58 - [EOT]
2026-08-27 07:52:07 - [ENQ]
2026-08-27 07:52:07 - [STX]1H|\^&|||Mindry^^|||||||PR|1394-97|20260827075207[CR]P|72||PATIENT111||ABC^^||19600315^66^Y|M||||||||||||||||||||||||||[CR]O|72|64^1^59|8306205|GLU^GLU H^^|R|20260827070428|20260827070428|||||||20260827070428|serum||||||||||F|||||[CR]R|466|GLU^GLU H^^F|81.898065^^^^|mg/dL|^|N||F|81.898065^^^^|0|20260827075206||Mindry^[CR]L|168|N[CR][ETX]CF[CR][LF]
2026-08-27 07:52:07 - [EOT]
2026-08-27 07:53:07 - [ENQ]
2026-08-27 07:53:07 - [STX]1H|\^&|||Mindry^^|||||||PR|1394-97|20260827075307[CR]P|73||PATIENT111||ABC^^||19600315^66^Y|M||||||||||||||||||||||||||[CR]O|73|65^1^60|8760625|TRIG^Triglycerides^^\CHOL^T.CHOL^^|R|20260827070429|20260827070429|||||||20260827070429|serum||||||||||F|||||[CR]R|467|TRIG^Triglycerides^^F|141.664386^^^^|mg/dL|^|N||F|141.664386^^^^|0|20260827075306||Mindry^[CR]R|468|CHOL^T.CHOL^^F|145.965574^^^^|mg/dL|^|N||F|145.965574^^^^|0|20260827074825||Mindry^[CR]L|169|N[CR][ETX]21[CR][LF]
2026-08-27 07:53:07 - [EOT]
2026-08-27 07:53:24 - [ENQ]
2026-08-27 07:53:24 - [STX]1H|\^&|||Mindry^^|||||||PR|1394-97|20260827075324[CR]P|74||PATIENT111||ABC^^||19600315^66^Y|M||||||||||||||||||||||||||[CR]O|74|66^1^61|8306043|CRP^C-Reactive Protein^^|R|20260827070429|20260827070429|||||||20260827070429|serum||||||||||F|||||[CR]R|469|CRP^C-Reactive Protein^^F|0.000000^^^^|mg/L|^|N||F|0.000000^^^^|0|20260827075324||Mindry^[CR]L|170|N[CR][ETX]52[CR][LF]
2026-08-27 07:53:24 - [EOT]
2026-08-27 07:55:32 - [ENQ]
2026-08-27 07:55:32 - [STX]1H|\^&|||Mindry^^|||||||PR|1394-97|20260827075532[CR]P|75||PATIENT111||ABC^^||19600315^66^Y|M||||||||||||||||||||||||||[CR]O|75|67^1^62|8308503|BID^Bilirubin Direct (DSA Method)^^\SGPT^Alanine Aminotransferase^^\SGOT^Aspartate Aminotransferase^^\TRIG^Triglycerides^^\CREAT^Creatinine (Sarcosine Oxidase Method)^^\PHOS^Phosphorus^^\BIT^T.BILL H^^\CHOL^T.CHOL^^\ALB^ALBUMIN ^^\ALP^ALKALINE ^^\URIC^URIC ACID^^\TP^TP H^^\GGT^GGT H^^\CAL^CA. SB^^\Iron^IRON^^\UREA^UREA^^|R|20260827070429|20260827070429|||||||20260827070429|serum||||||||||F|||||[CR]R|470|BID^Bilirubin Direct (DSA Method)^^F|0.132625^^^^|mg/dL|^|N||F|0.132625^^^^|0|20260827075332||Mindry^[CR]R|471|SGPT^Alanine Aminotransferase^^F|125.653501^^^^|U/L|^|N||F|125.653501^^^^|0|20260827075324||Mindry^[CR]R|472|SGOT^Aspartate Aminotransferase^^F|98.352706^^^^|U/L|^|N||F|98.352706^^^^|0|20260827075332||Mindry^[CR]R|473|TRIG^Triglycerides^^F|509.428418^^^^|mg/dL|^|N||F|509.428418^^^^|0|20260827075358||Mindry^[CR]R|474|CREAT^Creatinine (Sarcosine Oxidase Method)^^F|0.723715^^^^|mg/dL|^|N||F|0.723715^^^^|0|20260827075406||Mindry^[CR]R|475|PHOS^Phosphorus^^F|1.953249^^^^|mg/dL|^|N||F|1.953249^^^^|0|20260827075415||Mindry^[CR]R|476|BIT^T.BILL H^^F|0.302644^^^^|mg/dL|^|N||F|0.302644^^^^|0|20260827075424||Mindry^[CR]R|477|CHOL^T.CHOL^^F|221.599790^^^^|mg/dL|^|N||F|221.599790^^^^|0|20260827074942||Mindry^[CR]R|478|ALB^ALBUMIN ^^F|4.210781^^^^|g/dL|^|N||F|4.210781^^^^|0|20260827074951||Mindry^[CR]R|479|ALP^ALKALINE ^^F|73.240346^^^^|U/L|^|N||F|73.240346^^^^|0|20260827075432||Mindry^[CR]R|480|URIC^URIC ACID^^F|8.834441^^^^|mg/dL|^|N||F|8.834441^^^^|0|20260827074900||Mindry^[CR]R|481|TP^TP H^^F|6.673127^^^^|g/dL|^|N||F|6.673127^^^^|0|20260827075506||Mindry^[CR]R|482|GGT^GGT H^^F|98.793533^^^^|U/L|^|N||F|98.793533^^^^|0|20260827075458||Mindry^[CR]R|483|CAL^CA. SB^^F|9.945408^^^^|mg/dL|^|N||F|9.945408^^^^|0|20260827075034||Mindry^[CR]R|484|Iron^IRON^^F|-120.989125^^^^|g/dL|^|N||F|-120.989125^^^^|0|20260827075532||Mindry^[CR]R|485|UREA^UREA^^F|32.566976^^^^|mg/dL|^|N||F|32.566976^^^^|0|20260827075432||Mindry^[CR]L|171|N[CR][ETX]A5[CR][LF]
2026-08-27 07:55:32 - [EOT]
2026-08-27 07:57:49 - [ENQ]
2026-08-27 07:57:49 - [STX]1H|\^&|||Mindry^^|||||||PR|1394-97|20260827075749[CR]P|76||PATIENT111||ABC^^||19600315^66^Y|M||||||||||||||||||||||||||[CR]O|76|68^1^63|8760611|BID^Bilirubin Direct (DSA Method)^^\SGPT^Alanine Aminotransferase^^\SGOT^Aspartate Aminotransferase^^\CRP^C-Reactive Protein^^\TRIG^Triglycerides^^\CREAT^Creatinine (Sarcosine Oxidase Method)^^\BIT^T.BILL H^^\CHOL^T.CHOL^^\ALB^ALBUMIN ^^\ALP^ALKALINE ^^\URIC^URIC ACID^^\TP^TP H^^\GGT^GGT H^^\CAL^CA. SB^^\Iron^IRON^^\UREA^UREA^^|R|20260827070429|20260827070429|||||||20260827070430|serum||||||||||F|||||[CR]R|486|BID^Bilirubin Direct (DSA Method)^^F|0.192242^^^^|mg/dL|^|N||F|0.192242^^^^|0|20260827075549||Mindry^[CR]R|487|SGPT^Alanine Aminotransferase^^F|14.280529^^^^|U/L|^|N||F|14.280529^^^^|0|20260827075541||Mindry^[CR]R|488|SGOT^Aspartate Aminotransferase^^F|39.568800^^^^|U/L|^|N||F|39.568800^^^^|0|20260827075549||Mindry^[CR]R|489|CRP^C-Reactive Protein^^F|0.000000^^^^|mg/L|^|N||F|0.000000^^^^|0|20260827075615||Mindry^[CR]R|490|TRIG^Triglycerides^^F|257.956839^^^^|mg/dL|^|N||F|257.956839^^^^|0|20260827075624||Mindry^[CR]R|491|CREAT^Creatinine (Sarcosine Oxidase Method)^^F|0.607700^^^^|mg/dL|^|N||F|0.607700^^^^|0|20260827075632||Mindry^[CR]R|492|BIT^T.BILL H^^F|0.307550^^^^|mg/dL|^|N||F|0.307550^^^^|0|20260827075641||Mindry^[CR]R|493|CHOL^T.CHOL^^F|224.746647^^^^|mg/dL|^|N||F|224.746647^^^^|0|20260827075159||Mindry^[CR]R|494|ALB^ALBUMIN ^^F|3.880580^^^^|g/dL|^|N||F|3.880580^^^^|0|20260827075208||Mindry^[CR]R|495|ALP^ALKALINE ^^F|81.456100^^^^|U/L|^|N||F|81.456100^^^^|0|20260827075649||Mindry^[CR]R|496|URIC^URIC ACID^^F|6.188598^^^^|mg/dL|^|N||F|6.188598^^^^|0|20260827075117||Mindry^[CR]R|497|TP^TP H^^F|6.281472^^^^|g/dL|^|N||F|6.281472^^^^|0|20260827075723||Mindry^[CR]R|498|GGT^GGT H^^F|23.196118^^^^|U/L|^|N||F|23.196118^^^^|0|20260827075715||Mindry^[CR]R|499|CAL^CA. SB^^F|9.442968^^^^|mg/dL|^|N||F|9.442968^^^^|0|20260827075251||Mindry^[CR]R|500|Iron^IRON^^F|108.678133^^^^|g/dL|^|N||F|108.678133^^^^|0|20260827075749||Mindry^[CR]R|501|UREA^UREA^^F|24.225676^^^^|mg/dL|^|N||F|24.225676^^^^|0|20260827075649||Mindry^[CR]L|172|N[CR][ETX]C1[CR][LF]
2026-08-27 07:57:49 - [EOT]
2026-08-27 08:00:06 - [ENQ]
2026-08-27 08:00:06 - [STX]1H|\^&|||Mindry^^|||||||PR|1394-97|20260827080006[CR]P|77||PATIENT111||ABC^^||19600315^66^Y|M||||||||||||||||||||||||||[CR]O|77|69^1^64|8760617|BID^Bilirubin Direct (DSA Method)^^\SGPT^Alanine Aminotransferase^^\SGOT^Aspartate Aminotransferase^^\TRIG^Triglycerides^^\CREAT^Creatinine (Sarcosine Oxidase Method)^^\PHOS^Phosphorus^^\BIT^T.BILL H^^\CHOL^T.CHOL^^\ALB^ALBUMIN ^^\ALP^ALKALINE ^^\URIC^URIC ACID^^\TP^TP H^^\GGT^GGT H^^\CAL^CA. SB^^\Iron^IRON^^\UREA^UREA^^|R|20260827070430|20260827070430|||||||20260827070430|serum||||||||||F|||||[CR]R|502|BID^Bilirubin Direct (DSA Method)^^F|0.112258^^^^|mg/dL|^|N||F|0.112258^^^^|0|20260827075806||Mindry^[CR]R|503|SGPT^Alanine Aminotransferase^^F|34.568973^^^^|U/L|^|N||F|34.568973^^^^|0|20260827075758||Mindry^[CR]R|504|SGOT^Aspartate Aminotransferase^^F|31.915417^^^^|U/L|^|N||F|31.915417^^^^|0|20260827075806||Mindry^[CR]R|505|TRIG^Triglycerides^^F|141.401845^^^^|mg/dL|^|N||F|141.401845^^^^|0|20260827075832||Mindry^[CR]R|506|CREAT^Creatinine (Sarcosine Oxidase Method)^^F|0.684810^^^^|mg/dL|^|N||F|0.684810^^^^|0|20260827075840||Mindry^[CR]R|507|PHOS^Phosphorus^^F|2.995154^^^^|mg/dL|^|N||F|2.995154^^^^|0|20260827075849||Mindry^[CR]R|508|BIT^T.BILL H^^F|0.277077^^^^|mg/dL|^|N||F|0.277077^^^^|0|20260827075858||Mindry^[CR]R|509|CHOL^T.CHOL^^F|171.277129^^^^|mg/dL|^|N||F|171.277129^^^^|0|20260827075417||Mindry^[CR]R|510|ALB^ALBUMIN ^^F|4.055476^^^^|g/dL|^|N||F|4.055476^^^^|0|20260827075425||Mindry^[CR]R|511|ALP^ALKALINE ^^F|63.598780^^^^|U/L|^|N||F|63.598780^^^^|0|20260827075906||Mindry^[CR]R|512|URIC^URIC ACID^^F|6.669354^^^^|mg/dL|^|N||F|6.669354^^^^|0|20260827075334||Mindry^[CR]R|513|TP^TP H^^F|6.582081^^^^|g/dL|^|N||F|6.582081^^^^|0|20260827075940||Mindry^[CR]R|514|GGT^GGT H^^F|56.450419^^^^|U/L|^|N||F|56.450419^^^^|0|20260827075932||Mindry^[CR]R|515|CAL^CA. SB^^F|9.571174^^^^|mg/dL|^|N||F|9.571174^^^^|0|20260827075508||Mindry^[CR]R|516|Iron^IRON^^F|66.780280^^^^|g/dL|^|N||F|66.780280^^^^|0|20260827080006||Mindry^[CR]R|517|UREA^UREA^^F|20.743512^^^^|mg/dL|^|N||F|20.743512^^^^|0|20260827075906||Mindry^[CR]L|173|N[CR][ETX]53[CR][LF]
2026-08-27 08:00:06 - [EOT]
2026-08-27 08:02:23 - [ENQ]
2026-08-27 08:02:23 - [STX]1H|\^&|||Mindry^^|||||||PR|1394-97|20260827080223[CR]P|78||PATIENT111||ABC^^||19600315^66^Y|M||||||||||||||||||||||||||[CR]O|78|70^1^65|8469324|BID^Bilirubin Direct (DSA Method)^^\SGPT^Alanine Aminotransferase^^\SGOT^Aspartate Aminotransferase^^\TRIG^Triglycerides^^\CREAT^Creatinine (Sarcosine Oxidase Method)^^\PHOS^Phosphorus^^\BIT^T.BILL H^^\CHOL^T.CHOL^^\ALB^ALBUMIN ^^\ALP^ALKALINE ^^\URIC^URIC ACID^^\TP^TP H^^\GGT^GGT H^^\CAL^CA. SB^^\Iron^IRON^^\UREA^UREA^^|R|20260827070430|20260827070430|||||||20260827070430|serum||||||||||F|||||[CR]R|518|BID^Bilirubin Direct (DSA Method)^^F|0.245184^^^^|mg/dL|^|N||F|0.245184^^^^|0|20260827080023||Mindry^[CR]R|519|SGPT^Alanine Aminotransferase^^F|32.991117^^^^|U/L|^|N||F|32.991117^^^^|0|20260827080015||Mindry^[CR]R|520|SGOT^Aspartate Aminotransferase^^F|47.977817^^^^|U/L|^|N||F|47.977817^^^^|0|20260827080023||Mindry^[CR]R|521|TRIG^Triglycerides^^F|216.180318^^^^|mg/dL|^|N||F|216.180318^^^^|0|20260827080049||Mindry^[CR]R|522|CREAT^Creatinine (Sarcosine Oxidase Method)^^F|0.529993^^^^|mg/dL|^|N||F|0.529993^^^^|0|20260827080057||Mindry^[CR]R|523|PHOS^Phosphorus^^F|6.015751^^^^|mg/dL|^|N||F|6.015751^^^^|0|20260827080106||Mindry^[CR]R|524|BIT^T.BILL H^^F|0.571315^^^^|mg/dL|^|N||F|0.571315^^^^|0|20260827080115||Mindry^[CR]R|525|CHOL^T.CHOL^^F|216.206943^^^^|mg/dL|^|N||F|216.206943^^^^|0|20260827075634||Mindry^[CR]R|526|ALB^ALBUMIN ^^F|3.967058^^^^|g/dL|^|N||F|3.967058^^^^|0|20260827075642||Mindry^[CR]R|527|ALP^ALKALINE ^^F|141.875920^^^^|U/L|^|N||F|141.875920^^^^|0|20260827080123||Mindry^[CR]R|528|URIC^URIC ACID^^F|2.081615^^^^|mg/dL|^|N||F|2.081615^^^^|0|20260827075551||Mindry^[CR]R|529|TP^TP H^^F|6.948040^^^^|g/dL|^|N||F|6.948040^^^^|0|20260827080157||Mindry^[CR]R|530|GGT^GGT H^^F|30.708439^^^^|U/L|^|N||F|30.708439^^^^|0|20260827080149||Mindry^[CR]R|531|CAL^CA. SB^^F|9.623437^^^^|mg/dL|^|N||F|9.623437^^^^|0|20260827075725||Mindry^[CR]R|532|Iron^IRON^^F|-188.492506^^^^|g/dL|^|N||F|-188.492506^^^^|0|20260827080223||Mindry^[CR]R|533|UREA^UREA^^F|28.190072^^^^|mg/dL|^|N||F|28.190072^^^^|0|20260827080123||Mindry^[CR]L|174|N[CR][ETX]04[CR][LF]
2026-08-27 08:02:23 - [EOT]
2026-08-27 08:04:32 - [ENQ]
2026-08-27 08:04:32 - [STX]1H|\^&|||Mindry^^|||||||PR|1394-97|20260827080432[CR]P|79||PATIENT111||ABC^^||19600315^66^Y|M||||||||||||||||||||||||||[CR]O|79|71^1^67|8306206|BID^Bilirubin Direct (DSA Method)^^\SGPT^Alanine Aminotransferase^^\SGOT^Aspartate Aminotransferase^^\TRIG^Triglycerides^^\CREAT^Creatinine (Sarcosine Oxidase Method)^^\BIT^T.BILL H^^\CHOL^T.CHOL^^\ALB^ALBUMIN ^^\ALP^ALKALINE ^^\URIC^URIC ACID^^\TP^TP H^^\GGT^GGT H^^\CAL^CA. SB^^\Iron^IRON^^\UREA^UREA^^|R|20260827070430|20260827070430|||||||20260827070430|serum||||||||||F|||||[CR]R|534|BID^Bilirubin Direct (DSA Method)^^F|0.185154^^^^|mg/dL|^|N||F|0.185154^^^^|0|20260827080240||Mindry^[CR]R|535|SGPT^Alanine Aminotransferase^^F|22.223681^^^^|U/L|^|N||F|22.223681^^^^|0|20260827080232||Mindry^[CR]R|536|SGOT^Aspartate Aminotransferase^^F|23.272001^^^^|U/L|^|N||F|23.272001^^^^|0|20260827080240||Mindry^[CR]R|537|TRIG^Triglycerides^^F|94.553285^^^^|mg/dL|^|N||F|94.553285^^^^|0|20260827080306||Mindry^[CR]R|538|CREAT^Creatinine (Sarcosine Oxidase Method)^^F|0.468741^^^^|mg/dL|^|N||F|0.468741^^^^|0|20260827080314||Mindry^[CR]R|539|BIT^T.BILL H^^F|0.391509^^^^|mg/dL|^|N||F|0.391509^^^^|0|20260827080323||Mindry^[CR]R|540|CHOL^T.CHOL^^F|172.264179^^^^|mg/dL|^|N||F|172.264179^^^^|0|20260827075842||Mindry^[CR]R|541|ALB^ALBUMIN ^^F|4.084860^^^^|g/dL|^|N||F|4.084860^^^^|0|20260827075851||Mindry^[CR]R|542|ALP^ALKALINE ^^F|50.678406^^^^|U/L|^|N||F|50.678406^^^^|0|20260827080332||Mindry^[CR]R|543|URIC^URIC ACID^^F|3.231642^^^^|mg/dL|^|N||F|3.231642^^^^|0|20260827075759||Mindry^[CR]R|544|TP^TP H^^F|6.516541^^^^|g/dL|^|N||F|6.516541^^^^|0|20260827080406||Mindry^[CR]R|545|GGT^GGT H^^F|24.242628^^^^|U/L|^|N||F|24.242628^^^^|0|20260827080357||Mindry^[CR]R|546|CAL^CA. SB^^F|9.883659^^^^|mg/dL|^|N||F|9.883659^^^^|0|20260827075933||Mindry^[CR]R|547|Iron^IRON^^F|-40.541263^^^^|g/dL|^|N||F|-40.541263^^^^|0|20260827080431||Mindry^[CR]R|548|UREA^UREA^^F|21.742602^^^^|mg/dL|^|N||F|21.742602^^^^|0|20260827080331||Mindry^[CR]L|175|N[CR][ETX]12[CR][LF]
2026-08-27 08:04:32 - [EOT]
2026-08-27 08:06:14 - [ENQ]
2026-08-27 08:06:14 - [STX]1H|\^&|||Mindry^^|||||||PR|1394-97|20260827080614[CR]P|80||||^^||^^|U||||||||||||||||||||||||||[CR]O|80|73^1^28|8306040|GLU^GLU H^^|R|20260827071707|20260827071656|||||||20260827071656|serum||||||||||F|||||[CR]R|549|GLU^GLU H^^F|98.086607^^^^|mg/dL|^|N||F|98.086607^^^^|0|20260827080614||Mindry^[CR]L|176|N[CR][ETX]07[CR][LF]
2026-08-27 08:06:14 - [EOT]
2026-08-27 08:06:48 - [ENQ]
2026-08-27 08:06:48 - [STX]1H|\^&|||Mindry^^|||||||PR|1394-97|20260827080648[CR]P|81||PATIENT111||ABC^^||19600315^66^Y|M||||||||||||||||||||||||||[CR]O|81|72^1^68|7568286|BID^Bilirubin Direct (DSA Method)^^\SGPT^Alanine Aminotransferase^^\SGOT^Aspartate Aminotransferase^^\TRIG^Triglycerides^^\CREAT^Creatinine (Sarcosine Oxidase Method)^^\PHOS^Phosphorus^^\BIT^T.BILL H^^\CHOL^T.CHOL^^\ALB^ALBUMIN ^^\ALP^ALKALINE ^^\URIC^URIC ACID^^\TP^TP H^^\GGT^GGT H^^\CAL^CA. SB^^\Iron^IRON^^\UREA^UREA^^|R|20260827070431|20260827070431|||||||20260827070431|serum||||||||||F|||||[CR]R|550|BID^Bilirubin Direct (DSA Method)^^F|0.115420^^^^|mg/dL|^|N||F|0.115420^^^^|0|20260827080449||Mindry^[CR]R|551|SGPT^Alanine Aminotransferase^^F|29.935855^^^^|U/L|^|N||F|29.935855^^^^|0|20260827080440||Mindry^[CR]R|552|SGOT^Aspartate Aminotransferase^^F|25.939124^^^^|U/L|^|N||F|25.939124^^^^|0|20260827080449||Mindry^[CR]R|553|TRIG^Triglycerides^^F|453.943626^^^^|mg/dL|^|N||F|453.943626^^^^|0|20260827080514||Mindry^[CR]R|554|CREAT^Creatinine (Sarcosine Oxidase Method)^^F|0.686710^^^^|mg/dL|^|N||F|0.686710^^^^|0|20260827080523||Mindry^[CR]R|555|PHOS^Phosphorus^^F|3.458289^^^^|mg/dL|^|N||F|3.458289^^^^|0|20260827080531||Mindry^[CR]R|556|BIT^T.BILL H^^F|0.244920^^^^|mg/dL|^|N||F|0.244920^^^^|0|20260827080540||Mindry^[CR]R|557|CHOL^T.CHOL^^F|235.181921^^^^|mg/dL|^|N||F|235.181921^^^^|0|20260827080059||Mindry^[CR]R|558|ALB^ALBUMIN ^^F|3.990055^^^^|g/dL|^|N||F|3.990055^^^^|0|20260827080108||Mindry^[CR]R|559|ALP^ALKALINE ^^F|85.787681^^^^|U/L|^|N||F|85.787681^^^^|0|20260827080548||Mindry^[CR]R|560|URIC^URIC ACID^^F|7.631969^^^^|mg/dL|^|N||F|7.631969^^^^|0|20260827080016||Mindry^[CR]R|561|TP^TP H^^F|6.508588^^^^|g/dL|^|N||F|6.508588^^^^|0|20260827080623||Mindry^[CR]R|562|GGT^GGT H^^F|57.231804^^^^|U/L|^|N||F|57.231804^^^^|0|20260827080614||Mindry^[CR]R|563|CAL^CA. SB^^F|9.931104^^^^|mg/dL|^|N||F|9.931104^^^^|0|20260827080150||Mindry^[CR]R|564|Iron^IRON^^F|-264.646063^^^^|g/dL|^|N||F|-264.646063^^^^|0|20260827080648||Mindry^[CR]R|565|UREA^UREA^^F|23.377979^^^^|mg/dL|^|N||F|23.377979^^^^|0|20260827080548||Mindry^[CR]L|177|N[CR][ETX]3F[CR][LF]
2026-08-27 08:06:48 - [EOT]
2026-08-27 08:07:14 - [ENQ]
2026-08-27 08:07:14 - [STX]1H|\^&|||Mindry^^|||||||PR|1394-97|20260827080714[CR]P|82||||^^||^^|U||||||||||||||||||||||||||[CR]O|82|74^1^30|8469327|TRIG^Triglycerides^^\CHOL^T.CHOL^^|R|20260827071726|20260827071707|||||||20260827071707|serum||||||||||F|||||[CR]R|566|TRIG^Triglycerides^^F|240.570611^^^^|mg/dL|^|N||F|240.570611^^^^|0|20260827080714||Mindry^[CR]R|567|CHOL^T.CHOL^^F|265.655010^^^^|mg/dL|^|N||F|265.655010^^^^|0|20260827080233||Mindry^[CR]L|178|N[CR][ETX]19[CR][LF]
2026-08-27 08:07:14 - [EOT]
2026-08-27 08:09:14 - [ENQ]
2026-08-27 08:09:14 - [STX]1H|\^&|||Mindry^^|||||||PR|1394-97|20260827080914[CR]P|83||||^^||^^|U||||||||||||||||||||||||||[CR]O|83|75^1^31|8308499|BID^Bilirubin Direct (DSA Method)^^\SGPT^Alanine Aminotransferase^^\SGOT^Aspartate Aminotransferase^^\TRIG^Triglycerides^^\CREAT^Creatinine (Sarcosine Oxidase Method)^^\BIT^T.BILL H^^\CHOL^T.CHOL^^\ALB^ALBUMIN ^^\ALP^ALKALINE ^^\URIC^URIC ACID^^\TP^TP H^^\GGT^GGT H^^\Iron^IRON^^\UREA^UREA^^|R|20260827071818|20260827071726|||||||20260827071726|serum||||||||||F|||||[CR]R|568|BID^Bilirubin Direct (DSA Method)^^F|0.355460^^^^|mg/dL|^|N||F|0.355460^^^^|0|20260827080731||Mindry^[CR]R|569|SGPT^Alanine Aminotransferase^^F|33.224800^^^^|U/L|^|N||F|33.224800^^^^|0|20260827080722||Mindry^[CR]R|570|SGOT^Aspartate Aminotransferase^^F|34.578058^^^^|U/L|^|N||F|34.578058^^^^|0|20260827080731||Mindry^[CR]R|571|TRIG^Triglycerides^^F|139.479603^^^^|mg/dL|^|N||F|139.479603^^^^|0|20260827080757||Mindry^[CR]R|572|CREAT^Creatinine (Sarcosine Oxidase Method)^^F|0.416383^^^^|mg/dL|^|N||F|0.416383^^^^|0|20260827080805||Mindry^[CR]R|573|BIT^T.BILL H^^F|1.077001^^^^|mg/dL|^|N||F|1.077001^^^^|0|20260827080814||Mindry^[CR]R|574|CHOL^T.CHOL^^F|170.594297^^^^|mg/dL|^|N||F|170.594297^^^^|0|20260827080333||Mindry^[CR]R|575|ALB^ALBUMIN ^^F|3.713313^^^^|g/dL|^|N||F|3.713313^^^^|0|20260827080342||Mindry^[CR]R|576|ALP^ALKALINE ^^F|95.443467^^^^|U/L|^|N||F|95.443467^^^^|0|20260827080822||Mindry^[CR]R|577|URIC^URIC ACID^^F|4.830160^^^^|mg/dL|^|N||F|4.830160^^^^|0|20260827080250||Mindry^[CR]R|578|TP^TP H^^F|6.644173^^^^|g/dL|^|N||F|6.644173^^^^|0|20260827080856||Mindry^[CR]R|579|GGT^GGT H^^F|69.850041^^^^|U/L|^|N||F|69.850041^^^^|0|20260827080848||Mindry^[CR]R|580|Iron^IRON^^F|-53.385213^^^^|g/dL|^|N||F|-53.385213^^^^|0|20260827080913||Mindry^[CR]R|581|UREA^UREA^^F|22.240653^^^^|mg/dL|^|N||F|22.240653^^^^|0|20260827080814||Mindry^[CR]L|179|N[CR][ETX]E6[CR][LF]
2026-08-27 08:09:14 - [EOT]
2026-08-27 08:10:46 - [ENQ]
2026-08-27 08:10:46 - [STX]1H|\^&|||Mindry^^|||||||RQ|1394-97|20260827081046[CR]Q|97|^8760623||||||||||O[CR]L|180|N[CR][ETX]B6[CR][LF]
2026-08-27 08:10:46 - [EOT]
2026-08-27 08:11:16 - [ENQ]
2026-08-27 08:11:16 - [STX]1H|\^&|||Mindry^^|||||||RQ|1394-97|20260827081116[CR]Q|98|^8469311||||||||||O[CR]L|181|N[CR][ETX]B6[CR][LF]
2026-08-27 08:11:16 - [EOT]
2026-08-27 08:11:46 - [ENQ]
2026-08-27 08:11:46 - [STX]1H|\^&|||Mindry^^|||||||RQ|1394-97|20260827081146[CR]Q|99|^9165189||||||||||O[CR]L|182|N[CR][ETX]C2[CR][LF]
2026-08-27 08:11:46 - [EOT]
2026-08-27 08:12:16 - [ENQ]
2026-08-27 08:12:16 - [STX]1H|\^&|||Mindry^^|||||||RQ|1394-97|20260827081216[CR]Q|100|^8760629||||||||||O[CR]L|183|N[CR][ETX]DF[CR][LF]
2026-08-27 08:12:16 - [EOT]
2026-08-27 08:12:46 - [ENQ]
2026-08-27 08:12:46 - [STX]1H|\^&|||Mindry^^|||||||RQ|1394-97|20260827081246[CR]Q|101|^9162886||||||||||O[CR]L|184|N[CR][ETX]E6[CR][LF]
2026-08-27 08:12:46 - [EOT]
2026-08-27 08:13:16 - [ENQ]
2026-08-27 08:13:16 - [STX]1H|\^&|||Mindry^^|||||||RQ|1394-97|20260827081316[CR]Q|102|^9162883||||||||||O[CR]L|185|N[CR][ETX]E3[CR][LF]
2026-08-27 08:13:16 - [EOT]
2026-08-27 08:13:47 - [ENQ]
2026-08-27 08:13:47 - [STX]1H|\^&|||Mindry^^|||||||RQ|1394-97|20260827081346[CR]Q|103|^8307054||||||||||O[CR]L|186|N[CR][ETX]DE[CR][LF]
2026-08-27 08:13:47 - [EOT]
2026-08-27 08:14:17 - [ENQ]
2026-08-27 08:14:17 - [STX]1H|\^&|||Mindry^^|||||||RQ|1394-97|20260827081417[CR]Q|104|^8306203||||||||||O[CR]L|187|N[CR][ETX]DA[CR][LF]
2026-08-27 08:14:17 - [EOT]
2026-08-27 08:14:47 - [ENQ]
2026-08-27 08:14:47 - [STX]1H|\^&|||Mindry^^|||||||RQ|1394-97|20260827081447[CR]Q|105|^8760620||||||||||O[CR]L|188|N[CR][ETX]E6[CR][LF]
2026-08-27 08:14:47 - [EOT]
2026-08-27 08:14:47 - [ACK]
2026-08-27 08:14:47 - --Send Message To Machine --[ENQ]
2026-08-27 08:14:47 - --Send Message To Machine --[STX]1H|\^&||| Product Model^01.03.07.03^123456|||||||SA|1394-97|20260827081447[CR]P|1||PATIENT111||ABC^XYZ^j||19600315|M|||A|||icteru||||||01|||||A1|002|||||||[CR]O|1|1^1^1|8760620|HDL^^2^1\LDL^^2^1\TIBC^^2^1\ALB^^2^1\TP^^2^1\UIBC^^2^1\BID^^2^1\BIT^^2^1|R|20260827081447|20260827081447||||||||serum|||1|||||||Q|||||[CR]L|1|N[CR][ETX]B3[CR][LF]
2026-08-27 08:14:47 - [ACK]
2026-08-27 08:14:47 - --Send Message To Machine --[EOT]
2026-08-27 08:14:47 - [ENQ]
2026-08-27 08:14:47 - [STX]1H|\^&|||Mindry^^|||||||RQ|1394-97|20260827081447[CR]Q|106|^8760613||||||||||O[CR]L|189|N[CR][ETX]EA[CR][LF]
2026-08-27 08:14:47 - [EOT]
2026-08-27 08:14:47 - [ACK]
2026-08-27 08:14:47 - --Send Message To Machine --[ENQ]
2026-08-27 08:14:47 - --Send Message To Machine --[STX]1H|\^&||| Product Model^01.03.07.03^123456|||||||SA|1394-97|20260827081447[CR]P|1||PATIENT111||ABC^XYZ^j||19600315|M|||A|||icteru||||||01|||||A1|002|||||||[CR]O|1|1^1^1|8760613|HDL^^2^1\LDL^^2^1\TIBC^^2^1\ALB^^2^1\TP^^2^1\RFII^^2^1\UIBC^^2^1\BID^^2^1\BIT^^2^1|R|20260827081447|20260827081447||||||||serum|||1|||||||Q|||||[CR]L|1|N[CR][ETX]B8[CR][LF]
2026-08-27 08:14:47 - [ACK]
2026-08-27 08:14:47 - --Send Message To Machine --[EOT]
2026-08-27 08:14:47 - [ENQ]
2026-08-27 08:14:47 - [STX]1H|\^&|||Mindry^^|||||||RQ|1394-97|20260827081447[CR]Q|107|^9165206||||||||||O[CR]L|190|N[CR][ETX]E1[CR][LF]
2026-08-27 08:14:47 - [EOT]
2026-08-27 08:14:47 - [ACK]
2026-08-27 08:14:47 - --Send Message To Machine --[ENQ]
2026-08-27 08:14:48 - --Send Message To Machine --[STX]1H|\^&||| Product Model^01.03.07.03^123456|||||||SA|1394-97|20260827081447[CR]P|1||PATIENT111||ABC^XYZ^j||19600315|M|||A|||icteru||||||01|||||A1|002|||||||[CR]O|1|1^1^1|9165206|CREAT^^2^1\ALB^^2^1\TP^^2^1\SGOT^^2^1\BID^^2^1\BIT^^2^1|R|20260827081447|20260827081447||||||||serum|||1|||||||Q|||||[CR]L|1|N[CR][ETX]B4[CR][LF]
2026-08-27 08:14:48 - [ACK]
2026-08-27 08:14:48 - --Send Message To Machine --[EOT]
2026-08-27 08:14:48 - [ENQ]
2026-08-27 08:14:48 - [STX]1H|\^&|||Mindry^^|||||||RQ|1394-97|20260827081448[CR]Q|108|^8469312||||||||||O[CR]L|191|N[CR][ETX]E8[CR][LF]
2026-08-27 08:14:48 - [EOT]
2026-08-27 08:15:18 - [ENQ]
2026-08-27 08:15:18 - [STX]1H|\^&|||Mindry^^|||||||RQ|1394-97|20260827081518[CR]Q|109|^7568284||||||||||O[CR]L|192|N[CR][ETX]EF[CR][LF]
2026-08-27 08:15:18 - [EOT]
2026-08-27 08:15:48 - [ENQ]
2026-08-27 08:15:48 - [STX]1H|\^&|||Mindry^^|||||||RQ|1394-97|20260827081548[CR]Q|110|^8469314||||||||||O[CR]L|193|N[CR][ETX]E6[CR][LF]
2026-08-27 08:15:48 - [EOT]
2026-08-27 08:16:18 - [ENQ]
2026-08-27 08:16:18 - [STX]1H|\^&|||Mindry^^|||||||RQ|1394-97|20260827081618[CR]Q|111|^9162887||||||||||O[CR]L|194|N[CR][ETX]EC[CR][LF]
2026-08-27 08:16:18 - [EOT]
2026-08-27 08:16:48 - [ENQ]
2026-08-27 08:16:48 - [STX]1H|\^&|||Mindry^^|||||||RQ|1394-97|20260827081648[CR]Q|112|^9165204||||||||||O[CR]L|195|N[CR][ETX]E3[CR][LF]
2026-08-27 08:16:48 - [EOT]
2026-08-27 08:17:18 - [ENQ]
2026-08-27 08:17:18 - [STX]1H|\^&|||Mindry^^|||||||RQ|1394-97|20260827081718[CR]Q|113|^8760633||||||||||O[CR]L|196|N[CR][ETX]E9[CR][LF]
2026-08-27 08:17:18 - [EOT]
2026-08-27 08:17:48 - [ENQ]
2026-08-27 08:17:48 - [STX]1H|\^&|||Mindry^^|||||||RQ|1394-97|20260827081748[CR]Q|114|^8469325||||||||||O[CR]L|197|N[CR][ETX]F2[CR][LF]
2026-08-27 08:17:48 - [EOT]
2026-08-27 08:18:19 - [ENQ]
2026-08-27 08:18:19 - [STX]1H|\^&|||Mindry^^|||||||RQ|1394-97|20260827081819[CR]Q|115|^8469317||||||||||O[CR]L|198|N[CR][ETX]F4[CR][LF]
2026-08-27 08:18:19 - [EOT]
2026-08-27 08:18:49 - [ENQ]
2026-08-27 08:18:49 - [STX]1H|\^&|||Mindry^^|||||||RQ|1394-97|20260827081849[CR]Q|116|^8760619||||||||||O[CR]L|199|N[CR][ETX]F8[CR][LF]
2026-08-27 08:18:49 - [EOT]
2026-08-27 08:19:19 - [ENQ]
2026-08-27 08:19:19 - [STX]1H|\^&|||Mindry^^|||||||RQ|1394-97|20260827081919[CR]Q|117|^9570109||||||||||O[CR]L|200|N[CR][ETX]E0[CR][LF]
2026-08-27 08:19:19 - [EOT]
2026-08-27 08:19:49 - [ENQ]
2026-08-27 08:19:49 - [STX]1H|\^&|||Mindry^^|||||||RQ|1394-97|20260827081949[CR]Q|118|^8306205||||||||||O[CR]L|201|N[CR][ETX]DE[CR][LF]
2026-08-27 08:19:49 - [EOT]
2026-08-27 08:20:19 - [ENQ]
2026-08-27 08:20:19 - [STX]1H|\^&|||Mindry^^|||||||RQ|1394-97|20260827082019[CR]Q|119|^8760625||||||||||O[CR]L|202|N[CR][ETX]DF[CR][LF]
2026-08-27 08:20:19 - [EOT]
2026-08-27 08:20:49 - [ENQ]
2026-08-27 08:20:49 - [STX]1H|\^&|||Mindry^^|||||||RQ|1394-97|20260827082049[CR]Q|120|^8306043||||||||||O[CR]L|203|N[CR][ETX]D1[CR][LF]
2026-08-27 08:20:49 - [EOT]
2026-08-27 08:21:19 - [ENQ]
2026-08-27 08:21:19 - [STX]1H|\^&|||Mindry^^|||||||RQ|1394-97|20260827082119[CR]Q|121|^8308503||||||||||O[CR]L|204|N[CR][ETX]D4[CR][LF]
2026-08-27 08:21:19 - [EOT]
2026-08-27 08:21:49 - [ENQ]
2026-08-27 08:21:49 - [STX]1H|\^&|||Mindry^^|||||||RQ|1394-97|20260827082149[CR]Q|122|^8760611||||||||||O[CR]L|205|N[CR][ETX]DB[CR][LF]
2026-08-27 08:21:49 - [EOT]
2026-08-27 08:22:20 - [ENQ]
2026-08-27 08:22:20 - [STX]1H|\^&|||Mindry^^|||||||RQ|1394-97|20260827082220[CR]Q|123|^8760617||||||||||O[CR]L|206|N[CR][ETX]D9[CR][LF]
2026-08-27 08:22:20 - [EOT]
2026-08-27 08:22:50 - [ENQ]
2026-08-27 08:22:50 - [STX]1H|\^&|||Mindry^^|||||||RQ|1394-97|20260827082250[CR]Q|124|^8469324||||||||||O[CR]L|207|N[CR][ETX]DF[CR][LF]
2026-08-27 08:22:50 - [EOT]
2026-08-27 08:23:20 - [ENQ]
2026-08-27 08:23:20 - [STX]1H|\^&|||Mindry^^|||||||RQ|1394-97|20260827082320[CR]Q|125|^8306206||||||||||O[CR]L|208|N[CR][ETX]D4[CR][LF]
2026-08-27 08:23:20 - [EOT]
2026-08-27 08:23:50 - [ENQ]
2026-08-27 08:23:50 - [STX]1H|\^&|||Mindry^^|||||||RQ|1394-97|20260827082350[CR]Q|126|^7568286||||||||||O[CR]L|209|N[CR][ETX]EA[CR][LF]
2026-08-27 08:23:50 - [EOT]
2026-08-27 08:34:43 - [ENQ]
2026-08-27 08:34:43 - [STX]1H|\^&|||Mindry^^|||||||PR|1394-97|20260827083443[CR]P|84||||^^||^^|U||||||||||||||||||||||||||[CR]O|84|9012^1^4|9165206|BID^Bilirubin Direct (DSA Method)^^\SGPT^Alanine Aminotransferase^^\SGOT^Aspartate Aminotransferase^^\CREAT^Creatinine (Sarcosine Oxidase Method)^^\BIT^T.BILL H^^\ALB^ALBUMIN ^^\ALP^ALKALINE ^^\URIC^URIC ACID^^\TP^TP H^^\GGT^GGT H^^\CAL^CA. SB^^\UREA^UREA^^|S|20260827082225|20260827082206|||||||20260827082206|serum||||||||||F|||||[CR]R|582|BID^Bilirubin Direct (DSA Method)^^F|0.142158^^^^|mg/dL|^|N||F|0.142158^^^^|0|20260827083335||Mindry^[CR]R|583|SGPT^Alanine Aminotransferase^^F|29.146584^^^^|U/L|^|N||F|29.146584^^^^|0|20260827083326||Mindry^[CR]R|584|SGOT^Aspartate Aminotransferase^^F|27.902753^^^^|U/L|^|N||F|27.902753^^^^|0|20260827083335||Mindry^[CR]R|585|CREAT^Creatinine (Sarcosine Oxidase Method)^^F|0.581658^^^^|mg/dL|^|N||F|0.581658^^^^|0|20260827083400||Mindry^[CR]R|586|BIT^T.BILL H^^F|0.113494^^^^|mg/dL|^|N||F|0.113494^^^^|0|20260827083409||Mindry^[CR]R|587|ALB^ALBUMIN ^^F|4.011011^^^^|g/dL|^|N||F|4.011011^^^^|0|20260827082928||Mindry^[CR]R|588|ALP^ALKALINE ^^F|85.768562^^^^|U/L|^|N||F|85.768562^^^^|0|20260827083409||Mindry^[CR]R|589|URIC^URIC ACID^^F|5.775173^^^^|mg/dL|^|N||F|5.775173^^^^|0|20260827082837||Mindry^[CR]R|590|TP^TP H^^F|6.771431^^^^|g/dL|^|N||F|6.771431^^^^|0|20260827083443||Mindry^[CR]R|591|GGT^GGT H^^F|89.335347^^^^|U/L|^|N||F|89.335347^^^^|0|20260827083435||Mindry^[CR]R|592|CAL^CA. SB^^F|10.267258^^^^|mg/dL|^|N||F|10.267258^^^^|0|20260827083011||Mindry^[CR]R|593|UREA^UREA^^F|15.068946^^^^|mg/dL|^|N||F|15.068946^^^^|0|20260827083400||Mindry^[CR]L|210|N[CR][ETX]A9[CR][LF]
2026-08-27 08:34:43 - [EOT]
2026-08-27 08:49:49 - [ENQ]
2026-08-27 08:49:49 - [STX]1H|\^&|||Mindry^^|||||||PR|1394-97|20260827084949[CR]P|85||||^^||^^|U||||||||||||||||||||||||||[CR]O|85|9013^1^5|9366450|Iron^IRON^^|S|20260827083632|20260827083247|||||||20260827083247|serum||||||||||F|||||[CR]R|594|Iron^IRON^^F|-320.132028^^^^|g/dL|^|N||F|-320.132028^^^^|0|20260827084949||Mindry^[CR]L|211|N[CR][ETX]62[CR][LF]
2026-08-27 08:49:49 - [EOT]
2026-08-27 08:56:14 - [ENQ]
2026-08-27 08:56:14 - [STX]1H|\^&|||Mindry^^|||||||PR|1394-97|20260827085614[CR]P|86||||^^||^^|U||||||||||||||||||||||||||[CR]O|86|9014^1^6|9165184|SGPT^Alanine Aminotransferase^^\SGOT^Aspartate Aminotransferase^^\TRIG^Triglycerides^^\CREAT^Creatinine (Sarcosine Oxidase Method)^^\BIT^T.BILL H^^\CHOL^T.CHOL^^\ALB^ALBUMIN ^^\ALP^ALKALINE ^^\URIC^URIC ACID^^\TP^TP H^^\GGT^GGT H^^\Iron^IRON^^\UREA^UREA^^|S|20260827084322|20260827084255|||||||20260827084255|serum||||||||||F|||||[CR]R|595|SGPT^Alanine Aminotransferase^^F|13.502459^^^^|U/L|^|N||F|13.502459^^^^|0|20260827085423||Mindry^[CR]R|596|SGOT^Aspartate Aminotransferase^^F|17.422391^^^^|U/L|^|N||F|17.422391^^^^|0|20260827085431||Mindry^[CR]R|597|TRIG^Triglycerides^^F|103.536678^^^^|mg/dL|^|N||F|103.536678^^^^|0|20260827085457||Mindry^[CR]R|598|CREAT^Creatinine (Sarcosine Oxidase Method)^^F|0.566077^^^^|mg/dL|^|N||F|0.566077^^^^|0|20260827085505||Mindry^[CR]R|599|BIT^T.BILL H^^F|0.153601^^^^|mg/dL|^|N||F|0.153601^^^^|0|20260827085514||Mindry^[CR]R|600|CHOL^T.CHOL^^F|161.871916^^^^|mg/dL|^|N||F|161.871916^^^^|0|20260827085033||Mindry^[CR]R|601|ALB^ALBUMIN ^^F|3.674881^^^^|g/dL|^|N||F|3.674881^^^^|0|20260827085042||Mindry^[CR]R|602|ALP^ALKALINE ^^F|51.431500^^^^|U/L|^|N||F|51.431500^^^^|0|20260827085522||Mindry^[CR]R|603|URIC^URIC ACID^^F|4.213869^^^^|mg/dL|^|N||F|4.213869^^^^|0|20260827084951||Mindry^[CR]R|604|TP^TP H^^F|6.328174^^^^|g/dL|^|N||F|6.328174^^^^|0|20260827085557||Mindry^[CR]R|605|GGT^GGT H^^F|9.333475^^^^|U/L|^|N||F|9.333475^^^^|0|20260827085548||Mindry^[CR]R|606|Iron^IRON^^F|486.845640^^^^|g/dL|^|N||F|486.845640^^^^|0|20260827085614||Mindry^[CR]R|607|UREA^UREA^^F|30.829736^^^^|mg/dL|^|N||F|30.829736^^^^|0|20260827085514||Mindry^[CR]L|212|N[CR][ETX]DA[CR][LF]
2026-08-27 08:56:14 - [EOT]
2026-08-27 09:18:17 - [ENQ]
2026-08-27 09:18:17 - [STX]1H|\^&|||Mindry^^|||||||PR|1394-97|20260827091817[CR]P|87||||^^||^^|U||||||||||||||||||||||||||[CR]O|87|9015^1^7|570107|SGPT^Alanine Aminotransferase^^\SGOT^Aspartate Aminotransferase^^\TRIG^Triglycerides^^\CREAT^Creatinine (Sarcosine Oxidase Method)^^\BIT^T.BILL H^^\CHOL^T.CHOL^^\ALB^ALBUMIN ^^\ALP^ALKALINE ^^\URIC^URIC ACID^^\TP^TP H^^\GGT^GGT H^^\Iron^IRON^^\UREA^UREA^^|S|20260827090029|20260827090005|||||||20260827090005|serum||||||||||F|||||[CR]R|608|SGPT^Alanine Aminotransferase^^F|20.558952^^^^|U/L|^|N||F|20.558952^^^^|0|20260827091626||Mindry^[CR]R|609|SGOT^Aspartate Aminotransferase^^F|37.512127^^^^|U/L|^|N||F|37.512127^^^^|0|20260827091635||Mindry^[CR]R|610|TRIG^Triglycerides^^F|301.435342^^^^|mg/dL|^|N||F|301.435342^^^^|0|20260827091700||Mindry^[CR]R|611|CREAT^Creatinine (Sarcosine Oxidase Method)^^F|0.700388^^^^|mg/dL|^|N||F|0.700388^^^^|0|20260827091709||Mindry^[CR]R|612|BIT^T.BILL H^^F|1.642933^^^^|mg/dL|^|N||F|1.642933^^^^|0|20260827091717||Mindry^[CR]R|613|CHOL^T.CHOL^^F|346.560205^^^^|mg/dL|^|N||F|346.560205^^^^|0|20260827091237||Mindry^[CR]R|614|ALB^ALBUMIN ^^F|4.261614^^^^|g/dL|^|N||F|4.261614^^^^|0|20260827091245||Mindry^[CR]R|615|ALP^ALKALINE ^^F|113.866601^^^^|U/L|^|N||F|113.866601^^^^|0|20260827091726||Mindry^[CR]R|616|URIC^URIC ACID^^F|6.430151^^^^|mg/dL|^|N||F|6.430151^^^^|0|20260827091154||Mindry^[CR]R|617|TP^TP H^^F|7.244110^^^^|g/dL|^|N||F|7.244110^^^^|0|20260827091800||Mindry^[CR]R|618|GGT^GGT H^^F|23.950607^^^^|U/L|^|N||F|23.950607^^^^|0|20260827091751||Mindry^[CR]R|619|Iron^IRON^^F|149.939597^^^^|g/dL|^|N||F|149.939597^^^^|0|20260827091817||Mindry^[CR]R|620|UREA^UREA^^F|27.356707^^^^|mg/dL|^|N||F|27.356707^^^^|0|20260827091717||Mindry^[CR]L|213|N[CR][ETX]ED[CR][LF]
2026-08-27 09:18:17 - [EOT]
2026-08-27 09:38:46 - [ENQ]
2026-08-27 09:38:46 - [STX]1H|\^&|||Mindry^^|||||||RQ|1394-97|20260827093846[CR]Q|127|^9368928||||||||||O[CR]L|214|N[CR][ETX]F6[CR][LF]
2026-08-27 09:38:46 - [EOT]
2026-08-27 09:38:46 - [ACK]
2026-08-27 09:38:46 - --Send Message To Machine --[ENQ]
2026-08-27 09:38:46 - --Send Message To Machine --[STX]1H|\^&||| Product Model^01.03.07.03^123456|||||||SA|1394-97|20260827093846[CR]P|1||PATIENT111||ABC^XYZ^j||19600315|M|||A|||icteru||||||01|||||A1|002|||||||[CR]O|1|1^1^1|9368928|GGT^^2^1\ALB^^2^1\TP^^2^1\ALP^^2^1\SGPT^^2^1\SGOT^^2^1\BID^^2^1\BIT^^2^1|R|20260827093846|20260827093846||||||||serum|||1|||||||Q|||||[CR]L|1|N[CR][ETX]16[CR][LF]
2026-08-27 09:38:46 - [ACK]
2026-08-27 09:38:46 - --Send Message To Machine --[EOT]
2026-08-27 09:52:24 - [ENQ]
2026-08-27 09:52:24 - [STX]1H|\^&|||Mindry^^|||||||PR|1394-97|20260827095224[CR]P|88||PATIENT111||ABC^^||19600315^66^Y|M||||||||||||||||||||||||||[CR]O|88|76^1^1|9368928|BID^Bilirubin Direct (DSA Method)^^\SGPT^Alanine Aminotransferase^^\SGOT^Aspartate Aminotransferase^^\BIT^T.BILL H^^\ALB^ALBUMIN ^^\ALP^ALKALINE ^^\TP^TP H^^\GGT^GGT H^^|R|20260827093846|20260827093846|||||||20260827093846|serum||||||||||F|||||[CR]R|621|BID^Bilirubin Direct (DSA Method)^^F|0.091257^^^^|mg/dL|^|N||F|0.091257^^^^|0|20260827095133||Mindry^[CR]R|622|SGPT^Alanine Aminotransferase^^F|6.428976^^^^|U/L|^|N||F|6.428976^^^^|0|20260827095124||Mindry^[CR]R|623|SGOT^Aspartate Aminotransferase^^F|35.206416^^^^|U/L|^|N||F|35.206416^^^^|0|20260827095132||Mindry^[CR]R|624|BIT^T.BILL H^^F|-0.013381^^^^|mg/dL|^|N||F|-0.013381^^^^|0|20260827095158||Mindry^[CR]R|625|ALB^ALBUMIN ^^F|4.008919^^^^|g/dL|^|N||F|4.008919^^^^|0|20260827094718||Mindry^[CR]R|626|ALP^ALKALINE ^^F|94.350287^^^^|U/L|^|N||F|94.350287^^^^|0|20260827095158||Mindry^[CR]R|627|TP^TP H^^F|7.125670^^^^|g/dL|^|N||F|7.125670^^^^|0|20260827095224||Mindry^[CR]R|628|GGT^GGT H^^F|19.283064^^^^|U/L|^|N||F|19.283064^^^^|0|20260827095215||Mindry^[CR]L|215|N[CR][ETX]00[CR][LF]
2026-08-27 09:52:24 - [EOT]
2026-08-27 10:25:34 - [ENQ]
2026-08-27 10:25:34 - [STX]1H|\^&|||Mindry^^|||||||RQ|1394-97|20260827102534[CR]Q|128|^9364608||||||||||O[CR]L|216|N[CR][ETX]E1[CR][LF]
2026-08-27 10:25:35 - [EOT]
2026-08-27 10:25:35 - [ACK]
2026-08-27 10:25:35 - --Send Message To Machine --[ENQ]
2026-08-27 10:25:35 - --Send Message To Machine --[STX]1H|\^&||| Product Model^01.03.07.03^123456|||||||SA|1394-97|20260827102535[CR]P|1||PATIENT111||ABC^XYZ^j||19600315|M|||A|||icteru||||||01|||||A1|002|||||||[CR]O|1|1^1^1|9364608|GGT^^2^1\ALB^^2^1\TP^^2^1\ALP^^2^1\SGPT^^2^1\SGOT^^2^1\BID^^2^1\BIT^^2^1|R|20260827102535|20260827102535||||||||serum|||1|||||||Q|||||[CR]L|1|N[CR][ETX]E3[CR][LF]
2026-08-27 10:25:35 - [ACK]
2026-08-27 10:25:35 - --Send Message To Machine --[EOT]
2026-08-27 10:39:12 - [ENQ]
2026-08-27 10:39:12 - [STX]1H|\^&|||Mindry^^|||||||PR|1394-97|20260827103912[CR]P|89||PATIENT111||ABC^^||19600315^66^Y|M||||||||||||||||||||||||||[CR]O|89|77^1^1|9364608|BID^Bilirubin Direct (DSA Method)^^\SGPT^Alanine Aminotransferase^^\SGOT^Aspartate Aminotransferase^^\BIT^T.BILL H^^\ALB^ALBUMIN ^^\ALP^ALKALINE ^^\TP^TP H^^\GGT^GGT H^^|R|20260827102535|20260827102535|||||||20260827102535|serum||||||||||F|||||[CR]R|629|BID^Bilirubin Direct (DSA Method)^^F|0.304015^^^^|mg/dL|^|N||F|0.304015^^^^|0|20260827103821||Mindry^[CR]R|630|SGPT^Alanine Aminotransferase^^F|14.989110^^^^|U/L|^|N||F|14.989110^^^^|0|20260827103812||Mindry^[CR]R|631|SGOT^Aspartate Aminotransferase^^F|25.997376^^^^|U/L|^|N||F|25.997376^^^^|0|20260827103821||Mindry^[CR]R|632|BIT^T.BILL H^^F|1.338973^^^^|mg/dL|^|N||F|1.338973^^^^|0|20260827103847||Mindry^[CR]R|633|ALB^ALBUMIN ^^F|4.275299^^^^|g/dL|^|N||F|4.275299^^^^|0|20260827103406||Mindry^[CR]R|634|ALP^ALKALINE ^^F|60.874982^^^^|U/L|^|N||F|60.874982^^^^|0|20260827103847||Mindry^[CR]R|635|TP^TP H^^F|7.695115^^^^|g/dL|^|N||F|7.695115^^^^|0|20260827103912||Mindry^[CR]R|636|GGT^GGT H^^F|25.777882^^^^|U/L|^|N||F|25.777882^^^^|0|20260827103904||Mindry^[CR]L|217|N[CR][ETX]04[CR][LF]
2026-08-27 10:39:12 - [EOT]
2026-08-27 10:40:33 - [ENQ]
2026-08-27 10:40:33 - [STX]1H|\^&|||Mindry^^|||||||RQ|1394-97|20260827104033[CR]Q|129|^9364611||||||||||O[CR]L|218|N[CR][ETX]DA[CR][LF]
2026-08-27 10:40:33 - [EOT]
2026-08-27 10:40:33 - [ACK]
2026-08-27 10:40:33 - --Send Message To Machine --[ENQ]
2026-08-27 10:40:33 - --Send Message To Machine --[STX]1H|\^&||| Product Model^01.03.07.03^123456|||||||SA|1394-97|20260827104033[CR]P|1||PATIENT111||ABC^XYZ^j||19600315|M|||A|||icteru||||||01|||||A1|002|||||||[CR]O|1|1^1^1|9364611|URIC^^2^1|R|20260827104033|20260827104033||||||||serum|||1|||||||Q|||||[CR]L|1|N[CR][ETX]B7[CR][LF]
2026-08-27 10:40:33 - [ACK]
2026-08-27 10:40:33 - --Send Message To Machine --[EOT]
2026-08-27 10:49:12 - [ENQ]
2026-08-27 10:49:12 - [STX]1H|\^&|||Mindry^^|||||||PR|1394-97|20260827104912[CR]P|90||PATIENT111||ABC^^||19600315^66^Y|M||||||||||||||||||||||||||[CR]O|90|78^1^1|9364611|URIC^URIC ACID^^|R|20260827104033|20260827104033|||||||20260827104033|serum||||||||||F|||||[CR]R|637|URIC^URIC ACID^^F|3.897528^^^^|mg/dL|^|N||F|3.897528^^^^|0|20260827104912||Mindry^[CR]L|219|N[CR][ETX]CD[CR][LF]
2026-08-27 10:49:12 - [EOT]
2026-08-27 10:54:53 - [ENQ]
2026-08-27 10:54:53 - [STX]1H|\^&|||Mindry^^|||||||QR|1394-97|20260827105453[CR]P|91|||||||||||||||||||||||||||||||||[CR]O|91|||BID^D-bil-D ?||20260827104032|||||7^PATH^20823A02^20250110^2.340000^M^0.460000^2.224193||||||||||||||F|||||[CR]L|220|N[CR][ETX]46[CR][LF]
2026-08-27 10:54:53 - [EOT][ENQ]
2026-08-27 10:55:03 - [ENQ]
2026-08-27 10:55:03 - [STX]1H|\^&|||Mindry^^|||||||QR|1394-97|20260827105453[CR]P|92|||||||||||||||||||||||||||||||||[CR]O|92|||SGPT^ALT||20260827104032|||||7^PATH^20823A02^20250110^104.000000^M^21.000000^88.533208||||||||||||||F|||||[CR]L|221|N[CR][ETX]E4[CR][LF]
2026-08-27 10:55:03 - [EOT][ENQ]
2026-08-27 10:55:13 - [ENQ]
2026-08-27 10:55:13 - [STX]1H|\^&|||Mindry^^|||||||QR|1394-97|20260827105503[CR]P|93|||||||||||||||||||||||||||||||||[CR]O|93|||SGOT^AST||20260827104032|||||7^PATH^20823A02^20250110^160.900000^M^21.400000^149.265962||||||||||||||F|||||[CR]L|222|N[CR][ETX]2F[CR][LF]
2026-08-27 10:55:13 - [EOT][ENQ]
2026-08-27 10:55:23 - [ENQ]
2026-08-27 10:55:23 - [STX]1H|\^&|||Mindry^^|||||||QR|1394-97|20260827105513[CR]P|94|||||||||||||||||||||||||||||||||[CR]O|94|||TRIG^TG||20260827104032|||||7^PATH^20823A02^20250110^203.000000^M^40.500000^249.410726||||||||||||||F|||||[CR]L|223|N[CR][ETX]CD[CR][LF]
2026-08-27 10:55:23 - [EOT][ENQ]
2026-08-27 10:55:33 - [ENQ]
2026-08-27 10:55:33 - [STX]1H|\^&|||Mindry^^|||||||QR|1394-97|20260827105523[CR]P|95|||||||||||||||||||||||||||||||||[CR]O|95|||CREAT^CREA-S||20260827104032|||||7^PATH^20823A02^20250110^3.800000^M^0.530000^4.555014||||||||||||||F|||||[CR]L|224|N[CR][ETX]14[CR][LF]
2026-08-27 10:55:33 - [EOT][ENQ]
2026-08-27 10:55:43 - [ENQ]
2026-08-27 10:55:43 - [STX]1H|\^&|||Mindry^^|||||||QR|1394-97|20260827105533[CR]P|96|||||||||||||||||||||||||||||||||[CR]O|96|||BIT^T.BILL H||20260827104032|||||7^PATH^20823A02^20250110^3.100000^M^0.930000^5.005778||||||||||||||F|||||[CR]L|225|N[CR][ETX]FF[CR][LF]
2026-08-27 10:55:43 - [EOT][ENQ]
2026-08-27 10:55:53 - [ENQ]
2026-08-27 10:55:53 - [STX]1H|\^&|||Mindry^^|||||||QR|1394-97|20260827105543[CR]P|97|||||||||||||||||||||||||||||||||[CR]O|97|||CHOL^CHOL H||20260827104032|||||7^PATH^20823A02^20250110^188.000000^M^38.000000^190.838832||||||||||||||F|||||[CR]L|226|N[CR][ETX]D1[CR][LF]
2026-08-27 10:55:53 - [EOT][ENQ]
2026-08-27 10:56:03 - [ENQ]
2026-08-27 10:56:03 - [STX]1H|\^&|||Mindry^^|||||||QR|1394-97|20260827105553[CR]P|98|||||||||||||||||||||||||||||||||[CR]O|98|||ALB^ALB H||20260827104032|||||7^PATH^20823A02^20250110^4.180000^M^0.750000^4.358949||||||||||||||F|||||[CR]L|227|N[CR][ETX]34[CR][LF]
2026-08-27 10:56:03 - [EOT][ENQ]
2026-08-27 10:56:13 - [ENQ]
2026-08-27 10:56:13 - [STX]1H|\^&|||Mindry^^|||||||QR|1394-97|20260827105603[CR]P|99|||||||||||||||||||||||||||||||||[CR]O|99|||ALP^ALKALINE H||20260827104032|||||7^PATH^20823A02^20250110^350.000000^M^70.000000^206.750482||||||||||||||F|||||[CR]L|228|N[CR][ETX]91[CR][LF]
2026-08-27 10:56:13 - [EOT][ENQ]
2026-08-27 10:56:23 - [ENQ]
2026-08-27 10:56:23 - [STX]1H|\^&|||Mindry^^|||||||QR|1394-97|20260827105613[CR]P|100|||||||||||||||||||||||||||||||||[CR]O|100|||URIC^UA-H||20260827104032|||||7^PATH^20823A02^20250110^9.370000^M^1.320000^10.336820||||||||||||||F|||||[CR]L|229|N[CR][ETX]C8[CR][LF]
2026-08-27 10:56:23 - [EOT][ENQ]
2026-08-27 10:56:33 - [ENQ]
2026-08-27 10:56:33 - [STX]1H|\^&|||Mindry^^|||||||QR|1394-97|20260827105623[CR]P|101|||||||||||||||||||||||||||||||||[CR]O|101|||TP^TP H||20260827104032|||||7^PATH^20823A02^20250110^6.640000^M^1.190000^7.187115||||||||||||||F|||||[CR]L|230|N[CR][ETX]0E[CR][LF]
2026-08-27 10:56:33 - [EOT][ENQ]
2026-08-27 10:56:43 - [ENQ]
2026-08-27 10:56:43 - [STX]1H|\^&|||Mindry^^|||||||QR|1394-97|20260827105633[CR]P|102|||||||||||||||||||||||||||||||||[CR]O|102|||GGT^GGT H||20260827104032|||||7^PATH^20823A02^20250110^183.000000^M^37.000000^104.104614||||||||||||||F|||||[CR]L|231|N[CR][ETX]70[CR][LF]
2026-08-27 10:56:43 - [EOT][ENQ]
2026-08-27 10:56:53 - [ENQ]
2026-08-27 10:56:53 - [STX]1H|\^&|||Mindry^^|||||||QR|1394-97|20260827105643[CR]P|103|||||||||||||||||||||||||||||||||[CR]O|103|||Iron^IRON-H||20260827104032|||||7^PATH^20823A02^20250110^224.000000^M^45.000000^280.847710||||||||||||||F|||||[CR]L|232|N[CR][ETX]98[CR][LF]
2026-08-27 10:56:53 - [EOT]
2026-08-27 10:57:53 - [ENQ]
2026-08-27 10:57:53 - [STX]1H|\^&|||Mindry^^|||||||RQ|1394-97|20260827105753[CR]Q|130|^9364611||||||||||O[CR]L|233|N[CR][ETX]D9[CR][LF]
2026-08-27 10:57:53 - [EOT]
2026-08-27 10:58:23 - [ENQ]
2026-08-27 10:58:23 - [STX]1H|\^&|||Mindry^^|||||||RQ|1394-97|20260827105823[CR]Q|131|^9368226||||||||||O[CR]L|234|N[CR][ETX]DF[CR][LF]
2026-08-27 10:58:23 - [EOT]
2026-08-27 10:58:23 - [ACK]
2026-08-27 10:58:23 - --Send Message To Machine --[ENQ]
2026-08-27 10:58:23 - --Send Message To Machine --[STX]1H|\^&||| Product Model^01.03.07.03^123456|||||||SA|1394-97|20260827105823[CR]P|1||PATIENT111||ABC^XYZ^j||19600315|M|||A|||icteru||||||01|||||A1|002|||||||[CR]O|1|1^1^1|9368226|GGT^^2^1\ALB^^2^1\TP^^2^1\ALP^^2^1\SGPT^^2^1\SGOT^^2^1\BID^^2^1\BIT^^2^1\CAL^^2^1|R|20260827105823|20260827105823||||||||serum|||1|||||||Q|||||[CR]L|1|N[CR][ETX]95[CR][LF]
2026-08-27 10:58:23 - --Send Message To Machine --[EOT]
2026-08-27 10:58:23 - [ACK]
2026-08-27 11:11:16 - [ENQ]
2026-08-27 11:11:16 - [STX]1H|\^&|||Mindry^^|||||||PR|1394-97|20260827111116[CR]P|104||PATIENT111||ABC^^||19600315^66^Y|M||||||||||||||||||||||||||[CR]O|104|79^1^2|9368226|BID^Bilirubin Direct (DSA Method)^^\SGPT^Alanine Aminotransferase^^\SGOT^Aspartate Aminotransferase^^\BIT^T.BILL H^^\ALB^ALBUMIN ^^\ALP^ALKALINE ^^\TP^TP H^^\GGT^GGT H^^\CAL^CA. SB^^|R|20260827105823|20260827105823|||||||20260827105823|serum||||||||||F|||||[CR]R|638|BID^Bilirubin Direct (DSA Method)^^F|0.354232^^^^|mg/dL|^|N||F|0.354232^^^^|0|20260827111024||Mindry^[CR]R|639|SGPT^Alanine Aminotransferase^^F|20.569471^^^^|U/L|^|N||F|20.569471^^^^|0|20260827111016||Mindry^[CR]R|640|SGOT^Aspartate Aminotransferase^^F|34.046832^^^^|U/L|^|N||F|34.046832^^^^|0|20260827111024||Mindry^[CR]R|641|BIT^T.BILL H^^F|1.293586^^^^|mg/dL|^|N||F|1.293586^^^^|0|20260827111050||Mindry^[CR]R|642|ALB^ALBUMIN ^^F|3.676397^^^^|g/dL|^|N||F|3.676397^^^^|0|20260827110609||Mindry^[CR]R|643|ALP^ALKALINE ^^F|66.478161^^^^|U/L|^|N||F|66.478161^^^^|0|20260827111050||Mindry^[CR]R|644|TP^TP H^^F|6.031840^^^^|g/dL|^|N||F|6.031840^^^^|0|20260827111115||Mindry^[CR]R|645|GGT^GGT H^^F|13.901103^^^^|U/L|^|N||F|13.901103^^^^|0|20260827111107||Mindry^[CR]R|646|CAL^CA. SB^^F|9.154626^^^^|mg/dL|^|N||F|9.154626^^^^|0|20260827110643||Mindry^[CR]L|235|N[CR][ETX]E7[CR][LF]
2026-08-27 11:11:16 - [EOT]
2026-08-27 11:26:35 - [ENQ]
2026-08-27 11:26:35 - [STX]1H|\^&|||Mindry^^|||||||RQ|1394-97|20260827112635[CR]Q|132|^9569947||||||||||O[CR]L|236|N[CR][ETX]EE[CR][LF]
2026-08-27 11:26:35 - [EOT]
2026-08-27 11:26:35 - [ACK]
2026-08-27 11:26:35 - --Send Message To Machine --[ENQ]
2026-08-27 11:26:35 - --Send Message To Machine --[STX]1H|\^&||| Product Model^01.03.07.03^123456|||||||SA|1394-97|20260827112635[CR]P|1||PATIENT111||ABC^XYZ^j||19600315|M|||A|||icteru||||||01|||||A1|002|||||||[CR]O|1|1^1^1|9569947|GGT^^2^1\ALB^^2^1\TP^^2^1\ALP^^2^1\SGPT^^2^1\SGOT^^2^1\BID^^2^1\BIT^^2^1|R|20260827112635|20260827112635||||||||serum|||1|||||||Q|||||[CR]L|1|N[CR][ETX]F6[CR][LF]
2026-08-27 11:26:35 - [ACK]
2026-08-27 11:26:35 - --Send Message To Machine --[EOT]
2026-08-27 11:40:13 - [ENQ]
2026-08-27 11:40:13 - [STX]1H|\^&|||Mindry^^|||||||PR|1394-97|20260827114013[CR]P|105||PATIENT111||ABC^^||19600315^66^Y|M||||||||||||||||||||||||||[CR]O|105|80^1^3|9569947|BID^Bilirubin Direct (DSA Method)^^\SGPT^Alanine Aminotransferase^^\SGOT^Aspartate Aminotransferase^^\BIT^T.BILL H^^\ALB^ALBUMIN ^^\ALP^ALKALINE ^^\TP^TP H^^\GGT^GGT H^^|R|20260827112635|20260827112635|||||||20260827112635|serum||||||||||F|||||[CR]R|647|BID^Bilirubin Direct (DSA Method)^^F|20.629836^^^^|mg/dL|^|N||F|20.629836^^^^|0|20260827113921||Mindry^[CR]R|648|SGPT^Alanine Aminotransferase^^F|188.599420^^^^|U/L|^|N||F|188.599420^^^^|0|20260827113913||Mindry^[CR]R|649|SGOT^Aspartate Aminotransferase^^F|274.373134^^^^|U/L|^|N||F|274.373134^^^^|0|20260827113921||Mindry^[CR]R|650|BIT^T.BILL H^^F|40.079035^^^^|mg/dL|^|N||F|40.079035^^^^|0|20260827113947||Mindry^[CR]R|651|ALB^ALBUMIN ^^F|3.267649^^^^|g/dL|^|N||F|3.267649^^^^|0|20260827113506||Mindry^[CR]R|652|ALP^ALKALINE ^^F|1080.770935^^^^|U/L|^|N||F|1080.770935^^^^|0|20260827113947||Mindry^[CR]R|653|TP^TP H^^F|6.599694^^^^|g/dL|^|N||F|6.599694^^^^|0|20260827114013||Mindry^[CR]R|654|GGT^GGT H^^F|448.119148^^^^|U/L|^|N||F|448.119148^^^^|0|20260827114004||Mindry^[CR]L|237|N[CR][ETX]31[CR][LF]
2026-08-27 11:40:13 - [EOT]
2026-08-27 12:28:11 - [ENQ]
2026-08-27 12:28:11 - [STX]1H|\^&|||Mindry^^|||||||RQ|1394-97|20260827122811[CR]Q|133|^9368193||||||||||O[CR]L|238|N[CR][ETX]E4[CR][LF]
2026-08-27 12:28:11 - [EOT]
2026-08-27 12:28:11 - [ACK]
2026-08-27 12:28:11 - --Send Message To Machine --[ENQ]
2026-08-27 12:28:11 - --Send Message To Machine --[STX]1H|\^&||| Product Model^01.03.07.03^123456|||||||SA|1394-97|20260827122811[CR]P|1||PATIENT111||ABC^XYZ^j||19600315|M|||A|||icteru||||||01|||||A1|002|||||||[CR]O|1|1^1^1|9368193|GLU^^2^1|R|20260827122811|20260827122811||||||||serum|||1|||||||Q|||||[CR]L|1|N[CR][ETX]81[CR][LF]
2026-08-27 12:28:11 - [ACK]
2026-08-27 12:28:11 - --Send Message To Machine --[EOT]
2026-08-27 12:28:11 - [ENQ]
2026-08-27 12:28:11 - [STX]1H|\^&|||Mindry^^|||||||RQ|1394-97|20260827122811[CR]Q|134|^9368191||||||||||O[CR]L|239|N[CR][ETX]E4[CR][LF]
2026-08-27 12:28:11 - [EOT]
2026-08-27 12:28:11 - [ACK]
2026-08-27 12:28:11 - --Send Message To Machine --[ENQ]
2026-08-27 12:28:11 - --Send Message To Machine --[STX]1H|\^&||| Product Model^01.03.07.03^123456|||||||SA|1394-97|20260827122811[CR]P|1||PATIENT111||ABC^XYZ^j||19600315|M|||A|||icteru||||||01|||||A1|002|||||||[CR]O|1|1^1^1|9368191|HDL^^2^1\LDL^^2^1\CHOL^^2^1\TC^^2^1\CREAT^^2^1\GGT^^2^1\Iron^^2^1\TIBC^^2^1\PHOS^^2^1\ALB^^2^1\TP^^2^1\TG^^2^1\TRIG^^2^1\UREA^^2^1\URIC^^2^1\UIBC^^2^1\ALP^^2^1\SGPT^^2^1\SGOT^^2^1\BID^^2^1\BIT^^2^1\CAL^^2^1|R|20260827122811|20260827122811||||||||serum|||1|||||||Q|||||[CR]L|1|N[CR][ETX]B7[CR][LF]
2026-08-27 12:28:11 - --Send Message To Machine --[EOT]
2026-08-27 12:28:11 - [ACK]
2026-08-27 12:28:11 - [ENQ]
2026-08-27 12:28:11 - [STX]1H|\^&|||Mindry^^|||||||RQ|1394-97|20260827122811[CR]Q|135|^9368190||||||||||O[CR]L|240|N[CR][ETX]DC[CR][LF]
2026-08-27 12:28:11 - [EOT]
2026-08-27 12:28:12 - [ACK]
2026-08-27 12:28:12 - --Send Message To Machine --[ENQ]
2026-08-27 12:28:12 - --Send Message To Machine --[STX]1H|\^&||| Product Model^01.03.07.03^123456|||||||SA|1394-97|20260827122811[CR]P|1||PATIENT111||ABC^XYZ^j||19600315|M|||A|||icteru||||||01|||||A1|002|||||||[CR]O|1|1^1^1|9368190|GLU^^2^1|R|20260827122811|20260827122811||||||||serum|||1|||||||Q|||||[CR]L|1|N[CR][ETX]7E[CR][LF]
2026-08-27 12:28:12 - [ACK]
2026-08-27 12:28:12 - --Send Message To Machine --[EOT]
2026-08-27 12:40:06 - [ENQ]
2026-08-27 12:40:06 - [STX]1H|\^&|||Mindry^^|||||||PR|1394-97|20260827124006[CR]P|106||PATIENT111||ABC^^||19600315^66^Y|M||||||||||||||||||||||||||[CR]O|106|81^1^30|9368193|GLU^GLU H^^|R|20260827122811|20260827122811|||||||20260827122811|serum||||||||||F|||||[CR]R|655|GLU^GLU H^^F|368.505996^^^^|mg/dL|^|N||F|368.505996^^^^|0|20260827124006||Mindry^[CR]L|241|N[CR][ETX]71[CR][LF]
2026-08-27 12:40:06 - [EOT]
2026-08-27 12:42:32 - [ENQ]
2026-08-27 12:42:32 - [STX]1H|\^&|||Mindry^^|||||||PR|1394-97|20260827124232[CR]P|107||PATIENT111||ABC^^||19600315^66^Y|M||||||||||||||||||||||||||[CR]O|107|83^1^32|9368190|GLU^GLU H^^|R|20260827122811|20260827122811|||||||20260827122812|serum||||||||||F|||||[CR]R|656|GLU^GLU H^^F|507.455661^^^^|mg/dL|^|N||F|507.455661^^^^|0|20260827124231||Mindry^[CR]L|242|N[CR][ETX]60[CR][LF]
2026-08-27 12:42:32 - [EOT]
2026-08-27 12:43:06 - [ENQ]
2026-08-27 12:43:06 - [STX]1H|\^&|||Mindry^^|||||||PR|1394-97|20260827124306[CR]P|108||PATIENT111||ABC^^||19600315^66^Y|M||||||||||||||||||||||||||[CR]O|108|82^1^31|9368191|BID^Bilirubin Direct (DSA Method)^^\SGPT^Alanine Aminotransferase^^\SGOT^Aspartate Aminotransferase^^\TRIG^Triglycerides^^\CREAT^Creatinine (Sarcosine Oxidase Method)^^\PHOS^Phosphorus^^\BIT^T.BILL H^^\CHOL^T.CHOL^^\ALB^ALBUMIN ^^\ALP^ALKALINE ^^\URIC^URIC ACID^^\TP^TP H^^\GGT^GGT H^^\CAL^CA. SB^^\Iron^IRON^^\UREA^UREA^^|R|20260827122811|20260827122811|||||||20260827122811|serum||||||||||F|||||[CR]R|657|BID^Bilirubin Direct (DSA Method)^^F|0.162570^^^^|mg/dL|^|N||F|0.162570^^^^|0|20260827124106||Mindry^[CR]R|658|SGPT^Alanine Aminotransferase^^F|13.404998^^^^|U/L|^|N||F|13.404998^^^^|0|20260827124058||Mindry^[CR]R|659|SGOT^Aspartate Aminotransferase^^F|13.778789^^^^|U/L|^|N||F|13.778789^^^^|0|20260827124106||Mindry^[CR]R|660|TRIG^Triglycerides^^F|1749.488663^^^^|mg/dL|^|N||F|1749.488663^^^^|0|20260827124132||Mindry^[CR]R|661|CREAT^Creatinine (Sarcosine Oxidase Method)^^F|0.575955^^^^|mg/dL|^|N||F|0.575955^^^^|0|20260827124140||Mindry^[CR]R|662|PHOS^Phosphorus^^F|2.914762^^^^|mg/dL|^|N||F|2.914762^^^^|0|20260827124149||Mindry^[CR]R|663|BIT^T.BILL H^^F|0.431197^^^^|mg/dL|^|N||F|0.431197^^^^|0|20260827124157||Mindry^[CR]R|664|CHOL^T.CHOL^^F|259.646292^^^^|mg/dL|^|N||F|259.646292^^^^|0|20260827123717||Mindry^[CR]R|665|ALB^ALBUMIN ^^F|3.900668^^^^|g/dL|^|N||F|3.900668^^^^|0|20260827123725||Mindry^[CR]R|666|ALP^ALKALINE ^^F|159.285037^^^^|U/L|^|N||F|159.285037^^^^|0|20260827124206||Mindry^[CR]R|667|URIC^URIC ACID^^F|4.735985^^^^|mg/dL|^|N||F|4.735985^^^^|0|20260827123634||Mindry^[CR]R|668|TP^TP H^^F|7.041106^^^^|g/dL|^|N||F|7.041106^^^^|0|20260827124240||Mindry^[CR]R|669|GGT^GGT H^^F|42.514262^^^^|U/L|^|N||F|42.514262^^^^|0|20260827124231||Mindry^[CR]R|670|CAL^CA. SB^^F|9.744523^^^^|mg/dL|^|N||F|9.744523^^^^|0|20260827123808||Mindry^[CR]R|671|Iron^IRON^^F|-232.968636^^^^|g/dL|^|N||F|-232.968636^^^^|0|20260827124306||Mindry^[CR]R|672|UREA^UREA^^F|24.598070^^^^|mg/dL|^|N||F|24.598070^^^^|0|20260827124206||Mindry^[CR]L|243|N[CR][ETX]53[CR][LF]
2026-08-27 12:43:06 - [EOT]
2026-08-27 13:16:59 - [ENQ]
2026-08-27 13:16:59 - [STX]1H|\^&|||Mindry^^|||||||RQ|1394-97|20260827131659[CR]Q|136|^9368222||||||||||O[CR]L|244|N[CR][ETX]E7[CR][LF]
2026-08-27 13:16:59 - [EOT]
2026-08-27 13:16:59 - [ACK]
2026-08-27 13:16:59 - --Send Message To Machine --[ENQ]
2026-08-27 13:17:00 - --Send Message To Machine --[STX]1H|\^&||| Product Model^01.03.07.03^123456|||||||SA|1394-97|20260827131659[CR]P|1||PATIENT111||ABC^XYZ^j||19600315|M|||A|||icteru||||||01|||||A1|002|||||||[CR]O|1|1^1^1|9368222|MAG^^2^1\PHOS^^2^1|R|20260827131659|20260827131659||||||||serum|||1|||||||Q|||||[CR]L|1|N[CR][ETX]98[CR][LF]
2026-08-27 13:17:00 - [ACK]
2026-08-27 13:17:00 - --Send Message To Machine --[EOT]
2026-08-27 13:17:00 - [ENQ]
2026-08-27 13:17:00 - [STX]1H|\^&|||Mindry^^|||||||RQ|1394-97|20260827131700[CR]Q|137|^9165356||||||||||O[CR]L|245|N[CR][ETX]DF[CR][LF]
2026-08-27 13:17:00 - [EOT]
2026-08-27 13:17:00 - [ACK]
2026-08-27 13:17:00 - --Send Message To Machine --[ENQ]
2026-08-27 13:17:00 - --Send Message To Machine --[STX]1H|\^&||| Product Model^01.03.07.03^123456|||||||SA|1394-97|20260827131700[CR]P|1||PATIENT111||ABC^XYZ^j||19600315|M|||A|||icteru||||||01|||||A1|002|||||||[CR]O|1|1^1^1|9165356|HDL^^2^1\LDL^^2^1\CHOL^^2^1\TC^^2^1\CREAT^^2^1\GGT^^2^1\Iron^^2^1\TIBC^^2^1\ALB^^2^1\TP^^2^1\TG^^2^1\TRIG^^2^1\UREA^^2^1\URIC^^2^1\UIBC^^2^1\ALP^^2^1\SGPT^^2^1\SGOT^^2^1\BID^^2^1\BIT^^2^1\CAL^^2^1|R|20260827131700|20260827131700||||||||serum|||1|||||||Q|||||[CR]L|1|N[CR][ETX]99[CR][LF]
2026-08-27 13:17:00 - --Send Message To Machine --[EOT]
2026-08-27 13:17:00 - [ACK]
2026-08-27 13:17:00 - [ENQ]
2026-08-27 13:17:00 - [STX]1H|\^&|||Mindry^^|||||||RQ|1394-97|20260827131700[CR]Q|138|^9368219||||||||||O[CR]L|246|N[CR][ETX]E4[CR][LF]
2026-08-27 13:17:00 - [EOT]
2026-08-27 13:17:00 - [ACK]
2026-08-27 13:17:00 - --Send Message To Machine --[ENQ]
2026-08-27 13:17:00 - --Send Message To Machine --[STX]1H|\^&||| Product Model^01.03.07.03^123456|||||||SA|1394-97|20260827131700[CR]P|1||PATIENT111||ABC^XYZ^j||19600315|M|||A|||icteru||||||01|||||A1|002|||||||[CR]O|1|1^1^1|9368219|CREAT^^2^1\UREA^^2^1\URIC^^2^1\ALP^^2^1\SGPT^^2^1\SGOT^^2^1\BID^^2^1\BIT^^2^1|R|20260827131700|20260827131700||||||||serum|||1|||||||Q|||||[CR]L|1|N[CR][ETX]53[CR][LF]
2026-08-27 13:17:00 - --Send Message To Machine --[EOT]
2026-08-27 13:17:00 - [ACK]
2026-08-27 13:29:46 - [ENQ]
2026-08-27 13:29:46 - [STX]1H|\^&|||Mindry^^|||||||PR|1394-97|20260827132946[CR]P|109||PATIENT111||ABC^^||19600315^66^Y|M||||||||||||||||||||||||||[CR]O|109|84^1^23|9368222|PHOS^Phosphorus^^|R|20260827131659|20260827131659|||||||20260827131700|serum||||||||||F|||||[CR]R|673|PHOS^Phosphorus^^F|1.267240^^^^|mg/dL|^|N||F|1.267240^^^^|0|20260827132946||Mindry^[CR]L|247|N[CR][ETX]24[CR][LF]
2026-08-27 13:29:46 - [EOT]
2026-08-27 13:31:46 - [ENQ]
2026-08-27 13:31:46 - [STX]1H|\^&|||Mindry^^|||||||PR|1394-97|20260827133146[CR]P|110||PATIENT111||ABC^^||19600315^66^Y|M||||||||||||||||||||||||||[CR]O|110|85^1^24|9165356|BID^Bilirubin Direct (DSA Method)^^\SGPT^Alanine Aminotransferase^^\SGOT^Aspartate Aminotransferase^^\TRIG^Triglycerides^^\CREAT^Creatinine (Sarcosine Oxidase Method)^^\BIT^T.BILL H^^\CHOL^T.CHOL^^\ALB^ALBUMIN ^^\ALP^ALKALINE ^^\URIC^URIC ACID^^\TP^TP H^^\GGT^GGT H^^\CAL^CA. SB^^\Iron^IRON^^\UREA^UREA^^|R|20260827131700|20260827131700|||||||20260827131700|serum||||||||||F|||||[CR]R|674|BID^Bilirubin Direct (DSA Method)^^F|0.268947^^^^|mg/dL|^|N||F|0.268947^^^^|0|20260827132955||Mindry^[CR]R|675|SGPT^Alanine Aminotransferase^^F|10.869006^^^^|U/L|^|N||F|10.869006^^^^|0|20260827132946||Mindry^[CR]R|676|SGOT^Aspartate Aminotransferase^^F|21.676094^^^^|U/L|^|N||F|21.676094^^^^|0|20260827132955||Mindry^[CR]R|677|TRIG^Triglycerides^^F|153.631819^^^^|mg/dL|^|N||F|153.631819^^^^|0|20260827133020||Mindry^[CR]R|678|CREAT^Creatinine (Sarcosine Oxidase Method)^^F|0.630943^^^^|mg/dL|^|N||F|0.630943^^^^|0|20260827133029||Mindry^[CR]R|679|BIT^T.BILL H^^F|0.946931^^^^|mg/dL|^|N||F|0.946931^^^^|0|20260827133038||Mindry^[CR]R|680|CHOL^T.CHOL^^F|191.066361^^^^|mg/dL|^|N||F|191.066361^^^^|0|20260827132557||Mindry^[CR]R|681|ALB^ALBUMIN ^^F|3.843864^^^^|g/dL|^|N||F|3.843864^^^^|0|20260827132605||Mindry^[CR]R|682|ALP^ALKALINE ^^F|70.816776^^^^|U/L|^|N||F|70.816776^^^^|0|20260827133046||Mindry^[CR]R|683|URIC^URIC ACID^^F|4.266051^^^^|mg/dL|^|N||F|4.266051^^^^|0|20260827132514||Mindry^[CR]R|684|TP^TP H^^F|6.955264^^^^|g/dL|^|N||F|6.955264^^^^|0|20260827133120||Mindry^[CR]R|685|GGT^GGT H^^F|9.881683^^^^|U/L|^|N||F|9.881683^^^^|0|20260827133112||Mindry^[CR]R|686|CAL^CA. SB^^F|9.251413^^^^|mg/dL|^|N||F|9.251413^^^^|0|20260827132648||Mindry^[CR]R|687|Iron^IRON^^F|-131.835035^^^^|g/dL|^|N||F|-131.835035^^^^|0|20260827133146||Mindry^[CR]R|688|UREA^UREA^^F|41.756468^^^^|mg/dL|^|N||F|41.756468^^^^|0|20260827133046||Mindry^[CR]L|248|N[CR][ETX]68[CR][LF]
2026-08-27 13:31:46 - [EOT]
2026-08-27 13:32:37 - [ENQ]
2026-08-27 13:32:37 - [STX]1H|\^&|||Mindry^^|||||||PR|1394-97|20260827133237[CR]P|111||PATIENT111||ABC^^||19600315^66^Y|M||||||||||||||||||||||||||[CR]O|111|86^1^25|9368219|BID^Bilirubin Direct (DSA Method)^^\SGPT^Alanine Aminotransferase^^\SGOT^Aspartate Aminotransferase^^\CREAT^Creatinine (Sarcosine Oxidase Method)^^\BIT^T.BILL H^^\ALP^ALKALINE ^^\URIC^URIC ACID^^\UREA^UREA^^|R|20260827131700|20260827131700|||||||20260827131700|serum||||||||||F|||||[CR]R|689|BID^Bilirubin Direct (DSA Method)^^F|0.157183^^^^|mg/dL|^|N||F|0.157183^^^^|0|20260827133203||Mindry^[CR]R|690|SGPT^Alanine Aminotransferase^^F|21.581052^^^^|U/L|^|N||F|21.581052^^^^|0|20260827133154||Mindry^[CR]R|691|SGOT^Aspartate Aminotransferase^^F|33.471507^^^^|U/L|^|N||F|33.471507^^^^|0|20260827133203||Mindry^[CR]R|692|CREAT^Creatinine (Sarcosine Oxidase Method)^^F|0.650631^^^^|mg/dL|^|N||F|0.650631^^^^|0|20260827133229||Mindry^[CR]R|693|BIT^T.BILL H^^F|0.311237^^^^|mg/dL|^|N||F|0.311237^^^^|0|20260827133237||Mindry^[CR]R|694|ALP^ALKALINE ^^F|74.053077^^^^|U/L|^|N||F|74.053077^^^^|0|20260827133229||Mindry^[CR]R|695|URIC^URIC ACID^^F|4.722835^^^^|mg/dL|^|N||F|4.722835^^^^|0|20260827132657||Mindry^[CR]R|696|UREA^UREA^^F|24.423271^^^^|mg/dL|^|N||F|24.423271^^^^|0|20260827133154||Mindry^[CR]L|249|N[CR][ETX]EE[CR][LF]
2026-08-27 13:32:37 - [EOT]
2026-08-27 13:51:29 - [ENQ]
2026-08-27 13:51:29 - [STX]1H|\^&|||Mindry^^|||||||RQ|1394-97|20260827135129[CR]Q|139|^9368223||||||||||O[CR]L|250|N[CR][ETX]E4[CR][LF]
2026-08-27 13:51:29 - [EOT]
2026-08-27 13:51:29 - [ACK]
2026-08-27 13:51:29 - --Send Message To Machine --[ENQ]
2026-08-27 13:51:29 - --Send Message To Machine --[STX]1H|\^&||| Product Model^01.03.07.03^123456|||||||SA|1394-97|20260827135129[CR]P|1||PATIENT111||ABC^XYZ^j||19600315|M|||A|||icteru||||||01|||||A1|002|||||||[CR]O|1|1^1^1|9368223|HDL^^2^1\LDL^^2^1\CHOL^^2^1\TC^^2^1\CREAT^^2^1\GGT^^2^1\Iron^^2^1\TIBC^^2^1\PHOS^^2^1\ALB^^2^1\TP^^2^1\TG^^2^1\TRIG^^2^1\UREA^^2^1\URIC^^2^1\UIBC^^2^1\ALP^^2^1\SGPT^^2^1\SGOT^^2^1\BID^^2^1\BIT^^2^1\CAL^^2^1|R|20260827135129|20260827135129||||||||serum|||1|||||||Q|||||[CR]L|1|N[CR][ETX]C5[CR][LF]
2026-08-27 13:51:29 - --Send Message To Machine --[EOT]
2026-08-27 13:51:29 - [ACK]
2026-08-27 14:04:16 - [ENQ]
2026-08-27 14:04:16 - [STX]1H|\^&|||Mindry^^|||||||PR|1394-97|20260827140416[CR]P|112||||^^||^^|U||||||||||||||||||||||||||[CR]O|112|9016^1^8|9571281|CREAT^Creatinine (Sarcosine Oxidase Method)^^\UREA^UREA^^|S|20260827134307|20260827134208|||||||20260827134208|serum||||||||||F|||||[CR]R|697|CREAT^Creatinine (Sarcosine Oxidase Method)^^F|0.555403^^^^|mg/dL|^|N||F|0.555403^^^^|0|20260827140416||Mindry^[CR]R|698|UREA^UREA^^F|32.832535^^^^|mg/dL|^|N||F|32.832535^^^^|0|20260827140316||Mindry^[CR]L|251|N[CR][ETX]4E[CR][LF]
2026-08-27 14:04:16 - [EOT]
2026-08-27 14:06:33 - [ENQ]
2026-08-27 14:06:33 - [STX]1H|\^&|||Mindry^^|||||||PR|1394-97|20260827140632[CR]P|113||PATIENT111||ABC^^||19600315^66^Y|M||||||||||||||||||||||||||[CR]O|113|87^1^9|9368223|BID^Bilirubin Direct (DSA Method)^^\SGPT^Alanine Aminotransferase^^\SGOT^Aspartate Aminotransferase^^\TRIG^Triglycerides^^\CREAT^Creatinine (Sarcosine Oxidase Method)^^\PHOS^Phosphorus^^\BIT^T.BILL H^^\CHOL^T.CHOL^^\ALB^ALBUMIN ^^\ALP^ALKALINE ^^\URIC^URIC ACID^^\TP^TP H^^\GGT^GGT H^^\CAL^CA. SB^^\Iron^IRON^^\UREA^UREA^^|R|20260827135129|20260827135129|||||||20260827135129|serum||||||||||F|||||[CR]R|699|BID^Bilirubin Direct (DSA Method)^^F|0.195005^^^^|mg/dL|^|N||F|0.195005^^^^|0|20260827140433||Mindry^[CR]R|700|SGPT^Alanine Aminotransferase^^F|40.621568^^^^|U/L|^|N||F|40.621568^^^^|0|20260827140424||Mindry^[CR]R|701|SGOT^Aspartate Aminotransferase^^F|32.575249^^^^|U/L|^|N||F|32.575249^^^^|0|20260827140433||Mindry^[CR]R|702|TRIG^Triglycerides^^F|158.119097^^^^|mg/dL|^|N||F|158.119097^^^^|0|20260827140458||Mindry^[CR]R|703|CREAT^Creatinine (Sarcosine Oxidase Method)^^F|0.820276^^^^|mg/dL|^|N||F|0.820276^^^^|0|20260827140507||Mindry^[CR]R|704|PHOS^Phosphorus^^F|1.784613^^^^|mg/dL|^|N||F|1.784613^^^^|0|20260827140515||Mindry^[CR]R|705|BIT^T.BILL H^^F|0.464655^^^^|mg/dL|^|N||F|0.464655^^^^|0|20260827140524||Mindry^[CR]R|706|CHOL^T.CHOL^^F|179.988907^^^^|mg/dL|^|N||F|179.988907^^^^|0|20260827140043||Mindry^[CR]R|707|ALB^ALBUMIN ^^F|4.056096^^^^|g/dL|^|N||F|4.056096^^^^|0|20260827140052||Mindry^[CR]R|708|ALP^ALKALINE ^^F|134.133674^^^^|U/L|^|N||F|134.133674^^^^|0|20260827140533||Mindry^[CR]R|709|URIC^URIC ACID^^F|9.181792^^^^|mg/dL|^|N||F|9.181792^^^^|0|20260827140001||Mindry^[CR]R|710|TP^TP H^^F|6.877562^^^^|g/dL|^|N||F|6.877562^^^^|0|20260827140607||Mindry^[CR]R|711|GGT^GGT H^^F|29.132519^^^^|U/L|^|N||F|29.132519^^^^|0|20260827140558||Mindry^[CR]R|712|CAL^CA. SB^^F|9.307543^^^^|mg/dL|^|N||F|9.307543^^^^|0|20260827140135||Mindry^[CR]R|713|Iron^IRON^^F|-198.336094^^^^|g/dL|^|N||F|-198.336094^^^^|0|20260827140632||Mindry^[CR]R|714|UREA^UREA^^F|25.076711^^^^|mg/dL|^|N||F|25.076711^^^^|0|20260827140533||Mindry^[CR]L|252|N[CR][ETX]41[CR][LF]
2026-08-27 14:06:33 - [EOT]
2026-08-27 14:25:15 - [ENQ]
2026-08-27 14:25:15 - [STX]1H|\^&|||Mindry^^|||||||RQ|1394-97|20260827142515[CR]Q|140|^9368218||||||||||O[CR]L|253|N[CR][ETX]E0[CR][LF]
2026-08-27 14:25:15 - [EOT]
2026-08-27 14:25:16 - [ACK]
2026-08-27 14:25:16 - --Send Message To Machine --[ENQ]
2026-08-27 14:25:16 - --Send Message To Machine --[STX]1H|\^&||| Product Model^01.03.07.03^123456|||||||SA|1394-97|20260827142516[CR]P|1||PATIENT111||ABC^XYZ^j||19600315|M|||A|||icteru||||||01|||||A1|002|||||||[CR]O|1|1^1^1|9368218|CREAT^^2^1\UREA^^2^1\URIC^^2^1\ALP^^2^1\SGPT^^2^1\SGOT^^2^1\BID^^2^1\BIT^^2^1|R|20260827142516|20260827142516||||||||serum|||1|||||||Q|||||[CR]L|1|N[CR][ETX]67[CR][LF]
2026-08-27 14:25:16 - [ACK]
2026-08-27 14:25:16 - --Send Message To Machine --[EOT]
2026-08-27 14:38:36 - [ENQ]
2026-08-27 14:38:36 - [STX]1H|\^&|||Mindry^^|||||||PR|1394-97|20260827143836[CR]P|114||PATIENT111||ABC^^||19600315^66^Y|M||||||||||||||||||||||||||[CR]O|114|88^1^1|9368218|BID^Bilirubin Direct (DSA Method)^^\SGPT^Alanine Aminotransferase^^\SGOT^Aspartate Aminotransferase^^\CREAT^Creatinine (Sarcosine Oxidase Method)^^\BIT^T.BILL H^^\ALP^ALKALINE ^^\URIC^URIC ACID^^\UREA^UREA^^|R|20260827142516|20260827142516|||||||20260827142516|serum||||||||||F|||||[CR]R|715|BID^Bilirubin Direct (DSA Method)^^F|0.617223^^^^|mg/dL|^|N||F|0.617223^^^^|0|20260827143802||Mindry^[CR]R|716|SGPT^Alanine Aminotransferase^^F|22.084710^^^^|U/L|^|N||F|22.084710^^^^|0|20260827143753||Mindry^[CR]R|717|SGOT^Aspartate Aminotransferase^^F|55.923083^^^^|U/L|^|N||F|55.923083^^^^|0|20260827143802||Mindry^[CR]R|718|CREAT^Creatinine (Sarcosine Oxidase Method)^^F|0.712206^^^^|mg/dL|^|N||F|0.712206^^^^|0|20260827143828||Mindry^[CR]R|719|BIT^T.BILL H^^F|1.768693^^^^|mg/dL|^|N||F|1.768693^^^^|0|20260827143836||Mindry^[CR]R|720|ALP^ALKALINE ^^F|84.438036^^^^|U/L|^|N||F|84.438036^^^^|0|20260827143828||Mindry^[CR]R|721|URIC^URIC ACID^^F|2.159494^^^^|mg/dL|^|N||F|2.159494^^^^|0|20260827143256||Mindry^[CR]R|722|UREA^UREA^^F|68.160444^^^^|mg/dL|^|N||F|68.160444^^^^|0|20260827143753||Mindry^[CR]L|254|N[CR][ETX]17[CR][LF]
2026-08-27 14:38:36 - [EOT]
2026-08-27 14:49:17 - [ENQ]
2026-08-27 14:49:17 - [STX]1H|\^&|||Mindry^^|||||||PR|1394-97|20260827144917[CR]P|115||||^^||^^|U||||||||||||||||||||||||||[CR]O|115|9017^1^9|09409229|TRIG^Triglycerides^^\CHOL^T.CHOL^^|S|20260827143757|20260827143742|||||||20260827143742|serum||||||||||F|||||[CR]R|723|TRIG^Triglycerides^^F|316.596671^^^^|mg/dL|^|N||F|316.596671^^^^|0|20260827144917||Mindry^[CR]R|724|CHOL^T.CHOL^^F|178.675106^^^^|mg/dL|^|N||F|178.675106^^^^|0|20260827144437||Mindry^[CR]L|255|N[CR][ETX]1D[CR][LF]
2026-08-27 14:49:17 - [EOT]
2026-08-27 14:54:17 - [ENQ]
2026-08-27 14:54:17 - [STX]1H|\^&|||Mindry^^|||||||PR|1394-97|20260827145417[CR]P|116||||^^||^^|U||||||||||||||||||||||||||[CR]O|116|9018^1^10|09368218|BID^Bilirubin Direct (DSA Method)^^\SGPT^Alanine Aminotransferase^^\SGOT^Aspartate Aminotransferase^^\CREAT^Creatinine (Sarcosine Oxidase Method)^^\BIT^T.BILL H^^\URIC^URIC ACID^^\TP^TP H^^\UREA^UREA^^|S|20260827144202|20260827143757|||||||20260827143757|serum||||||||||F|||||[CR]R|725|BID^Bilirubin Direct (DSA Method)^^F|0.607284^^^^|mg/dL|^|N||F|0.607284^^^^|0|20260827145325||Mindry^[CR]R|726|SGPT^Alanine Aminotransferase^^F|20.511037^^^^|U/L|^|N||F|20.511037^^^^|0|20260827145316||Mindry^[CR]R|727|SGOT^Aspartate Aminotransferase^^F|56.205468^^^^|U/L|^|N||F|56.205468^^^^|0|20260827145325||Mindry^[CR]R|728|CREAT^Creatinine (Sarcosine Oxidase Method)^^F|0.693755^^^^|mg/dL|^|N||F|0.693755^^^^|0|20260827145351||Mindry^[CR]R|729|BIT^T.BILL H^^F|1.831170^^^^|mg/dL|^|N||F|1.831170^^^^|0|20260827145359||Mindry^[CR]R|730|URIC^URIC ACID^^F|2.274572^^^^|mg/dL|^|N||F|2.274572^^^^|0|20260827144810||Mindry^[CR]R|731|TP^TP H^^F|4.757935^^^^|g/dL|^|N||F|4.757935^^^^|0|20260827145416||Mindry^[CR]R|732|UREA^UREA^^F|65.901717^^^^|mg/dL|^|N||F|65.901717^^^^|0|20260827145316||Mindry^[CR]L|256|N[CR][ETX]1A[CR][LF]
2026-08-27 14:54:17 - [EOT]
2026-08-27 18:21:34 - [ENQ]
2026-08-27 18:21:34 - [STX]1H|\^&|||Mindry^^|||||||RQ|1394-97|20260827182134[CR]Q|141|^9573739||||||||||O[CR]L|257|N[CR][ETX]EC[CR][LF]
2026-08-27 18:21:34 - [EOT]
2026-08-27 18:21:34 - [ACK]
2026-08-27 18:21:34 - --Send Message To Machine --[ENQ]
2026-08-27 18:21:34 - --Send Message To Machine --[STX]1H|\^&||| Product Model^01.03.07.03^123456|||||||SA|1394-97|20260827182134[CR]P|1||PATIENT111||ABC^XYZ^j||19600315|M|||A|||icteru||||||01|||||A1|002|||||||[CR]O|1|1^1^1|9573739|HDL^^2^1\LDL^^2^1\CHOL^^2^1\TC^^2^1\TG^^2^1\TRIG^^2^1|R|20260827182134|20260827182134||||||||serum|||1|||||||Q|||||[CR]L|1|N[CR][ETX]28[CR][LF]
2026-08-27 18:21:34 - [ACK]
2026-08-27 18:21:34 - --Send Message To Machine --[EOT]
2026-08-27 18:21:34 - [ENQ]
2026-08-27 18:21:34 - [STX]1H|\^&|||Mindry^^|||||||RQ|1394-97|20260827182134[CR]Q|142|^9573746||||||||||O[CR]L|258|N[CR][ETX]EC[CR][LF]
2026-08-27 18:21:35 - [EOT]
2026-08-27 18:21:35 - [ACK]
2026-08-27 18:21:35 - --Send Message To Machine --[ENQ]
2026-08-27 18:21:35 - --Send Message To Machine --[STX]1H|\^&||| Product Model^01.03.07.03^123456|||||||SA|1394-97|20260827182135[CR]P|1||PATIENT111||ABC^XYZ^j||19600315|M|||A|||icteru||||||01|||||A1|002|||||||[CR]O|1|1^1^1|9573746|SGPT^^2^1|R|20260827182135|20260827182135||||||||serum|||1|||||||Q|||||[CR]L|1|N[CR][ETX]E8[CR][LF]
2026-08-27 18:21:35 - [ACK]
2026-08-27 18:21:35 - --Send Message To Machine --[EOT]
2026-08-27 18:21:35 - [ENQ]
2026-08-27 18:21:35 - [STX]1H|\^&|||Mindry^^|||||||RQ|1394-97|20260827182135[CR]Q|143|^9573743||||||||||O[CR]L|259|N[CR][ETX]EC[CR][LF]
2026-08-27 18:21:35 - [EOT]
2026-08-27 18:21:35 - [ACK]
2026-08-27 18:21:35 - --Send Message To Machine --[ENQ]
2026-08-27 18:21:35 - --Send Message To Machine --[STX]1H|\^&||| Product Model^01.03.07.03^123456|||||||SA|1394-97|20260827182135[CR]P|1||PATIENT111||ABC^XYZ^j||19600315|M|||A|||icteru||||||01|||||A1|002|||||||[CR]O|1|1^1^1|9573743|GLU^^2^1|R|20260827182135|20260827182135||||||||serum|||1|||||||Q|||||[CR]L|1|N[CR][ETX]8F[CR][LF]
2026-08-27 18:21:35 - [ACK]
2026-08-27 18:21:35 - --Send Message To Machine --[EOT]
2026-08-27 18:21:35 - [ENQ]
2026-08-27 18:21:35 - [STX]1H|\^&|||Mindry^^|||||||RQ|1394-97|20260827182135[CR]Q|144|^8156976||||||||||O[CR]L|260|N[CR][ETX]E9[CR][LF]
2026-08-27 18:21:35 - [EOT]
2026-08-27 18:21:35 - [ACK]
2026-08-27 18:21:35 - --Send Message To Machine --[ENQ]
2026-08-27 18:21:35 - --Send Message To Machine --[STX]1H|\^&||| Product Model^01.03.07.03^123456|||||||SA|1394-97|20260827182135[CR]P|1||PATIENT111||ABC^XYZ^j||19600315|M|||A|||icteru||||||01|||||A1|002|||||||[CR]O|1|1^1^1|8156976|HDL^^2^1\LDL^^2^1\CHOL^^2^1\TC^^2^1\TG^^2^1\TRIG^^2^1|R|20260827182135|20260827182135||||||||serum|||1|||||||Q|||||[CR]L|1|N[CR][ETX]2A[CR][LF]
2026-08-27 18:21:35 - [ACK]
2026-08-27 18:21:35 - --Send Message To Machine --[EOT]
2026-08-27 18:21:35 - [ENQ]
2026-08-27 18:21:35 - [STX]1H|\^&|||Mindry^^|||||||RQ|1394-97|20260827182135[CR]Q|145|^9368213||||||||||O[CR]L|261|N[CR][ETX]E1[CR][LF]
2026-08-27 18:21:35 - [EOT]
2026-08-27 18:21:35 - [ACK]
2026-08-27 18:21:35 - --Send Message To Machine --[ENQ]
2026-08-27 18:21:35 - --Send Message To Machine --[STX]1H|\^&||| Product Model^01.03.07.03^123456|||||||SA|1394-97|20260827182135[CR]P|1||PATIENT111||ABC^XYZ^j||19600315|M|||A|||icteru||||||01|||||A1|002|||||||[CR]O|1|1^1^1|9368213|GLU^^2^1|R|20260827182135|20260827182135||||||||serum|||1|||||||Q|||||[CR]L|1|N[CR][ETX]89[CR][LF]
2026-08-27 18:21:35 - [ACK]
2026-08-27 18:21:35 - --Send Message To Machine --[EOT]
2026-08-27 18:21:36 - [ENQ]
2026-08-27 18:21:36 - [STX]1H|\^&|||Mindry^^|||||||RQ|1394-97|20260827182136[CR]Q|146|^9571878||||||||||O[CR]L|262|N[CR][ETX]F1[CR][LF]
2026-08-27 18:21:36 - [EOT]
2026-08-27 18:21:36 - [ACK]
2026-08-27 18:21:36 - --Send Message To Machine --[ENQ]
2026-08-27 18:21:36 - --Send Message To Machine --[STX]1H|\^&||| Product Model^01.03.07.03^123456|||||||SA|1394-97|20260827182136[CR]P|1||PATIENT111||ABC^XYZ^j||19600315|M|||A|||icteru||||||01|||||A1|002|||||||[CR]O|1|1^1^1|9571878|URIC^^2^1|R|20260827182136|20260827182136||||||||serum|||1|||||||Q|||||[CR]L|1|N[CR][ETX]E4[CR][LF]
2026-08-27 18:21:36 - [ACK]
2026-08-27 18:21:36 - --Send Message To Machine --[EOT]
2026-08-27 18:21:36 - [ENQ]
2026-08-27 18:21:36 - [STX]1H|\^&|||Mindry^^|||||||RQ|1394-97|20260827182136[CR]Q|147|^9572816||||||||||O[CR]L|263|N[CR][ETX]EC[CR][LF]
2026-08-27 18:21:36 - [EOT]
2026-08-27 18:21:36 - [ACK]
2026-08-27 18:21:36 - --Send Message To Machine --[ENQ]
2026-08-27 18:21:36 - --Send Message To Machine --[STX]1H|\^&||| Product Model^01.03.07.03^123456|||||||SA|1394-97|20260827182136[CR]P|1||PATIENT111||ABC^XYZ^j||19600315|M|||A|||icteru||||||01|||||A1|002|||||||[CR]O|1|1^1^1|9572816|CREAT^^2^1\GGT^^2^1\ALB^^2^1\TP^^2^1\UREA^^2^1\URIC^^2^1\ALP^^2^1\SGPT^^2^1\SGOT^^2^1\BID^^2^1\BIT^^2^1\CAL^^2^1|R|20260827182136|20260827182136||||||||serum|||1|||||||Q|||||[CR]L|1|N[CR][ETX]F7[CR][LF]
2026-08-27 18:21:36 - --Send Message To Machine --[EOT]
2026-08-27 18:21:36 - [ACK]
2026-08-27 18:21:36 - [ENQ]
2026-08-27 18:21:36 - [STX]1H|\^&|||Mindry^^|||||||RQ|1394-97|20260827182136[CR]Q|148|^8300833||||||||||O[CR]L|264|N[CR][ETX]E1[CR][LF]
2026-08-27 18:21:36 - [EOT]
2026-08-27 18:21:36 - [ACK]
2026-08-27 18:21:36 - --Send Message To Machine --[ENQ]
2026-08-27 18:21:36 - --Send Message To Machine --[STX]1H|\^&||| Product Model^01.03.07.03^123456|||||||SA|1394-97|20260827182136[CR]P|1||PATIENT111||ABC^XYZ^j||19600315|M|||A|||icteru||||||01|||||A1|002|||||||[CR]O|1|1^1^1|8300833|BIT^^2^1|R|20260827182136|20260827182136||||||||serum|||1|||||||Q|||||[CR]L|1|N[CR][ETX]7C[CR][LF]
2026-08-27 18:21:36 - [ACK]
2026-08-27 18:21:36 - --Send Message To Machine --[EOT]
2026-08-27 18:21:36 - [ENQ]
2026-08-27 18:21:36 - [STX]1H|\^&|||Mindry^^|||||||RQ|1394-97|20260827182136[CR]Q|149|^9571888||||||||||O[CR]L|265|N[CR][ETX]F8[CR][LF]
2026-08-27 18:21:36 - [EOT]
2026-08-27 18:21:36 - [ACK]
2026-08-27 18:21:36 - --Send Message To Machine --[ENQ]
2026-08-27 18:21:36 - --Send Message To Machine --[STX]1H|\^&||| Product Model^01.03.07.03^123456|||||||SA|1394-97|20260827182136[CR]P|1||PATIENT111||ABC^XYZ^j||19600315|M|||A|||icteru||||||01|||||A1|002|||||||[CR]O|1|1^1^1|9571888|GLU^^2^1|R|20260827182136|20260827182136||||||||serum|||1|||||||Q|||||[CR]L|1|N[CR][ETX]9A[CR][LF]
2026-08-27 18:21:36 - [ACK]
2026-08-27 18:21:36 - --Send Message To Machine --[EOT]
2026-08-27 18:21:37 - [ENQ]
2026-08-27 18:21:37 - [STX]1H|\^&|||Mindry^^|||||||RQ|1394-97|20260827182137[CR]Q|150|^9571826||||||||||O[CR]L|266|N[CR][ETX]EA[CR][LF]
2026-08-27 18:21:37 - [EOT]
2026-08-27 18:21:37 - [ACK]
2026-08-27 18:21:37 - --Send Message To Machine --[ENQ]
2026-08-27 18:21:37 - --Send Message To Machine --[STX]1H|\^&||| Product Model^01.03.07.03^123456|||||||SA|1394-97|20260827182137[CR]P|1||PATIENT111||ABC^XYZ^j||19600315|M|||A|||icteru||||||01|||||A1|002|||||||[CR]O|1|1^1^1|9571826|GLU^^2^1|R|20260827182137|20260827182137||||||||serum|||1|||||||Q|||||[CR]L|1|N[CR][ETX]95[CR][LF]
2026-08-27 18:21:37 - [ACK]
2026-08-27 18:21:37 - --Send Message To Machine --[EOT]
2026-08-27 18:21:37 - [ENQ]
2026-08-27 18:21:37 - [STX]1H|\^&|||Mindry^^|||||||RQ|1394-97|20260827182137[CR]Q|151|^9572817||||||||||O[CR]L|267|N[CR][ETX]ED[CR][LF]
2026-08-27 18:21:37 - [EOT]
2026-08-27 18:21:37 - [ACK]
2026-08-27 18:21:37 - --Send Message To Machine --[ENQ]
2026-08-27 18:21:37 - --Send Message To Machine --[STX]1H|\^&||| Product Model^01.03.07.03^123456|||||||SA|1394-97|20260827182137[CR]P|1||PATIENT111||ABC^XYZ^j||19600315|M|||A|||icteru||||||01|||||A1|002|||||||[CR]O|1|1^1^1|9572817|GLU^^2^1|R|20260827182137|20260827182137||||||||serum|||1|||||||Q|||||[CR]L|1|N[CR][ETX]96[CR][LF]
2026-08-27 18:21:37 - [ACK]
2026-08-27 18:21:37 - --Send Message To Machine --[EOT]
2026-08-27 18:21:37 - [ENQ]
2026-08-27 18:21:37 - [STX]1H|\^&|||Mindry^^|||||||RQ|1394-97|20260827182137[CR]Q|152|^9572822||||||||||O[CR]L|268|N[CR][ETX]EB[CR][LF]
2026-08-27 18:21:37 - [EOT]
2026-08-27 18:21:37 - [ACK]
2026-08-27 18:21:37 - --Send Message To Machine --[ENQ]
2026-08-27 18:21:37 - --Send Message To Machine --[STX]1H|\^&||| Product Model^01.03.07.03^123456|||||||SA|1394-97|20260827182137[CR]P|1||PATIENT111||ABC^XYZ^j||19600315|M|||A|||icteru||||||01|||||A1|002|||||||[CR]O|1|1^1^1|9572822|GLU^^2^1|R|20260827182137|20260827182137||||||||serum|||1|||||||Q|||||[CR]L|1|N[CR][ETX]92[CR][LF]
2026-08-27 18:21:37 - [ACK]
2026-08-27 18:21:37 - --Send Message To Machine --[EOT]
2026-08-27 18:21:37 - [ENQ]
2026-08-27 18:21:37 - [STX]1H|\^&|||Mindry^^|||||||RQ|1394-97|20260827182137[CR]Q|153|^9571875||||||||||O[CR]L|269|N[CR][ETX]F4[CR][LF]
2026-08-27 18:21:37 - [EOT]
2026-08-27 18:21:37 - [ACK]
2026-08-27 18:21:37 - --Send Message To Machine --[ENQ]
2026-08-27 18:21:38 - --Send Message To Machine --[STX]1H|\^&||| Product Model^01.03.07.03^123456|||||||SA|1394-97|20260827182137[CR]P|1||PATIENT111||ABC^XYZ^j||19600315|M|||A|||icteru||||||01|||||A1|002|||||||[CR]O|1|1^1^1|9571875|GLU^^2^1|R|20260827182137|20260827182137||||||||serum|||1|||||||Q|||||[CR]L|1|N[CR][ETX]99[CR][LF]
2026-08-27 18:21:38 - [ACK]
2026-08-27 18:21:38 - --Send Message To Machine --[EOT]
2026-08-27 18:21:38 - [ENQ]
2026-08-27 18:21:38 - [STX]1H|\^&|||Mindry^^|||||||RQ|1394-97|20260827182138[CR]Q|154|^9573741||||||||||O[CR]L|270|N[CR][ETX]E8[CR][LF]
2026-08-27 18:21:38 - [EOT]
2026-08-27 18:21:38 - [ACK]
2026-08-27 18:21:38 - --Send Message To Machine --[ENQ]
2026-08-27 18:21:38 - --Send Message To Machine --[STX]1H|\^&||| Product Model^01.03.07.03^123456|||||||SA|1394-97|20260827182138[CR]P|1||PATIENT111||ABC^XYZ^j||19600315|M|||A|||icteru||||||01|||||A1|002|||||||[CR]O|1|1^1^1|9573741|HDL^^2^1\LDL^^2^1\CHOL^^2^1\TC^^2^1\CREAT^^2^1\GGT^^2^1\Iron^^2^1\TIBC^^2^1\ALB^^2^1\TP^^2^1\TG^^2^1\TRIG^^2^1\UREA^^2^1\URIC^^2^1\UIBC^^2^1\ALP^^2^1\SGPT^^2^1\SGOT^^2^1\BID^^2^1\BIT^^2^1\CAL^^2^1|R|20260827182138|20260827182138||||||||serum|||1|||||||Q|||||[CR]L|1|N[CR][ETX]BB[CR][LF]
2026-08-27 18:21:38 - --Send Message To Machine --[EOT]
2026-08-27 18:21:38 - [ACK]
2026-08-27 18:21:38 - [ENQ]
2026-08-27 18:21:38 - [STX]1H|\^&|||Mindry^^|||||||RQ|1394-97|20260827182138[CR]Q|155|^8156971||||||||||O[CR]L|271|N[CR][ETX]EB[CR][LF]
2026-08-27 18:21:38 - [EOT]
2026-08-27 18:21:38 - [ACK]
2026-08-27 18:21:38 - --Send Message To Machine --[ENQ]
2026-08-27 18:21:38 - --Send Message To Machine --[STX]1H|\^&||| Product Model^01.03.07.03^123456|||||||SA|1394-97|20260827182138[CR]P|1||PATIENT111||ABC^XYZ^j||19600315|M|||A|||icteru||||||01|||||A1|002|||||||[CR]O|1|1^1^1|8156971|HDL^^2^1\LDL^^2^1\CHOL^^2^1\TC^^2^1\CREAT^^2^1\GGT^^2^1\Iron^^2^1\TIBC^^2^1\PHOS^^2^1\ALB^^2^1\TP^^2^1\TG^^2^1\TRIG^^2^1\UREA^^2^1\URIC^^2^1\UIBC^^2^1\ALP^^2^1\SGPT^^2^1\SGOT^^2^1\BID^^2^1\BIT^^2^1\CAL^^2^1|R|20260827182138|20260827182138||||||||serum|||1|||||||Q|||||[CR]L|1|N[CR][ETX]CF[CR][LF]
2026-08-27 18:21:38 - --Send Message To Machine --[EOT]
2026-08-27 18:21:38 - [ACK]
2026-08-27 18:29:23 - [ENQ]
2026-08-27 18:29:23 - [STX]1H|\^&|||Mindry^^|||||||PR|1394-97|20260827182923[CR]P|117||PATIENT111||ABC^^||19600315^66^Y|M||||||||||||||||||||||||||[CR]O|117|94^1^6|9571878|URIC^URIC ACID^^|R|20260827182136|20260827182136|||||||20260827182136|serum||||||||||F|||||[CR]R|733|URIC^URIC ACID^^F|2.295052^^^^|mg/dL|^|N||F|2.295052^^^^|0|20260827182923||Mindry^[CR]L|272|N[CR][ETX]47[CR][LF]
2026-08-27 18:29:23 - [EOT]
2026-08-27 18:30:40 - [ENQ]
2026-08-27 18:30:40 - [STX]1H|\^&|||Mindry^^|||||||RQ|1394-97|20260827183040[CR]Q|156|^9573739||||||||||O[CR]L|273|N[CR][ETX]ED[CR][LF]
2026-08-27 18:30:40 - [EOT]
2026-08-27 18:30:40 - [ACK]
2026-08-27 18:30:40 - --Send Message To Machine --[ENQ]
2026-08-27 18:30:40 - --Send Message To Machine --[STX]1H|\^&||| Product Model^01.03.07.03^123456|||||||SA|1394-97|20260827183040[CR]P|1||PATIENT111||ABC^XYZ^j||19600315|M|||A|||icteru||||||01|||||A1|002|||||||[CR]O|1|1^1^1|9573739|HDL^^2^1\LDL^^2^1\CHOL^^2^1\TC^^2^1\TG^^2^1\TRIG^^2^1|R|20260827183040|20260827183040||||||||serum|||1|||||||Q|||||[CR]L|1|N[CR][ETX]1F[CR][LF]
2026-08-27 18:30:41 - --Send Message To Machine --[EOT]
2026-08-27 18:30:41 - [ACK]
2026-08-27 18:30:41 - [ENQ]
2026-08-27 18:30:41 - [STX]1H|\^&|||Mindry^^|||||||RQ|1394-97|20260827183041[CR]Q|157|^9573746||||||||||O[CR]L|274|N[CR][ETX]EE[CR][LF]
2026-08-27 18:30:41 - [EOT]
2026-08-27 18:30:41 - [ACK]
2026-08-27 18:30:41 - --Send Message To Machine --[ENQ]
2026-08-27 18:30:41 - --Send Message To Machine --[STX]1H|\^&||| Product Model^01.03.07.03^123456|||||||SA|1394-97|20260827183041[CR]P|1||PATIENT111||ABC^XYZ^j||19600315|M|||A|||icteru||||||01|||||A1|002|||||||[CR]O|1|1^1^1|9573746|SGPT^^2^1|R|20260827183041|20260827183041||||||||serum|||1|||||||Q|||||[CR]L|1|N[CR][ETX]DF[CR][LF]
2026-08-27 18:30:41 - [ACK]
2026-08-27 18:30:41 - --Send Message To Machine --[EOT]
2026-08-27 18:30:41 - [ENQ]
2026-08-27 18:30:41 - [STX]1H|\^&|||Mindry^^|||||||RQ|1394-97|20260827183041[CR]Q|158|^9573743||||||||||O[CR]L|275|N[CR][ETX]ED[CR][LF]
2026-08-27 18:30:41 - [EOT]
2026-08-27 18:30:41 - [ACK]
2026-08-27 18:30:41 - --Send Message To Machine --[ENQ]
2026-08-27 18:30:41 - --Send Message To Machine --[STX]1H|\^&||| Product Model^01.03.07.03^123456|||||||SA|1394-97|20260827183041[CR]P|1||PATIENT111||ABC^XYZ^j||19600315|M|||A|||icteru||||||01|||||A1|002|||||||[CR]O|1|1^1^1|9573743|GLU^^2^1|R|20260827183041|20260827183041||||||||serum|||1|||||||Q|||||[CR]L|1|N[CR][ETX]86[CR][LF]
2026-08-27 18:30:41 - [ACK]
2026-08-27 18:30:41 - --Send Message To Machine --[EOT]
2026-08-27 18:30:41 - [ENQ]
2026-08-27 18:30:41 - [STX]1H|\^&|||Mindry^^|||||||RQ|1394-97|20260827183041[CR]Q|159|^8156976||||||||||O[CR]L|276|N[CR][ETX]F3[CR][LF]
2026-08-27 18:30:41 - [EOT]
2026-08-27 18:30:41 - [ACK]
2026-08-27 18:30:41 - --Send Message To Machine --[ENQ]
2026-08-27 18:30:41 - --Send Message To Machine --[STX]1H|\^&||| Product Model^01.03.07.03^123456|||||||SA|1394-97|20260827183041[CR]P|1||PATIENT111||ABC^XYZ^j||19600315|M|||A|||icteru||||||01|||||A1|002|||||||[CR]O|1|1^1^1|8156976|HDL^^2^1\LDL^^2^1\CHOL^^2^1\TC^^2^1\TG^^2^1\TRIG^^2^1|R|20260827183041|20260827183041||||||||serum|||1|||||||Q|||||[CR]L|1|N[CR][ETX]21[CR][LF]
2026-08-27 18:30:41 - [ACK]
2026-08-27 18:30:41 - --Send Message To Machine --[EOT]
2026-08-27 18:30:41 - [ENQ]
2026-08-27 18:30:41 - [STX]1H|\^&|||Mindry^^|||||||RQ|1394-97|20260827183041[CR]Q|160|^9368213||||||||||O[CR]L|277|N[CR][ETX]E2[CR][LF]
2026-08-27 18:30:42 - [EOT]
2026-08-27 18:30:42 - [ACK]
2026-08-27 18:30:42 - --Send Message To Machine --[ENQ]
2026-08-27 18:30:42 - --Send Message To Machine --[STX]1H|\^&||| Product Model^01.03.07.03^123456|||||||SA|1394-97|20260827183042[CR]P|1||PATIENT111||ABC^XYZ^j||19600315|M|||A|||icteru||||||01|||||A1|002|||||||[CR]O|1|1^1^1|9368213|GLU^^2^1|R|20260827183042|20260827183042||||||||serum|||1|||||||Q|||||[CR]L|1|N[CR][ETX]83[CR][LF]
2026-08-27 18:30:42 - [ACK]
2026-08-27 18:30:42 - --Send Message To Machine --[EOT]
2026-08-27 18:30:42 - [ENQ]
2026-08-27 18:30:42 - [STX]1H|\^&|||Mindry^^|||||||RQ|1394-97|20260827183042[CR]Q|161|^9571878||||||||||O[CR]L|278|N[CR][ETX]F2[CR][LF]
2026-08-27 18:30:42 - [EOT]
2026-08-27 18:31:12 - [ENQ]
2026-08-27 18:31:12 - [STX]1H|\^&|||Mindry^^|||||||RQ|1394-97|20260827183112[CR]Q|162|^9572816||||||||||O[CR]L|279|N[CR][ETX]EB[CR][LF]
2026-08-27 18:31:12 - [EOT]
2026-08-27 18:31:12 - [ACK]
2026-08-27 18:31:12 - --Send Message To Machine --[ENQ]
2026-08-27 18:31:12 - --Send Message To Machine --[STX]1H|\^&||| Product Model^01.03.07.03^123456|||||||SA|1394-97|20260827183112[CR]P|1||PATIENT111||ABC^XYZ^j||19600315|M|||A|||icteru||||||01|||||A1|002|||||||[CR]O|1|1^1^1|9572816|CREAT^^2^1\GGT^^2^1\ALB^^2^1\TP^^2^1\UREA^^2^1\URIC^^2^1\ALP^^2^1\SGPT^^2^1\SGOT^^2^1\BID^^2^1\BIT^^2^1\CAL^^2^1|R|20260827183112|20260827183112||||||||serum|||1|||||||Q|||||[CR]L|1|N[CR][ETX]E8[CR][LF]
2026-08-27 18:31:12 - --Send Message To Machine --[EOT]
2026-08-27 18:31:12 - [ACK]
2026-08-27 18:31:12 - [ENQ]
2026-08-27 18:31:12 - [STX]1H|\^&|||Mindry^^|||||||RQ|1394-97|20260827183112[CR]Q|163|^8300833||||||||||O[CR]L|280|N[CR][ETX]D7[CR][LF]
2026-08-27 18:31:12 - [EOT]
2026-08-27 18:31:12 - [ACK]
2026-08-27 18:31:12 - --Send Message To Machine --[ENQ]
2026-08-27 18:31:12 - --Send Message To Machine --[STX]1H|\^&||| Product Model^01.03.07.03^123456|||||||SA|1394-97|20260827183112[CR]P|1||PATIENT111||ABC^XYZ^j||19600315|M|||A|||icteru||||||01|||||A1|002|||||||[CR]O|1|1^1^1|8300833|BIT^^2^1|R|20260827183112|20260827183112||||||||serum|||1|||||||Q|||||[CR]L|1|N[CR][ETX]6D[CR][LF]
2026-08-27 18:31:12 - [ACK]
2026-08-27 18:31:12 - --Send Message To Machine --[EOT]
2026-08-27 18:31:12 - [ENQ]
2026-08-27 18:31:12 - [STX]1H|\^&|||Mindry^^|||||||RQ|1394-97|20260827183112[CR]Q|164|^9571888||||||||||O[CR]L|281|N[CR][ETX]EE[CR][LF]
2026-08-27 18:31:12 - [EOT]
2026-08-27 18:31:12 - [ACK]
2026-08-27 18:31:13 - --Send Message To Machine --[ENQ]
2026-08-27 18:31:13 - --Send Message To Machine --[STX]1H|\^&||| Product Model^01.03.07.03^123456|||||||SA|1394-97|20260827183112[CR]P|1||PATIENT111||ABC^XYZ^j||19600315|M|||A|||icteru||||||01|||||A1|002|||||||[CR]O|1|1^1^1|9571888|GLU^^2^1|R|20260827183112|20260827183112||||||||serum|||1|||||||Q|||||[CR]L|1|N[CR][ETX]8B[CR][LF]
2026-08-27 18:31:13 - [ACK]
2026-08-27 18:31:13 - --Send Message To Machine --[EOT]
2026-08-27 18:31:13 - [ENQ]
2026-08-27 18:31:13 - [STX]1H|\^&|||Mindry^^|||||||RQ|1394-97|20260827183113[CR]Q|165|^9571826||||||||||O[CR]L|282|N[CR][ETX]E9[CR][LF]
2026-08-27 18:31:13 - [EOT]
2026-08-27 18:31:13 - [ACK]
2026-08-27 18:31:13 - --Send Message To Machine --[ENQ]
2026-08-27 18:31:13 - --Send Message To Machine --[STX]1H|\^&||| Product Model^01.03.07.03^123456|||||||SA|1394-97|20260827183113[CR]P|1||PATIENT111||ABC^XYZ^j||19600315|M|||A|||icteru||||||01|||||A1|002|||||||[CR]O|1|1^1^1|9571826|GLU^^2^1|R|20260827183113|20260827183113||||||||serum|||1|||||||Q|||||[CR]L|1|N[CR][ETX]86[CR][LF]
2026-08-27 18:31:13 - [ACK]
2026-08-27 18:31:13 - --Send Message To Machine --[EOT]
2026-08-27 18:31:13 - [ENQ]
2026-08-27 18:31:13 - [STX]1H|\^&|||Mindry^^|||||||RQ|1394-97|20260827183113[CR]Q|166|^9572817||||||||||O[CR]L|283|N[CR][ETX]EC[CR][LF]
2026-08-27 18:31:13 - [EOT]
2026-08-27 18:31:13 - [ACK]
2026-08-27 18:31:13 - --Send Message To Machine --[ENQ]
2026-08-27 18:31:13 - --Send Message To Machine --[STX]1H|\^&||| Product Model^01.03.07.03^123456|||||||SA|1394-97|20260827183113[CR]P|1||PATIENT111||ABC^XYZ^j||19600315|M|||A|||icteru||||||01|||||A1|002|||||||[CR]O|1|1^1^1|9572817|GLU^^2^1|R|20260827183113|20260827183113||||||||serum|||1|||||||Q|||||[CR]L|1|N[CR][ETX]87[CR][LF]
2026-08-27 18:31:13 - [ACK]
2026-08-27 18:31:13 - --Send Message To Machine --[EOT]
2026-08-27 18:31:13 - [ENQ]
2026-08-27 18:31:13 - [STX]1H|\^&|||Mindry^^|||||||RQ|1394-97|20260827183113[CR]Q|167|^9572822||||||||||O[CR]L|284|N[CR][ETX]EA[CR][LF]
2026-08-27 18:31:13 - [EOT]
2026-08-27 18:31:13 - [ACK]
2026-08-27 18:31:13 - --Send Message To Machine --[ENQ]
2026-08-27 18:31:13 - --Send Message To Machine --[STX]1H|\^&||| Product Model^01.03.07.03^123456|||||||SA|1394-97|20260827183113[CR]P|1||PATIENT111||ABC^XYZ^j||19600315|M|||A|||icteru||||||01|||||A1|002|||||||[CR]O|1|1^1^1|9572822|GLU^^2^1|R|20260827183113|20260827183113||||||||serum|||1|||||||Q|||||[CR]L|1|N[CR][ETX]83[CR][LF]
2026-08-27 18:31:13 - [ACK]
2026-08-27 18:31:13 - --Send Message To Machine --[EOT]
2026-08-27 18:31:13 - [ENQ]
2026-08-27 18:31:14 - [STX]1H|\^&|||Mindry^^|||||||RQ|1394-97|20260827183113[CR]Q|168|^9571875||||||||||O[CR]L|285|N[CR][ETX]F3[CR][LF]
2026-08-27 18:31:14 - [EOT]
2026-08-27 18:31:14 - [ACK]
2026-08-27 18:31:14 - --Send Message To Machine --[ENQ]
2026-08-27 18:31:14 - --Send Message To Machine --[STX]1H|\^&||| Product Model^01.03.07.03^123456|||||||SA|1394-97|20260827183114[CR]P|1||PATIENT111||ABC^XYZ^j||19600315|M|||A|||icteru||||||01|||||A1|002|||||||[CR]O|1|1^1^1|9571875|GLU^^2^1|R|20260827183114|20260827183114||||||||serum|||1|||||||Q|||||[CR]L|1|N[CR][ETX]8D[CR][LF]
2026-08-27 18:31:14 - [ACK]
2026-08-27 18:31:14 - --Send Message To Machine --[EOT]
2026-08-27 18:31:14 - [ENQ]
2026-08-27 18:31:14 - [STX]1H|\^&|||Mindry^^|||||||RQ|1394-97|20260827183114[CR]Q|169|^9573741||||||||||O[CR]L|286|N[CR][ETX]F0[CR][LF]
2026-08-27 18:31:14 - [EOT]
2026-08-27 18:31:14 - [ACK]
2026-08-27 18:31:14 - --Send Message To Machine --[ENQ]
2026-08-27 18:31:14 - --Send Message To Machine --[STX]1H|\^&||| Product Model^01.03.07.03^123456|||||||SA|1394-97|20260827183114[CR]P|1||PATIENT111||ABC^XYZ^j||19600315|M|||A|||icteru||||||01|||||A1|002|||||||[CR]O|1|1^1^1|9573741|HDL^^2^1\LDL^^2^1\CHOL^^2^1\TC^^2^1\CREAT^^2^1\GGT^^2^1\Iron^^2^1\TIBC^^2^1\ALB^^2^1\TP^^2^1\TG^^2^1\TRIG^^2^1\UREA^^2^1\URIC^^2^1\UIBC^^2^1\ALP^^2^1\SGPT^^2^1\SGOT^^2^1\BID^^2^1\BIT^^2^1\CAL^^2^1|R|20260827183114|20260827183114||||||||serum|||1|||||||Q|||||[CR]L|1|N[CR][ETX]AC[CR][LF]
2026-08-27 18:31:14 - --Send Message To Machine --[EOT]
2026-08-27 18:31:14 - [ACK]
2026-08-27 18:31:14 - [ENQ]
2026-08-27 18:31:14 - [STX]1H|\^&|||Mindry^^|||||||RQ|1394-97|20260827183114[CR]Q|170|^8156971||||||||||O[CR]L|287|N[CR][ETX]EA[CR][LF]
2026-08-27 18:31:14 - [EOT]
2026-08-27 18:31:14 - [ACK]
2026-08-27 18:31:14 - --Send Message To Machine --[ENQ]
2026-08-27 18:31:14 - --Send Message To Machine --[STX]1H|\^&||| Product Model^01.03.07.03^123456|||||||SA|1394-97|20260827183114[CR]P|1||PATIENT111||ABC^XYZ^j||19600315|M|||A|||icteru||||||01|||||A1|002|||||||[CR]O|1|1^1^1|8156971|HDL^^2^1\LDL^^2^1\CHOL^^2^1\TC^^2^1\CREAT^^2^1\GGT^^2^1\Iron^^2^1\TIBC^^2^1\PHOS^^2^1\ALB^^2^1\TP^^2^1\TG^^2^1\TRIG^^2^1\UREA^^2^1\URIC^^2^1\UIBC^^2^1\ALP^^2^1\SGPT^^2^1\SGOT^^2^1\BID^^2^1\BIT^^2^1\CAL^^2^1|R|20260827183114|20260827183114||||||||serum|||1|||||||Q|||||[CR]L|1|N[CR][ETX]C0[CR][LF]
2026-08-27 18:31:14 - --Send Message To Machine --[EOT]
2026-08-27 18:31:14 - [ACK]
2026-08-27 18:31:14 - [ENQ]
2026-08-27 18:31:14 - [STX]1H|\^&|||Mindry^^|||||||RQ|1394-97|20260827183114[CR]Q|171|^9365109||||||||||O[CR]L|288|N[CR][ETX]E8[CR][LF]
2026-08-27 18:31:14 - [EOT]
2026-08-27 18:31:15 - [ACK]
2026-08-27 18:31:15 - --Send Message To Machine --[ENQ]
2026-08-27 18:31:15 - --Send Message To Machine --[STX]1H|\^&||| Product Model^01.03.07.03^123456|||||||SA|1394-97|20260827183115[CR]P|1||PATIENT111||ABC^XYZ^j||19600315|M|||A|||icteru||||||01|||||A1|002|||||||[CR]O|1|1^1^1|9365109|ALP^^2^1\SGPT^^2^1\SGOT^^2^1\BID^^2^1\BIT^^2^1|R|20260827183115|20260827183115||||||||serum|||1|||||||Q|||||[CR]L|1|N[CR][ETX]09[CR][LF]
2026-08-27 18:31:15 - [ACK]
2026-08-27 18:31:15 - --Send Message To Machine --[EOT]
2026-08-27 18:31:15 - [ENQ]
2026-08-27 18:31:15 - [STX]1H|\^&|||Mindry^^|||||||RQ|1394-97|20260827183115[CR]Q|172|^9571828||||||||||O[CR]L|289|N[CR][ETX]F2[CR][LF]
2026-08-27 18:31:15 - [EOT]
2026-08-27 18:31:15 - [ACK]
2026-08-27 18:31:15 - --Send Message To Machine --[ENQ]
2026-08-27 18:31:15 - --Send Message To Machine --[STX]1H|\^&||| Product Model^01.03.07.03^123456|||||||SA|1394-97|20260827183115[CR]P|1||PATIENT111||ABC^XYZ^j||19600315|M|||A|||icteru||||||01|||||A1|002|||||||[CR]O|1|1^1^1|9571828|HDL^^2^1\LDL^^2^1\CHOL^^2^1\TC^^2^1\CREAT^^2^1\GGT^^2^1\Iron^^2^1\TIBC^^2^1\ALB^^2^1\TP^^2^1\TG^^2^1\TRIG^^2^1\UREA^^2^1\URIC^^2^1\UIBC^^2^1\ALP^^2^1\SGPT^^2^1\SGOT^^2^1\BID^^2^1\BIT^^2^1\CAL^^2^1|R|20260827183115|20260827183115||||||||serum|||1|||||||Q|||||[CR]L|1|N[CR][ETX]B3[CR][LF]
2026-08-27 18:31:15 - --Send Message To Machine --[EOT]
2026-08-27 18:31:15 - [ACK]
2026-08-27 18:31:15 - [ENQ]
2026-08-27 18:31:15 - [STX]1H|\^&|||Mindry^^|||||||RQ|1394-97|20260827183115[CR]Q|173|^9571889||||||||||O[CR]L|290|N[CR][ETX]F2[CR][LF]
2026-08-27 18:31:15 - [EOT]
2026-08-27 18:31:15 - [ACK]
2026-08-27 18:31:15 - --Send Message To Machine --[ENQ]
2026-08-27 18:31:15 - --Send Message To Machine --[STX]1H|\^&||| Product Model^01.03.07.03^123456|||||||SA|1394-97|20260827183115[CR]P|1||PATIENT111||ABC^XYZ^j||19600315|M|||A|||icteru||||||01|||||A1|002|||||||[CR]O|1|1^1^1|9571889|HDL^^2^1\LDL^^2^1\CHOL^^2^1\TC^^2^1\CREAT^^2^1\GGT^^2^1\Iron^^2^1\TIBC^^2^1\ALB^^2^1\TP^^2^1\TG^^2^1\TRIG^^2^1\UREA^^2^1\URIC^^2^1\UIBC^^2^1\ALP^^2^1\SGPT^^2^1\SGOT^^2^1\BID^^2^1\BIT^^2^1\CAL^^2^1|R|20260827183115|20260827183115||||||||serum|||1|||||||Q|||||[CR]L|1|N[CR][ETX]BA[CR][LF]
2026-08-27 18:31:15 - --Send Message To Machine --[EOT]
2026-08-27 18:31:15 - [ACK]
2026-08-27 18:31:15 - [ENQ]
2026-08-27 18:31:15 - [STX]1H|\^&|||Mindry^^|||||||RQ|1394-97|20260827183115[CR]Q|174|^9571829||||||||||O[CR]L|291|N[CR][ETX]EE[CR][LF]
2026-08-27 18:31:15 - [EOT]
2026-08-27 18:31:15 - [ACK]
2026-08-27 18:31:15 - --Send Message To Machine --[ENQ]
2026-08-27 18:31:15 - --Send Message To Machine --[STX]1H|\^&||| Product Model^01.03.07.03^123456|||||||SA|1394-97|20260827183115[CR]P|1||PATIENT111||ABC^XYZ^j||19600315|M|||A|||icteru||||||01|||||A1|002|||||||[CR]O|1|1^1^1|9571829|HDL^^2^1\LDL^^2^1\CHOL^^2^1\TC^^2^1\CREAT^^2^1\GGT^^2^1\Iron^^2^1\TIBC^^2^1\ALB^^2^1\TP^^2^1\TG^^2^1\TRIG^^2^1\UREA^^2^1\URIC^^2^1\UIBC^^2^1\ALP^^2^1\SGPT^^2^1\SGOT^^2^1\BID^^2^1\BIT^^2^1\CAL^^2^1|R|20260827183115|20260827183115||||||||serum|||1|||||||Q|||||[CR]L|1|N[CR][ETX]B4[CR][LF]
2026-08-27 18:31:16 - --Send Message To Machine --[EOT]
2026-08-27 18:31:16 - [ACK]
2026-08-27 18:31:16 - [ENQ]
2026-08-27 18:31:16 - [STX]1H|\^&|||Mindry^^|||||||RQ|1394-97|20260827183116[CR]Q|175|^9572819||||||||||O[CR]L|292|N[CR][ETX]F1[CR][LF]
2026-08-27 18:31:16 - [EOT]
2026-08-27 18:31:16 - [ACK]
2026-08-27 18:31:16 - --Send Message To Machine --[ENQ]
2026-08-27 18:31:16 - --Send Message To Machine --[STX]1H|\^&||| Product Model^01.03.07.03^123456|||||||SA|1394-97|20260827183116[CR]P|1||PATIENT111||ABC^XYZ^j||19600315|M|||A|||icteru||||||01|||||A1|002|||||||[CR]O|1|1^1^1|9572819|HDL^^2^1\LDL^^2^1\CHOL^^2^1\TC^^2^1\CRP^^2^1\CREAT^^2^1\GGT^^2^1\Iron^^2^1\TIBC^^2^1\ALB^^2^1\TP^^2^1\TG^^2^1\TRIG^^2^1\UREA^^2^1\URIC^^2^1\RFII^^2^1\UIBC^^2^1\ALP^^2^1\SGPT^^2^1\SGOT^^2^1\BID^^2^1\BIT^^2^1\CAL^^2^1|R|20260827183116|20260827183116||||||||serum|||1|||||||Q|||||[CR]L|1|N[CR][ETX]78[CR][LF]
2026-08-27 18:31:16 - --Send Message To Machine --[EOT]
2026-08-27 18:31:16 - [ACK]
2026-08-27 18:33:56 - [ENQ]
2026-08-27 18:33:56 - [STX]1H|\^&|||Mindry^^|||||||PR|1394-97|20260827183356[CR]P|118||PATIENT111||ABC^^||19600315^66^Y|M||||||||||||||||||||||||||[CR]O|118|91^1^3|9573743|GLU^GLU H^^|R|20260827182135|20260827183041|||||||20260827182135|serum||||||||||F|||||[CR]R|734|GLU^GLU H^^F|180.954732^^^^|mg/dL|^|N||F|180.954732^^^^|0|20260827183356||Mindry^[CR]L|293|N[CR][ETX]5A[CR][LF]
2026-08-27 18:33:56 - [EOT]
2026-08-27 18:34:21 - [ENQ]
2026-08-27 18:34:21 - [STX]1H|\^&|||Mindry^^|||||||PR|1394-97|20260827183421[CR]P|119||PATIENT111||ABC^^||19600315^66^Y|M||||||||||||||||||||||||||[CR]O|119|93^1^5|9368213|GLU^GLU H^^|R|20260827182135|20260827183042|||||||20260827182135|serum||||||||||F|||||[CR]R|735|GLU^GLU H^^F|130.890816^^^^|mg/dL|^|N||F|130.890816^^^^|0|20260827183421||Mindry^[CR]L|294|N[CR][ETX]49[CR][LF]
2026-08-27 18:34:21 - [EOT]
2026-08-27 18:34:21 - [ENQ]
2026-08-27 18:34:22 - [STX]1H|\^&|||Mindry^^|||||||PR|1394-97|20260827183421[CR]P|120||PATIENT111||ABC^^||19600315^66^Y|M||||||||||||||||||||||||||[CR]O|120|90^1^2|9573746|SGPT^Alanine Aminotransferase^^|R|20260827182135|20260827183041|||||||20260827182135|serum||||||||||F|||||[CR]R|736|SGPT^Alanine Aminotransferase^^F|16.100337^^^^|U/L|^|N||F|16.100337^^^^|0|20260827183421||Mindry^[CR]L|295|N[CR][ETX]BC[CR][LF]
2026-08-27 18:34:22 - [EOT]
2026-08-27 18:34:22 - [ENQ]
2026-08-27 18:34:22 - [STX]1H|\^&|||Mindry^^|||||||PR|1394-97|20260827183422[CR]P|121||PATIENT111||ABC^^||19600315^66^Y|M||||||||||||||||||||||||||[CR]O|121|89^1^1|9573739|TRIG^Triglycerides^^\CHOL^T.CHOL^^|R|20260827182134|20260827183040|||||||20260827182134|serum||||||||||F|||||[CR]R|737|TRIG^Triglycerides^^F|280.949134^^^^|mg/dL|^|N||F|280.949134^^^^|0|20260827183421||Mindry^[CR]R|738|CHOL^T.CHOL^^F|195.632702^^^^|mg/dL|^|N||F|195.632702^^^^|0|20260827182940||Mindry^[CR]L|296|N[CR][ETX]2A[CR][LF]
2026-08-27 18:34:22 - [EOT]
2026-08-27 18:34:56 - [ENQ]
2026-08-27 18:34:56 - [STX]1H|\^&|||Mindry^^|||||||PR|1394-97|20260827183456[CR]P|122||PATIENT111||ABC^^||19600315^66^Y|M||||||||||||||||||||||||||[CR]O|122|92^1^4|8156976|TRIG^Triglycerides^^\CHOL^T.CHOL^^|R|20260827182135|20260827183041|||||||20260827182135|serum||||||||||F|||||[CR]R|739|TRIG^Triglycerides^^F|871.068031^^^^|mg/dL|^|N||F|871.068031^^^^|0|20260827183456||Mindry^[CR]R|740|CHOL^T.CHOL^^F|169.949709^^^^|mg/dL|^|N||F|169.949709^^^^|0|20260827183015||Mindry^[CR]L|297|N[CR][ETX]4A[CR][LF]
2026-08-27 18:34:56 - [EOT]
2026-08-27 18:38:13 - [ENQ]
2026-08-27 18:38:13 - [STX]1H|\^&|||Mindry^^|||||||PR|1394-97|20260827183813[CR]P|123||PATIENT111||ABC^^||19600315^66^Y|M||||||||||||||||||||||||||[CR]O|123|97^1^9|9571888|GLU^GLU H^^|R|20260827182136|20260827183112|||||||20260827182136|serum||||||||||F|||||[CR]R|741|GLU^GLU H^^F|116.943526^^^^|mg/dL|^|N||F|116.943526^^^^|0|20260827183812||Mindry^[CR]L|298|N[CR][ETX]61[CR][LF]
2026-08-27 18:38:13 - [EOT]
2026-08-27 18:38:21 - [ENQ]
2026-08-27 18:38:21 - [STX]1H|\^&|||Mindry^^|||||||PR|1394-97|20260827183821[CR]P|124||PATIENT111||ABC^^||19600315^66^Y|M||||||||||||||||||||||||||[CR]O|124|98^1^10|9571826|GLU^GLU H^^|R|20260827182137|20260827183113|||||||20260827182137|serum||||||||||F|||||[CR]R|742|GLU^GLU H^^F|91.690893^^^^|mg/dL|^|N||F|91.690893^^^^|0|20260827183821||Mindry^[CR]L|299|N[CR][ETX]38[CR][LF]
2026-08-27 18:38:21 - [EOT]
2026-08-27 18:38:30 - [ENQ]
2026-08-27 18:38:30 - [STX]1H|\^&|||Mindry^^|||||||PR|1394-97|20260827183830[CR]P|125||PATIENT111||ABC^^||19600315^66^Y|M||||||||||||||||||||||||||[CR]O|125|99^1^11|9572817|GLU^GLU H^^|R|20260827182137|20260827183113|||||||20260827182137|serum||||||||||F|||||[CR]R|743|GLU^GLU H^^F|106.281114^^^^|mg/dL|^|N||F|106.281114^^^^|0|20260827183830||Mindry^[CR]L|300|N[CR][ETX]63[CR][LF]
2026-08-27 18:38:30 - [EOT]
2026-08-27 18:38:38 - [ENQ]
2026-08-27 18:38:38 - [STX]1H|\^&|||Mindry^^|||||||PR|1394-97|20260827183838[CR]P|126||PATIENT111||ABC^^||19600315^66^Y|M||||||||||||||||||||||||||[CR]O|126|100^1^12|9572822|GLU^GLU H^^|R|20260827182137|20260827183113|||||||20260827182137|serum||||||||||F|||||[CR]R|744|GLU^GLU H^^F|95.966206^^^^|mg/dL|^|N||F|95.966206^^^^|0|20260827183838||Mindry^[CR]L|301|N[CR][ETX]59[CR][LF]
2026-08-27 18:38:38 - [EOT]
2026-08-27 18:38:55 - [ENQ]
2026-08-27 18:38:55 - [STX]1H|\^&|||Mindry^^|||||||PR|1394-97|20260827183855[CR]P|127||PATIENT111||ABC^^||19600315^66^Y|M||||||||||||||||||||||||||[CR]O|127|96^1^8|8300833|BIT^T.BILL H^^|R|20260827182136|20260827183112|||||||20260827182136|serum||||||||||F|||||[CR]R|745|BIT^T.BILL H^^F|0.276224^^^^|mg/dL|^|N||F|0.276224^^^^|0|20260827183855||Mindry^[CR]L|302|N[CR][ETX]E1[CR][LF]
2026-08-27 18:38:56 - [EOT]
2026-08-27 18:40:55 - [ENQ]
2026-08-27 18:40:55 - [STX]1H|\^&|||Mindry^^|||||||PR|1394-97|20260827184055[CR]P|128||PATIENT111||ABC^^||19600315^66^Y|M||||||||||||||||||||||||||[CR]O|128|101^1^13|9571875|GLU^GLU H^^|R|20260827182137|20260827183114|||||||20260827182138|serum||||||||||F|||||[CR]R|746|GLU^GLU H^^F|180.059976^^^^|mg/dL|^|N||F|180.059976^^^^|0|20260827184055||Mindry^[CR]L|303|N[CR][ETX]C0[CR][LF]
2026-08-27 18:40:55 - [EOT]
2026-08-27 18:43:47 - [ENQ]
2026-08-27 18:43:47 - [STX]1H|\^&|||Mindry^^|||||||PR|1394-97|20260827184347[CR]P|129||PATIENT111||ABC^^||19600315^66^Y|M||||||||||||||||||||||||||[CR]O|129|95^1^7|9572816|BID^Bilirubin Direct (DSA Method)^^\SGPT^Alanine Aminotransferase^^\SGOT^Aspartate Aminotransferase^^\CREAT^Creatinine (Sarcosine Oxidase Method)^^\BIT^T.BILL H^^\ALB^ALBUMIN ^^\ALP^ALKALINE ^^\URIC^URIC ACID^^\TP^TP H^^\GGT^GGT H^^\CAL^CA. SB^^\UREA^UREA^^|R|20260827182136|20260827183112|||||||20260827182136|serum||||||||||F|||||[CR]R|747|BID^Bilirubin Direct (DSA Method)^^F|0.226405^^^^|mg/dL|^|N||F|0.226405^^^^|0|20260827183530||Mindry^[CR]R|748|SGPT^Alanine Aminotransferase^^F|14.526692^^^^|U/L|^|N||F|14.526692^^^^|0|20260827183521||Mindry^[CR]R|749|SGOT^Aspartate Aminotransferase^^F|27.911906^^^^|U/L|^|N||F|27.911906^^^^|0|20260827184347||Mindry^[CR]R|750|CREAT^Creatinine (Sarcosine Oxidase Method)^^F|0.497389^^^^|mg/dL|^|N||F|0.497389^^^^|0|20260827183556||Mindry^[CR]R|751|BIT^T.BILL H^^F|0.618355^^^^|mg/dL|^|N||F|0.618355^^^^|0|20260827183604||Mindry^[CR]R|752|ALB^ALBUMIN ^^F|3.809846^^^^|g/dL|^|N||F|3.809846^^^^|0|20260827183131||Mindry^[CR]R|753|ALP^ALKALINE ^^F|79.459279^^^^|U/L|^|N||F|79.459279^^^^|0|20260827183613||Mindry^[CR]R|754|URIC^URIC ACID^^F|3.388965^^^^|mg/dL|^|N||F|3.388965^^^^|0|20260827183049||Mindry^[CR]R|755|TP^TP H^^F|7.257071^^^^|g/dL|^|N||F|7.257071^^^^|0|20260827183655||Mindry^[CR]R|756|GGT^GGT H^^F|21.243580^^^^|U/L|^|N||F|21.243580^^^^|0|20260827183655||Mindry^[CR]R|757|CAL^CA. SB^^F|9.445669^^^^|mg/dL|^|N||F|9.445669^^^^|0|20260827183231||Mindry^[CR]R|758|UREA^UREA^^F|15.836056^^^^|mg/dL|^|N||F|15.836056^^^^|0|20260827183630||Mindry^[CR]L|304|N[CR][ETX]7C[CR][LF]
2026-08-27 18:43:47 - [EOT]
2026-08-27 18:43:47 - [ENQ]
2026-08-27 18:43:47 - [STX]1H|\^&|||Mindry^^|||||||PR|1394-97|20260827184347[CR]P|130||PATIENT111||ABC^^||19600315^66^Y|M||||||||||||||||||||||||||[CR]O|130|102^1^14|9573741|BID^Bilirubin Direct (DSA Method)^^\SGPT^Alanine Aminotransferase^^\SGOT^Aspartate Aminotransferase^^\TRIG^Triglycerides^^\CREAT^Creatinine (Sarcosine Oxidase Method)^^\BIT^T.BILL H^^\CHOL^T.CHOL^^\ALB^ALBUMIN ^^\ALP^ALKALINE ^^\URIC^URIC ACID^^\TP^TP H^^\GGT^GGT H^^\CAL^CA. SB^^\Iron^IRON^^\UREA^UREA^^|R|20260827182138|20260827183114|||||||20260827182138|serum||||||||||F|||||[CR]R|759|BID^Bilirubin Direct (DSA Method)^^F|0.330804^^^^|mg/dL|^|N||F|0.330804^^^^|0|20260827184155||Mindry^[CR]R|760|SGPT^Alanine Aminotransferase^^F|46.151966^^^^|U/L|^|N||F|46.151966^^^^|0|20260827184147||Mindry^[CR]R|761|SGOT^Aspartate Aminotransferase^^F|46.016504^^^^|U/L|^|N||F|46.016504^^^^|0|20260827184155||Mindry^[CR]R|762|TRIG^Triglycerides^^F|434.054406^^^^|mg/dL|^|N||F|434.054406^^^^|0|20260827184221||Mindry^[CR]R|763|CREAT^Creatinine (Sarcosine Oxidase Method)^^F|0.828378^^^^|mg/dL|^|N||F|0.828378^^^^|0|20260827184229||Mindry^[CR]R|764|BIT^T.BILL H^^F|0.687434^^^^|mg/dL|^|N||F|0.687434^^^^|0|20260827184238||Mindry^[CR]R|765|CHOL^T.CHOL^^F|189.930543^^^^|mg/dL|^|N||F|189.930543^^^^|0|20260827183757||Mindry^[CR]R|766|ALB^ALBUMIN ^^F|4.293328^^^^|g/dL|^|N||F|4.293328^^^^|0|20260827183805||Mindry^[CR]R|767|ALP^ALKALINE ^^F|127.962810^^^^|U/L|^|N||F|127.962810^^^^|0|20260827184247||Mindry^[CR]R|768|URIC^URIC ACID^^F|6.778871^^^^|mg/dL|^|N||F|6.778871^^^^|0|20260827183714||Mindry^[CR]R|769|TP^TP H^^F|6.658774^^^^|g/dL|^|N||F|6.658774^^^^|0|20260827184321||Mindry^[CR]R|770|GGT^GGT H^^F|66.578071^^^^|U/L|^|N||F|66.578071^^^^|0|20260827184312||Mindry^[CR]R|771|CAL^CA. SB^^F|9.452583^^^^|mg/dL|^|N||F|9.452583^^^^|0|20260827183848||Mindry^[CR]R|772|Iron^IRON^^F|21.078998^^^^|g/dL|^|N||F|21.078998^^^^|0|20260827184347||Mindry^[CR]R|773|UREA^UREA^^F|39.386705^^^^|mg/dL|^|N||F|39.386705^^^^|0|20260827184247||Mindry^[CR]L|305|N[CR][ETX]45[CR][LF]
2026-08-27 18:43:47 - [EOT]
2026-08-27 18:46:12 - [ENQ]
2026-08-27 18:46:12 - [STX]1H|\^&|||Mindry^^|||||||PR|1394-97|20260827184612[CR]P|131||PATIENT111||ABC^^||19600315^66^Y|M||||||||||||||||||||||||||[CR]O|131|9019^1^16|9365109|BID^Bilirubin Direct (DSA Method)^^\SGPT^Alanine Aminotransferase^^\SGOT^Aspartate Aminotransferase^^\BIT^T.BILL H^^\ALB^ALBUMIN ^^\ALP^ALKALINE ^^\TP^TP H^^\GGT^GGT H^^|R|20260827182448|20260827183115|||||||20260827182417|serum||||||||||F|||||[CR]R|774|BID^Bilirubin Direct (DSA Method)^^F|20.330045^^^^|mg/dL|^|N||F|20.330045^^^^|0|20260827183747||Mindry^[CR]R|775|SGPT^Alanine Aminotransferase^^F|17.228875^^^^|U/L|^|N||F|17.228875^^^^|0|20260827183738||Mindry^[CR]R|776|SGOT^Aspartate Aminotransferase^^F|91.770385^^^^|U/L|^|N||F|91.770385^^^^|0|20260827184612||Mindry^[CR]R|777|BIT^T.BILL H^^F|38.762614^^^^|mg/dL|^|N||F|38.762614^^^^|0|20260827183813||Mindry^[CR]R|778|ALB^ALBUMIN ^^F|2.136564^^^^|g/dL|^|N||F|2.136564^^^^|0|20260827183331||Mindry^[CR]R|779|ALP^ALKALINE ^^F|87.514256^^^^|U/L|^|N||F|87.514256^^^^|0|20260827183813||Mindry^[CR]R|780|TP^TP H^^F|5.170128^^^^|g/dL|^|N||F|5.170128^^^^|0|20260827183838||Mindry^[CR]R|781|GGT^GGT H^^F|109.711876^^^^|U/L|^|N||F|109.711876^^^^|0|20260827183830||Mindry^[CR]L|306|N[CR][ETX]5E[CR][LF]
2026-08-27 18:46:12 - [EOT]
2026-08-27 18:46:12 - [ENQ]
2026-08-27 18:46:12 - [STX]1H|\^&|||Mindry^^|||||||PR|1394-97|20260827184612[CR]P|132||PATIENT111||ABC^^||19600315^66^Y|M||||||||||||||||||||||||||[CR]O|132|103^1^15|8156971|BID^Bilirubin Direct (DSA Method)^^\SGPT^Alanine Aminotransferase^^\SGOT^Aspartate Aminotransferase^^\TRIG^Triglycerides^^\CREAT^Creatinine (Sarcosine Oxidase Method)^^\PHOS^Phosphorus^^\BIT^T.BILL H^^\CHOL^T.CHOL^^\ALB^ALBUMIN ^^\ALP^ALKALINE ^^\URIC^URIC ACID^^\TP^TP H^^\GGT^GGT H^^\CAL^CA. SB^^\Iron^IRON^^\UREA^UREA^^|R|20260827182138|20260827183114|||||||20260827182138|serum||||||||||F|||||[CR]R|782|BID^Bilirubin Direct (DSA Method)^^F|0.180192^^^^|mg/dL|^|N||F|0.180192^^^^|0|20260827184412||Mindry^[CR]R|783|SGPT^Alanine Aminotransferase^^F|34.042926^^^^|U/L|^|N||F|34.042926^^^^|0|20260827184404||Mindry^[CR]R|784|SGOT^Aspartate Aminotransferase^^F|39.007093^^^^|U/L|^|N||F|39.007093^^^^|0|20260827184412||Mindry^[CR]R|785|TRIG^Triglycerides^^F|257.145261^^^^|mg/dL|^|N||F|257.145261^^^^|0|20260827184438||Mindry^[CR]R|786|CREAT^Creatinine (Sarcosine Oxidase Method)^^F|0.895431^^^^|mg/dL|^|N||F|0.895431^^^^|0|20260827184446||Mindry^[CR]R|787|PHOS^Phosphorus^^F|3.219981^^^^|mg/dL|^|N||F|3.219981^^^^|0|20260827184455||Mindry^[CR]R|788|BIT^T.BILL H^^F|0.603783^^^^|mg/dL|^|N||F|0.603783^^^^|0|20260827184504||Mindry^[CR]R|789|CHOL^T.CHOL^^F|176.774694^^^^|mg/dL|^|N||F|176.774694^^^^|0|20260827184022||Mindry^[CR]R|790|ALB^ALBUMIN ^^F|4.096431^^^^|g/dL|^|N||F|4.096431^^^^|0|20260827184031||Mindry^[CR]R|791|ALP^ALKALINE ^^F|165.688959^^^^|U/L|^|N||F|165.688959^^^^|0|20260827184512||Mindry^[CR]R|792|URIC^URIC ACID^^F|6.991001^^^^|mg/dL|^|N||F|6.991001^^^^|0|20260827183940||Mindry^[CR]R|793|TP^TP H^^F|6.307268^^^^|g/dL|^|N||F|6.307268^^^^|0|20260827184546||Mindry^[CR]R|794|GGT^GGT H^^F|41.781518^^^^|U/L|^|N||F|41.781518^^^^|0|20260827184538||Mindry^[CR]R|795|CAL^CA. SB^^F|9.195486^^^^|mg/dL|^|N||F|9.195486^^^^|0|20260827184114||Mindry^[CR]R|796|Iron^IRON^^F|-150.692297^^^^|g/dL|^|N||F|-150.692297^^^^|0|20260827184612||Mindry^[CR]R|797|UREA^UREA^^F|42.232842^^^^|mg/dL|^|N||F|42.232842^^^^|0|20260827184512||Mindry^[CR]L|307|N[CR][ETX]8D[CR][LF]
2026-08-27 18:46:12 - [EOT]
2026-08-27 18:48:29 - [ENQ]
2026-08-27 18:48:29 - [STX]1H|\^&|||Mindry^^|||||||PR|1394-97|20260827184829[CR]P|133||PATIENT111||ABC^^||19600315^66^Y|M||||||||||||||||||||||||||[CR]O|133|9020^1^18|9571828|BID^Bilirubin Direct (DSA Method)^^\SGPT^Alanine Aminotransferase^^\SGOT^Aspartate Aminotransferase^^\TRIG^Triglycerides^^\CREAT^Creatinine (Sarcosine Oxidase Method)^^\BIT^T.BILL H^^\CHOL^T.CHOL^^\ALB^ALBUMIN ^^\ALP^ALKALINE ^^\URIC^URIC ACID^^\TP^TP H^^\GGT^GGT H^^\CAL^CA. SB^^\Iron^IRON^^\UREA^UREA^^|R|20260827183115|20260827183115|||||||20260827183115|serum||||||||||F|||||[CR]R|798|BID^Bilirubin Direct (DSA Method)^^F|0.202064^^^^|mg/dL|^|N||F|0.202064^^^^|0|20260827184638||Mindry^[CR]R|799|SGPT^Alanine Aminotransferase^^F|18.547456^^^^|U/L|^|N||F|18.547456^^^^|0|20260827184629||Mindry^[CR]R|800|SGOT^Aspartate Aminotransferase^^F|19.805162^^^^|U/L|^|N||F|19.805162^^^^|0|20260827184638||Mindry^[CR]R|801|TRIG^Triglycerides^^F|286.223495^^^^|mg/dL|^|N||F|286.223495^^^^|0|20260827184703||Mindry^[CR]R|802|CREAT^Creatinine (Sarcosine Oxidase Method)^^F|0.765779^^^^|mg/dL|^|N||F|0.765779^^^^|0|20260827184712||Mindry^[CR]R|803|BIT^T.BILL H^^F|0.612984^^^^|mg/dL|^|N||F|0.612984^^^^|0|20260827184721||Mindry^[CR]R|804|CHOL^T.CHOL^^F|234.752545^^^^|mg/dL|^|N||F|234.752545^^^^|0|20260827184240||Mindry^[CR]R|805|ALB^ALBUMIN ^^F|4.123711^^^^|g/dL|^|N||F|4.123711^^^^|0|20260827184248||Mindry^[CR]R|806|ALP^ALKALINE ^^F|78.909467^^^^|U/L|^|N||F|78.909467^^^^|0|20260827184729||Mindry^[CR]R|807|URIC^URIC ACID^^F|6.195081^^^^|mg/dL|^|N||F|6.195081^^^^|0|20260827184157||Mindry^[CR]R|808|TP^TP H^^F|6.767288^^^^|g/dL|^|N||F|6.767288^^^^|0|20260827184803||Mindry^[CR]R|809|GGT^GGT H^^F|31.789670^^^^|U/L|^|N||F|31.789670^^^^|0|20260827184755||Mindry^[CR]R|810|CAL^CA. SB^^F|9.579645^^^^|mg/dL|^|N||F|9.579645^^^^|0|20260827184331||Mindry^[CR]R|811|Iron^IRON^^F|-112.417854^^^^|g/dL|^|N||F|-112.417854^^^^|0|20260827184829||Mindry^[CR]R|812|UREA^UREA^^F|28.854494^^^^|mg/dL|^|N||F|28.854494^^^^|0|20260827184729||Mindry^[CR]L|308|N[CR][ETX]D3[CR][LF]
2026-08-27 18:48:29 - [EOT]
2026-08-27 18:50:38 - [ENQ]
2026-08-27 18:50:38 - [STX]1H|\^&|||Mindry^^|||||||PR|1394-97|20260827185038[CR]P|134||PATIENT111||ABC^^||19600315^66^Y|M||||||||||||||||||||||||||[CR]O|134|9021^1^19|9571889|BID^Bilirubin Direct (DSA Method)^^\SGPT^Alanine Aminotransferase^^\SGOT^Aspartate Aminotransferase^^\TRIG^Triglycerides^^\CREAT^Creatinine (Sarcosine Oxidase Method)^^\BIT^T.BILL H^^\CHOL^T.CHOL^^\ALB^ALBUMIN ^^\ALP^ALKALINE ^^\URIC^URIC ACID^^\TP^TP H^^\GGT^GGT H^^\CAL^CA. SB^^\Iron^IRON^^\UREA^UREA^^|R|20260827183115|20260827183115|||||||20260827183115|serum||||||||||F|||||[CR]R|813|BID^Bilirubin Direct (DSA Method)^^F|0.142174^^^^|mg/dL|^|N||F|0.142174^^^^|0|20260827184846||Mindry^[CR]R|814|SGPT^Alanine Aminotransferase^^F|34.568493^^^^|U/L|^|N||F|34.568493^^^^|0|20260827184838||Mindry^[CR]R|815|SGOT^Aspartate Aminotransferase^^F|26.655330^^^^|U/L|^|N||F|26.655330^^^^|0|20260827184846||Mindry^[CR]R|816|TRIG^Triglycerides^^F|216.680086^^^^|mg/dL|^|N||F|216.680086^^^^|0|20260827184912||Mindry^[CR]R|817|CREAT^Creatinine (Sarcosine Oxidase Method)^^F|1.151688^^^^|mg/dL|^|N||F|1.151688^^^^|0|20260827184920||Mindry^[CR]R|818|BIT^T.BILL H^^F|0.183137^^^^|mg/dL|^|N||F|0.183137^^^^|0|20260827184929||Mindry^[CR]R|819|CHOL^T.CHOL^^F|222.972725^^^^|mg/dL|^|N||F|222.972725^^^^|0|20260827184448||Mindry^[CR]R|820|ALB^ALBUMIN ^^F|3.686285^^^^|g/dL|^|N||F|3.686285^^^^|0|20260827184457||Mindry^[CR]R|821|ALP^ALKALINE ^^F|135.758601^^^^|U/L|^|N||F|135.758601^^^^|0|20260827184938||Mindry^[CR]R|822|URIC^URIC ACID^^F|2.605927^^^^|mg/dL|^|N||F|2.605927^^^^|0|20260827184405||Mindry^[CR]R|823|TP^TP H^^F|6.241814^^^^|g/dL|^|N||F|6.241814^^^^|0|20260827185012||Mindry^[CR]R|824|GGT^GGT H^^F|113.408718^^^^|U/L|^|N||F|113.408718^^^^|0|20260827185003||Mindry^[CR]R|825|CAL^CA. SB^^F|9.460418^^^^|mg/dL|^|N||F|9.460418^^^^|0|20260827184539||Mindry^[CR]R|826|Iron^IRON^^F|-156.275419^^^^|g/dL|^|N||F|-156.275419^^^^|0|20260827185038||Mindry^[CR]R|827|UREA^UREA^^F|45.609876^^^^|mg/dL|^|N||F|45.609876^^^^|0|20260827184937||Mindry^[CR]L|309|N[CR][ETX]5A[CR][LF]
2026-08-27 18:50:38 - [EOT]
2026-08-27 18:52:46 - [ENQ]
2026-08-27 18:52:46 - [STX]1H|\^&|||Mindry^^|||||||PR|1394-97|20260827185246[CR]P|135||PATIENT111||ABC^^||19600315^66^Y|M||||||||||||||||||||||||||[CR]O|135|9022^1^20|9571829|BID^Bilirubin Direct (DSA Method)^^\SGPT^Alanine Aminotransferase^^\SGOT^Aspartate Aminotransferase^^\TRIG^Triglycerides^^\CREAT^Creatinine (Sarcosine Oxidase Method)^^\BIT^T.BILL H^^\CHOL^T.CHOL^^\ALB^ALBUMIN ^^\ALP^ALKALINE ^^\URIC^URIC ACID^^\TP^TP H^^\GGT^GGT H^^\CAL^CA. SB^^\Iron^IRON^^\UREA^UREA^^|R|20260827183115|20260827183115|||||||20260827183116|serum||||||||||F|||||[CR]R|828|BID^Bilirubin Direct (DSA Method)^^F|-0.014504^^^^|mg/dL|^|N||F|-0.014504^^^^|0|20260827185055||Mindry^[CR]R|829|SGPT^Alanine Aminotransferase^^F|-43.578594^^^^|U/L|^|N||F|-43.578594^^^^|0|20260827185046||Mindry^[CR]R|830|SGOT^Aspartate Aminotransferase^^F|-87.296768^^^^|U/L|^|N||F|-87.296768^^^^|0|20260827185055||Mindry^[CR]R|831|TRIG^Triglycerides^^F|317.429639^^^^|mg/dL|^|N||F|317.429639^^^^|0|20260827185120||Mindry^[CR]R|832|CREAT^Creatinine (Sarcosine Oxidase Method)^^F|-0.869115^^^^|mg/dL|^|N||F|-0.869115^^^^|0|20260827185129||Mindry^[CR]R|833|BIT^T.BILL H^^F|-0.628052^^^^|mg/dL|^|N||F|-0.628052^^^^|0|20260827185137||Mindry^[CR]R|834|CHOL^T.CHOL^^F|287.012374^^^^|mg/dL|^|N||F|287.012374^^^^|0|20260827184656||Mindry^[CR]R|835|ALB^ALBUMIN ^^F|8.905205^^^^|g/dL|^|N||F|8.905205^^^^|0|20260827184705||Mindry^[CR]R|836|ALP^ALKALINE ^^F|29.080386^^^^|U/L|^|N||F|29.080386^^^^|0|20260827185146||Mindry^[CR]R|837|URIC^URIC ACID^^F|77.552910^^^^|mg/dL|^|N||F|77.552910^^^^|0|20260827184614||Mindry^[CR]R|838|TP^TP H^^F|15.762984^^^^|g/dL|^|N||F|15.762984^^^^|0|20260827185220||Mindry^[CR]R|839|GGT^GGT H^^F|217.702744^^^^|U/L|^|N||F|217.702744^^^^|0|20260827185212||Mindry^[CR]R|840|CAL^CA. SB^^F|8.432778^^^^|mg/dL|^|N||F|8.432778^^^^|0|20260827184748||Mindry^[CR]R|841|Iron^IRON^^F|106.771851^^^^|g/dL|^|N||F|106.771851^^^^|0|20260827185246||Mindry^[CR]R|842|UREA^UREA^^F|22.908253^^^^|mg/dL|^|N||F|22.908253^^^^|0|20260827185146||Mindry^[CR]L|310|N[CR][ETX]29[CR][LF]
2026-08-27 18:52:46 - [EOT]
2026-08-27 18:55:03 - [ENQ]
2026-08-27 18:55:03 - [STX]1H|\^&|||Mindry^^|||||||PR|1394-97|20260827185503[CR]P|136||PATIENT111||ABC^^||19600315^66^Y|M||||||||||||||||||||||||||[CR]O|136|9023^1^21|9572819|BID^Bilirubin Direct (DSA Method)^^\SGPT^Alanine Aminotransferase^^\SGOT^Aspartate Aminotransferase^^\CRP^C-Reactive Protein^^\TRIG^Triglycerides^^\CREAT^Creatinine (Sarcosine Oxidase Method)^^\BIT^T.BILL H^^\CHOL^T.CHOL^^\ALB^ALBUMIN ^^\ALP^ALKALINE ^^\URIC^URIC ACID^^\TP^TP H^^\GGT^GGT H^^\CAL^CA. SB^^\Iron^IRON^^\UREA^UREA^^|R|20260827183116|20260827183116|||||||20260827183116|serum||||||||||F|||||[CR]R|843|BID^Bilirubin Direct (DSA Method)^^F|0.186122^^^^|mg/dL|^|N||F|0.186122^^^^|0|20260827185303||Mindry^[CR]R|844|SGPT^Alanine Aminotransferase^^F|35.684912^^^^|U/L|^|N||F|35.684912^^^^|0|20260827185254||Mindry^[CR]R|845|SGOT^Aspartate Aminotransferase^^F|39.529249^^^^|U/L|^|N||F|39.529249^^^^|0|20260827185303||Mindry^[CR]R|846|CRP^C-Reactive Protein^^F|0.000000^^^^|mg/L|^|N||F|0.000000^^^^|0|20260827185329||Mindry^[CR]R|847|TRIG^Triglycerides^^F|361.572297^^^^|mg/dL|^|N||F|361.572297^^^^|0|20260827185337||Mindry^[CR]R|848|CREAT^Creatinine (Sarcosine Oxidase Method)^^F|0.525522^^^^|mg/dL|^|N||F|0.525522^^^^|0|20260827185346||Mindry^[CR]R|849|BIT^T.BILL H^^F|0.530260^^^^|mg/dL|^|N||F|0.530260^^^^|0|20260827185354||Mindry^[CR]R|850|CHOL^T.CHOL^^F|216.600649^^^^|mg/dL|^|N||F|216.600649^^^^|0|20260827184913||Mindry^[CR]R|851|ALB^ALBUMIN ^^F|4.036969^^^^|g/dL|^|N||F|4.036969^^^^|0|20260827184922||Mindry^[CR]R|852|ALP^ALKALINE ^^F|119.275420^^^^|U/L|^|N||F|119.275420^^^^|0|20260827185403||Mindry^[CR]R|853|URIC^URIC ACID^^F|7.907425^^^^|mg/dL|^|N||F|7.907425^^^^|0|20260827184831||Mindry^[CR]R|854|TP^TP H^^F|6.559892^^^^|g/dL|^|N||F|6.559892^^^^|0|20260827185437||Mindry^[CR]R|855|GGT^GGT H^^F|65.492738^^^^|U/L|^|N||F|65.492738^^^^|0|20260827185428||Mindry^[CR]R|856|CAL^CA. SB^^F|9.684850^^^^|mg/dL|^|N||F|9.684850^^^^|0|20260827185005||Mindry^[CR]R|857|Iron^IRON^^F|-17.389939^^^^|g/dL|^|N||F|-17.389939^^^^|0|20260827185503||Mindry^[CR]R|858|UREA^UREA^^F|17.906188^^^^|mg/dL|^|N||F|17.906188^^^^|0|20260827185403||Mindry^[CR]L|311|N[CR][ETX]07[CR][LF]
2026-08-27 18:55:03 - [EOT]
2026-08-27 18:57:28 - [ENQ]
2026-08-27 18:57:28 - [STX]1H|\^&|||Mindry^^|||||||PR|1394-97|20260827185728[CR]P|137||||^^||^^|U||||||||||||||||||||||||||[CR]O|137|9024^1^32|9368214|BID^Bilirubin Direct (DSA Method)^^\SGPT^Alanine Aminotransferase^^\SGOT^Aspartate Aminotransferase^^\TRIG^Triglycerides^^\CREAT^Creatinine (Sarcosine Oxidase Method)^^\PHOS^Phosphorus^^\BIT^T.BILL H^^\CHOL^T.CHOL^^\ALB^ALBUMIN ^^\ALP^ALKALINE ^^\URIC^URIC ACID^^\TP^TP H^^\GGT^GGT H^^\^D.BIL H^^\CAL^CA. SB^^\Iron^IRON^^\UREA^UREA^^|R|20260827183153|20260827183132|||||||20260827183132|serum||||||||||F|||||[CR]R|859|BID^Bilirubin Direct (DSA Method)^^F|0.084921^^^^|mg/dL|^|N||F|0.084921^^^^|0|20260827185520||Mindry^[CR]R|860|SGPT^Alanine Aminotransferase^^F|17.125140^^^^|U/L|^|N||F|17.125140^^^^|0|20260827185511||Mindry^[CR]R|861|SGOT^Aspartate Aminotransferase^^F|45.424236^^^^|U/L|^|N||F|45.424236^^^^|0|20260827185520||Mindry^[CR]R|862|TRIG^Triglycerides^^F|247.439784^^^^|mg/dL|^|N||F|247.439784^^^^|0|20260827185545||Mindry^[CR]R|863|CREAT^Creatinine (Sarcosine Oxidase Method)^^F|0.493692^^^^|mg/dL|^|N||F|0.493692^^^^|0|20260827185554||Mindry^[CR]R|864|PHOS^Phosphorus^^F|3.566517^^^^|mg/dL|^|N||F|3.566517^^^^|0|20260827185603||Mindry^[CR]R|865|BIT^T.BILL H^^F|0.120591^^^^|mg/dL|^|N||F|0.120591^^^^|0|20260827185611||Mindry^[CR]R|866|CHOL^T.CHOL^^F|163.776525^^^^|mg/dL|^|N||F|163.776525^^^^|0|20260827185130||Mindry^[CR]R|867|ALB^ALBUMIN ^^F|3.855632^^^^|g/dL|^|N||F|3.855632^^^^|0|20260827185139||Mindry^[CR]R|868|ALP^ALKALINE ^^F|112.143579^^^^|U/L|^|N||F|112.143579^^^^|0|20260827185620||Mindry^[CR]R|869|URIC^URIC ACID^^F|6.393389^^^^|mg/dL|^|N||F|6.393389^^^^|0|20260827185048||Mindry^[CR]R|870|TP^TP H^^F|7.161591^^^^|g/dL|^|N||F|7.161591^^^^|0|20260827185654||Mindry^[CR]R|871|GGT^GGT H^^F|26.530016^^^^|U/L|^|N||F|26.530016^^^^|0|20260827185645||Mindry^[CR]R|872|^D.BIL H^^F|-1.467821^^^^|mg/dL|^|N||F|-1.467821^^^^|0|20260827185711||Mindry^[CR]R|873|CAL^CA. SB^^F|7.121112^^^^|mg/dL|^|N||F|7.121112^^^^|0|20260827185230||Mindry^[CR]R|874|Iron^IRON^^F|155.485562^^^^|g/dL|^|N||F|155.485562^^^^|0|20260827185728||Mindry^[CR]R|875|UREA^UREA^^F|29.263260^^^^|mg/dL|^|N||F|29.263260^^^^|0|20260827185628||Mindry^[CR]L|312|N[CR][ETX]CD[CR][LF]
2026-08-27 18:57:28 - [EOT]
2026-08-27 18:59:19 - [ENQ]
2026-08-27 18:59:19 - [STX]1H|\^&|||Mindry^^|||||||PR|1394-97|20260827185919[CR]P|138||||^^||^^|U||||||||||||||||||||||||||[CR]O|138|9025^1^17|9365098|GLU^GLU H^^|S|20260827184836|20260827184819|||||||20260827184819|serum||||||||||F|||||[CR]R|876|GLU^GLU H^^F|150.375111^^^^|mg/dL|^|N||F|150.375111^^^^|0|20260827185919||Mindry^[CR]L|313|N[CR][ETX]4B[CR][LF]
2026-08-27 18:59:19 - [EOT]
2026-08-27 19:00:53 - [ENQ]
2026-08-27 19:00:53 - [STX]1H|\^&|||Mindry^^|||||||PR|1394-97|20260827190053[CR]P|139||||^^||^^|U||||||||||||||||||||||||||[CR]O|139|9026^1^22|9365101|BID^Bilirubin Direct (DSA Method)^^\SGPT^Alanine Aminotransferase^^\SGOT^Aspartate Aminotransferase^^\CREAT^Creatinine (Sarcosine Oxidase Method)^^\BIT^T.BILL H^^\ALP^ALKALINE ^^\URIC^URIC ACID^^\UREA^UREA^^|S|20260827184852|20260827184836|||||||20260827184836|serum||||||||||F|||||[CR]R|877|BID^Bilirubin Direct (DSA Method)^^F|0.195735^^^^|mg/dL|^|N||F|0.195735^^^^|0|20260827190019||Mindry^[CR]R|878|SGPT^Alanine Aminotransferase^^F|60.951237^^^^|U/L|^|N||F|60.951237^^^^|0|20260827190010||Mindry^[CR]R|879|SGOT^Aspartate Aminotransferase^^F|58.784098^^^^|U/L|^|N||F|58.784098^^^^|0|20260827190019||Mindry^[CR]R|880|CREAT^Creatinine (Sarcosine Oxidase Method)^^F|0.634575^^^^|mg/dL|^|N||F|0.634575^^^^|0|20260827190045||Mindry^[CR]R|881|BIT^T.BILL H^^F|0.463996^^^^|mg/dL|^|N||F|0.463996^^^^|0|20260827190053||Mindry^[CR]R|882|ALP^ALKALINE ^^F|96.722099^^^^|U/L|^|N||F|96.722099^^^^|0|20260827190045||Mindry^[CR]R|883|URIC^URIC ACID^^F|5.430732^^^^|mg/dL|^|N||F|5.430732^^^^|0|20260827185513||Mindry^[CR]R|884|UREA^UREA^^F|27.163637^^^^|mg/dL|^|N||F|27.163637^^^^|0|20260827190010||Mindry^[CR]L|314|N[CR][ETX]60[CR][LF]
2026-08-27 19:00:53 - [EOT]
2026-08-27 19:47:52 - [ENQ]
2026-08-27 19:47:52 - [STX]1H|\^&|||Mindry^^|||||||RQ|1394-97|20260827194752[CR]Q|176|^9365107||||||||||O[CR]L|315|N[CR][ETX]EC[CR][LF]
2026-08-27 19:47:52 - [EOT]
2026-08-27 19:48:22 - [ENQ]
2026-08-27 19:48:22 - [STX]1H|\^&|||Mindry^^|||||||RQ|1394-97|20260827194822[CR]Q|177|^9365094||||||||||O[CR]L|316|N[CR][ETX]F1[CR][LF]
2026-08-27 19:48:22 - [EOT]
2026-08-27 19:48:22 - [ACK]
2026-08-27 19:48:22 - --Send Message To Machine --[ENQ]
2026-08-27 19:48:22 - --Send Message To Machine --[STX]1H|\^&||| Product Model^01.03.07.03^123456|||||||SA|1394-97|20260827194822[CR]P|1||PATIENT111||ABC^XYZ^j||19600315|M|||A|||icteru||||||01|||||A1|002|||||||[CR]O|1|1^1^1|9365094|GLU^^2^1|R|20260827194822|20260827194822||||||||serum|||1|||||||Q|||||[CR]L|1|N[CR][ETX]9F[CR][LF]
2026-08-27 19:48:22 - [ACK]
2026-08-27 19:48:22 - --Send Message To Machine --[EOT]
2026-08-27 19:48:23 - [ENQ]
2026-08-27 19:48:23 - [STX]1H|\^&|||Mindry^^|||||||RQ|1394-97|20260827194823[CR]Q|178|^9365095||||||||||O[CR]L|317|N[CR][ETX]F5[CR][LF]
2026-08-27 19:48:23 - [EOT]
2026-08-27 19:48:23 - [ACK]
2026-08-27 19:48:23 - --Send Message To Machine --[ENQ]
2026-08-27 19:48:23 - --Send Message To Machine --[STX]1H|\^&||| Product Model^01.03.07.03^123456|||||||SA|1394-97|20260827194823[CR]P|1||PATIENT111||ABC^XYZ^j||19600315|M|||A|||icteru||||||01|||||A1|002|||||||[CR]O|1|1^1^1|9365095|GLU^^2^1|R|20260827194823|20260827194823||||||||serum|||1|||||||Q|||||[CR]L|1|N[CR][ETX]A3[CR][LF]
2026-08-27 19:48:23 - [ACK]
2026-08-27 19:48:23 - --Send Message To Machine --[EOT]
2026-08-27 19:48:23 - [ENQ]
2026-08-27 19:48:23 - [STX]1H|\^&|||Mindry^^|||||||RQ|1394-97|20260827194823[CR]Q|179|^9365102||||||||||O[CR]L|318|N[CR][ETX]EC[CR][LF]
2026-08-27 19:48:23 - [EOT]
2026-08-27 19:48:23 - [ACK]
2026-08-27 19:48:23 - --Send Message To Machine --[ENQ]
2026-08-27 19:48:23 - --Send Message To Machine --[STX]1H|\^&||| Product Model^01.03.07.03^123456|||||||SA|1394-97|20260827194823[CR]P|1||PATIENT111||ABC^XYZ^j||19600315|M|||A|||icteru||||||01|||||A1|002|||||||[CR]O|1|1^1^1|9365102|GLU^^2^1|R|20260827194823|20260827194823||||||||serum|||1|||||||Q|||||[CR]L|1|N[CR][ETX]98[CR][LF]
2026-08-27 19:48:23 - [ACK]
2026-08-27 19:48:23 - --Send Message To Machine --[EOT]
2026-08-27 19:48:23 - [ENQ]
2026-08-27 19:48:23 - [STX]1H|\^&|||Mindry^^|||||||RQ|1394-97|20260827194823[CR]Q|180|^9365104||||||||||O[CR]L|319|N[CR][ETX]E7[CR][LF]
2026-08-27 19:48:23 - [EOT]
2026-08-27 19:48:23 - [ACK]
2026-08-27 19:48:23 - --Send Message To Machine --[ENQ]
2026-08-27 19:48:23 - --Send Message To Machine --[STX]1H|\^&||| Product Model^01.03.07.03^123456|||||||SA|1394-97|20260827194823[CR]P|1||PATIENT111||ABC^XYZ^j||19600315|M|||A|||icteru||||||01|||||A1|002|||||||[CR]O|1|1^1^1|9365104|ALP^^2^1\SGPT^^2^1\SGOT^^2^1\BID^^2^1\BIT^^2^1|R|20260827194823|20260827194823||||||||serum|||1|||||||Q|||||[CR]L|1|N[CR][ETX]1C[CR][LF]
2026-08-27 19:48:23 - [ACK]
2026-08-27 19:48:23 - --Send Message To Machine --[EOT]
2026-08-27 19:59:47 - [ENQ]
2026-08-27 19:59:47 - [STX]1H|\^&|||Mindry^^|||||||PR|1394-97|20260827195947[CR]P|140||PATIENT111||ABC^^||19600315^66^Y|M||||||||||||||||||||||||||[CR]O|140|9027^1^2|9365094|GLU^GLU H^^|R|20260827194822|20260827194822|||||||20260827194822|serum||||||||||F|||||[CR]R|885|GLU^GLU H^^F|80.860942^^^^|mg/dL|^|N||F|80.860942^^^^|0|20260827195947||Mindry^[CR]L|320|N[CR][ETX]76[CR][LF]
2026-08-27 19:59:47 - [EOT]
2026-08-27 19:59:56 - [ENQ]
2026-08-27 19:59:56 - [STX]1H|\^&|||Mindry^^|||||||PR|1394-97|20260827195956[CR]P|141||PATIENT111||ABC^^||19600315^66^Y|M||||||||||||||||||||||||||[CR]O|141|9028^1^3|9365095|GLU^GLU H^^|R|20260827194823|20260827194823|||||||20260827194823|serum||||||||||F|||||[CR]R|886|GLU^GLU H^^F|495.134738^^^^|mg/dL|^|N||F|495.134738^^^^|0|20260827195956||Mindry^[CR]L|321|N[CR][ETX]EE[CR][LF]
2026-08-27 19:59:56 - [EOT]
2026-08-27 20:00:05 - [ENQ]
2026-08-27 20:00:05 - [STX]1H|\^&|||Mindry^^|||||||PR|1394-97|20260827200005[CR]P|142||PATIENT111||ABC^^||19600315^66^Y|M||||||||||||||||||||||||||[CR]O|142|9029^1^4|9365102|GLU^GLU H^^|R|20260827194823|20260827194823|||||||20260827194823|serum||||||||||F|||||[CR]R|887|GLU^GLU H^^F|93.992607^^^^|mg/dL|^|N||F|93.992607^^^^|0|20260827200004||Mindry^[CR]L|322|N[CR][ETX]52[CR][LF]
2026-08-27 20:00:05 - [EOT]
2026-08-27 20:01:30 - [ENQ]
2026-08-27 20:01:30 - [STX]1H|\^&|||Mindry^^|||||||PR|1394-97|20260827200130[CR]P|143||PATIENT111||ABC^^||19600315^66^Y|M||||||||||||||||||||||||||[CR]O|143|9030^1^5|9365104|BID^Bilirubin Direct (DSA Method)^^\SGPT^Alanine Aminotransferase^^\SGOT^Aspartate Aminotransferase^^\BIT^T.BILL H^^\ALP^ALKALINE ^^|R|20260827194823|20260827194823|||||||20260827194823|serum||||||||||F|||||[CR]R|888|BID^Bilirubin Direct (DSA Method)^^F|0.123308^^^^|mg/dL|^|N||F|0.123308^^^^|0|20260827200104||Mindry^[CR]R|889|SGPT^Alanine Aminotransferase^^F|11.960081^^^^|U/L|^|N||F|11.960081^^^^|0|20260827200056||Mindry^[CR]R|890|SGOT^Aspartate Aminotransferase^^F|20.979274^^^^|U/L|^|N||F|20.979274^^^^|0|20260827200104||Mindry^[CR]R|891|BIT^T.BILL H^^F|0.271542^^^^|mg/dL|^|N||F|0.271542^^^^|0|20260827200130||Mindry^[CR]R|892|ALP^ALKALINE ^^F|116.974060^^^^|U/L|^|N||F|116.974060^^^^|0|20260827200121||Mindry^[CR]L|323|N[CR][ETX]2D[CR][LF]
2026-08-27 20:01:30 - [EOT]
2026-08-27 23:24:20 - [ENQ]
2026-08-27 23:24:21 - [STX]1H|\^&|||Mindry^^|||||||RQ|1394-97|20260827232420[CR]Q|181|^9367775||||||||||O[CR]L|324|N[CR][ETX]E6[CR][LF]
2026-08-27 23:24:21 - [EOT]
2026-08-27 23:24:21 - [ACK]
2026-08-27 23:24:21 - --Send Message To Machine --[ENQ]
2026-08-27 23:24:21 - --Send Message To Machine --[STX]1H|\^&||| Product Model^01.03.07.03^123456|||||||SA|1394-97|20260827232421[CR]P|1||PATIENT111||ABC^XYZ^j||19600315|M|||A|||icteru||||||01|||||A1|002|||||||[CR]O|1|1^1^1|9367775|HDL^^2^1\LDL^^2^1\CHOL^^2^1\TC^^2^1\CREAT^^2^1\GGT^^2^1\Iron^^2^1\TIBC^^2^1\ALB^^2^1\TP^^2^1\TG^^2^1\TRIG^^2^1\UREA^^2^1\URIC^^2^1\UIBC^^2^1\ALP^^2^1\SGPT^^2^1\SGOT^^2^1\BID^^2^1\BIT^^2^1\CAL^^2^1|R|20260827232421|20260827232421||||||||serum|||1|||||||Q|||||[CR]L|1|N[CR][ETX]A8[CR][LF]
2026-08-27 23:24:21 - --Send Message To Machine --[EOT]
2026-08-27 23:24:21 - [ACK]
2026-08-27 23:24:21 - [ENQ]
2026-08-27 23:24:21 - [STX]1H|\^&|||Mindry^^|||||||RQ|1394-97|20260827232421[CR]Q|182|^9367777||||||||||O[CR]L|325|N[CR][ETX]EB[CR][LF]
2026-08-27 23:24:21 - [EOT]
2026-08-27 23:24:21 - [ACK]
2026-08-27 23:24:21 - --Send Message To Machine --[ENQ]
2026-08-27 23:24:21 - --Send Message To Machine --[STX]1H|\^&||| Product Model^01.03.07.03^123456|||||||SA|1394-97|20260827232421[CR]P|1||PATIENT111||ABC^XYZ^j||19600315|M|||A|||icteru||||||01|||||A1|002|||||||[CR]O|1|1^1^1|9367777|GLU^^2^1|R|20260827232421|20260827232421||||||||serum|||1|||||||Q|||||[CR]L|1|N[CR][ETX]85[CR][LF]
2026-08-27 23:24:21 - [ACK]
2026-08-27 23:24:21 - --Send Message To Machine --[EOT]
2026-08-27 23:38:24 - [ENQ]
2026-08-27 23:38:24 - [STX]1H|\^&|||Mindry^^|||||||PR|1394-97|20260827233824[CR]P|144||PATIENT111||ABC^^||19600315^66^Y|M||||||||||||||||||||||||||[CR]O|144|9032^1^2|9367777|GLU^GLU H^^|R|20260827232421|20260827232421|||||||20260827232421|serum||||||||||F|||||[CR]R|893|GLU^GLU H^^F|100.722168^^^^|mg/dL|^|N||F|100.722168^^^^|0|20260827233824||Mindry^[CR]L|326|N[CR][ETX]97[CR][LF]
2026-08-27 23:38:24 - [EOT]
2026-08-27 23:38:58 - [ENQ]
2026-08-27 23:38:58 - [STX]1H|\^&|||Mindry^^|||||||PR|1394-97|20260827233858[CR]P|145||PATIENT111||ABC^^||19600315^66^Y|M||||||||||||||||||||||||||[CR]O|145|9031^1^1|9367775|BID^Bilirubin Direct (DSA Method)^^\SGPT^Alanine Aminotransferase^^\SGOT^Aspartate Aminotransferase^^\TRIG^Triglycerides^^\CREAT^Creatinine (Sarcosine Oxidase Method)^^\BIT^T.BILL H^^\CHOL^T.CHOL^^\ALB^ALBUMIN ^^\ALP^ALKALINE ^^\URIC^URIC ACID^^\TP^TP H^^\GGT^GGT H^^\CAL^CA. SB^^\Iron^IRON^^\UREA^UREA^^|R|20260827232421|20260827232421|||||||20260827232421|serum||||||||||F|||||[CR]R|894|BID^Bilirubin Direct (DSA Method)^^F|0.222529^^^^|mg/dL|^|N||F|0.222529^^^^|0|20260827233707||Mindry^[CR]R|895|SGPT^Alanine Aminotransferase^^F|30.426892^^^^|U/L|^|N||F|30.426892^^^^|0|20260827233659||Mindry^[CR]R|896|SGOT^Aspartate Aminotransferase^^F|37.689634^^^^|U/L|^|N||F|37.689634^^^^|0|20260827233707||Mindry^[CR]R|897|TRIG^Triglycerides^^F|160.046937^^^^|mg/dL|^|N||F|160.046937^^^^|0|20260827233733||Mindry^[CR]R|898|CREAT^Creatinine (Sarcosine Oxidase Method)^^F|0.549640^^^^|mg/dL|^|N||F|0.549640^^^^|0|20260827233741||Mindry^[CR]R|899|BIT^T.BILL H^^F|0.814793^^^^|mg/dL|^|N||F|0.814793^^^^|0|20260827233750||Mindry^[CR]R|900|CHOL^T.CHOL^^F|191.500994^^^^|mg/dL|^|N||F|191.500994^^^^|0|20260827233309||Mindry^[CR]R|901|ALB^ALBUMIN ^^F|4.052720^^^^|g/dL|^|N||F|4.052720^^^^|0|20260827233318||Mindry^[CR]R|902|ALP^ALKALINE ^^F|73.935334^^^^|U/L|^|N||F|73.935334^^^^|0|20260827233758||Mindry^[CR]R|903|URIC^URIC ACID^^F|3.621040^^^^|mg/dL|^|N||F|3.621040^^^^|0|20260827233226||Mindry^[CR]R|904|TP^TP H^^F|6.538100^^^^|g/dL|^|N||F|6.538100^^^^|0|20260827233833||Mindry^[CR]R|905|GGT^GGT H^^F|20.420319^^^^|U/L|^|N||F|20.420319^^^^|0|20260827233824||Mindry^[CR]R|906|CAL^CA. SB^^F|9.262335^^^^|mg/dL|^|N||F|9.262335^^^^|0|20260827233401||Mindry^[CR]R|907|Iron^IRON^^F|182.728293^^^^|g/dL|^|N||F|182.728293^^^^|0|20260827233858||Mindry^[CR]R|908|UREA^UREA^^F|22.667187^^^^|mg/dL|^|N||F|22.667187^^^^|0|20260827233758||Mindry^[CR]L|327|N[CR][ETX]96[CR][LF]
2026-08-27 23:38:58 - [EOT]
