2026-08-29 03:09:36 - [ENQ]
2026-08-29 03:09:36 - [STX]1H|\^&|||Mindry^^|||||||RQ|1394-97|20260829030936[CR]Q|69|^9365019||||||||||O[CR]L|103|N[CR][ETX]B5[CR][LF]
2026-08-29 03:09:36 - [EOT]
2026-08-29 03:09:37 - [ACK]
2026-08-29 03:09:37 - --Send Message To Machine --[ENQ]
2026-08-29 03:09:37 - --Send Message To Machine --[STX]1H|\^&||| Product Model^01.03.07.03^123456|||||||SA|1394-97|20260829030937[CR]P|1||PATIENT111||ABC^XYZ^j||19600315|M|||A|||icteru||||||01|||||A1|002|||||||[CR]O|1|1^1^1|9365019|CREAT^^2^1\UREA^^2^1\URIC^^2^1\ALP^^2^1\SGPT^^2^1\SGOT^^2^1\BID^^2^1\BIT^^2^1|R|20260829030937|20260829030937||||||||serum|||1|||||||Q|||||[CR]L|1|N[CR][ETX]72[CR][LF]
2026-08-29 03:09:37 - --Send Message To Machine --[EOT]
2026-08-29 03:09:37 - [ACK]
2026-08-29 03:09:37 - [ENQ]
2026-08-29 03:09:37 - [STX]1H|\^&|||Mindry^^|||||||RQ|1394-97|20260829030937[CR]Q|70|^9365020||||||||||O[CR]L|104|N[CR][ETX]A7[CR][LF]
2026-08-29 03:09:37 - [EOT]
2026-08-29 03:09:37 - [ACK]
2026-08-29 03:09:37 - --Send Message To Machine --[ENQ]
2026-08-29 03:09:37 - --Send Message To Machine --[STX]1H|\^&||| Product Model^01.03.07.03^123456|||||||SA|1394-97|20260829030937[CR]P|1||PATIENT111||ABC^XYZ^j||19600315|M|||A|||icteru||||||01|||||A1|002|||||||[CR]O|1|1^1^1|9365020|CREAT^^2^1\UREA^^2^1\URIC^^2^1\ALP^^2^1\SGPT^^2^1\SGOT^^2^1\BID^^2^1\BIT^^2^1|R|20260829030937|20260829030937||||||||serum|||1|||||||Q|||||[CR]L|1|N[CR][ETX]6A[CR][LF]
2026-08-29 03:09:37 - --Send Message To Machine --[EOT]
2026-08-29 03:09:37 - [ACK]
2026-08-29 03:09:37 - [ENQ]
2026-08-29 03:09:37 - [STX]1H|\^&|||Mindry^^|||||||RQ|1394-97|20260829030937[CR]Q|71|^9365025||||||||||O[CR]L|105|N[CR][ETX]AE[CR][LF]
2026-08-29 03:09:37 - [EOT]
2026-08-29 03:09:37 - [ACK]
2026-08-29 03:09:37 - --Send Message To Machine --[ENQ]
2026-08-29 03:09:37 - --Send Message To Machine --[STX]1H|\^&||| Product Model^01.03.07.03^123456|||||||SA|1394-97|20260829030937[CR]P|1||PATIENT111||ABC^XYZ^j||19600315|M|||A|||icteru||||||01|||||A1|002|||||||[CR]O|1|1^1^1|9365025|CREAT^^2^1\UREA^^2^1\URIC^^2^1\ALP^^2^1\SGPT^^2^1\SGOT^^2^1\BID^^2^1\BIT^^2^1|R|20260829030937|20260829030937||||||||serum|||1|||||||Q|||||[CR]L|1|N[CR][ETX]6F[CR][LF]
2026-08-29 03:09:37 - --Send Message To Machine --[EOT]
2026-08-29 03:09:37 - [ACK]
2026-08-29 03:09:37 - [ENQ]
2026-08-29 03:09:37 - [STX]1H|\^&|||Mindry^^|||||||RQ|1394-97|20260829030937[CR]Q|72|^9365015||||||||||O[CR]L|106|N[CR][ETX]AF[CR][LF]
2026-08-29 03:09:37 - [EOT]
2026-08-29 03:09:37 - --Send Message To Machine --[ENQ]
2026-08-29 03:09:37 - [ACK]
2026-08-29 03:09:37 - --Send Message To Machine --[STX]1H|\^&||| Product Model^01.03.07.03^123456|||||||SA|1394-97|20260829030937[CR]P|1||PATIENT111||ABC^XYZ^j||19600315|M|||A|||icteru||||||01|||||A1|002|||||||[CR]O|1|1^1^1|9365015|CREAT^^2^1\UREA^^2^1\URIC^^2^1\ALP^^2^1\SGPT^^2^1\SGOT^^2^1\BID^^2^1\BIT^^2^1|R|20260829030937|20260829030937||||||||serum|||1|||||||Q|||||[CR]L|1|N[CR][ETX]6E[CR][LF]
2026-08-29 03:09:37 - --Send Message To Machine --[EOT]
2026-08-29 03:09:37 - [ACK]
2026-08-29 03:22:57 - [ENQ]
2026-08-29 03:22:57 - [STX]1H|\^&|||Mindry^^|||||||PR|1394-97|20260829032257[CR]P|35||PATIENT111||ABC^^||19600315^66^Y|M||||||||||||||||||||||||||[CR]O|35|1^1^1|9365019|BID^Bilirubin Direct (DSA Method)^^\SGPT^Alanine Aminotransferase^^\SGOT^Aspartate Aminotransferase^^\CREAT^Creatinine (Sarcosine Oxidase Method)^^\BIT^T.BILL H^^\ALP^ALKALINE ^^\URIC^URIC ACID^^\UREA^UREA^^|R|20260829030937|20260829030937|||||||20260829030937|serum||||||||||F|||||[CR]R|180|BID^Bilirubin Direct (DSA Method)^^F|0.201006^^^^|mg/dL|^|N||F|0.201006^^^^|0|20260829032222||Mindry^[CR]R|181|SGPT^Alanine Aminotransferase^^F|23.767652^^^^|U/L|^|N||F|23.767652^^^^|0|20260829032214||Mindry^[CR]R|182|SGOT^Aspartate Aminotransferase^^F|39.639693^^^^|U/L|^|N||F|39.639693^^^^|0|20260829032222||Mindry^[CR]R|183|CREAT^Creatinine (Sarcosine Oxidase Method)^^F|0.542495^^^^|mg/dL|^|N||F|0.542495^^^^|0|20260829032248||Mindry^[CR]R|184|BIT^T.BILL H^^F|0.394725^^^^|mg/dL|^|N||F|0.394725^^^^|0|20260829032256||Mindry^[CR]R|185|ALP^ALKALINE ^^F|75.022461^^^^|U/L|^|N||F|75.022461^^^^|0|20260829032248||Mindry^[CR]R|186|URIC^URIC ACID^^F|4.246168^^^^|mg/dL|^|N||F|4.246168^^^^|0|20260829031716||Mindry^[CR]R|187|UREA^UREA^^F|23.972425^^^^|mg/dL|^|N||F|23.972425^^^^|0|20260829032214||Mindry^[CR]L|107|N[CR][ETX]59[CR][LF]
2026-08-29 03:22:57 - [EOT]
2026-08-29 03:24:05 - [ENQ]
2026-08-29 03:24:05 - [STX]1H|\^&|||Mindry^^|||||||PR|1394-97|20260829032405[CR]P|36||PATIENT111||ABC^^||19600315^66^Y|M||||||||||||||||||||||||||[CR]O|36|2^1^2|9365020|BID^Bilirubin Direct (DSA Method)^^\SGPT^Alanine Aminotransferase^^\SGOT^Aspartate Aminotransferase^^\CREAT^Creatinine (Sarcosine Oxidase Method)^^\BIT^T.BILL H^^\ALP^ALKALINE ^^\URIC^URIC ACID^^\UREA^UREA^^|R|20260829030937|20260829030937|||||||20260829030937|serum||||||||||F|||||[CR]R|188|BID^Bilirubin Direct (DSA Method)^^F|0.627987^^^^|mg/dL|^|N||F|0.627987^^^^|0|20260829032331||Mindry^[CR]R|189|SGPT^Alanine Aminotransferase^^F|18.340701^^^^|U/L|^|N||F|18.340701^^^^|0|20260829032322||Mindry^[CR]R|190|SGOT^Aspartate Aminotransferase^^F|39.851170^^^^|U/L|^|N||F|39.851170^^^^|0|20260829032331||Mindry^[CR]R|191|CREAT^Creatinine (Sarcosine Oxidase Method)^^F|0.330786^^^^|mg/dL|^|N||F|0.330786^^^^|0|20260829032356||Mindry^[CR]R|192|BIT^T.BILL H^^F|1.566700^^^^|mg/dL|^|N||F|1.566700^^^^|0|20260829032405||Mindry^[CR]R|193|ALP^ALKALINE ^^F|78.853889^^^^|U/L|^|N||F|78.853889^^^^|0|20260829032356||Mindry^[CR]R|194|URIC^URIC ACID^^F|4.054866^^^^|mg/dL|^|N||F|4.054866^^^^|0|20260829031824||Mindry^[CR]R|195|UREA^UREA^^F|13.789300^^^^|mg/dL|^|N||F|13.789300^^^^|0|20260829032322||Mindry^[CR]L|108|N[CR][ETX]87[CR][LF]
2026-08-29 03:24:05 - [EOT]
2026-08-29 03:25:13 - [ENQ]
2026-08-29 03:25:13 - [STX]1H|\^&|||Mindry^^|||||||PR|1394-97|20260829032513[CR]P|37||PATIENT111||ABC^^||19600315^66^Y|M||||||||||||||||||||||||||[CR]O|37|3^1^3|9365025|BID^Bilirubin Direct (DSA Method)^^\SGPT^Alanine Aminotransferase^^\SGOT^Aspartate Aminotransferase^^\CREAT^Creatinine (Sarcosine Oxidase Method)^^\BIT^T.BILL H^^\ALP^ALKALINE ^^\URIC^URIC ACID^^|R|20260829030937|20260829030937|||||||20260829030937|serum||||||||||F|||||[CR]R|196|BID^Bilirubin Direct (DSA Method)^^F|0.938669^^^^|mg/dL|^|N||F|0.938669^^^^|0|20260829032439||Mindry^[CR]R|197|SGPT^Alanine Aminotransferase^^F|238.896573^^^^|U/L|^|N||F|238.896573^^^^|0|20260829032430||Mindry^[CR]R|198|SGOT^Aspartate Aminotransferase^^F|632.978320^^^^|U/L|^|N||F|632.978320^^^^|0|20260829032439||Mindry^[CR]R|199|CREAT^Creatinine (Sarcosine Oxidase Method)^^F|4.208099^^^^|mg/dL|^|N||F|4.208099^^^^|0|20260829032505||Mindry^[CR]R|200|BIT^T.BILL H^^F|1.457784^^^^|mg/dL|^|N||F|1.457784^^^^|0|20260829032513||Mindry^[CR]R|201|ALP^ALKALINE ^^F|75.241908^^^^|U/L|^|N||F|75.241908^^^^|0|20260829032505||Mindry^[CR]R|202|URIC^URIC ACID^^F|13.828964^^^^|mg/dL|^|N||F|13.828964^^^^|0|20260829031932||Mindry^[CR]L|109|N[CR][ETX]2C[CR][LF]
2026-08-29 03:25:13 - [EOT]
2026-08-29 03:26:22 - [ENQ]
2026-08-29 03:26:22 - [STX]1H|\^&|||Mindry^^|||||||PR|1394-97|20260829032622[CR]P|38||PATIENT111||ABC^^||19600315^66^Y|M||||||||||||||||||||||||||[CR]O|38|4^1^4|9365015|BID^Bilirubin Direct (DSA Method)^^\SGPT^Alanine Aminotransferase^^\SGOT^Aspartate Aminotransferase^^\CREAT^Creatinine (Sarcosine Oxidase Method)^^\BIT^T.BILL H^^\ALP^ALKALINE ^^\URIC^URIC ACID^^|R|20260829030937|20260829030937|||||||20260829030937|serum||||||||||F|||||[CR]R|203|BID^Bilirubin Direct (DSA Method)^^F|0.443897^^^^|mg/dL|^|N||F|0.443897^^^^|0|20260829032547||Mindry^[CR]R|204|SGPT^Alanine Aminotransferase^^F|28.083061^^^^|U/L|^|N||F|28.083061^^^^|0|20260829032539||Mindry^[CR]R|205|SGOT^Aspartate Aminotransferase^^F|32.403019^^^^|U/L|^|N||F|32.403019^^^^|0|20260829032547||Mindry^[CR]R|206|CREAT^Creatinine (Sarcosine Oxidase Method)^^F|2.608647^^^^|mg/dL|^|N||F|2.608647^^^^|0|20260829032613||Mindry^[CR]R|207|BIT^T.BILL H^^F|0.792429^^^^|mg/dL|^|N||F|0.792429^^^^|0|20260829032621||Mindry^[CR]R|208|ALP^ALKALINE ^^F|126.253269^^^^|U/L|^|N||F|126.253269^^^^|0|20260829032613||Mindry^[CR]R|209|URIC^URIC ACID^^F|8.771514^^^^|mg/dL|^|N||F|8.771514^^^^|0|20260829032041||Mindry^[CR]L|110|N[CR][ETX]E1[CR][LF]
2026-08-29 03:26:22 - [EOT]
2026-08-29 03:49:18 - [ENQ]
2026-08-29 03:49:18 - [STX]1H|\^&|||Mindry^^|||||||RQ|1394-97|20260829034918[CR]Q|73|^9365025||||||||||O[CR]L|111|N[CR][ETX]B0[CR][LF]
2026-08-29 03:49:18 - [EOT]
2026-08-29 03:49:18 - --Send Message To Machine --[ENQ]
2026-08-29 03:49:18 - [ACK]
2026-08-29 03:49:18 - --Send Message To Machine --[STX]1H|\^&||| Product Model^01.03.07.03^123456|||||||SA|1394-97|20260829034918[CR]P|1||PATIENT111||ABC^XYZ^j||19600315|M|||A|||icteru||||||01|||||A1|002|||||||[CR]O|1|1^1^1|9365025|UREA^^2^1\BID^^2^1\BIT^^2^1|R|20260829034918|20260829034918||||||||serum|||1|||||||Q|||||[CR]L|1|N[CR][ETX]41[CR][LF]
2026-08-29 03:49:18 - --Send Message To Machine --[EOT]
2026-08-29 03:49:18 - [ACK]
2026-08-29 03:49:18 - [ENQ]
2026-08-29 03:49:18 - [STX]1H|\^&|||Mindry^^|||||||RQ|1394-97|20260829034918[CR]Q|74|^9365015||||||||||O[CR]L|112|N[CR][ETX]B1[CR][LF]
2026-08-29 03:49:18 - [EOT]
2026-08-29 03:49:18 - [ACK]
2026-08-29 03:49:18 - --Send Message To Machine --[ENQ]
2026-08-29 03:49:18 - --Send Message To Machine --[STX]1H|\^&||| Product Model^01.03.07.03^123456|||||||SA|1394-97|20260829034918[CR]P|1||PATIENT111||ABC^XYZ^j||19600315|M|||A|||icteru||||||01|||||A1|002|||||||[CR]O|1|1^1^1|9365015|UREA^^2^1\BID^^2^1\BIT^^2^1|R|20260829034918|20260829034918||||||||serum|||1|||||||Q|||||[CR]L|1|N[CR][ETX]40[CR][LF]
2026-08-29 03:49:18 - --Send Message To Machine --[EOT]
2026-08-29 03:49:18 - [ACK]
2026-08-29 03:55:03 - [ENQ]
2026-08-29 03:55:03 - [STX]1H|\^&|||Mindry^^|||||||RQ|1394-97|20260829035503[CR]Q|75|^9365025||||||||||O[CR]L|113|N[CR][ETX]AB[CR][LF]
2026-08-29 03:55:03 - [EOT]
2026-08-29 03:55:03 - --Send Message To Machine --[ENQ]
2026-08-29 03:55:03 - [ACK]
2026-08-29 03:55:03 - --Send Message To Machine --[STX]1H|\^&||| Product Model^01.03.07.03^123456|||||||SA|1394-97|20260829035503[CR]P|1||PATIENT111||ABC^XYZ^j||19600315|M|||A|||icteru||||||01|||||A1|002|||||||[CR]O|1|1^1^1|9365025|UREA^^2^1\BID^^2^1\BIT^^2^1|R|20260829035503|20260829035503||||||||serum|||1|||||||Q|||||[CR]L|1|N[CR][ETX]26[CR][LF]
2026-08-29 03:55:03 - --Send Message To Machine --[EOT]
2026-08-29 03:55:03 - [ACK]
2026-08-29 03:55:03 - [ENQ]
2026-08-29 03:55:03 - [STX]1H|\^&|||Mindry^^|||||||RQ|1394-97|20260829035503[CR]Q|76|^9365015||||||||||O[CR]L|114|N[CR][ETX]AC[CR][LF]
2026-08-29 03:55:03 - [EOT]
2026-08-29 03:55:03 - --Send Message To Machine --[ENQ]
2026-08-29 03:55:03 - --Send Message To Machine --[STX]1H|\^&||| Product Model^01.03.07.03^123456|||||||SA|1394-97|20260829035503[CR]P|1||PATIENT111||ABC^XYZ^j||19600315|M|||A|||icteru||||||01|||||A1|002|||||||[CR]O|1|1^1^1|9365015|UREA^^2^1\BID^^2^1\BIT^^2^1|R|20260829035503|20260829035503||||||||serum|||1|||||||Q|||||[CR]L|1|N[CR][ETX]25[CR][LF]
2026-08-29 03:55:03 - [ACK]
2026-08-29 03:55:03 - --Send Message To Machine --[EOT]
2026-08-29 03:55:03 - [ACK]
2026-08-29 03:56:48 - [ENQ]
2026-08-29 03:56:48 - [STX]1H|\^&|||Mindry^^|||||||RQ|1394-97|20260829035648[CR]Q|77|^9365025||||||||||O[CR]L|115|N[CR][ETX]B9[CR][LF]
2026-08-29 03:56:48 - [EOT]
2026-08-29 03:56:48 - [ACK]
2026-08-29 03:56:48 - --Send Message To Machine --[ENQ]
2026-08-29 03:56:48 - --Send Message To Machine --[STX]1H|\^&||| Product Model^01.03.07.03^123456|||||||SA|1394-97|20260829035648[CR]P|1||PATIENT111||ABC^XYZ^j||19600315|M|||A|||icteru||||||01|||||A1|002|||||||[CR]O|1|1^1^1|9365025|UREA^^2^1\BID^^2^1\BIT^^2^1|R|20260829035648|20260829035648||||||||serum|||1|||||||Q|||||[CR]L|1|N[CR][ETX]44[CR][LF]
2026-08-29 03:56:48 - --Send Message To Machine --[EOT]
2026-08-29 03:56:48 - [ACK]
2026-08-29 03:56:49 - [ENQ]
2026-08-29 03:56:49 - [STX]1H|\^&|||Mindry^^|||||||RQ|1394-97|20260829035649[CR]Q|78|^9365015||||||||||O[CR]L|116|N[CR][ETX]BB[CR][LF]
2026-08-29 03:56:49 - [EOT]
2026-08-29 03:56:49 - [ACK]
2026-08-29 03:56:49 - --Send Message To Machine --[ENQ]
2026-08-29 03:56:49 - --Send Message To Machine --[STX]1H|\^&||| Product Model^01.03.07.03^123456|||||||SA|1394-97|20260829035649[CR]P|1||PATIENT111||ABC^XYZ^j||19600315|M|||A|||icteru||||||01|||||A1|002|||||||[CR]O|1|1^1^1|9365015|UREA^^2^1\BID^^2^1\BIT^^2^1|R|20260829035649|20260829035649||||||||serum|||1|||||||Q|||||[CR]L|1|N[CR][ETX]46[CR][LF]
2026-08-29 03:56:49 - --Send Message To Machine --[EOT]
2026-08-29 03:56:49 - [ACK]
2026-08-29 04:15:16 - [ENQ]
2026-08-29 04:15:16 - [STX]1H|\^&|||Mindry^^|||||||RQ|1394-97|20260829041516[CR]Q|79|^23662286||||||||||O[CR]L|117|N[CR][ETX]E9[CR][LF]
2026-08-29 04:15:16 - [EOT]
2026-08-29 04:15:16 - --Send Message To Machine --[ENQ]
2026-08-29 04:15:16 - [ACK]
2026-08-29 04:15:16 - --Send Message To Machine --[STX]1H|\^&||| Product Model^01.03.07.03^123456|||||||SA|1394-97|20260829041516[CR]P|1||PATIENT111||ABC^XYZ^j||19600315|M|||A|||icteru||||||01|||||A1|002|||||||[CR]O|1|1^1^1|23662286|GLU^^2^1|R|20260829041516|20260829041516||||||||serum|||1|||||||Q|||||[CR]L|1|N[CR][ETX]B9[CR][LF]
2026-08-29 04:15:16 - --Send Message To Machine --[EOT]
2026-08-29 04:15:16 - [ACK]
2026-08-29 04:15:17 - [ENQ]
2026-08-29 04:15:17 - [STX]1H|\^&|||Mindry^^|||||||RQ|1394-97|20260829041517[CR]Q|80|^8550285||||||||||O[CR]L|118|N[CR][ETX]B1[CR][LF]
2026-08-29 04:15:17 - [EOT]
2026-08-29 04:15:17 - [ACK]
2026-08-29 04:15:17 - --Send Message To Machine --[ENQ]
2026-08-29 04:15:17 - --Send Message To Machine --[STX]1H|\^&||| Product Model^01.03.07.03^123456|||||||SA|1394-97|20260829041517[CR]P|1||PATIENT111||ABC^XYZ^j||19600315|M|||A|||icteru||||||01|||||A1|002|||||||[CR]O|1|1^1^1|8550285|GLU^^2^1|R|20260829041517|20260829041517||||||||serum|||1|||||||Q|||||[CR]L|1|N[CR][ETX]8A[CR][LF]
2026-08-29 04:15:17 - --Send Message To Machine --[EOT]
2026-08-29 04:15:17 - [ACK]
2026-08-29 04:15:17 - [ENQ]
2026-08-29 04:15:17 - [STX]1H|\^&|||Mindry^^|||||||RQ|1394-97|20260829041517[CR]Q|81|^9576763||||||||||O[CR]L|119|N[CR][ETX]BD[CR][LF]
2026-08-29 04:15:17 - [EOT]
2026-08-29 04:15:17 - [ACK]
2026-08-29 04:15:17 - --Send Message To Machine --[ENQ]
2026-08-29 04:15:17 - --Send Message To Machine --[STX]1H|\^&||| Product Model^01.03.07.03^123456|||||||SA|1394-97|20260829041517[CR]P|1||PATIENT111||ABC^XYZ^j||19600315|M|||A|||icteru||||||01|||||A1|002|||||||[CR]O|1|1^1^1|9576763|HDL^^2^1\LDL^^2^1\CHOL^^2^1\TC^^2^1\TG^^2^1\TRIG^^2^1|R|20260829041517|20260829041517||||||||serum|||1|||||||Q|||||[CR]L|1|N[CR][ETX]2B[CR][LF]
2026-08-29 04:15:17 - --Send Message To Machine --[EOT]
2026-08-29 04:15:17 - [ACK]
2026-08-29 04:15:17 - [ENQ]
2026-08-29 04:15:17 - [STX]1H|\^&|||Mindry^^|||||||RQ|1394-97|20260829041517[CR]Q|82|^8550289||||||||||O[CR]L|120|N[CR][ETX]B0[CR][LF]
2026-08-29 04:15:17 - [EOT]
2026-08-29 04:15:17 - [ACK]
2026-08-29 04:15:17 - --Send Message To Machine --[ENQ]
2026-08-29 04:15:17 - --Send Message To Machine --[STX]1H|\^&||| Product Model^01.03.07.03^123456|||||||SA|1394-97|20260829041517[CR]P|1||PATIENT111||ABC^XYZ^j||19600315|M|||A|||icteru||||||01|||||A1|002|||||||[CR]O|1|1^1^1|8550289|GLU^^2^1|R|20260829041517|20260829041517||||||||serum|||1|||||||Q|||||[CR]L|1|N[CR][ETX]8E[CR][LF]
2026-08-29 04:15:17 - --Send Message To Machine --[EOT]
2026-08-29 04:15:17 - [ACK]
2026-08-29 04:15:17 - [ENQ]
2026-08-29 04:15:17 - [STX]1H|\^&|||Mindry^^|||||||RQ|1394-97|20260829041517[CR]Q|83|^9573144||||||||||O[CR]L|121|N[CR][ETX]AE[CR][LF]
2026-08-29 04:15:17 - [EOT]
2026-08-29 04:15:17 - [ACK]
2026-08-29 04:15:17 - --Send Message To Machine --[ENQ]
2026-08-29 04:15:17 - --Send Message To Machine --[STX]1H|\^&||| Product Model^01.03.07.03^123456|||||||SA|1394-97|20260829041517[CR]P|1||PATIENT111||ABC^XYZ^j||19600315|M|||A|||icteru||||||01|||||A1|002|||||||[CR]O|1|1^1^1|9573144|CREAT^^2^1\GGT^^2^1\ALB^^2^1\TP^^2^1\UREA^^2^1\URIC^^2^1\ALP^^2^1\SGPT^^2^1\SGOT^^2^1\BID^^2^1\BIT^^2^1\CAL^^2^1|R|20260829041517|20260829041517||||||||serum|||1|||||||Q|||||[CR]L|1|N[CR][ETX]EF[CR][LF]
2026-08-29 04:15:17 - --Send Message To Machine --[EOT]
2026-08-29 04:15:17 - [ACK]
2026-08-29 04:15:17 - [ENQ]
2026-08-29 04:15:18 - [STX]1H|\^&|||Mindry^^|||||||RQ|1394-97|20260829041517[CR]Q|84|^9571859||||||||||O[CR]L|122|N[CR][ETX]BB[CR][LF]
2026-08-29 04:15:18 - [EOT]
2026-08-29 04:15:18 - --Send Message To Machine --[ENQ]
2026-08-29 04:15:18 - [ACK]
2026-08-29 04:15:18 - --Send Message To Machine --[STX]1H|\^&||| Product Model^01.03.07.03^123456|||||||SA|1394-97|20260829041518[CR]P|1||PATIENT111||ABC^XYZ^j||19600315|M|||A|||icteru||||||01|||||A1|002|||||||[CR]O|1|1^1^1|9571859|GGT^^2^1\ALB^^2^1\TP^^2^1\ALP^^2^1\SGPT^^2^1\SGOT^^2^1\BID^^2^1\BIT^^2^1|R|20260829041518|20260829041518||||||||serum|||1|||||||Q|||||[CR]L|1|N[CR][ETX]FA[CR][LF]
2026-08-29 04:15:18 - --Send Message To Machine --[EOT]
2026-08-29 04:15:18 - [ACK]
2026-08-29 04:15:18 - [ENQ]
2026-08-29 04:15:18 - [STX]1H|\^&|||Mindry^^|||||||RQ|1394-97|20260829041518[CR]Q|85|^23662284||||||||||O[CR]L|123|N[CR][ETX]E3[CR][LF]
2026-08-29 04:15:18 - [EOT]
2026-08-29 04:15:18 - --Send Message To Machine --[ENQ]
2026-08-29 04:15:18 - [ACK]
2026-08-29 04:15:18 - --Send Message To Machine --[STX]1H|\^&||| Product Model^01.03.07.03^123456|||||||SA|1394-97|20260829041518[CR]P|1||PATIENT111||ABC^XYZ^j||19600315|M|||A|||icteru||||||01|||||A1|002|||||||[CR]O|1|1^1^1|23662284|GGT^^2^1\ALB^^2^1\TP^^2^1\ALP^^2^1\SGPT^^2^1\SGOT^^2^1\BID^^2^1\BIT^^2^1|R|20260829041518|20260829041518||||||||serum|||1|||||||Q|||||[CR]L|1|N[CR][ETX]1F[CR][LF]
2026-08-29 04:15:18 - --Send Message To Machine --[EOT]
2026-08-29 04:15:18 - [ACK]
2026-08-29 04:15:18 - [ENQ]
2026-08-29 04:15:18 - [STX]1H|\^&|||Mindry^^|||||||RQ|1394-97|20260829041518[CR]Q|86|^9368156||||||||||O[CR]L|124|N[CR][ETX]BA[CR][LF]
2026-08-29 04:15:18 - [EOT]
2026-08-29 04:15:18 - [ACK]
2026-08-29 04:15:18 - --Send Message To Machine --[ENQ]
2026-08-29 04:15:18 - --Send Message To Machine --[STX]1H|\^&||| Product Model^01.03.07.03^123456|||||||SA|1394-97|20260829041518[CR]P|1||PATIENT111||ABC^XYZ^j||19600315|M|||A|||icteru||||||01|||||A1|002|||||||[CR]O|1|1^1^1|9368156|HDL^^2^1\LDL^^2^1\CHOL^^2^1\TC^^2^1\TG^^2^1\TRIG^^2^1|R|20260829041518|20260829041518||||||||serum|||1|||||||Q|||||[CR]L|1|N[CR][ETX]29[CR][LF]
2026-08-29 04:15:18 - --Send Message To Machine --[EOT]
2026-08-29 04:15:18 - [ACK]
2026-08-29 04:15:18 - [ENQ]
2026-08-29 04:15:18 - [STX]1H|\^&|||Mindry^^|||||||RQ|1394-97|20260829041518[CR]Q|87|^8457103||||||||||O[CR]L|125|N[CR][ETX]B2[CR][LF]
2026-08-29 04:15:18 - [EOT]
2026-08-29 04:15:48 - [ENQ]
2026-08-29 04:15:48 - [STX]1H|\^&|||Mindry^^|||||||RQ|1394-97|20260829041548[CR]Q|88|^9572747||||||||||O[CR]L|126|N[CR][ETX]C4[CR][LF]
2026-08-29 04:15:48 - [EOT]
2026-08-29 04:15:48 - [ACK]
2026-08-29 04:15:48 - --Send Message To Machine --[ENQ]
2026-08-29 04:15:48 - --Send Message To Machine --[STX]1H|\^&||| Product Model^01.03.07.03^123456|||||||SA|1394-97|20260829041548[CR]P|1||PATIENT111||ABC^XYZ^j||19600315|M|||A|||icteru||||||01|||||A1|002|||||||[CR]O|1|1^1^1|9572747|HDL^^2^1\LDL^^2^1\CHOL^^2^1\TC^^2^1\TG^^2^1\TRIG^^2^1|R|20260829041548|20260829041548||||||||serum|||1|||||||Q|||||[CR]L|1|N[CR][ETX]35[CR][LF]
2026-08-29 04:15:48 - --Send Message To Machine --[EOT]
2026-08-29 04:15:48 - [ACK]
2026-08-29 04:15:49 - [ENQ]
2026-08-29 04:15:49 - [STX]1H|\^&|||Mindry^^|||||||RQ|1394-97|20260829041549[CR]Q|89|^23662287||||||||||O[CR]L|127|N[CR][ETX]F2[CR][LF]
2026-08-29 04:15:49 - [EOT]
2026-08-29 04:15:49 - --Send Message To Machine --[ENQ]
2026-08-29 04:15:49 - [ACK]
2026-08-29 04:15:49 - --Send Message To Machine --[STX]1H|\^&||| Product Model^01.03.07.03^123456|||||||SA|1394-97|20260829041549[CR]P|1||PATIENT111||ABC^XYZ^j||19600315|M|||A|||icteru||||||01|||||A1|002|||||||[CR]O|1|1^1^1|23662287|GGT^^2^1\ALB^^2^1\TP^^2^1\ALP^^2^1\SGPT^^2^1\SGOT^^2^1\BID^^2^1\BIT^^2^1|R|20260829041549|20260829041549||||||||serum|||1|||||||Q|||||[CR]L|1|N[CR][ETX]2E[CR][LF]
2026-08-29 04:15:49 - --Send Message To Machine --[EOT]
2026-08-29 04:15:49 - [ACK]
2026-08-29 04:15:49 - [ENQ]
2026-08-29 04:15:49 - [STX]1H|\^&|||Mindry^^|||||||RQ|1394-97|20260829041549[CR]Q|90|^9572738||||||||||O[CR]L|128|N[CR][ETX]C0[CR][LF]
2026-08-29 04:15:49 - [EOT]
2026-08-29 04:15:49 - --Send Message To Machine --[ENQ]
2026-08-29 04:15:49 - [ACK]
2026-08-29 04:15:49 - --Send Message To Machine --[STX]1H|\^&||| Product Model^01.03.07.03^123456|||||||SA|1394-97|20260829041549[CR]P|1||PATIENT111||ABC^XYZ^j||19600315|M|||A|||icteru||||||01|||||A1|002|||||||[CR]O|1|1^1^1|9572738|CRP^^2^1\SGPT^^2^1|R|20260829041549|20260829041549||||||||serum|||1|||||||Q|||||[CR]L|1|N[CR][ETX]B5[CR][LF]
2026-08-29 04:15:49 - --Send Message To Machine --[EOT]
2026-08-29 04:15:49 - [ACK]
2026-08-29 04:23:19 - [ENQ]
2026-08-29 04:23:19 - [STX]1H|\^&|||Mindry^^|||||||RQ|1394-97|20260829042319[CR]Q|91|^23662286||||||||||O[CR]L|129|N[CR][ETX]E8[CR][LF]
2026-08-29 04:23:19 - [EOT]
2026-08-29 04:23:19 - [ACK]
2026-08-29 04:23:19 - --Send Message To Machine --[ENQ]
2026-08-29 04:23:19 - --Send Message To Machine --[STX]1H|\^&||| Product Model^01.03.07.03^123456|||||||SA|1394-97|20260829042319[CR]P|1||PATIENT111||ABC^XYZ^j||19600315|M|||A|||icteru||||||01|||||A1|002|||||||[CR]O|1|1^1^1|23662286|GLU^^2^1|R|20260829042319|20260829042319||||||||serum|||1|||||||Q|||||[CR]L|1|N[CR][ETX]BF[CR][LF]
2026-08-29 04:23:19 - --Send Message To Machine --[EOT]
2026-08-29 04:23:19 - [ACK]
2026-08-29 04:23:19 - [ENQ]
2026-08-29 04:23:19 - [STX]1H|\^&|||Mindry^^|||||||RQ|1394-97|20260829042319[CR]Q|92|^8550285||||||||||O[CR]L|130|N[CR][ETX]AF[CR][LF]
2026-08-29 04:23:19 - [EOT]
2026-08-29 04:23:19 - --Send Message To Machine --[ENQ]
2026-08-29 04:23:19 - [ACK]
2026-08-29 04:23:19 - --Send Message To Machine --[STX]1H|\^&||| Product Model^01.03.07.03^123456|||||||SA|1394-97|20260829042319[CR]P|1||PATIENT111||ABC^XYZ^j||19600315|M|||A|||icteru||||||01|||||A1|002|||||||[CR]O|1|1^1^1|8550285|GLU^^2^1|R|20260829042319|20260829042319||||||||serum|||1|||||||Q|||||[CR]L|1|N[CR][ETX]8D[CR][LF]
2026-08-29 04:23:19 - --Send Message To Machine --[EOT]
2026-08-29 04:23:19 - [ACK]
2026-08-29 04:23:19 - [ENQ]
2026-08-29 04:23:19 - [STX]1H|\^&|||Mindry^^|||||||RQ|1394-97|20260829042319[CR]Q|93|^9576763||||||||||O[CR]L|131|N[CR][ETX]BB[CR][LF]
2026-08-29 04:23:19 - [EOT]
2026-08-29 04:23:19 - [ACK]
2026-08-29 04:23:19 - --Send Message To Machine --[ENQ]
2026-08-29 04:23:19 - --Send Message To Machine --[STX]1H|\^&||| Product Model^01.03.07.03^123456|||||||SA|1394-97|20260829042319[CR]P|1||PATIENT111||ABC^XYZ^j||19600315|M|||A|||icteru||||||01|||||A1|002|||||||[CR]O|1|1^1^1|9576763|HDL^^2^1\LDL^^2^1\CHOL^^2^1\TC^^2^1\TG^^2^1\TRIG^^2^1|R|20260829042319|20260829042319||||||||serum|||1|||||||Q|||||[CR]L|1|N[CR][ETX]2E[CR][LF]
2026-08-29 04:23:19 - --Send Message To Machine --[EOT]
2026-08-29 04:23:19 - [ACK]
2026-08-29 04:23:20 - [ENQ]
2026-08-29 04:23:20 - [STX]1H|\^&|||Mindry^^|||||||RQ|1394-97|20260829042320[CR]Q|94|^8550289||||||||||O[CR]L|132|N[CR][ETX]AF[CR][LF]
2026-08-29 04:23:20 - [EOT]
2026-08-29 04:23:20 - --Send Message To Machine --[ENQ]
2026-08-29 04:23:20 - [ACK]
2026-08-29 04:23:20 - --Send Message To Machine --[STX]1H|\^&||| Product Model^01.03.07.03^123456|||||||SA|1394-97|20260829042320[CR]P|1||PATIENT111||ABC^XYZ^j||19600315|M|||A|||icteru||||||01|||||A1|002|||||||[CR]O|1|1^1^1|8550289|GLU^^2^1|R|20260829042320|20260829042320||||||||serum|||1|||||||Q|||||[CR]L|1|N[CR][ETX]79[CR][LF]
2026-08-29 04:23:20 - --Send Message To Machine --[EOT]
2026-08-29 04:23:20 - [ACK]
2026-08-29 04:23:20 - [ENQ]
2026-08-29 04:23:20 - [STX]1H|\^&|||Mindry^^|||||||RQ|1394-97|20260829042320[CR]Q|95|^9573144||||||||||O[CR]L|133|N[CR][ETX]AD[CR][LF]
2026-08-29 04:23:20 - [EOT]
2026-08-29 04:23:20 - [ACK]
2026-08-29 04:23:20 - --Send Message To Machine --[ENQ]
2026-08-29 04:23:20 - --Send Message To Machine --[STX]1H|\^&||| Product Model^01.03.07.03^123456|||||||SA|1394-97|20260829042320[CR]P|1||PATIENT111||ABC^XYZ^j||19600315|M|||A|||icteru||||||01|||||A1|002|||||||[CR]O|1|1^1^1|9573144|CREAT^^2^1\GGT^^2^1\ALB^^2^1\TP^^2^1\UREA^^2^1\URIC^^2^1\ALP^^2^1\SGPT^^2^1\SGOT^^2^1\BID^^2^1\BIT^^2^1\CAL^^2^1|R|20260829042320|20260829042320||||||||serum|||1|||||||Q|||||[CR]L|1|N[CR][ETX]DA[CR][LF]
2026-08-29 04:23:20 - --Send Message To Machine --[EOT]
2026-08-29 04:23:20 - [ACK]
2026-08-29 04:23:20 - [ENQ]
2026-08-29 04:23:20 - [STX]1H|\^&|||Mindry^^|||||||RQ|1394-97|20260829042320[CR]Q|96|^9571859||||||||||O[CR]L|134|N[CR][ETX]BA[CR][LF]
2026-08-29 04:23:20 - [EOT]
2026-08-29 04:23:20 - --Send Message To Machine --[ENQ]
2026-08-29 04:23:20 - [ACK]
2026-08-29 04:23:20 - --Send Message To Machine --[STX]1H|\^&||| Product Model^01.03.07.03^123456|||||||SA|1394-97|20260829042320[CR]P|1||PATIENT111||ABC^XYZ^j||19600315|M|||A|||icteru||||||01|||||A1|002|||||||[CR]O|1|1^1^1|9571859|GGT^^2^1\ALB^^2^1\TP^^2^1\ALP^^2^1\SGPT^^2^1\SGOT^^2^1\BID^^2^1\BIT^^2^1|R|20260829042320|20260829042320||||||||serum|||1|||||||Q|||||[CR]L|1|N[CR][ETX]E2[CR][LF]
2026-08-29 04:23:20 - --Send Message To Machine --[EOT]
2026-08-29 04:23:20 - [ACK]
2026-08-29 04:23:20 - [ENQ]
2026-08-29 04:23:20 - [STX]1H|\^&|||Mindry^^|||||||RQ|1394-97|20260829042320[CR]Q|97|^23662284||||||||||O[CR]L|135|N[CR][ETX]E1[CR][LF]
2026-08-29 04:23:20 - [EOT]
2026-08-29 04:23:20 - [ACK]
2026-08-29 04:23:20 - --Send Message To Machine --[ENQ]
2026-08-29 04:23:20 - --Send Message To Machine --[STX]1H|\^&||| Product Model^01.03.07.03^123456|||||||SA|1394-97|20260829042320[CR]P|1||PATIENT111||ABC^XYZ^j||19600315|M|||A|||icteru||||||01|||||A1|002|||||||[CR]O|1|1^1^1|23662284|GGT^^2^1\ALB^^2^1\TP^^2^1\ALP^^2^1\SGPT^^2^1\SGOT^^2^1\BID^^2^1\BIT^^2^1|R|20260829042320|20260829042320||||||||serum|||1|||||||Q|||||[CR]L|1|N[CR][ETX]07[CR][LF]
2026-08-29 04:23:20 - --Send Message To Machine --[EOT]
2026-08-29 04:23:20 - [ACK]
2026-08-29 04:23:20 - [ENQ]
2026-08-29 04:23:21 - [STX]1H|\^&|||Mindry^^|||||||RQ|1394-97|20260829042320[CR]Q|98|^9368156||||||||||O[CR]L|136|N[CR][ETX]B8[CR][LF]
2026-08-29 04:23:21 - [EOT]
2026-08-29 04:23:21 - [ACK]
2026-08-29 04:23:21 - --Send Message To Machine --[ENQ]
2026-08-29 04:23:21 - --Send Message To Machine --[STX]1H|\^&||| Product Model^01.03.07.03^123456|||||||SA|1394-97|20260829042321[CR]P|1||PATIENT111||ABC^XYZ^j||19600315|M|||A|||icteru||||||01|||||A1|002|||||||[CR]O|1|1^1^1|9368156|HDL^^2^1\LDL^^2^1\CHOL^^2^1\TC^^2^1\TG^^2^1\TRIG^^2^1|R|20260829042321|20260829042321||||||||serum|||1|||||||Q|||||[CR]L|1|N[CR][ETX]14[CR][LF]
2026-08-29 04:23:21 - --Send Message To Machine --[EOT]
2026-08-29 04:23:21 - [ACK]
2026-08-29 04:23:21 - [ENQ]
2026-08-29 04:23:21 - [STX]1H|\^&|||Mindry^^|||||||RQ|1394-97|20260829042321[CR]Q|99|^9572747||||||||||O[CR]L|137|N[CR][ETX]BE[CR][LF]
2026-08-29 04:23:21 - [EOT]
2026-08-29 04:23:21 - [ACK]
2026-08-29 04:23:21 - --Send Message To Machine --[ENQ]
2026-08-29 04:23:21 - --Send Message To Machine --[STX]1H|\^&||| Product Model^01.03.07.03^123456|||||||SA|1394-97|20260829042321[CR]P|1||PATIENT111||ABC^XYZ^j||19600315|M|||A|||icteru||||||01|||||A1|002|||||||[CR]O|1|1^1^1|9572747|HDL^^2^1\LDL^^2^1\CHOL^^2^1\TC^^2^1\TG^^2^1\TRIG^^2^1|R|20260829042321|20260829042321||||||||serum|||1|||||||Q|||||[CR]L|1|N[CR][ETX]17[CR][LF]
2026-08-29 04:23:21 - --Send Message To Machine --[EOT]
2026-08-29 04:23:21 - [ACK]
2026-08-29 04:23:21 - [ENQ]
2026-08-29 04:23:21 - [STX]1H|\^&|||Mindry^^|||||||RQ|1394-97|20260829042321[CR]Q|100|^23662287||||||||||O[CR]L|138|N[CR][ETX]09[CR][LF]
2026-08-29 04:23:21 - [EOT]
2026-08-29 04:23:21 - --Send Message To Machine --[ENQ]
2026-08-29 04:23:21 - [ACK]
2026-08-29 04:23:21 - --Send Message To Machine --[STX]1H|\^&||| Product Model^01.03.07.03^123456|||||||SA|1394-97|20260829042321[CR]P|1||PATIENT111||ABC^XYZ^j||19600315|M|||A|||icteru||||||01|||||A1|002|||||||[CR]O|1|1^1^1|23662287|GGT^^2^1\ALB^^2^1\TP^^2^1\ALP^^2^1\SGPT^^2^1\SGOT^^2^1\BID^^2^1\BIT^^2^1|R|20260829042321|20260829042321||||||||serum|||1|||||||Q|||||[CR]L|1|N[CR][ETX]0D[CR][LF]
2026-08-29 04:23:21 - --Send Message To Machine --[EOT]
2026-08-29 04:23:21 - [ACK]
2026-08-29 04:23:21 - [ENQ]
2026-08-29 04:23:21 - [STX]1H|\^&|||Mindry^^|||||||RQ|1394-97|20260829042321[CR]Q|101|^9572738||||||||||O[CR]L|139|N[CR][ETX]E0[CR][LF]
2026-08-29 04:23:21 - [EOT]
2026-08-29 04:23:21 - [ACK]
2026-08-29 04:23:21 - --Send Message To Machine --[ENQ]
2026-08-29 04:23:21 - --Send Message To Machine --[STX]1H|\^&||| Product Model^01.03.07.03^123456|||||||SA|1394-97|20260829042321[CR]P|1||PATIENT111||ABC^XYZ^j||19600315|M|||A|||icteru||||||01|||||A1|002|||||||[CR]O|1|1^1^1|9572738|CRP^^2^1\SGPT^^2^1|R|20260829042321|20260829042321||||||||serum|||1|||||||Q|||||[CR]L|1|N[CR][ETX]94[CR][LF]
2026-08-29 04:23:21 - --Send Message To Machine --[EOT]
2026-08-29 04:23:21 - [ACK]
2026-08-29 04:26:13 - [ENQ]
2026-08-29 04:26:13 - [STX]1H|\^&|||Mindry^^|||||||PR|1394-97|20260829042613[CR]P|39||PATIENT111||ABC^^||19600315^66^Y|M||||||||||||||||||||||||||[CR]O|39|5^1^10|23662286|GLU^GLU H^^|R|20260829041516|20260829042319|||||||20260829041516|serum||||||||||F|||||[CR]R|210|GLU^GLU H^^F|108.321322^^^^|mg/dL|^|N||F|108.321322^^^^|0|20260829042613||Mindry^[CR]L|140|N[CR][ETX]E0[CR][LF]
2026-08-29 04:26:13 - [EOT]
2026-08-29 04:26:22 - [ENQ]
2026-08-29 04:26:22 - [STX]1H|\^&|||Mindry^^|||||||PR|1394-97|20260829042622[CR]P|40||PATIENT111||ABC^^||19600315^66^Y|M||||||||||||||||||||||||||[CR]O|40|6^1^11|8550285|GLU^GLU H^^|R|20260829041517|20260829042319|||||||20260829041517|serum||||||||||F|||||[CR]R|211|GLU^GLU H^^F|201.242744^^^^|mg/dL|^|N||F|201.242744^^^^|0|20260829042622||Mindry^[CR]L|141|N[CR][ETX]AC[CR][LF]
2026-08-29 04:26:22 - [EOT]
2026-08-29 04:26:47 - [ENQ]
2026-08-29 04:26:47 - [STX]1H|\^&|||Mindry^^|||||||PR|1394-97|20260829042647[CR]P|41||PATIENT111||ABC^^||19600315^66^Y|M||||||||||||||||||||||||||[CR]O|41|8^1^13|8550289|GLU^GLU H^^|R|20260829041517|20260829042320|||||||20260829041517|serum||||||||||F|||||[CR]R|212|GLU^GLU H^^F|116.746689^^^^|mg/dL|^|N||F|116.746689^^^^|0|20260829042647||Mindry^[CR]L|142|N[CR][ETX]EA[CR][LF]
2026-08-29 04:26:47 - [EOT]
2026-08-29 04:27:22 - [ENQ]
2026-08-29 04:27:22 - [STX]1H|\^&|||Mindry^^|||||||PR|1394-97|20260829042722[CR]P|42||PATIENT111||ABC^^||19600315^66^Y|M||||||||||||||||||||||||||[CR]O|42|7^1^12|9576763|TRIG^Triglycerides^^\CHOL^T.CHOL^^|R|20260829041517|20260829042319|||||||20260829041517|serum||||||||||F|||||[CR]R|213|TRIG^Triglycerides^^F|386.559501^^^^|mg/dL|^|N||F|386.559501^^^^|0|20260829042722||Mindry^[CR]R|214|CHOL^T.CHOL^^F|304.283748^^^^|mg/dL|^|N||F|304.283748^^^^|0|20260829042241||Mindry^[CR]L|143|N[CR][ETX]B0[CR][LF]
2026-08-29 04:27:22 - [EOT]
2026-08-29 04:28:56 - [ENQ]
2026-08-29 04:28:56 - [STX]1H|\^&|||Mindry^^|||||||PR|1394-97|20260829042856[CR]P|43||PATIENT111||ABC^^||19600315^66^Y|M||||||||||||||||||||||||||[CR]O|43|9^1^14|9573144|BID^Bilirubin Direct (DSA Method)^^\SGPT^Alanine Aminotransferase^^\SGOT^Aspartate Aminotransferase^^\CREAT^Creatinine (Sarcosine Oxidase Method)^^\BIT^T.BILL H^^\ALB^ALBUMIN ^^\ALP^ALKALINE ^^\URIC^URIC ACID^^\TP^TP H^^\GGT^GGT H^^\CAL^CA. SB^^\UREA^UREA^^|R|20260829041517|20260829042320|||||||20260829041517|serum||||||||||F|||||[CR]R|215|BID^Bilirubin Direct (DSA Method)^^F|0.092631^^^^|mg/dL|^|N||F|0.092631^^^^|0|20260829042747||Mindry^[CR]R|216|SGPT^Alanine Aminotransferase^^F|16.009305^^^^|U/L|^|N||F|16.009305^^^^|0|20260829042739||Mindry^[CR]R|217|SGOT^Aspartate Aminotransferase^^F|15.461872^^^^|U/L|^|N||F|15.461872^^^^|0|20260829042747||Mindry^[CR]R|218|CREAT^Creatinine (Sarcosine Oxidase Method)^^F|0.878670^^^^|mg/dL|^|N||F|0.878670^^^^|0|20260829042813||Mindry^[CR]R|219|BIT^T.BILL H^^F|0.202267^^^^|mg/dL|^|N||F|0.202267^^^^|0|20260829042821||Mindry^[CR]R|220|ALB^ALBUMIN ^^F|2.980564^^^^|g/dL|^|N||F|2.980564^^^^|0|20260829042340||Mindry^[CR]R|221|ALP^ALKALINE ^^F|123.219555^^^^|U/L|^|N||F|123.219555^^^^|0|20260829042821||Mindry^[CR]R|222|URIC^URIC ACID^^F|6.371494^^^^|mg/dL|^|N||F|6.371494^^^^|0|20260829042249||Mindry^[CR]R|223|TP^TP H^^F|5.231948^^^^|g/dL|^|N||F|5.231948^^^^|0|20260829042856||Mindry^[CR]R|224|GGT^GGT H^^F|34.106101^^^^|U/L|^|N||F|34.106101^^^^|0|20260829042847||Mindry^[CR]R|225|CAL^CA. SB^^F|8.762907^^^^|mg/dL|^|N||F|8.762907^^^^|0|20260829042423||Mindry^[CR]R|226|UREA^UREA^^F|59.908343^^^^|mg/dL|^|N||F|59.908343^^^^|0|20260829042813||Mindry^[CR]L|144|N[CR][ETX]81[CR][LF]
2026-08-29 04:28:56 - [EOT]
2026-08-29 04:30:21 - [ENQ]
2026-08-29 04:30:21 - [STX]1H|\^&|||Mindry^^|||||||PR|1394-97|20260829043021[CR]P|44||PATIENT111||ABC^^||19600315^66^Y|M||||||||||||||||||||||||||[CR]O|44|10^1^15|9571859|BID^Bilirubin Direct (DSA Method)^^\SGPT^Alanine Aminotransferase^^\SGOT^Aspartate Aminotransferase^^\BIT^T.BILL H^^\ALB^ALBUMIN ^^\ALP^ALKALINE ^^\TP^TP H^^\GGT^GGT H^^|R|20260829041518|20260829042320|||||||20260829041518|serum||||||||||F|||||[CR]R|227|BID^Bilirubin Direct (DSA Method)^^F|0.002056^^^^|mg/dL|^|N||F|0.002056^^^^|0|20260829042930||Mindry^[CR]R|228|SGPT^Alanine Aminotransferase^^F|1.609919^^^^|U/L|^|N||F|1.609919^^^^|0|20260829042921||Mindry^[CR]R|229|SGOT^Aspartate Aminotransferase^^F|0.608692^^^^|U/L|^|N||F|0.608692^^^^|0|20260829042930||Mindry^[CR]R|230|BIT^T.BILL H^^F|-0.145944^^^^|mg/dL|^|N||F|-0.145944^^^^|0|20260829042955||Mindry^[CR]R|231|ALB^ALBUMIN ^^F|0.248840^^^^|g/dL|^|N||F|0.248840^^^^|0|20260829042515||Mindry^[CR]R|232|ALP^ALKALINE ^^F|-1.916987^^^^|U/L|^|N||F|-1.916987^^^^|0|20260829042955||Mindry^[CR]R|233|TP^TP H^^F|0.691498^^^^|g/dL|^|N||F|0.691498^^^^|0|20260829043021||Mindry^[CR]R|234|GGT^GGT H^^F|1.168193^^^^|U/L|^|N||F|1.168193^^^^|0|20260829043013||Mindry^[CR]L|145|N[CR][ETX]E9[CR][LF]
2026-08-29 04:30:21 - [EOT]
2026-08-29 04:31:30 - [ENQ]
2026-08-29 04:31:30 - [STX]1H|\^&|||Mindry^^|||||||PR|1394-97|20260829043130[CR]P|45||PATIENT111||ABC^^||19600315^66^Y|M||||||||||||||||||||||||||[CR]O|45|11^1^16|23662284|BID^Bilirubin Direct (DSA Method)^^\SGPT^Alanine Aminotransferase^^\SGOT^Aspartate Aminotransferase^^\BIT^T.BILL H^^\ALB^ALBUMIN ^^\ALP^ALKALINE ^^\TP^TP H^^\GGT^GGT H^^|R|20260829041518|20260829042320|||||||20260829041518|serum||||||||||F|||||[CR]R|235|BID^Bilirubin Direct (DSA Method)^^F|0.232362^^^^|mg/dL|^|N||F|0.232362^^^^|0|20260829043038||Mindry^[CR]R|236|SGPT^Alanine Aminotransferase^^F|25.831158^^^^|U/L|^|N||F|25.831158^^^^|0|20260829043030||Mindry^[CR]R|237|SGOT^Aspartate Aminotransferase^^F|26.091576^^^^|U/L|^|N||F|26.091576^^^^|0|20260829043038||Mindry^[CR]R|238|BIT^T.BILL H^^F|0.717964^^^^|mg/dL|^|N||F|0.717964^^^^|0|20260829043104||Mindry^[CR]R|239|ALB^ALBUMIN ^^F|4.226734^^^^|g/dL|^|N||F|4.226734^^^^|0|20260829042623||Mindry^[CR]R|240|ALP^ALKALINE ^^F|92.840765^^^^|U/L|^|N||F|92.840765^^^^|0|20260829043104||Mindry^[CR]R|241|TP^TP H^^F|6.815046^^^^|g/dL|^|N||F|6.815046^^^^|0|20260829043130||Mindry^[CR]R|242|GGT^GGT H^^F|14.747712^^^^|U/L|^|N||F|14.747712^^^^|0|20260829043121||Mindry^[CR]L|146|N[CR][ETX]E5[CR][LF]
2026-08-29 04:31:30 - [EOT]
2026-08-29 04:31:47 - [ENQ]
2026-08-29 04:31:47 - [STX]1H|\^&|||Mindry^^|||||||PR|1394-97|20260829043147[CR]P|46||PATIENT111||ABC^^||19600315^66^Y|M||||||||||||||||||||||||||[CR]O|46|12^1^17|9368156|TRIG^Triglycerides^^\CHOL^T.CHOL^^|R|20260829041518|20260829042321|||||||20260829041518|serum||||||||||F|||||[CR]R|243|TRIG^Triglycerides^^F|128.402737^^^^|mg/dL|^|N||F|128.402737^^^^|0|20260829043147||Mindry^[CR]R|244|CHOL^T.CHOL^^F|84.929463^^^^|mg/dL|^|N||F|84.929463^^^^|0|20260829042706||Mindry^[CR]L|147|N[CR][ETX]8F[CR][LF]
2026-08-29 04:31:47 - [EOT]
2026-08-29 04:32:04 - [ENQ]
2026-08-29 04:32:04 - [STX]1H|\^&|||Mindry^^|||||||PR|1394-97|20260829043204[CR]P|47||PATIENT111||ABC^^||19600315^66^Y|M||||||||||||||||||||||||||[CR]O|47|13^1^19|9572747|TRIG^Triglycerides^^\CHOL^T.CHOL^^|R|20260829041548|20260829042321|||||||20260829041548|serum||||||||||F|||||[CR]R|245|TRIG^Triglycerides^^F|219.594582^^^^|mg/dL|^|N||F|219.594582^^^^|0|20260829043204||Mindry^[CR]R|246|CHOL^T.CHOL^^F|151.899499^^^^|mg/dL|^|N||F|151.899499^^^^|0|20260829042723||Mindry^[CR]L|148|N[CR][ETX]1F[CR][LF]
2026-08-29 04:32:04 - [EOT]
2026-08-29 04:34:39 - [ENQ]
2026-08-29 04:34:39 - [STX]1H|\^&|||Mindry^^|||||||RQ|1394-97|20260829043439[CR]Q|102|^9572741||||||||||O[CR]L|149|N[CR][ETX]E7[CR][LF]
2026-08-29 04:34:39 - [EOT]
2026-08-29 04:35:09 - [ENQ]
2026-08-29 04:35:09 - [STX]1H|\^&|||Mindry^^|||||||RQ|1394-97|20260829043509[CR]Q|103|^9571857||||||||||O[CR]L|150|N[CR][ETX]E5[CR][LF]
2026-08-29 04:35:09 - [EOT]
2026-08-29 04:35:40 - [ENQ]
2026-08-29 04:35:40 - [STX]1H|\^&|||Mindry^^|||||||RQ|1394-97|20260829043540[CR]Q|104|^9569918||||||||||O[CR]L|151|N[CR][ETX]E7[CR][LF]
2026-08-29 04:35:40 - [EOT]
2026-08-29 04:35:40 - [ACK]
2026-08-29 04:35:40 - --Send Message To Machine --[ENQ]
2026-08-29 04:35:40 - --Send Message To Machine --[STX]1H|\^&||| Product Model^01.03.07.03^123456|||||||SA|1394-97|20260829043540[CR]P|1||PATIENT111||ABC^XYZ^j||19600315|M|||A|||icteru||||||01|||||A1|002|||||||[CR]O|1|1^1^1|9569918|HDL^^2^1\LDL^^2^1\CHOL^^2^1\TC^^2^1\CREAT^^2^1\GGT^^2^1\Iron^^2^1\TIBC^^2^1\ALB^^2^1\TP^^2^1\TG^^2^1\TRIG^^2^1\UREA^^2^1\URIC^^2^1\UIBC^^2^1\ALP^^2^1\SGPT^^2^1\SGOT^^2^1\BID^^2^1\BIT^^2^1\CAL^^2^1|R|20260829043540|20260829043540||||||||serum|||1|||||||Q|||||[CR]L|1|N[CR][ETX]B7[CR][LF]
2026-08-29 04:35:40 - --Send Message To Machine --[EOT]
2026-08-29 04:35:40 - [ACK]
2026-08-29 04:35:40 - [ENQ]
2026-08-29 04:35:40 - [STX]1H|\^&|||Mindry^^|||||||RQ|1394-97|20260829043540[CR]Q|105|^8550290||||||||||O[CR]L|152|N[CR][ETX]D7[CR][LF]
2026-08-29 04:35:40 - [EOT]
2026-08-29 04:35:40 - [ACK]
2026-08-29 04:35:40 - --Send Message To Machine --[ENQ]
2026-08-29 04:35:40 - --Send Message To Machine --[STX]1H|\^&||| Product Model^01.03.07.03^123456|||||||SA|1394-97|20260829043540[CR]P|1||PATIENT111||ABC^XYZ^j||19600315|M|||A|||icteru||||||01|||||A1|002|||||||[CR]O|1|1^1^1|8550290|HDL^^2^1\LDL^^2^1\CHOL^^2^1\TC^^2^1\CREAT^^2^1\GGT^^2^1\Iron^^2^1\TIBC^^2^1\ALB^^2^1\TP^^2^1\TG^^2^1\TRIG^^2^1\UREA^^2^1\URIC^^2^1\UIBC^^2^1\ALP^^2^1\SGPT^^2^1\SGOT^^2^1\BID^^2^1\BIT^^2^1\CAL^^2^1|R|20260829043540|20260829043540||||||||serum|||1|||||||Q|||||[CR]L|1|N[CR][ETX]A5[CR][LF]
2026-08-29 04:35:40 - --Send Message To Machine --[EOT]
2026-08-29 04:35:40 - [ACK]
2026-08-29 04:35:40 - [ENQ]
2026-08-29 04:35:40 - [STX]1H|\^&|||Mindry^^|||||||RQ|1394-97|20260829043540[CR]Q|106|^8550286||||||||||O[CR]L|153|N[CR][ETX]DE[CR][LF]
2026-08-29 04:35:40 - [EOT]
2026-08-29 04:35:40 - [ACK]
2026-08-29 04:35:40 - --Send Message To Machine --[ENQ]
2026-08-29 04:35:40 - --Send Message To Machine --[STX]1H|\^&||| Product Model^01.03.07.03^123456|||||||SA|1394-97|20260829043540[CR]P|1||PATIENT111||ABC^XYZ^j||19600315|M|||A|||icteru||||||01|||||A1|002|||||||[CR]O|1|1^1^1|8550286|HDL^^2^1\LDL^^2^1\CHOL^^2^1\TC^^2^1\CREAT^^2^1\GGT^^2^1\Iron^^2^1\TIBC^^2^1\ALB^^2^1\TP^^2^1\TG^^2^1\TRIG^^2^1\UREA^^2^1\URIC^^2^1\UIBC^^2^1\ALP^^2^1\SGPT^^2^1\SGOT^^2^1\BID^^2^1\BIT^^2^1\CAL^^2^1|R|20260829043540|20260829043540||||||||serum|||1|||||||Q|||||[CR]L|1|N[CR][ETX]AA[CR][LF]
2026-08-29 04:35:40 - --Send Message To Machine --[EOT]
2026-08-29 04:35:40 - [ACK]
2026-08-29 04:35:40 - [ENQ]
2026-08-29 04:35:40 - [STX]1H|\^&|||Mindry^^|||||||RQ|1394-97|20260829043540[CR]Q|107|^9573148||||||||||O[CR]L|154|N[CR][ETX]E3[CR][LF]
2026-08-29 04:35:41 - [EOT]
2026-08-29 04:35:41 - --Send Message To Machine --[ENQ]
2026-08-29 04:35:41 - [ACK]
2026-08-29 04:35:41 - --Send Message To Machine --[STX]1H|\^&||| Product Model^01.03.07.03^123456|||||||SA|1394-97|20260829043541[CR]P|1||PATIENT111||ABC^XYZ^j||19600315|M|||A|||icteru||||||01|||||A1|002|||||||[CR]O|1|1^1^1|9573148|HDL^^2^1\LDL^^2^1\CHOL^^2^1\TC^^2^1\CREAT^^2^1\GGT^^2^1\Iron^^2^1\TIBC^^2^1\ALB^^2^1\TP^^2^1\TG^^2^1\TRIG^^2^1\UREA^^2^1\URIC^^2^1\UIBC^^2^1\ALP^^2^1\SGPT^^2^1\SGOT^^2^1\BID^^2^1\BIT^^2^1\CAL^^2^1|R|20260829043541|20260829043541||||||||serum|||1|||||||Q|||||[CR]L|1|N[CR][ETX]B0[CR][LF]
2026-08-29 04:35:41 - --Send Message To Machine --[EOT]
2026-08-29 04:35:41 - [ACK]
2026-08-29 04:35:41 - [ENQ]
2026-08-29 04:35:41 - [STX]1H|\^&|||Mindry^^|||||||RQ|1394-97|20260829043541[CR]Q|108|^9575536||||||||||O[CR]L|155|N[CR][ETX]E9[CR][LF]
2026-08-29 04:35:41 - [EOT]
2026-08-29 04:35:41 - [ACK]
2026-08-29 04:35:41 - --Send Message To Machine --[ENQ]
2026-08-29 04:35:41 - --Send Message To Machine --[STX]1H|\^&||| Product Model^01.03.07.03^123456|||||||SA|1394-97|20260829043541[CR]P|1||PATIENT111||ABC^XYZ^j||19600315|M|||A|||icteru||||||01|||||A1|002|||||||[CR]O|1|1^1^1|9575536|HDL^^2^1\LDL^^2^1\CHOL^^2^1\TC^^2^1\CREAT^^2^1\GGT^^2^1\Iron^^2^1\TIBC^^2^1\ALB^^2^1\TP^^2^1\TG^^2^1\TRIG^^2^1\UREA^^2^1\URIC^^2^1\UIBC^^2^1\ALP^^2^1\SGPT^^2^1\SGOT^^2^1\BID^^2^1\BIT^^2^1\CAL^^2^1|R|20260829043541|20260829043541||||||||serum|||1|||||||Q|||||[CR]L|1|N[CR][ETX]B3[CR][LF]
2026-08-29 04:35:41 - --Send Message To Machine --[EOT]
2026-08-29 04:35:41 - [ACK]
2026-08-29 04:35:41 - [ENQ]
2026-08-29 04:35:41 - [STX]1H|\^&|||Mindry^^|||||||RQ|1394-97|20260829043541[CR]Q|109|^9572745||||||||||O[CR]L|156|N[CR][ETX]EA[CR][LF]
2026-08-29 04:35:41 - [EOT]
2026-08-29 04:36:11 - [ENQ]
2026-08-29 04:36:11 - [STX]1H|\^&|||Mindry^^|||||||RQ|1394-97|20260829043611[CR]Q|110|^9572747||||||||||O[CR]L|157|N[CR][ETX]E3[CR][LF]
2026-08-29 04:36:11 - [EOT]
2026-08-29 04:36:11 - --Send Message To Machine --[ENQ]
2026-08-29 04:36:11 - [ACK]
2026-08-29 04:36:11 - --Send Message To Machine --[STX]1H|\^&||| Product Model^01.03.07.03^123456|||||||SA|1394-97|20260829043611[CR]P|1||PATIENT111||ABC^XYZ^j||19600315|M|||A|||icteru||||||01|||||A1|002|||||||[CR]O|1|1^1^1|9572747|HDL^^2^1\LDL^^2^1|R|20260829043611|20260829043611||||||||serum|||1|||||||Q|||||[CR]L|1|N[CR][ETX]2E[CR][LF]
2026-08-29 04:36:11 - [ACK]
2026-08-29 04:36:11 - --Send Message To Machine --[EOT]
2026-08-29 04:36:11 - [ENQ]
2026-08-29 04:36:11 - [STX]1H|\^&|||Mindry^^|||||||RQ|1394-97|20260829043611[CR]Q|111|^23662287||||||||||O[CR]L|158|N[CR][ETX]10[CR][LF]
2026-08-29 04:36:11 - [EOT]
2026-08-29 04:36:12 - [ACK]
2026-08-29 04:36:12 - --Send Message To Machine --[ENQ]
2026-08-29 04:36:12 - --Send Message To Machine --[STX]1H|\^&||| Product Model^01.03.07.03^123456|||||||SA|1394-97|20260829043611[CR]P|1||PATIENT111||ABC^XYZ^j||19600315|M|||A|||icteru||||||01|||||A1|002|||||||[CR]O|1|1^1^1|23662287|GGT^^2^1\ALB^^2^1\TP^^2^1\ALP^^2^1\SGPT^^2^1\SGOT^^2^1\BID^^2^1\BIT^^2^1|R|20260829043611|20260829043611||||||||serum|||1|||||||Q|||||[CR]L|1|N[CR][ETX]16[CR][LF]
2026-08-29 04:36:12 - --Send Message To Machine --[EOT]
2026-08-29 04:36:12 - [ACK]
2026-08-29 04:36:12 - [ENQ]
2026-08-29 04:36:12 - [STX]1H|\^&|||Mindry^^|||||||RQ|1394-97|20260829043612[CR]Q|112|^9572738||||||||||O[CR]L|159|N[CR][ETX]E8[CR][LF]
2026-08-29 04:36:12 - [EOT]
2026-08-29 04:36:12 - --Send Message To Machine --[ENQ]
2026-08-29 04:36:12 - [ACK]
2026-08-29 04:36:12 - --Send Message To Machine --[STX]1H|\^&||| Product Model^01.03.07.03^123456|||||||SA|1394-97|20260829043612[CR]P|1||PATIENT111||ABC^XYZ^j||19600315|M|||A|||icteru||||||01|||||A1|002|||||||[CR]O|1|1^1^1|9572738|CRP^^2^1\SGPT^^2^1|R|20260829043612|20260829043612||||||||serum|||1|||||||Q|||||[CR]L|1|N[CR][ETX]A0[CR][LF]
2026-08-29 04:36:12 - --Send Message To Machine --[EOT]
2026-08-29 04:36:12 - [ACK]
2026-08-29 04:36:12 - [ENQ]
2026-08-29 04:36:12 - [STX]1H|\^&|||Mindry^^|||||||PR|1394-97|20260829043612[CR]P|48||PATIENT111||ABC^^||19600315^66^Y|M||||||||||||||||||||||||||[CR]O|48|14^1^20|23662287|BID^Bilirubin Direct (DSA Method)^^\SGPT^Alanine Aminotransferase^^\SGOT^Aspartate Aminotransferase^^\BIT^T.BILL H^^\ALB^ALBUMIN ^^\ALP^ALKALINE ^^\TP^TP H^^\GGT^GGT H^^|R|20260829041549|20260829042321|||||||20260829041549|serum||||||||||F|||||[CR]R|247|BID^Bilirubin Direct (DSA Method)^^F|0.253713^^^^|mg/dL|^|N||F|0.253713^^^^|0|20260829043429||Mindry^[CR]R|248|SGPT^Alanine Aminotransferase^^F|59.981444^^^^|U/L|^|N||F|59.981444^^^^|0|20260829043421||Mindry^[CR]R|249|SGOT^Aspartate Aminotransferase^^F|31.192838^^^^|U/L|^|N||F|31.192838^^^^|0|20260829043429||Mindry^[CR]R|250|BIT^T.BILL H^^F|0.895270^^^^|mg/dL|^|N||F|0.895270^^^^|0|20260829043455||Mindry^[CR]R|251|ALB^ALBUMIN ^^F|4.418127^^^^|g/dL|^|N||F|4.418127^^^^|0|20260829043014||Mindry^[CR]R|252|ALP^ALKALINE ^^F|76.515368^^^^|U/L|^|N||F|76.515368^^^^|0|20260829043455||Mindry^[CR]R|253|TP^TP H^^F|7.245781^^^^|g/dL|^|N||F|7.245781^^^^|0|20260829043520||Mindry^[CR]R|254|GGT^GGT H^^F|24.899604^^^^|U/L|^|N||F|24.899604^^^^|0|20260829043512||Mindry^[CR]L|160|N[CR][ETX]48[CR][LF]
2026-08-29 04:36:12 - [EOT]
2026-08-29 04:36:29 - [ENQ]
2026-08-29 04:36:29 - [STX]1H|\^&|||Mindry^^|||||||PR|1394-97|20260829043629[CR]P|49||||^^||^^|U||||||||||||||||||||||||||[CR]O|49|9003^1^72|8457103|BID^Bilirubin Direct (DSA Method)^^\SGPT^Alanine Aminotransferase^^\SGOT^Aspartate Aminotransferase^^\BIT^T.BILL H^^\ALB^ALBUMIN ^^\ALP^ALKALINE ^^\TP^TP H^^\GGT^GGT H^^|S|20260829042103|20260829042047|||||||20260829042047|serum||||||||||F|||||[CR]R|255|BID^Bilirubin Direct (DSA Method)^^F|1.076743^^^^|mg/dL|^|N||F|1.076743^^^^|0|20260829043537||Mindry^[CR]R|256|SGPT^Alanine Aminotransferase^^F|369.996716^^^^|U/L|^|N||F|369.996716^^^^|0|20260829043529||Mindry^[CR]R|257|SGOT^Aspartate Aminotransferase^^F|562.810370^^^^|U/L|^|N||F|562.810370^^^^|0|20260829043537||Mindry^[CR]R|258|BIT^T.BILL H^^F|1.436963^^^^|mg/dL|^|N||F|1.436963^^^^|0|20260829043603||Mindry^[CR]R|259|ALB^ALBUMIN ^^F|3.063392^^^^|g/dL|^|N||F|3.063392^^^^|0|20260829043122||Mindry^[CR]R|260|ALP^ALKALINE ^^F|510.648028^^^^|U/L|^|N||F|510.648028^^^^|0|20260829043603||Mindry^[CR]R|261|TP^TP H^^F|6.736770^^^^|g/dL|^|N||F|6.736770^^^^|0|20260829043629||Mindry^[CR]R|262|GGT^GGT H^^F|311.807082^^^^|U/L|^|N||F|311.807082^^^^|0|20260829043620||Mindry^[CR]L|161|N[CR][ETX]49[CR][LF]
2026-08-29 04:36:29 - [EOT]
2026-08-29 04:37:03 - [ENQ]
2026-08-29 04:37:03 - [STX]1H|\^&|||Mindry^^|||||||PR|1394-97|20260829043703[CR]P|50||PATIENT111||ABC^^||19600315^66^Y|M||||||||||||||||||||||||||[CR]O|50|15^1^21|9572738|SGPT^Alanine Aminotransferase^^\CRP^C-Reactive Protein^^|R|20260829041549|20260829043612|||||||20260829041549|serum||||||||||F|||||[CR]R|263|SGPT^Alanine Aminotransferase^^F|12.375206^^^^|U/L|^|N||F|12.375206^^^^|0|20260829043637||Mindry^[CR]R|264|CRP^C-Reactive Protein^^F|0.000000^^^^|mg/L|^|N||F|0.000000^^^^|0|20260829043703||Mindry^[CR]L|162|N[CR][ETX]C8[CR][LF]
2026-08-29 04:37:03 - [EOT]
2026-08-29 04:48:46 - [ENQ]
2026-08-29 04:48:46 - [STX]1H|\^&|||Mindry^^|||||||RQ|1394-97|20260829044846[CR]Q|113|^9569918||||||||||O[CR]L|163|N[CR][ETX]F4[CR][LF]
2026-08-29 04:48:46 - [EOT]
2026-08-29 04:48:46 - [ACK]
2026-08-29 04:48:46 - --Send Message To Machine --[ENQ]
2026-08-29 04:48:46 - --Send Message To Machine --[STX]1H|\^&||| Product Model^01.03.07.03^123456|||||||SA|1394-97|20260829044846[CR]P|1||PATIENT111||ABC^XYZ^j||19600315|M|||A|||icteru||||||01|||||A1|002|||||||[CR]O|1|1^1^1|9569918|HDL^^2^1\LDL^^2^1\CHOL^^2^1\TC^^2^1\CREAT^^2^1\GGT^^2^1\Iron^^2^1\TIBC^^2^1\ALB^^2^1\TP^^2^1\TG^^2^1\TRIG^^2^1\UREA^^2^1\URIC^^2^1\UIBC^^2^1\ALP^^2^1\SGPT^^2^1\SGOT^^2^1\BID^^2^1\BIT^^2^1\CAL^^2^1|R|20260829044846|20260829044846||||||||serum|||1|||||||Q|||||[CR]L|1|N[CR][ETX]D5[CR][LF]
2026-08-29 04:48:46 - --Send Message To Machine --[EOT]
2026-08-29 04:48:46 - [ACK]
2026-08-29 04:48:46 - [ENQ]
2026-08-29 04:48:46 - [STX]1H|\^&|||Mindry^^|||||||RQ|1394-97|20260829044846[CR]Q|114|^8550290||||||||||O[CR]L|164|N[CR][ETX]E4[CR][LF]
2026-08-29 04:48:46 - [EOT]
2026-08-29 04:48:46 - [ACK]
2026-08-29 04:48:46 - --Send Message To Machine --[ENQ]
2026-08-29 04:48:46 - --Send Message To Machine --[STX]1H|\^&||| Product Model^01.03.07.03^123456|||||||SA|1394-97|20260829044846[CR]P|1||PATIENT111||ABC^XYZ^j||19600315|M|||A|||icteru||||||01|||||A1|002|||||||[CR]O|1|1^1^1|8550290|HDL^^2^1\LDL^^2^1\CHOL^^2^1\TC^^2^1\CREAT^^2^1\GGT^^2^1\Iron^^2^1\TIBC^^2^1\ALB^^2^1\TP^^2^1\TG^^2^1\TRIG^^2^1\UREA^^2^1\URIC^^2^1\UIBC^^2^1\ALP^^2^1\SGPT^^2^1\SGOT^^2^1\BID^^2^1\BIT^^2^1\CAL^^2^1|R|20260829044846|20260829044846||||||||serum|||1|||||||Q|||||[CR]L|1|N[CR][ETX]C3[CR][LF]
2026-08-29 04:48:46 - --Send Message To Machine --[EOT]
2026-08-29 04:48:46 - [ACK]
2026-08-29 04:48:47 - [ENQ]
2026-08-29 04:48:47 - [STX]1H|\^&|||Mindry^^|||||||RQ|1394-97|20260829044847[CR]Q|115|^8550286||||||||||O[CR]L|165|N[CR][ETX]EC[CR][LF]
2026-08-29 04:48:47 - [EOT]
2026-08-29 04:48:47 - [ACK]
2026-08-29 04:48:47 - --Send Message To Machine --[ENQ]
2026-08-29 04:48:47 - --Send Message To Machine --[STX]1H|\^&||| Product Model^01.03.07.03^123456|||||||SA|1394-97|20260829044847[CR]P|1||PATIENT111||ABC^XYZ^j||19600315|M|||A|||icteru||||||01|||||A1|002|||||||[CR]O|1|1^1^1|8550286|HDL^^2^1\LDL^^2^1\CHOL^^2^1\TC^^2^1\CREAT^^2^1\GGT^^2^1\Iron^^2^1\TIBC^^2^1\ALB^^2^1\TP^^2^1\TG^^2^1\TRIG^^2^1\UREA^^2^1\URIC^^2^1\UIBC^^2^1\ALP^^2^1\SGPT^^2^1\SGOT^^2^1\BID^^2^1\BIT^^2^1\CAL^^2^1|R|20260829044847|20260829044847||||||||serum|||1|||||||Q|||||[CR]L|1|N[CR][ETX]CB[CR][LF]
2026-08-29 04:48:47 - --Send Message To Machine --[EOT]
2026-08-29 04:48:47 - [ACK]
2026-08-29 04:48:47 - [ENQ]
2026-08-29 04:48:47 - [STX]1H|\^&|||Mindry^^|||||||RQ|1394-97|20260829044847[CR]Q|116|^9573148||||||||||O[CR]L|166|N[CR][ETX]F1[CR][LF]
2026-08-29 04:48:47 - [EOT]
2026-08-29 04:48:47 - [ACK]
2026-08-29 04:48:47 - --Send Message To Machine --[ENQ]
2026-08-29 04:48:47 - --Send Message To Machine --[STX]1H|\^&||| Product Model^01.03.07.03^123456|||||||SA|1394-97|20260829044847[CR]P|1||PATIENT111||ABC^XYZ^j||19600315|M|||A|||icteru||||||01|||||A1|002|||||||[CR]O|1|1^1^1|9573148|HDL^^2^1\LDL^^2^1\CHOL^^2^1\TC^^2^1\CREAT^^2^1\GGT^^2^1\Iron^^2^1\TIBC^^2^1\ALB^^2^1\TP^^2^1\TG^^2^1\TRIG^^2^1\UREA^^2^1\URIC^^2^1\UIBC^^2^1\ALP^^2^1\SGPT^^2^1\SGOT^^2^1\BID^^2^1\BIT^^2^1\CAL^^2^1|R|20260829044847|20260829044847||||||||serum|||1|||||||Q|||||[CR]L|1|N[CR][ETX]CE[CR][LF]
2026-08-29 04:48:47 - --Send Message To Machine --[EOT]
2026-08-29 04:48:47 - [ACK]
2026-08-29 04:48:47 - [ENQ]
2026-08-29 04:48:47 - [STX]1H|\^&|||Mindry^^|||||||RQ|1394-97|20260829044847[CR]Q|117|^9575536||||||||||O[CR]L|167|N[CR][ETX]F6[CR][LF]
2026-08-29 04:48:47 - [EOT]
2026-08-29 04:48:47 - [ACK]
2026-08-29 04:48:47 - --Send Message To Machine --[ENQ]
2026-08-29 04:48:47 - --Send Message To Machine --[STX]1H|\^&||| Product Model^01.03.07.03^123456|||||||SA|1394-97|20260829044847[CR]P|1||PATIENT111||ABC^XYZ^j||19600315|M|||A|||icteru||||||01|||||A1|002|||||||[CR]O|1|1^1^1|9575536|HDL^^2^1\LDL^^2^1\CHOL^^2^1\TC^^2^1\CREAT^^2^1\GGT^^2^1\Iron^^2^1\TIBC^^2^1\ALB^^2^1\TP^^2^1\TG^^2^1\TRIG^^2^1\UREA^^2^1\URIC^^2^1\UIBC^^2^1\ALP^^2^1\SGPT^^2^1\SGOT^^2^1\BID^^2^1\BIT^^2^1\CAL^^2^1|R|20260829044847|20260829044847||||||||serum|||1|||||||Q|||||[CR]L|1|N[CR][ETX]D1[CR][LF]
2026-08-29 04:48:47 - --Send Message To Machine --[EOT]
2026-08-29 04:48:47 - [ACK]
2026-08-29 04:48:48 - [ENQ]
2026-08-29 04:48:48 - [STX]1H|\^&|||Mindry^^|||||||RQ|1394-97|20260829044847[CR]Q|118|^9365025||||||||||O[CR]L|168|N[CR][ETX]EE[CR][LF]
2026-08-29 04:48:48 - [EOT]
2026-08-29 04:48:48 - [ACK]
2026-08-29 04:48:48 - --Send Message To Machine --[ENQ]
2026-08-29 04:48:48 - --Send Message To Machine --[STX]1H|\^&||| Product Model^01.03.07.03^123456|||||||SA|1394-97|20260829044848[CR]P|1||PATIENT111||ABC^XYZ^j||19600315|M|||A|||icteru||||||01|||||A1|002|||||||[CR]O|1|1^1^1|9365025|UREA^^2^1\BID^^2^1\BIT^^2^1|R|20260829044848|20260829044848||||||||serum|||1|||||||Q|||||[CR]L|1|N[CR][ETX]4A[CR][LF]
2026-08-29 04:48:48 - --Send Message To Machine --[EOT]
2026-08-29 04:48:48 - [ACK]
2026-08-29 04:48:48 - [ENQ]
2026-08-29 04:48:48 - [STX]1H|\^&|||Mindry^^|||||||RQ|1394-97|20260829044848[CR]Q|119|^9365015||||||||||O[CR]L|169|N[CR][ETX]F0[CR][LF]
2026-08-29 04:48:48 - [EOT]
2026-08-29 04:48:48 - [ACK]
2026-08-29 04:48:48 - --Send Message To Machine --[ENQ]
2026-08-29 04:48:48 - --Send Message To Machine --[STX]1H|\^&||| Product Model^01.03.07.03^123456|||||||SA|1394-97|20260829044848[CR]P|1||PATIENT111||ABC^XYZ^j||19600315|M|||A|||icteru||||||01|||||A1|002|||||||[CR]O|1|1^1^1|9365015|UREA^^2^1\BID^^2^1\BIT^^2^1|R|20260829044848|20260829044848||||||||serum|||1|||||||Q|||||[CR]L|1|N[CR][ETX]49[CR][LF]
2026-08-29 04:48:48 - --Send Message To Machine --[EOT]
2026-08-29 04:48:48 - [ACK]
2026-08-29 04:49:19 - [ENQ]
2026-08-29 04:49:19 - [STX]1H|\^&|||Mindry^^|||||||PR|1394-97|20260829044919[CR]P|51||PATIENT111||ABC^^||19600315^66^Y|M||||||||||||||||||||||||||[CR]O|51|16^1^3|9569918|BID^Bilirubin Direct (DSA Method)^^\SGPT^Alanine Aminotransferase^^\SGOT^Aspartate Aminotransferase^^\TRIG^Triglycerides^^\CREAT^Creatinine (Sarcosine Oxidase Method)^^\BIT^T.BILL H^^\CHOL^T.CHOL^^\ALB^ALBUMIN ^^\ALP^ALKALINE ^^\URIC^URIC ACID^^\TP^TP H^^\GGT^GGT H^^\CAL^CA. SB^^\Iron^IRON^^\UREA^UREA^^|R|20260829043540|20260829044846|||||||20260829043540|serum||||||||||F|||||[CR]R|265|BID^Bilirubin Direct (DSA Method)^^F|0.130465^^^^|mg/dL|^|N||F|0.130465^^^^|0|20260829044728||Mindry^[CR]R|266|SGPT^Alanine Aminotransferase^^F|122.803244^^^^|U/L|^|N||F|122.803244^^^^|0|20260829044719||Mindry^[CR]R|267|SGOT^Aspartate Aminotransferase^^F|107.317864^^^^|U/L|^|N||F|107.317864^^^^|0|20260829044728||Mindry^[CR]R|268|TRIG^Triglycerides^^F|229.814749^^^^|mg/dL|^|N||F|229.814749^^^^|0|20260829044753||Mindry^[CR]R|269|CREAT^Creatinine (Sarcosine Oxidase Method)^^F|0.615232^^^^|mg/dL|^|N||F|0.615232^^^^|0|20260829044802||Mindry^[CR]R|270|BIT^T.BILL H^^F|0.102351^^^^|mg/dL|^|N||F|0.102351^^^^|0|20260829044811||Mindry^[CR]R|271|CHOL^T.CHOL^^F|225.779686^^^^|mg/dL|^|N||F|225.779686^^^^|0|20260829044330||Mindry^[CR]R|272|ALB^ALBUMIN ^^F|3.971966^^^^|g/dL|^|N||F|3.971966^^^^|0|20260829044338||Mindry^[CR]R|273|ALP^ALKALINE ^^F|158.181514^^^^|U/L|^|N||F|158.181514^^^^|0|20260829044819||Mindry^[CR]R|274|URIC^URIC ACID^^F|4.947362^^^^|mg/dL|^|N||F|4.947362^^^^|0|20260829044247||Mindry^[CR]R|275|TP^TP H^^F|6.949392^^^^|g/dL|^|N||F|6.949392^^^^|0|20260829044853||Mindry^[CR]R|276|GGT^GGT H^^F|45.362765^^^^|U/L|^|N||F|45.362765^^^^|0|20260829044845||Mindry^[CR]R|277|CAL^CA. SB^^F|9.841780^^^^|mg/dL|^|N||F|9.841780^^^^|0|20260829044421||Mindry^[CR]R|278|Iron^IRON^^F|-75.645306^^^^|g/dL|^|N||F|-75.645306^^^^|0|20260829044919||Mindry^[CR]R|279|UREA^UREA^^F|25.214885^^^^|mg/dL|^|N||F|25.214885^^^^|0|20260829044819||Mindry^[CR]L|170|N[CR][ETX]42[CR][LF]
2026-08-29 04:49:19 - [EOT]
2026-08-29 04:51:27 - [ENQ]
2026-08-29 04:51:27 - [STX]1H|\^&|||Mindry^^|||||||PR|1394-97|20260829045127[CR]P|52||PATIENT111||ABC^^||19600315^66^Y|M||||||||||||||||||||||||||[CR]O|52|17^1^4|8550290|BID^Bilirubin Direct (DSA Method)^^\SGPT^Alanine Aminotransferase^^\SGOT^Aspartate Aminotransferase^^\TRIG^Triglycerides^^\CREAT^Creatinine (Sarcosine Oxidase Method)^^\BIT^T.BILL H^^\CHOL^T.CHOL^^\ALB^ALBUMIN ^^\ALP^ALKALINE ^^\URIC^URIC ACID^^\TP^TP H^^\GGT^GGT H^^\CAL^CA. SB^^\Iron^IRON^^\UREA^UREA^^|R|20260829043540|20260829044846|||||||20260829043540|serum||||||||||F|||||[CR]R|280|BID^Bilirubin Direct (DSA Method)^^F|0.315066^^^^|mg/dL|^|N||F|0.315066^^^^|0|20260829044936||Mindry^[CR]R|281|SGPT^Alanine Aminotransferase^^F|49.651513^^^^|U/L|^|N||F|49.651513^^^^|0|20260829044927||Mindry^[CR]R|282|SGOT^Aspartate Aminotransferase^^F|38.680202^^^^|U/L|^|N||F|38.680202^^^^|0|20260829044936||Mindry^[CR]R|283|TRIG^Triglycerides^^F|632.453988^^^^|mg/dL|^|N||F|632.453988^^^^|0|20260829045002||Mindry^[CR]R|284|CREAT^Creatinine (Sarcosine Oxidase Method)^^F|0.791304^^^^|mg/dL|^|N||F|0.791304^^^^|0|20260829045010||Mindry^[CR]R|285|BIT^T.BILL H^^F|1.220021^^^^|mg/dL|^|N||F|1.220021^^^^|0|20260829045019||Mindry^[CR]R|286|CHOL^T.CHOL^^F|198.222728^^^^|mg/dL|^|N||F|198.222728^^^^|0|20260829044538||Mindry^[CR]R|287|ALB^ALBUMIN ^^F|4.170652^^^^|g/dL|^|N||F|4.170652^^^^|0|20260829044546||Mindry^[CR]R|288|ALP^ALKALINE ^^F|100.367442^^^^|U/L|^|N||F|100.367442^^^^|0|20260829045027||Mindry^[CR]R|289|URIC^URIC ACID^^F|13.173853^^^^|mg/dL|^|N||F|13.173853^^^^|0|20260829044455||Mindry^[CR]R|290|TP^TP H^^F|8.296519^^^^|g/dL|^|N||F|8.296519^^^^|0|20260829045101||Mindry^[CR]R|291|GGT^GGT H^^F|49.230299^^^^|U/L|^|N||F|49.230299^^^^|0|20260829045053||Mindry^[CR]R|292|CAL^CA. SB^^F|10.136381^^^^|mg/dL|^|N||F|10.136381^^^^|0|20260829044629||Mindry^[CR]R|293|Iron^IRON^^F|-59.459488^^^^|g/dL|^|N||F|-59.459488^^^^|0|20260829045127||Mindry^[CR]R|294|UREA^UREA^^F|12.832294^^^^|mg/dL|^|N||F|12.832294^^^^|0|20260829045027||Mindry^[CR]L|171|N[CR][ETX]BC[CR][LF]
2026-08-29 04:51:27 - [EOT]
2026-08-29 04:51:52 - [ENQ]
2026-08-29 04:51:52 - [STX]1H|\^&|||Mindry^^|||||||RQ|1394-97|20260829045152[CR]Q|120|^9569918||||||||||O[CR]L|172|N[CR][ETX]E9[CR][LF]
2026-08-29 04:51:52 - [EOT]
2026-08-29 04:51:52 - [ACK]
2026-08-29 04:51:52 - --Send Message To Machine --[ENQ]
2026-08-29 04:51:52 - --Send Message To Machine --[STX]1H|\^&||| Product Model^01.03.07.03^123456|||||||SA|1394-97|20260829045152[CR]P|1||PATIENT111||ABC^XYZ^j||19600315|M|||A|||icteru||||||01|||||A1|002|||||||[CR]O|1|1^1^1|9569918|HDL^^2^1\LDL^^2^1\TIBC^^2^1\ALB^^2^1\TP^^2^1\UIBC^^2^1\BID^^2^1\BIT^^2^1|R|20260829045152|20260829045152||||||||serum|||1|||||||Q|||||[CR]L|1|N[CR][ETX]B6[CR][LF]
2026-08-29 04:51:52 - --Send Message To Machine --[EOT]
2026-08-29 04:51:52 - [ACK]
2026-08-29 04:51:52 - [ENQ]
2026-08-29 04:51:52 - [STX]1H|\^&|||Mindry^^|||||||RQ|1394-97|20260829045152[CR]Q|121|^8550290||||||||||O[CR]L|173|N[CR][ETX]D9[CR][LF]
2026-08-29 04:51:52 - [EOT]
2026-08-29 04:51:52 - [ACK]
2026-08-29 04:51:52 - --Send Message To Machine --[ENQ]
2026-08-29 04:51:52 - --Send Message To Machine --[STX]1H|\^&||| Product Model^01.03.07.03^123456|||||||SA|1394-97|20260829045152[CR]P|1||PATIENT111||ABC^XYZ^j||19600315|M|||A|||icteru||||||01|||||A1|002|||||||[CR]O|1|1^1^1|8550290|HDL^^2^1\LDL^^2^1\TIBC^^2^1\ALB^^2^1\TP^^2^1\UIBC^^2^1\BID^^2^1\BIT^^2^1|R|20260829045152|20260829045152||||||||serum|||1|||||||Q|||||[CR]L|1|N[CR][ETX]A4[CR][LF]
2026-08-29 04:51:52 - --Send Message To Machine --[EOT]
2026-08-29 04:51:52 - [ACK]
2026-08-29 04:51:52 - [ENQ]
2026-08-29 04:51:52 - [STX]1H|\^&|||Mindry^^|||||||RQ|1394-97|20260829045152[CR]Q|122|^8550286||||||||||O[CR]L|174|N[CR][ETX]E0[CR][LF]
2026-08-29 04:51:52 - [EOT]
2026-08-29 04:51:53 - [ACK]
2026-08-29 04:51:53 - --Send Message To Machine --[ENQ]
2026-08-29 04:51:53 - --Send Message To Machine --[STX]1H|\^&||| Product Model^01.03.07.03^123456|||||||SA|1394-97|20260829045152[CR]P|1||PATIENT111||ABC^XYZ^j||19600315|M|||A|||icteru||||||01|||||A1|002|||||||[CR]O|1|1^1^1|8550286|HDL^^2^1\LDL^^2^1\CHOL^^2^1\TC^^2^1\CREAT^^2^1\GGT^^2^1\Iron^^2^1\TIBC^^2^1\ALB^^2^1\TP^^2^1\TG^^2^1\TRIG^^2^1\UREA^^2^1\URIC^^2^1\UIBC^^2^1\ALP^^2^1\SGPT^^2^1\SGOT^^2^1\BID^^2^1\BIT^^2^1\CAL^^2^1|R|20260829045152|20260829045152||||||||serum|||1|||||||Q|||||[CR]L|1|N[CR][ETX]AD[CR][LF]
2026-08-29 04:51:53 - --Send Message To Machine --[EOT]
2026-08-29 04:51:53 - [ACK]
2026-08-29 04:51:53 - [ENQ]
2026-08-29 04:51:53 - [STX]1H|\^&|||Mindry^^|||||||RQ|1394-97|20260829045153[CR]Q|123|^9573148||||||||||O[CR]L|175|N[CR][ETX]E6[CR][LF]
2026-08-29 04:51:53 - [EOT]
2026-08-29 04:51:53 - [ACK]
2026-08-29 04:51:53 - --Send Message To Machine --[ENQ]
2026-08-29 04:51:53 - --Send Message To Machine --[STX]1H|\^&||| Product Model^01.03.07.03^123456|||||||SA|1394-97|20260829045153[CR]P|1||PATIENT111||ABC^XYZ^j||19600315|M|||A|||icteru||||||01|||||A1|002|||||||[CR]O|1|1^1^1|9573148|HDL^^2^1\LDL^^2^1\CHOL^^2^1\TC^^2^1\CREAT^^2^1\GGT^^2^1\Iron^^2^1\TIBC^^2^1\ALB^^2^1\TP^^2^1\TG^^2^1\TRIG^^2^1\UREA^^2^1\URIC^^2^1\UIBC^^2^1\ALP^^2^1\SGPT^^2^1\SGOT^^2^1\BID^^2^1\BIT^^2^1\CAL^^2^1|R|20260829045153|20260829045153||||||||serum|||1|||||||Q|||||[CR]L|1|N[CR][ETX]B3[CR][LF]
2026-08-29 04:51:53 - --Send Message To Machine --[EOT]
2026-08-29 04:51:53 - [ACK]
2026-08-29 04:51:53 - [ENQ]
2026-08-29 04:51:53 - [STX]1H|\^&|||Mindry^^|||||||RQ|1394-97|20260829045153[CR]Q|124|^9575536||||||||||O[CR]L|176|N[CR][ETX]EB[CR][LF]
2026-08-29 04:51:53 - [EOT]
2026-08-29 04:51:53 - [ACK]
2026-08-29 04:51:53 - --Send Message To Machine --[ENQ]
2026-08-29 04:51:53 - --Send Message To Machine --[STX]1H|\^&||| Product Model^01.03.07.03^123456|||||||SA|1394-97|20260829045153[CR]P|1||PATIENT111||ABC^XYZ^j||19600315|M|||A|||icteru||||||01|||||A1|002|||||||[CR]O|1|1^1^1|9575536|HDL^^2^1\LDL^^2^1\CHOL^^2^1\TC^^2^1\CREAT^^2^1\GGT^^2^1\Iron^^2^1\TIBC^^2^1\ALB^^2^1\TP^^2^1\TG^^2^1\TRIG^^2^1\UREA^^2^1\URIC^^2^1\UIBC^^2^1\ALP^^2^1\SGPT^^2^1\SGOT^^2^1\BID^^2^1\BIT^^2^1\CAL^^2^1|R|20260829045153|20260829045153||||||||serum|||1|||||||Q|||||[CR]L|1|N[CR][ETX]B6[CR][LF]
2026-08-29 04:51:53 - --Send Message To Machine --[EOT]
2026-08-29 04:51:53 - [ACK]
2026-08-29 04:51:53 - [ENQ]
2026-08-29 04:51:53 - [STX]1H|\^&|||Mindry^^|||||||RQ|1394-97|20260829045153[CR]Q|125|^9365025||||||||||O[CR]L|177|N[CR][ETX]E3[CR][LF]
2026-08-29 04:51:53 - [EOT]
2026-08-29 04:51:53 - [ACK]
2026-08-29 04:51:53 - --Send Message To Machine --[ENQ]
2026-08-29 04:51:53 - --Send Message To Machine --[STX]1H|\^&||| Product Model^01.03.07.03^123456|||||||SA|1394-97|20260829045153[CR]P|1||PATIENT111||ABC^XYZ^j||19600315|M|||A|||icteru||||||01|||||A1|002|||||||[CR]O|1|1^1^1|9365025|UREA^^2^1\BID^^2^1\BIT^^2^1|R|20260829045153|20260829045153||||||||serum|||1|||||||Q|||||[CR]L|1|N[CR][ETX]2C[CR][LF]
2026-08-29 04:51:53 - --Send Message To Machine --[EOT]
2026-08-29 04:51:53 - [ACK]
2026-08-29 04:51:54 - [ENQ]
2026-08-29 04:51:54 - [STX]1H|\^&|||Mindry^^|||||||RQ|1394-97|20260829045154[CR]Q|126|^9365015||||||||||O[CR]L|178|N[CR][ETX]E5[CR][LF]
2026-08-29 04:51:54 - [EOT]
2026-08-29 04:51:54 - --Send Message To Machine --[ENQ]
2026-08-29 04:51:54 - [ACK]
2026-08-29 04:51:54 - --Send Message To Machine --[STX]1H|\^&||| Product Model^01.03.07.03^123456|||||||SA|1394-97|20260829045154[CR]P|1||PATIENT111||ABC^XYZ^j||19600315|M|||A|||icteru||||||01|||||A1|002|||||||[CR]O|1|1^1^1|9365015|UREA^^2^1\BID^^2^1\BIT^^2^1|R|20260829045154|20260829045154||||||||serum|||1|||||||Q|||||[CR]L|1|N[CR][ETX]2E[CR][LF]
2026-08-29 04:51:54 - [ACK]
2026-08-29 04:51:54 - --Send Message To Machine --[EOT]
2026-08-29 04:53:35 - [ENQ]
2026-08-29 04:53:35 - [STX]1H|\^&|||Mindry^^|||||||PR|1394-97|20260829045335[CR]P|53||PATIENT111||ABC^^||19600315^66^Y|M||||||||||||||||||||||||||[CR]O|53|18^1^5|8550286|BID^Bilirubin Direct (DSA Method)^^\SGPT^Alanine Aminotransferase^^\SGOT^Aspartate Aminotransferase^^\TRIG^Triglycerides^^\CREAT^Creatinine (Sarcosine Oxidase Method)^^\BIT^T.BILL H^^\CHOL^T.CHOL^^\ALB^ALBUMIN ^^\ALP^ALKALINE ^^\URIC^URIC ACID^^\TP^TP H^^\GGT^GGT H^^\CAL^CA. SB^^\Iron^IRON^^\UREA^UREA^^|R|20260829043540|20260829045152|||||||20260829043540|serum||||||||||F|||||[CR]R|295|BID^Bilirubin Direct (DSA Method)^^F|0.353445^^^^|mg/dL|^|N||F|0.353445^^^^|0|20260829045144||Mindry^[CR]R|296|SGPT^Alanine Aminotransferase^^F|9.503661^^^^|U/L|^|N||F|9.503661^^^^|0|20260829045136||Mindry^[CR]R|297|SGOT^Aspartate Aminotransferase^^F|16.097158^^^^|U/L|^|N||F|16.097158^^^^|0|20260829045144||Mindry^[CR]R|298|TRIG^Triglycerides^^F|148.523522^^^^|mg/dL|^|N||F|148.523522^^^^|0|20260829045210||Mindry^[CR]R|299|CREAT^Creatinine (Sarcosine Oxidase Method)^^F|0.982184^^^^|mg/dL|^|N||F|0.982184^^^^|0|20260829045218||Mindry^[CR]R|300|BIT^T.BILL H^^F|0.792577^^^^|mg/dL|^|N||F|0.792577^^^^|0|20260829045227||Mindry^[CR]R|301|CHOL^T.CHOL^^F|135.779220^^^^|mg/dL|^|N||F|135.779220^^^^|0|20260829044746||Mindry^[CR]R|302|ALB^ALBUMIN ^^F|3.384641^^^^|g/dL|^|N||F|3.384641^^^^|0|20260829044755||Mindry^[CR]R|303|ALP^ALKALINE ^^F|86.841064^^^^|U/L|^|N||F|86.841064^^^^|0|20260829045235||Mindry^[CR]R|304|URIC^URIC ACID^^F|9.918111^^^^|mg/dL|^|N||F|9.918111^^^^|0|20260829044703||Mindry^[CR]R|305|TP^TP H^^F|5.315428^^^^|g/dL|^|N||F|5.315428^^^^|0|20260829045310||Mindry^[CR]R|306|GGT^GGT H^^F|16.632739^^^^|U/L|^|N||F|16.632739^^^^|0|20260829045301||Mindry^[CR]R|307|CAL^CA. SB^^F|10.122884^^^^|mg/dL|^|N||F|10.122884^^^^|0|20260829044838||Mindry^[CR]R|308|Iron^IRON^^F|-225.325200^^^^|g/dL|^|N||F|-225.325200^^^^|0|20260829045335||Mindry^[CR]R|309|UREA^UREA^^F|41.844958^^^^|mg/dL|^|N||F|41.844958^^^^|0|20260829045235||Mindry^[CR]L|179|N[CR][ETX]DD[CR][LF]
2026-08-29 04:53:35 - [EOT]
2026-08-29 04:53:55 - [ENQ]
2026-08-29 04:53:55 - [STX]1H|\^&|||Mindry^^|||||||RQ|1394-97|20260829045355[CR]Q|127|^9569918||||||||||O[CR]L|180|N[CR][ETX]F4[CR][LF]
2026-08-29 04:53:55 - [EOT]
2026-08-29 04:53:55 - [ACK]
2026-08-29 04:53:55 - --Send Message To Machine --[ENQ]
2026-08-29 04:53:55 - --Send Message To Machine --[STX]1H|\^&||| Product Model^01.03.07.03^123456|||||||SA|1394-97|20260829045355[CR]P|1||PATIENT111||ABC^XYZ^j||19600315|M|||A|||icteru||||||01|||||A1|002|||||||[CR]O|1|1^1^1|9569918|HDL^^2^1\LDL^^2^1\TIBC^^2^1\ALB^^2^1\TP^^2^1\UIBC^^2^1\BID^^2^1\BIT^^2^1|R|20260829045355|20260829045355||||||||serum|||1|||||||Q|||||[CR]L|1|N[CR][ETX]C5[CR][LF]
2026-08-29 04:53:55 - [ACK]
2026-08-29 04:53:55 - --Send Message To Machine --[EOT]
2026-08-29 04:53:55 - [ENQ]
2026-08-29 04:53:55 - [STX]1H|\^&|||Mindry^^|||||||RQ|1394-97|20260829045355[CR]Q|128|^8550290||||||||||O[CR]L|181|N[CR][ETX]E4[CR][LF]
2026-08-29 04:53:55 - [EOT]
2026-08-29 04:53:55 - [ACK]
2026-08-29 04:53:55 - --Send Message To Machine --[ENQ]
2026-08-29 04:53:55 - --Send Message To Machine --[STX]1H|\^&||| Product Model^01.03.07.03^123456|||||||SA|1394-97|20260829045355[CR]P|1||PATIENT111||ABC^XYZ^j||19600315|M|||A|||icteru||||||01|||||A1|002|||||||[CR]O|1|1^1^1|8550290|HDL^^2^1\LDL^^2^1\TIBC^^2^1\ALB^^2^1\TP^^2^1\UIBC^^2^1\BID^^2^1\BIT^^2^1|R|20260829045355|20260829045355||||||||serum|||1|||||||Q|||||[CR]L|1|N[CR][ETX]B3[CR][LF]
2026-08-29 04:53:55 - --Send Message To Machine --[EOT]
2026-08-29 04:53:55 - [ACK]
2026-08-29 04:53:55 - [ENQ]
2026-08-29 04:53:55 - [STX]1H|\^&|||Mindry^^|||||||RQ|1394-97|20260829045355[CR]Q|129|^8550286||||||||||O[CR]L|182|N[CR][ETX]EB[CR][LF]
2026-08-29 04:53:55 - [EOT]
2026-08-29 04:53:55 - [ACK]
2026-08-29 04:53:55 - --Send Message To Machine --[ENQ]
2026-08-29 04:53:55 - --Send Message To Machine --[STX]1H|\^&||| Product Model^01.03.07.03^123456|||||||SA|1394-97|20260829045355[CR]P|1||PATIENT111||ABC^XYZ^j||19600315|M|||A|||icteru||||||01|||||A1|002|||||||[CR]O|1|1^1^1|8550286|HDL^^2^1\LDL^^2^1\TIBC^^2^1\ALB^^2^1\TP^^2^1\UIBC^^2^1\BID^^2^1\BIT^^2^1|R|20260829045355|20260829045355||||||||serum|||1|||||||Q|||||[CR]L|1|N[CR][ETX]B8[CR][LF]
2026-08-29 04:53:55 - --Send Message To Machine --[EOT]
2026-08-29 04:53:55 - [ACK]
2026-08-29 04:53:56 - [ENQ]
2026-08-29 04:53:56 - [STX]1H|\^&|||Mindry^^|||||||RQ|1394-97|20260829045356[CR]Q|130|^9573148||||||||||O[CR]L|183|N[CR][ETX]E8[CR][LF]
2026-08-29 04:53:56 - [EOT]
2026-08-29 04:53:56 - [ACK]
2026-08-29 04:53:56 - --Send Message To Machine --[ENQ]
2026-08-29 04:53:56 - --Send Message To Machine --[STX]1H|\^&||| Product Model^01.03.07.03^123456|||||||SA|1394-97|20260829045356[CR]P|1||PATIENT111||ABC^XYZ^j||19600315|M|||A|||icteru||||||01|||||A1|002|||||||[CR]O|1|1^1^1|9573148|HDL^^2^1\LDL^^2^1\CHOL^^2^1\TC^^2^1\CREAT^^2^1\GGT^^2^1\Iron^^2^1\TIBC^^2^1\ALB^^2^1\TP^^2^1\TG^^2^1\TRIG^^2^1\UREA^^2^1\URIC^^2^1\UIBC^^2^1\ALP^^2^1\SGPT^^2^1\SGOT^^2^1\BID^^2^1\BIT^^2^1\CAL^^2^1|R|20260829045356|20260829045356||||||||serum|||1|||||||Q|||||[CR]L|1|N[CR][ETX]C2[CR][LF]
2026-08-29 04:53:56 - --Send Message To Machine --[EOT]
2026-08-29 04:53:56 - [ACK]
2026-08-29 04:53:56 - [ENQ]
2026-08-29 04:53:56 - [STX]1H|\^&|||Mindry^^|||||||RQ|1394-97|20260829045356[CR]Q|131|^9575536||||||||||O[CR]L|184|N[CR][ETX]ED[CR][LF]
2026-08-29 04:53:56 - [EOT]
2026-08-29 04:53:56 - --Send Message To Machine --[ENQ]
2026-08-29 04:53:56 - [ACK]
2026-08-29 04:53:56 - --Send Message To Machine --[STX]1H|\^&||| Product Model^01.03.07.03^123456|||||||SA|1394-97|20260829045356[CR]P|1||PATIENT111||ABC^XYZ^j||19600315|M|||A|||icteru||||||01|||||A1|002|||||||[CR]O|1|1^1^1|9575536|HDL^^2^1\LDL^^2^1\CHOL^^2^1\TC^^2^1\CREAT^^2^1\GGT^^2^1\Iron^^2^1\TIBC^^2^1\ALB^^2^1\TP^^2^1\TG^^2^1\TRIG^^2^1\UREA^^2^1\URIC^^2^1\UIBC^^2^1\ALP^^2^1\SGPT^^2^1\SGOT^^2^1\BID^^2^1\BIT^^2^1\CAL^^2^1|R|20260829045356|20260829045356||||||||serum|||1|||||||Q|||||[CR]L|1|N[CR][ETX]C5[CR][LF]
2026-08-29 04:53:56 - --Send Message To Machine --[EOT]
2026-08-29 04:53:56 - [ACK]
2026-08-29 04:53:56 - [ENQ]
2026-08-29 04:53:56 - [STX]1H|\^&|||Mindry^^|||||||RQ|1394-97|20260829045356[CR]Q|132|^9365025||||||||||O[CR]L|185|N[CR][ETX]E5[CR][LF]
2026-08-29 04:53:56 - [EOT]
2026-08-29 04:53:56 - [ACK]
2026-08-29 04:53:56 - --Send Message To Machine --[ENQ]
2026-08-29 04:53:56 - --Send Message To Machine --[STX]1H|\^&||| Product Model^01.03.07.03^123456|||||||SA|1394-97|20260829045356[CR]P|1||PATIENT111||ABC^XYZ^j||19600315|M|||A|||icteru||||||01|||||A1|002|||||||[CR]O|1|1^1^1|9365025|UREA^^2^1\BID^^2^1\BIT^^2^1|R|20260829045356|20260829045356||||||||serum|||1|||||||Q|||||[CR]L|1|N[CR][ETX]3B[CR][LF]
2026-08-29 04:53:56 - [ACK]
2026-08-29 04:53:56 - --Send Message To Machine --[EOT]
2026-08-29 04:53:56 - [ENQ]
2026-08-29 04:53:56 - [STX]1H|\^&|||Mindry^^|||||||RQ|1394-97|20260829045356[CR]Q|133|^9365015||||||||||O[CR]L|186|N[CR][ETX]E6[CR][LF]
2026-08-29 04:53:57 - [EOT]
2026-08-29 04:53:57 - [ACK]
2026-08-29 04:53:57 - --Send Message To Machine --[ENQ]
2026-08-29 04:53:57 - --Send Message To Machine --[STX]1H|\^&||| Product Model^01.03.07.03^123456|||||||SA|1394-97|20260829045357[CR]P|1||PATIENT111||ABC^XYZ^j||19600315|M|||A|||icteru||||||01|||||A1|002|||||||[CR]O|1|1^1^1|9365015|UREA^^2^1\BID^^2^1\BIT^^2^1|R|20260829045357|20260829045357||||||||serum|||1|||||||Q|||||[CR]L|1|N[CR][ETX]3D[CR][LF]
2026-08-29 04:53:57 - --Send Message To Machine --[EOT]
2026-08-29 04:53:57 - [ACK]
2026-08-29 04:54:52 - [ENQ]
2026-08-29 04:54:52 - [STX]1H|\^&|||Mindry^^|||||||RQ|1394-97|20260829045452[CR]Q|134|^9569918||||||||||O[CR]L|187|N[CR][ETX]F7[CR][LF]
2026-08-29 04:54:52 - [EOT]
2026-08-29 04:54:52 - [ACK]
2026-08-29 04:54:52 - --Send Message To Machine --[ENQ]
2026-08-29 04:54:52 - --Send Message To Machine --[STX]1H|\^&||| Product Model^01.03.07.03^123456|||||||SA|1394-97|20260829045452[CR]P|1||PATIENT111||ABC^XYZ^j||19600315|M|||A|||icteru||||||01|||||A1|002|||||||[CR]O|1|1^1^1|9569918|HDL^^2^1\LDL^^2^1\TIBC^^2^1\ALB^^2^1\TP^^2^1\UIBC^^2^1\BID^^2^1\BIT^^2^1|R|20260829045452|20260829045452||||||||serum|||1|||||||Q|||||[CR]L|1|N[CR][ETX]BF[CR][LF]
2026-08-29 04:54:52 - --Send Message To Machine --[EOT]
2026-08-29 04:54:52 - [ACK]
2026-08-29 04:54:52 - [ENQ]
2026-08-29 04:54:52 - [STX]1H|\^&|||Mindry^^|||||||RQ|1394-97|20260829045452[CR]Q|135|^8550290||||||||||O[CR]L|188|N[CR][ETX]E7[CR][LF]
2026-08-29 04:54:52 - [EOT]
2026-08-29 04:54:52 - [ACK]
2026-08-29 04:54:52 - --Send Message To Machine --[ENQ]
2026-08-29 04:54:52 - --Send Message To Machine --[STX]1H|\^&||| Product Model^01.03.07.03^123456|||||||SA|1394-97|20260829045452[CR]P|1||PATIENT111||ABC^XYZ^j||19600315|M|||A|||icteru||||||01|||||A1|002|||||||[CR]O|1|1^1^1|8550290|HDL^^2^1\LDL^^2^1\TIBC^^2^1\ALB^^2^1\TP^^2^1\UIBC^^2^1\BID^^2^1\BIT^^2^1|R|20260829045452|20260829045452||||||||serum|||1|||||||Q|||||[CR]L|1|N[CR][ETX]AD[CR][LF]
2026-08-29 04:54:52 - --Send Message To Machine --[EOT]
2026-08-29 04:54:52 - [ACK]
2026-08-29 04:54:52 - [ENQ]
2026-08-29 04:54:52 - [STX]1H|\^&|||Mindry^^|||||||RQ|1394-97|20260829045452[CR]Q|136|^8550286||||||||||O[CR]L|189|N[CR][ETX]EE[CR][LF]
2026-08-29 04:54:52 - [EOT]
2026-08-29 04:54:52 - [ACK]
2026-08-29 04:54:52 - --Send Message To Machine --[ENQ]
2026-08-29 04:54:52 - --Send Message To Machine --[STX]1H|\^&||| Product Model^01.03.07.03^123456|||||||SA|1394-97|20260829045452[CR]P|1||PATIENT111||ABC^XYZ^j||19600315|M|||A|||icteru||||||01|||||A1|002|||||||[CR]O|1|1^1^1|8550286|HDL^^2^1\LDL^^2^1\TIBC^^2^1\ALB^^2^1\TP^^2^1\UIBC^^2^1\BID^^2^1\BIT^^2^1|R|20260829045452|20260829045452||||||||serum|||1|||||||Q|||||[CR]L|1|N[CR][ETX]B2[CR][LF]
2026-08-29 04:54:52 - [ACK]
2026-08-29 04:54:52 - --Send Message To Machine --[EOT]
2026-08-29 04:54:52 - [ENQ]
2026-08-29 04:54:52 - [STX]1H|\^&|||Mindry^^|||||||RQ|1394-97|20260829045452[CR]Q|137|^9573148||||||||||O[CR]L|190|N[CR][ETX]EA[CR][LF]
2026-08-29 04:54:52 - [EOT]
2026-08-29 04:54:52 - --Send Message To Machine --[ENQ]
2026-08-29 04:54:52 - [ACK]
2026-08-29 04:54:52 - --Send Message To Machine --[STX]1H|\^&||| Product Model^01.03.07.03^123456|||||||SA|1394-97|20260829045452[CR]P|1||PATIENT111||ABC^XYZ^j||19600315|M|||A|||icteru||||||01|||||A1|002|||||||[CR]O|1|1^1^1|9573148|HDL^^2^1\LDL^^2^1\CHOL^^2^1\TC^^2^1\CREAT^^2^1\GGT^^2^1\Iron^^2^1\TIBC^^2^1\ALB^^2^1\TP^^2^1\TG^^2^1\TRIG^^2^1\UREA^^2^1\URIC^^2^1\UIBC^^2^1\ALP^^2^1\SGPT^^2^1\SGOT^^2^1\BID^^2^1\BIT^^2^1\CAL^^2^1|R|20260829045452|20260829045452||||||||serum|||1|||||||Q|||||[CR]L|1|N[CR][ETX]B9[CR][LF]
2026-08-29 04:54:53 - --Send Message To Machine --[EOT]
2026-08-29 04:54:53 - [ACK]
2026-08-29 04:54:53 - [ENQ]
2026-08-29 04:54:53 - [STX]1H|\^&|||Mindry^^|||||||RQ|1394-97|20260829045453[CR]Q|138|^9575536||||||||||O[CR]L|191|N[CR][ETX]F0[CR][LF]
2026-08-29 04:54:53 - [EOT]
2026-08-29 04:54:53 - [ACK]
2026-08-29 04:54:53 - --Send Message To Machine --[ENQ]
2026-08-29 04:54:53 - --Send Message To Machine --[STX]1H|\^&||| Product Model^01.03.07.03^123456|||||||SA|1394-97|20260829045453[CR]P|1||PATIENT111||ABC^XYZ^j||19600315|M|||A|||icteru||||||01|||||A1|002|||||||[CR]O|1|1^1^1|9575536|HDL^^2^1\LDL^^2^1\CHOL^^2^1\TC^^2^1\CREAT^^2^1\GGT^^2^1\Iron^^2^1\TIBC^^2^1\ALB^^2^1\TP^^2^1\TG^^2^1\TRIG^^2^1\UREA^^2^1\URIC^^2^1\UIBC^^2^1\ALP^^2^1\SGPT^^2^1\SGOT^^2^1\BID^^2^1\BIT^^2^1\CAL^^2^1|R|20260829045453|20260829045453||||||||serum|||1|||||||Q|||||[CR]L|1|N[CR][ETX]BF[CR][LF]
2026-08-29 04:54:53 - --Send Message To Machine --[EOT]
2026-08-29 04:54:53 - [ACK]
2026-08-29 04:54:53 - [ENQ]
2026-08-29 04:54:53 - [STX]1H|\^&|||Mindry^^|||||||RQ|1394-97|20260829045453[CR]Q|139|^9365025||||||||||O[CR]L|192|N[CR][ETX]E8[CR][LF]
2026-08-29 04:54:53 - [EOT]
2026-08-29 04:54:53 - [ACK]
2026-08-29 04:54:53 - --Send Message To Machine --[ENQ]
2026-08-29 04:54:53 - --Send Message To Machine --[STX]1H|\^&||| Product Model^01.03.07.03^123456|||||||SA|1394-97|20260829045453[CR]P|1||PATIENT111||ABC^XYZ^j||19600315|M|||A|||icteru||||||01|||||A1|002|||||||[CR]O|1|1^1^1|9365025|UREA^^2^1\BID^^2^1\BIT^^2^1|R|20260829045453|20260829045453||||||||serum|||1|||||||Q|||||[CR]L|1|N[CR][ETX]35[CR][LF]
2026-08-29 04:54:53 - [ACK]
2026-08-29 04:54:53 - --Send Message To Machine --[EOT]
2026-08-29 04:54:53 - [ENQ]
2026-08-29 04:54:53 - [STX]1H|\^&|||Mindry^^|||||||RQ|1394-97|20260829045453[CR]Q|140|^9365015||||||||||O[CR]L|193|N[CR][ETX]E0[CR][LF]
2026-08-29 04:54:53 - [EOT]
2026-08-29 04:54:53 - [ACK]
2026-08-29 04:54:53 - --Send Message To Machine --[ENQ]
2026-08-29 04:54:53 - --Send Message To Machine --[STX]1H|\^&||| Product Model^01.03.07.03^123456|||||||SA|1394-97|20260829045453[CR]P|1||PATIENT111||ABC^XYZ^j||19600315|M|||A|||icteru||||||01|||||A1|002|||||||[CR]O|1|1^1^1|9365015|UREA^^2^1\BID^^2^1\BIT^^2^1|R|20260829045453|20260829045453||||||||serum|||1|||||||Q|||||[CR]L|1|N[CR][ETX]34[CR][LF]
2026-08-29 04:54:53 - --Send Message To Machine --[EOT]
2026-08-29 04:54:53 - [ACK]
2026-08-29 05:00:37 - [ENQ]
2026-08-29 05:00:37 - [STX]1H|\^&|||Mindry^^|||||||RQ|1394-97|20260829050037[CR]Q|141|^9569918||||||||||O[CR]L|194|N[CR][ETX]EE[CR][LF]
2026-08-29 05:00:37 - [EOT]
2026-08-29 05:00:37 - [ACK]
2026-08-29 05:00:37 - --Send Message To Machine --[ENQ]
2026-08-29 05:00:37 - --Send Message To Machine --[STX]1H|\^&||| Product Model^01.03.07.03^123456|||||||SA|1394-97|20260829050037[CR]P|1||PATIENT111||ABC^XYZ^j||19600315|M|||A|||icteru||||||01|||||A1|002|||||||[CR]O|1|1^1^1|9569918|HDL^^2^1\LDL^^2^1\TIBC^^2^1\ALB^^2^1\TP^^2^1\UIBC^^2^1\BID^^2^1\BIT^^2^1|R|20260829050037|20260829050037||||||||serum|||1|||||||Q|||||[CR]L|1|N[CR][ETX]B0[CR][LF]
2026-08-29 05:00:37 - --Send Message To Machine --[EOT]
2026-08-29 05:00:37 - [ACK]
2026-08-29 05:00:37 - [ENQ]
2026-08-29 05:00:37 - [STX]1H|\^&|||Mindry^^|||||||RQ|1394-97|20260829050037[CR]Q|142|^8550290||||||||||O[CR]L|195|N[CR][ETX]DE[CR][LF]
2026-08-29 05:00:37 - [EOT]
2026-08-29 05:00:37 - [ACK]
2026-08-29 05:00:37 - --Send Message To Machine --[ENQ]
2026-08-29 05:00:37 - --Send Message To Machine --[STX]1H|\^&||| Product Model^01.03.07.03^123456|||||||SA|1394-97|20260829050037[CR]P|1||PATIENT111||ABC^XYZ^j||19600315|M|||A|||icteru||||||01|||||A1|002|||||||[CR]O|1|1^1^1|8550290|HDL^^2^1\LDL^^2^1\TIBC^^2^1\ALB^^2^1\TP^^2^1\UIBC^^2^1\BID^^2^1\BIT^^2^1|R|20260829050037|20260829050037||||||||serum|||1|||||||Q|||||[CR]L|1|N[CR][ETX]9E[CR][LF]
2026-08-29 05:00:37 - [ACK]
2026-08-29 05:00:37 - --Send Message To Machine --[EOT]
2026-08-29 05:00:37 - [ENQ]
2026-08-29 05:00:37 - [STX]1H|\^&|||Mindry^^|||||||RQ|1394-97|20260829050037[CR]Q|143|^8550286||||||||||O[CR]L|196|N[CR][ETX]E5[CR][LF]
2026-08-29 05:00:37 - [EOT]
2026-08-29 05:00:37 - [ACK]
2026-08-29 05:00:37 - --Send Message To Machine --[ENQ]
2026-08-29 05:00:37 - --Send Message To Machine --[STX]1H|\^&||| Product Model^01.03.07.03^123456|||||||SA|1394-97|20260829050037[CR]P|1||PATIENT111||ABC^XYZ^j||19600315|M|||A|||icteru||||||01|||||A1|002|||||||[CR]O|1|1^1^1|8550286|HDL^^2^1\LDL^^2^1\TIBC^^2^1\ALB^^2^1\TP^^2^1\UIBC^^2^1\BID^^2^1\BIT^^2^1|R|20260829050037|20260829050037||||||||serum|||1|||||||Q|||||[CR]L|1|N[CR][ETX]A3[CR][LF]
2026-08-29 05:00:37 - [ACK]
2026-08-29 05:00:37 - --Send Message To Machine --[EOT]
2026-08-29 05:00:38 - [ENQ]
2026-08-29 05:00:38 - [STX]1H|\^&|||Mindry^^|||||||RQ|1394-97|20260829050037[CR]Q|144|^9573148||||||||||O[CR]L|197|N[CR][ETX]EA[CR][LF]
2026-08-29 05:00:38 - [EOT]
2026-08-29 05:00:38 - [ACK]
2026-08-29 05:00:38 - --Send Message To Machine --[ENQ]
2026-08-29 05:00:38 - --Send Message To Machine --[STX]1H|\^&||| Product Model^01.03.07.03^123456|||||||SA|1394-97|20260829050038[CR]P|1||PATIENT111||ABC^XYZ^j||19600315|M|||A|||icteru||||||01|||||A1|002|||||||[CR]O|1|1^1^1|9573148|HDL^^2^1\LDL^^2^1\CHOL^^2^1\TC^^2^1\CREAT^^2^1\GGT^^2^1\Iron^^2^1\TIBC^^2^1\ALB^^2^1\TP^^2^1\TG^^2^1\TRIG^^2^1\UREA^^2^1\URIC^^2^1\UIBC^^2^1\ALP^^2^1\SGPT^^2^1\SGOT^^2^1\BID^^2^1\BIT^^2^1\CAL^^2^1|R|20260829050038|20260829050038||||||||serum|||1|||||||Q|||||[CR]L|1|N[CR][ETX]AD[CR][LF]
2026-08-29 05:00:38 - --Send Message To Machine --[EOT]
2026-08-29 05:00:38 - [ACK]
2026-08-29 05:00:38 - [ENQ]
2026-08-29 05:00:38 - [STX]1H|\^&|||Mindry^^|||||||RQ|1394-97|20260829050038[CR]Q|145|^9575536||||||||||O[CR]L|198|N[CR][ETX]F0[CR][LF]
2026-08-29 05:00:38 - [EOT]
2026-08-29 05:00:38 - [ACK]
2026-08-29 05:00:38 - --Send Message To Machine --[ENQ]
2026-08-29 05:00:38 - --Send Message To Machine --[STX]1H|\^&||| Product Model^01.03.07.03^123456|||||||SA|1394-97|20260829050038[CR]P|1||PATIENT111||ABC^XYZ^j||19600315|M|||A|||icteru||||||01|||||A1|002|||||||[CR]O|1|1^1^1|9575536|HDL^^2^1\LDL^^2^1\CHOL^^2^1\TC^^2^1\CREAT^^2^1\GGT^^2^1\Iron^^2^1\TIBC^^2^1\ALB^^2^1\TP^^2^1\TG^^2^1\TRIG^^2^1\UREA^^2^1\URIC^^2^1\UIBC^^2^1\ALP^^2^1\SGPT^^2^1\SGOT^^2^1\BID^^2^1\BIT^^2^1\CAL^^2^1|R|20260829050038|20260829050038||||||||serum|||1|||||||Q|||||[CR]L|1|N[CR][ETX]B0[CR][LF]
2026-08-29 05:00:38 - --Send Message To Machine --[EOT]
2026-08-29 05:00:38 - [ACK]
2026-08-29 05:00:38 - [ENQ]
2026-08-29 05:00:38 - [STX]1H|\^&|||Mindry^^|||||||RQ|1394-97|20260829050038[CR]Q|146|^9365025||||||||||O[CR]L|199|N[CR][ETX]E8[CR][LF]
2026-08-29 05:00:38 - [EOT]
2026-08-29 05:00:38 - [ACK]
2026-08-29 05:00:38 - --Send Message To Machine --[ENQ]
2026-08-29 05:00:38 - --Send Message To Machine --[STX]1H|\^&||| Product Model^01.03.07.03^123456|||||||SA|1394-97|20260829050038[CR]P|1||PATIENT111||ABC^XYZ^j||19600315|M|||A|||icteru||||||01|||||A1|002|||||||[CR]O|1|1^1^1|9365025|UREA^^2^1\BID^^2^1\BIT^^2^1|R|20260829050038|20260829050038||||||||serum|||1|||||||Q|||||[CR]L|1|N[CR][ETX]26[CR][LF]
2026-08-29 05:00:38 - --Send Message To Machine --[EOT]
2026-08-29 05:00:38 - [ACK]
2026-08-29 05:00:38 - [ENQ]
2026-08-29 05:00:38 - [STX]1H|\^&|||Mindry^^|||||||RQ|1394-97|20260829050038[CR]Q|147|^9365015||||||||||O[CR]L|200|N[CR][ETX]D7[CR][LF]
2026-08-29 05:00:38 - [EOT]
2026-08-29 05:00:38 - [ACK]
2026-08-29 05:00:38 - --Send Message To Machine --[ENQ]
2026-08-29 05:00:39 - --Send Message To Machine --[STX]1H|\^&||| Product Model^01.03.07.03^123456|||||||SA|1394-97|20260829050038[CR]P|1||PATIENT111||ABC^XYZ^j||19600315|M|||A|||icteru||||||01|||||A1|002|||||||[CR]O|1|1^1^1|9365015|UREA^^2^1\BID^^2^1\BIT^^2^1|R|20260829050038|20260829050038||||||||serum|||1|||||||Q|||||[CR]L|1|N[CR][ETX]25[CR][LF]
2026-08-29 05:00:39 - [ACK]
2026-08-29 05:00:39 - --Send Message To Machine --[EOT]
2026-08-29 05:15:07 - [ENQ]
2026-08-29 05:15:07 - [STX]1H|\^&|||Mindry^^|||||||PR|1394-97|20260829051507[CR]P|54||||^^||^^|U||||||||||||||||||||||||||[CR]O|54|9006^1^75|08457100|BID^Bilirubin Direct (DSA Method)^^\SGPT^Alanine Aminotransferase^^\SGOT^Aspartate Aminotransferase^^\TRIG^Triglycerides^^\CREAT^Creatinine (Sarcosine Oxidase Method)^^\BIT^T.BILL H^^\CHOL^T.CHOL^^\ALB^ALBUMIN ^^\ALP^ALKALINE ^^\URIC^URIC ACID^^\TP^TP H^^\GGT^GGT H^^\Iron^IRON^^\UREA^UREA^^|S|20260829045057|20260829045041|||||||20260829045041|serum||||||||||F|||||[CR]R|310|BID^Bilirubin Direct (DSA Method)^^F|0.254132^^^^|mg/dL|^|N||F|0.254132^^^^|0|20260829051324||Mindry^[CR]R|311|SGPT^Alanine Aminotransferase^^F|37.827872^^^^|U/L|^|N||F|37.827872^^^^|0|20260829051315||Mindry^[CR]R|312|SGOT^Aspartate Aminotransferase^^F|38.812706^^^^|U/L|^|N||F|38.812706^^^^|0|20260829051324||Mindry^[CR]R|313|TRIG^Triglycerides^^F|108.908175^^^^|mg/dL|^|N||F|108.908175^^^^|0|20260829051350||Mindry^[CR]R|314|CREAT^Creatinine (Sarcosine Oxidase Method)^^F|0.700303^^^^|mg/dL|^|N||F|0.700303^^^^|0|20260829051358||Mindry^[CR]R|315|BIT^T.BILL H^^F|1.026335^^^^|mg/dL|^|N||F|1.026335^^^^|0|20260829051407||Mindry^[CR]R|316|CHOL^T.CHOL^^F|159.537004^^^^|mg/dL|^|N||F|159.537004^^^^|0|20260829050926||Mindry^[CR]R|317|ALB^ALBUMIN ^^F|4.387115^^^^|g/dL|^|N||F|4.387115^^^^|0|20260829050934||Mindry^[CR]R|318|ALP^ALKALINE ^^F|114.674455^^^^|U/L|^|N||F|114.674455^^^^|0|20260829051415||Mindry^[CR]R|319|URIC^URIC ACID^^F|5.432596^^^^|mg/dL|^|N||F|5.432596^^^^|0|20260829050843||Mindry^[CR]R|320|TP^TP H^^F|6.834710^^^^|g/dL|^|N||F|6.834710^^^^|0|20260829051450||Mindry^[CR]R|321|GGT^GGT H^^F|20.181161^^^^|U/L|^|N||F|20.181161^^^^|0|20260829051441||Mindry^[CR]R|322|Iron^IRON^^F|123.519560^^^^|g/dL|^|N||F|123.519560^^^^|0|20260829051507||Mindry^[CR]R|323|UREA^UREA^^F|28.661607^^^^|mg/dL|^|N||F|28.661607^^^^|0|20260829051407||Mindry^[CR]L|201|N[CR][ETX]2E[CR][LF]
2026-08-29 05:15:07 - [EOT]
2026-08-29 05:17:15 - [ENQ]
2026-08-29 05:17:15 - [STX]1H|\^&|||Mindry^^|||||||PR|1394-97|20260829051715[CR]P|55||PATIENT111||ABC^^||19600315^66^Y|M||||||||||||||||||||||||||[CR]O|55|19^1^6|9573148|BID^Bilirubin Direct (DSA Method)^^\SGPT^Alanine Aminotransferase^^\SGOT^Aspartate Aminotransferase^^\TRIG^Triglycerides^^\CREAT^Creatinine (Sarcosine Oxidase Method)^^\BIT^T.BILL H^^\CHOL^T.CHOL^^\ALB^ALBUMIN ^^\ALP^ALKALINE ^^\URIC^URIC ACID^^\TP^TP H^^\GGT^GGT H^^\CAL^CA. SB^^\Iron^IRON^^\UREA^UREA^^|R|20260829043541|20260829050038|||||||20260829043541|serum||||||||||F|||||[CR]R|324|BID^Bilirubin Direct (DSA Method)^^F|0.174546^^^^|mg/dL|^|N||F|0.174546^^^^|0|20260829051524||Mindry^[CR]R|325|SGPT^Alanine Aminotransferase^^F|7.948391^^^^|U/L|^|N||F|7.948391^^^^|0|20260829051515||Mindry^[CR]R|326|SGOT^Aspartate Aminotransferase^^F|17.585237^^^^|U/L|^|N||F|17.585237^^^^|0|20260829051524||Mindry^[CR]R|327|TRIG^Triglycerides^^F|118.066527^^^^|mg/dL|^|N||F|118.066527^^^^|0|20260829051549||Mindry^[CR]R|328|CREAT^Creatinine (Sarcosine Oxidase Method)^^F|0.570596^^^^|mg/dL|^|N||F|0.570596^^^^|0|20260829051558||Mindry^[CR]R|329|BIT^T.BILL H^^F|0.561361^^^^|mg/dL|^|N||F|0.561361^^^^|0|20260829051607||Mindry^[CR]R|330|CHOL^T.CHOL^^F|163.837820^^^^|mg/dL|^|N||F|163.837820^^^^|0|20260829051126||Mindry^[CR]R|331|ALB^ALBUMIN ^^F|3.818193^^^^|g/dL|^|N||F|3.818193^^^^|0|20260829051134||Mindry^[CR]R|332|ALP^ALKALINE ^^F|55.049122^^^^|U/L|^|N||F|55.049122^^^^|0|20260829051615||Mindry^[CR]R|333|URIC^URIC ACID^^F|5.783870^^^^|mg/dL|^|N||F|5.783870^^^^|0|20260829051043||Mindry^[CR]R|334|TP^TP H^^F|6.277778^^^^|g/dL|^|N||F|6.277778^^^^|0|20260829051649||Mindry^[CR]R|335|GGT^GGT H^^F|7.530721^^^^|U/L|^|N||F|7.530721^^^^|0|20260829051641||Mindry^[CR]R|336|CAL^CA. SB^^F|8.051454^^^^|mg/dL|^|N||F|8.051454^^^^|0|20260829051217||Mindry^[CR]R|337|Iron^IRON^^F|137.192019^^^^|g/dL|^|N||F|137.192019^^^^|0|20260829051715||Mindry^[CR]R|338|UREA^UREA^^F|16.963139^^^^|mg/dL|^|N||F|16.963139^^^^|0|20260829051615||Mindry^[CR]L|202|N[CR][ETX]D6[CR][LF]
2026-08-29 05:17:15 - [EOT]
2026-08-29 05:19:23 - [ENQ]
2026-08-29 05:19:23 - [STX]1H|\^&|||Mindry^^|||||||PR|1394-97|20260829051923[CR]P|56||PATIENT111||ABC^^||19600315^66^Y|M||||||||||||||||||||||||||[CR]O|56|20^1^7|9575536|BID^Bilirubin Direct (DSA Method)^^\SGPT^Alanine Aminotransferase^^\SGOT^Aspartate Aminotransferase^^\TRIG^Triglycerides^^\CREAT^Creatinine (Sarcosine Oxidase Method)^^\BIT^T.BILL H^^\CHOL^T.CHOL^^\ALB^ALBUMIN ^^\ALP^ALKALINE ^^\URIC^URIC ACID^^\TP^TP H^^\GGT^GGT H^^\CAL^CA. SB^^\Iron^IRON^^\UREA^UREA^^|R|20260829043541|20260829050038|||||||20260829043541|serum||||||||||F|||||[CR]R|339|BID^Bilirubin Direct (DSA Method)^^F|0.219096^^^^|mg/dL|^|N||F|0.219096^^^^|0|20260829051732||Mindry^[CR]R|340|SGPT^Alanine Aminotransferase^^F|22.032079^^^^|U/L|^|N||F|22.032079^^^^|0|20260829051723||Mindry^[CR]R|341|SGOT^Aspartate Aminotransferase^^F|48.433310^^^^|U/L|^|N||F|48.433310^^^^|0|20260829051732||Mindry^[CR]R|342|TRIG^Triglycerides^^F|115.051429^^^^|mg/dL|^|N||F|115.051429^^^^|0|20260829051758||Mindry^[CR]R|343|CREAT^Creatinine (Sarcosine Oxidase Method)^^F|0.618345^^^^|mg/dL|^|N||F|0.618345^^^^|0|20260829051806||Mindry^[CR]R|344|BIT^T.BILL H^^F|0.422869^^^^|mg/dL|^|N||F|0.422869^^^^|0|20260829051815||Mindry^[CR]R|345|CHOL^T.CHOL^^F|186.654984^^^^|mg/dL|^|N||F|186.654984^^^^|0|20260829051334||Mindry^[CR]R|346|ALB^ALBUMIN ^^F|3.799220^^^^|g/dL|^|N||F|3.799220^^^^|0|20260829051343||Mindry^[CR]R|347|ALP^ALKALINE ^^F|84.264067^^^^|U/L|^|N||F|84.264067^^^^|0|20260829051823||Mindry^[CR]R|348|URIC^URIC ACID^^F|2.783427^^^^|mg/dL|^|N||F|2.783427^^^^|0|20260829051251||Mindry^[CR]R|349|TP^TP H^^F|6.481413^^^^|g/dL|^|N||F|6.481413^^^^|0|20260829051857||Mindry^[CR]R|350|GGT^GGT H^^F|17.460455^^^^|U/L|^|N||F|17.460455^^^^|0|20260829051849||Mindry^[CR]R|351|CAL^CA. SB^^F|9.305713^^^^|mg/dL|^|N||F|9.305713^^^^|0|20260829051425||Mindry^[CR]R|352|Iron^IRON^^F|-197.406709^^^^|g/dL|^|N||F|-197.406709^^^^|0|20260829051923||Mindry^[CR]R|353|UREA^UREA^^F|27.346322^^^^|mg/dL|^|N||F|27.346322^^^^|0|20260829051823||Mindry^[CR]L|203|N[CR][ETX]DE[CR][LF]
2026-08-29 05:19:23 - [EOT]
2026-08-29 05:19:49 - [ENQ]
2026-08-29 05:19:49 - [STX]1H|\^&|||Mindry^^|||||||PR|1394-97|20260829051949[CR]P|57||PATIENT111||ABC^^||19600315^66^Y|M||||||||||||||||||||||||||[CR]O|57|21^1^25|9365025|BID^Bilirubin Direct (DSA Method)^^\BIT^T.BILL H^^|R|20260829044848|20260829050038|||||||20260829044848|serum||||||||||F|||||[CR]R|354|BID^Bilirubin Direct (DSA Method)^^F|0.902793^^^^|mg/dL|^|N||F|0.902793^^^^|0|20260829051940||Mindry^[CR]R|355|BIT^T.BILL H^^F|1.458297^^^^|mg/dL|^|N||F|1.458297^^^^|0|20260829051949||Mindry^[CR]L|204|N[CR][ETX]FC[CR][LF]
2026-08-29 05:19:49 - [EOT]
2026-08-29 05:20:14 - [ENQ]
2026-08-29 05:20:14 - [STX]1H|\^&|||Mindry^^|||||||PR|1394-97|20260829052014[CR]P|58||PATIENT111||ABC^^||19600315^66^Y|M||||||||||||||||||||||||||[CR]O|58|22^1^26|9365015|BID^Bilirubin Direct (DSA Method)^^\BIT^T.BILL H^^|R|20260829044848|20260829050038|||||||20260829044848|serum||||||||||F|||||[CR]R|356|BID^Bilirubin Direct (DSA Method)^^F|0.447147^^^^|mg/dL|^|N||F|0.447147^^^^|0|20260829052006||Mindry^[CR]R|357|BIT^T.BILL H^^F|0.836948^^^^|mg/dL|^|N||F|0.836948^^^^|0|20260829052014||Mindry^[CR]L|205|N[CR][ETX]DC[CR][LF]
2026-08-29 05:20:14 - [EOT]
2026-08-29 08:15:47 - [ENQ]
2026-08-29 08:15:47 - [STX]1H|\^&|||Mindry^^|||||||PR|1394-97|20260829081547[CR]P|59||||^^||^^|U||||||||||||||||||||||||||[CR]O|59|9008^1^77|5015|CREAT^Creatinine (Sarcosine Oxidase Method)^^\UREA^UREA^^|S|20260829080057|20260829080046|||||||20260829080046|serum||||||||||F|||||[CR]R|358|CREAT^Creatinine (Sarcosine Oxidase Method)^^F|0.337960^^^^|mg/dL|^|N||F|0.337960^^^^|0|20260829081547||Mindry^[CR]R|359|UREA^UREA^^F|19.437072^^^^|mg/dL|^|N||F|19.437072^^^^|0|20260829081447||Mindry^[CR]L|206|N[CR][ETX]C0[CR][LF]
2026-08-29 08:15:47 - [EOT]
2026-08-29 08:16:04 - [ENQ]
2026-08-29 08:16:04 - [STX]1H|\^&|||Mindry^^|||||||PR|1394-97|20260829081604[CR]P|60||||^^||^^|U||||||||||||||||||||||||||[CR]O|60|9009^1^79|5025|CREAT^Creatinine (Sarcosine Oxidase Method)^^\UREA^UREA^^|S|20260829080146|20260829080134|||||||20260829080134|serum||||||||||F|||||[CR]R|360|CREAT^Creatinine (Sarcosine Oxidase Method)^^F|0.425438^^^^|mg/dL|^|N||F|0.425438^^^^|0|20260829081604||Mindry^[CR]R|361|UREA^UREA^^F|23.221284^^^^|mg/dL|^|N||F|23.221284^^^^|0|20260829081504||Mindry^[CR]L|207|N[CR][ETX]7A[CR][LF]
2026-08-29 08:16:04 - [EOT]
2026-08-29 08:17:12 - [ENQ]
2026-08-29 08:17:12 - [STX]1H|\^&|||Mindry^^|||||||PR|1394-97|20260829081712[CR]P|61||||^^||^^|U||||||||||||||||||||||||||[CR]O|61|9010^1^69|9571859|BID^Bilirubin Direct (DSA Method)^^\SGPT^Alanine Aminotransferase^^\SGOT^Aspartate Aminotransferase^^\BIT^T.BILL H^^\ALB^ALBUMIN ^^\ALP^ALKALINE ^^\TP^TP H^^\GGT^GGT H^^|S|20260829080253|20260829080237|||||||20260829080237|serum||||||||||F|||||[CR]R|362|BID^Bilirubin Direct (DSA Method)^^F|0.189637^^^^|mg/dL|^|N||F|0.189637^^^^|0|20260829081621||Mindry^[CR]R|363|SGPT^Alanine Aminotransferase^^F|28.971418^^^^|U/L|^|N||F|28.971418^^^^|0|20260829081612||Mindry^[CR]R|364|SGOT^Aspartate Aminotransferase^^F|32.695997^^^^|U/L|^|N||F|32.695997^^^^|0|20260829081621||Mindry^[CR]R|365|BIT^T.BILL H^^F|0.265107^^^^|mg/dL|^|N||F|0.265107^^^^|0|20260829081647||Mindry^[CR]R|366|ALB^ALBUMIN ^^F|4.284221^^^^|g/dL|^|N||F|4.284221^^^^|0|20260829081206||Mindry^[CR]R|367|ALP^ALKALINE ^^F|69.640802^^^^|U/L|^|N||F|69.640802^^^^|0|20260829081647||Mindry^[CR]R|368|TP^TP H^^F|7.449522^^^^|g/dL|^|N||F|7.449522^^^^|0|20260829081712||Mindry^[CR]R|369|GGT^GGT H^^F|24.364863^^^^|U/L|^|N||F|24.364863^^^^|0|20260829081704||Mindry^[CR]L|208|N[CR][ETX]F7[CR][LF]
2026-08-29 08:17:12 - [EOT]
2026-08-29 10:21:33 - [ENQ]
2026-08-29 10:21:33 - [STX]1H|\^&|||Mindry^^|||||||RQ|1394-97|20260829102133[CR]Q|148|^9368143||||||||||O[CR]L|209|N[CR][ETX]E0[CR][LF]
2026-08-29 10:21:33 - [EOT]
2026-08-29 10:21:34 - [ACK]
2026-08-29 10:21:34 - --Send Message To Machine --[ENQ]
2026-08-29 10:21:34 - --Send Message To Machine --[STX]1H|\^&||| Product Model^01.03.07.03^123456|||||||SA|1394-97|20260829102133[CR]P|1||PATIENT111||ABC^XYZ^j||19600315|M|||A|||icteru||||||01|||||A1|002|||||||[CR]O|1|1^1^1|9368143|GLU^^2^1|R|20260829102133|20260829102133||||||||serum|||1|||||||Q|||||[CR]L|1|N[CR][ETX]73[CR][LF]
2026-08-29 10:21:34 - [ACK]
2026-08-29 10:21:34 - --Send Message To Machine --[EOT]
2026-08-29 10:21:34 - [ENQ]
2026-08-29 10:21:34 - [STX]1H|\^&|||Mindry^^|||||||RQ|1394-97|20260829102134[CR]Q|149|^9368142||||||||||O[CR]L|210|N[CR][ETX]D9[CR][LF]
2026-08-29 10:21:34 - [EOT]
2026-08-29 10:22:04 - [ENQ]
2026-08-29 10:22:04 - [STX]1H|\^&|||Mindry^^|||||||RQ|1394-97|20260829102204[CR]Q|150|^9368140||||||||||O[CR]L|211|N[CR][ETX]CE[CR][LF]
2026-08-29 10:22:04 - [EOT]
2026-08-29 10:22:04 - [ACK]
2026-08-29 10:22:04 - --Send Message To Machine --[ENQ]
2026-08-29 10:22:04 - --Send Message To Machine --[STX]1H|\^&||| Product Model^01.03.07.03^123456|||||||SA|1394-97|20260829102204[CR]P|1||PATIENT111||ABC^XYZ^j||19600315|M|||A|||icteru||||||01|||||A1|002|||||||[CR]O|1|1^1^1|9368140|HDL^^2^1\LDL^^2^1\CHOL^^2^1\TC^^2^1\CREAT^^2^1\GGT^^2^1\Iron^^2^1\TIBC^^2^1\PHOS^^2^1\ALB^^2^1\TP^^2^1\TG^^2^1\TRIG^^2^1\UREA^^2^1\URIC^^2^1\UIBC^^2^1\ALP^^2^1\SGPT^^2^1\SGOT^^2^1\BID^^2^1\BIT^^2^1\CAL^^2^1|R|20260829102204|20260829102204||||||||serum|||1|||||||Q|||||[CR]L|1|N[CR][ETX]A5[CR][LF]
2026-08-29 10:22:04 - --Send Message To Machine --[EOT]
2026-08-29 10:22:04 - [ACK]
2026-08-29 10:35:46 - [ENQ]
2026-08-29 10:35:46 - [STX]1H|\^&|||Mindry^^|||||||PR|1394-97|20260829103546[CR]P|62||PATIENT111||ABC^^||19600315^66^Y|M||||||||||||||||||||||||||[CR]O|62|23^1^1|9368143|GLU^GLU H^^|R|20260829102133|20260829102133|||||||20260829102134|serum||||||||||F|||||[CR]R|370|GLU^GLU H^^F|143.095218^^^^|mg/dL|^|N||F|143.095218^^^^|0|20260829103546||Mindry^[CR]L|212|N[CR][ETX]B4[CR][LF]
2026-08-29 10:35:46 - [EOT]
2026-08-29 10:36:20 - [ENQ]
2026-08-29 10:36:20 - [STX]1H|\^&|||Mindry^^|||||||PR|1394-97|20260829103620[CR]P|63||||^^||^^|U||||||||||||||||||||||||||[CR]O|63|9011^1^70|9571829|BID^Bilirubin Direct (DSA Method)^^\SGPT^Alanine Aminotransferase^^\SGOT^Aspartate Aminotransferase^^\TRIG^Triglycerides^^\CREAT^Creatinine (Sarcosine Oxidase Method)^^\BIT^T.BILL H^^\CHOL^T.CHOL^^\ALB^ALBUMIN ^^\ALP^ALKALINE ^^\URIC^URIC ACID^^\TP^TP H^^\GGT^GGT H^^\Iron^IRON^^\UREA^UREA^^|S|20260829100223|20260829095626|||||||20260829095626|serum||||||||||F|||||[CR]R|371|BID^Bilirubin Direct (DSA Method)^^F|0.261197^^^^|mg/dL|^|N||F|0.261197^^^^|0|20260829103438||Mindry^[CR]R|372|SGPT^Alanine Aminotransferase^^F|14.252808^^^^|U/L|^|N||F|14.252808^^^^|0|20260829103429||Mindry^[CR]R|373|SGOT^Aspartate Aminotransferase^^F|35.509327^^^^|U/L|^|N||F|35.509327^^^^|0|20260829103438||Mindry^[CR]R|374|TRIG^Triglycerides^^F|202.887381^^^^|mg/dL|^|N||F|202.887381^^^^|0|20260829103503||Mindry^[CR]R|375|CREAT^Creatinine (Sarcosine Oxidase Method)^^F|0.726754^^^^|mg/dL|^|N||F|0.726754^^^^|0|20260829103512||Mindry^[CR]R|376|BIT^T.BILL H^^F|0.968184^^^^|mg/dL|^|N||F|0.968184^^^^|0|20260829103520||Mindry^[CR]R|377|CHOL^T.CHOL^^F|175.779110^^^^|mg/dL|^|N||F|175.779110^^^^|0|20260829103039||Mindry^[CR]R|378|ALB^ALBUMIN ^^F|4.575707^^^^|g/dL|^|N||F|4.575707^^^^|0|20260829103048||Mindry^[CR]R|379|ALP^ALKALINE ^^F|86.735443^^^^|U/L|^|N||F|86.735443^^^^|0|20260829103529||Mindry^[CR]R|380|URIC^URIC ACID^^F|9.899830^^^^|mg/dL|^|N||F|9.899830^^^^|0|20260829102957||Mindry^[CR]R|381|TP^TP H^^F|7.428816^^^^|g/dL|^|N||F|7.428816^^^^|0|20260829103603||Mindry^[CR]R|382|GGT^GGT H^^F|5.926148^^^^|U/L|^|N||F|5.926148^^^^|0|20260829103554||Mindry^[CR]R|383|Iron^IRON^^F|198.049529^^^^|g/dL|^|N||F|198.049529^^^^|0|20260829103620||Mindry^[CR]R|384|UREA^UREA^^F|33.972134^^^^|mg/dL|^|N||F|33.972134^^^^|0|20260829103520||Mindry^[CR]L|213|N[CR][ETX]42[CR][LF]
2026-08-29 10:36:20 - [EOT]
2026-08-29 10:38:45 - [ENQ]
2026-08-29 10:38:45 - [STX]1H|\^&|||Mindry^^|||||||PR|1394-97|20260829103845[CR]P|64||PATIENT111||ABC^^||19600315^66^Y|M||||||||||||||||||||||||||[CR]O|64|24^1^3|9368140|BID^Bilirubin Direct (DSA Method)^^\SGPT^Alanine Aminotransferase^^\SGOT^Aspartate Aminotransferase^^\TRIG^Triglycerides^^\CREAT^Creatinine (Sarcosine Oxidase Method)^^\PHOS^Phosphorus^^\BIT^T.BILL H^^\CHOL^T.CHOL^^\ALB^ALBUMIN ^^\ALP^ALKALINE ^^\URIC^URIC ACID^^\TP^TP H^^\GGT^GGT H^^\CAL^CA. SB^^\Iron^IRON^^\UREA^UREA^^|R|20260829102204|20260829102204|||||||20260829102204|serum||||||||||F|||||[CR]R|385|BID^Bilirubin Direct (DSA Method)^^F|0.216776^^^^|mg/dL|^|N||F|0.216776^^^^|0|20260829103646||Mindry^[CR]R|386|SGPT^Alanine Aminotransferase^^F|13.112549^^^^|U/L|^|N||F|13.112549^^^^|0|20260829103637||Mindry^[CR]R|387|SGOT^Aspartate Aminotransferase^^F|25.666340^^^^|U/L|^|N||F|25.666340^^^^|0|20260829103646||Mindry^[CR]R|388|TRIG^Triglycerides^^F|162.862331^^^^|mg/dL|^|N||F|162.862331^^^^|0|20260829103711||Mindry^[CR]R|389|CREAT^Creatinine (Sarcosine Oxidase Method)^^F|1.446790^^^^|mg/dL|^|N||F|1.446790^^^^|0|20260829103720||Mindry^[CR]R|390|PHOS^Phosphorus^^F|2.915366^^^^|mg/dL|^|N||F|2.915366^^^^|0|20260829103728||Mindry^[CR]R|391|BIT^T.BILL H^^F|0.547851^^^^|mg/dL|^|N||F|0.547851^^^^|0|20260829103737||Mindry^[CR]R|392|CHOL^T.CHOL^^F|151.014292^^^^|mg/dL|^|N||F|151.014292^^^^|0|20260829103256||Mindry^[CR]R|393|ALB^ALBUMIN ^^F|2.609068^^^^|g/dL|^|N||F|2.609068^^^^|0|20260829103305||Mindry^[CR]R|394|ALP^ALKALINE ^^F|66.599464^^^^|U/L|^|N||F|66.599464^^^^|0|20260829103745||Mindry^[CR]R|395|URIC^URIC ACID^^F|6.837810^^^^|mg/dL|^|N||F|6.837810^^^^|0|20260829103214||Mindry^[CR]R|396|TP^TP H^^F|6.134176^^^^|g/dL|^|N||F|6.134176^^^^|0|20260829103820||Mindry^[CR]R|397|GGT^GGT H^^F|18.266936^^^^|U/L|^|N||F|18.266936^^^^|0|20260829103811||Mindry^[CR]R|398|CAL^CA. SB^^F|8.661715^^^^|mg/dL|^|N||F|8.661715^^^^|0|20260829103348||Mindry^[CR]R|399|Iron^IRON^^F|-24.402142^^^^|g/dL|^|N||F|-24.402142^^^^|0|20260829103845||Mindry^[CR]R|400|UREA^UREA^^F|71.074029^^^^|mg/dL|^|N||F|71.074029^^^^|0|20260829103745||Mindry^[CR]L|214|N[CR][ETX]26[CR][LF]
2026-08-29 10:38:45 - [EOT]
2026-08-29 13:14:06 - [ENQ]
2026-08-29 13:14:06 - [STX]1H|\^&|||Mindry^^|||||||RQ|1394-97|20260829131406[CR]Q|151|^9368154||||||||||O[CR]L|215|N[CR][ETX]DE[CR][LF]
2026-08-29 13:14:06 - [EOT]
2026-08-29 13:22:38 - [ENQ]
2026-08-29 13:22:38 - [STX]1H|\^&|||Mindry^^|||||||PR|1394-97|20260829132238[CR]P|65||||^^||^^|U||||||||||||||||||||||||||[CR]O|65|26^1^4|9368155|URIC^URIC ACID^^|R|20260829131255|20260829131240|||||||20260829131240|serum||||||||||F|||||[CR]R|401|URIC^URIC ACID^^F|5.255472^^^^|mg/dL|^|N||F|5.255472^^^^|0|20260829132237||Mindry^[CR]L|216|N[CR][ETX]FD[CR][LF]
2026-08-29 13:22:38 - [EOT]
2026-08-29 13:27:10 - [ENQ]
2026-08-29 13:27:10 - [STX]1H|\^&|||Mindry^^|||||||PR|1394-97|20260829132710[CR]P|66||||^^||^^|U||||||||||||||||||||||||||[CR]O|66|9012^1^74|9368148|CRP^C-Reactive Protein^^\URIC^URIC ACID^^|S|20260829131200|20260829100223|||||||20260829100223|serum||||||||||F|||||[CR]R|402|CRP^C-Reactive Protein^^F|0.000000^^^^|mg/L|^|N||F|0.000000^^^^|0|20260829132710||Mindry^[CR]R|403|URIC^URIC ACID^^F|8.660842^^^^|mg/dL|^|N||F|8.660842^^^^|0|20260829132120||Mindry^[CR]L|217|N[CR][ETX]AC[CR][LF]
2026-08-29 13:27:10 - [EOT]
2026-08-29 13:28:18 - [ENQ]
2026-08-29 13:28:18 - [STX]1H|\^&|||Mindry^^|||||||PR|1394-97|20260829132818[CR]P|67||||^^||^^|U||||||||||||||||||||||||||[CR]O|67|25^1^2|9368151|BID^Bilirubin Direct (DSA Method)^^\SGPT^Alanine Aminotransferase^^\SGOT^Aspartate Aminotransferase^^\BIT^T.BILL H^^\ALB^ALBUMIN ^^\ALP^ALKALINE ^^\TP^TP H^^\GGT^GGT H^^|R|20260829131240|20260829131229|||||||20260829131229|serum||||||||||F|||||[CR]R|404|BID^Bilirubin Direct (DSA Method)^^F|0.404479^^^^|mg/dL|^|N||F|0.404479^^^^|0|20260829132727||Mindry^[CR]R|405|SGPT^Alanine Aminotransferase^^F|29.725313^^^^|U/L|^|N||F|29.725313^^^^|0|20260829132718||Mindry^[CR]R|406|SGOT^Aspartate Aminotransferase^^F|26.522826^^^^|U/L|^|N||F|26.522826^^^^|0|20260829132727||Mindry^[CR]R|407|BIT^T.BILL H^^F|2.117506^^^^|mg/dL|^|N||F|2.117506^^^^|0|20260829132752||Mindry^[CR]R|408|ALB^ALBUMIN ^^F|3.973341^^^^|g/dL|^|N||F|3.973341^^^^|0|20260829132312||Mindry^[CR]R|409|ALP^ALKALINE ^^F|91.914197^^^^|U/L|^|N||F|91.914197^^^^|0|20260829132752||Mindry^[CR]R|410|TP^TP H^^F|6.469172^^^^|g/dL|^|N||F|6.469172^^^^|0|20260829132818||Mindry^[CR]R|411|GGT^GGT H^^F|14.929559^^^^|U/L|^|N||F|14.929559^^^^|0|20260829132809||Mindry^[CR]L|218|N[CR][ETX]1B[CR][LF]
2026-08-29 13:28:18 - [EOT]
2026-08-29 13:28:44 - [ENQ]
2026-08-29 13:28:44 - [STX]1H|\^&|||Mindry^^|||||||PR|1394-97|20260829132844[CR]P|68||||^^||^^|U||||||||||||||||||||||||||[CR]O|68|27^1^5|9571851|Iron^IRON^^|R|20260829131356|20260829131349|||||||20260829131349|serum||||||||||F|||||[CR]R|412|Iron^IRON^^F|-180.291568^^^^|g/dL|^|N||F|-180.291568^^^^|0|20260829132844||Mindry^[CR]L|219|N[CR][ETX]0E[CR][LF]
2026-08-29 13:28:44 - [EOT]
2026-08-29 13:30:18 - [ENQ]
2026-08-29 13:30:18 - [STX]1H|\^&|||Mindry^^|||||||PR|1394-97|20260829133018[CR]P|69||||^^||^^|U||||||||||||||||||||||||||[CR]O|69|28^1^6|9571860|BID^Bilirubin Direct (DSA Method)^^\SGPT^Alanine Aminotransferase^^\SGOT^Aspartate Aminotransferase^^\TRIG^Triglycerides^^\CREAT^Creatinine (Sarcosine Oxidase Method)^^\BIT^T.BILL H^^\CHOL^T.CHOL^^\ALB^ALBUMIN ^^\ALP^ALKALINE ^^\URIC^URIC ACID^^\TP^TP H^^\GGT^GGT H^^\CAL^CA. SB^^|R|20260829131409|20260829131356|||||||20260829131356|serum||||||||||F|||||[CR]R|413|BID^Bilirubin Direct (DSA Method)^^F|0.288544^^^^|mg/dL|^|N||F|0.288544^^^^|0|20260829132852||Mindry^[CR]R|414|SGPT^Alanine Aminotransferase^^F|10.000320^^^^|U/L|^|N||F|10.000320^^^^|0|20260829132844||Mindry^[CR]R|415|SGOT^Aspartate Aminotransferase^^F|19.755105^^^^|U/L|^|N||F|19.755105^^^^|0|20260829132852||Mindry^[CR]R|416|TRIG^Triglycerides^^F|417.447806^^^^|mg/dL|^|N||F|417.447806^^^^|0|20260829132918||Mindry^[CR]R|417|CREAT^Creatinine (Sarcosine Oxidase Method)^^F|0.354336^^^^|mg/dL|^|N||F|0.354336^^^^|0|20260829132926||Mindry^[CR]R|418|BIT^T.BILL H^^F|0.984590^^^^|mg/dL|^|N||F|0.984590^^^^|0|20260829132935||Mindry^[CR]R|419|CHOL^T.CHOL^^F|234.988882^^^^|mg/dL|^|N||F|234.988882^^^^|0|20260829132454||Mindry^[CR]R|420|ALB^ALBUMIN ^^F|4.116839^^^^|g/dL|^|N||F|4.116839^^^^|0|20260829132503||Mindry^[CR]R|421|ALP^ALKALINE ^^F|154.381510^^^^|U/L|^|N||F|154.381510^^^^|0|20260829132943||Mindry^[CR]R|422|URIC^URIC ACID^^F|3.228680^^^^|mg/dL|^|N||F|3.228680^^^^|0|20260829132412||Mindry^[CR]R|423|TP^TP H^^F|6.894769^^^^|g/dL|^|N||F|6.894769^^^^|0|20260829133018||Mindry^[CR]R|424|GGT^GGT H^^F|14.155189^^^^|U/L|^|N||F|14.155189^^^^|0|20260829133009||Mindry^[CR]R|425|CAL^CA. SB^^F|8.800258^^^^|mg/dL|^|N||F|8.800258^^^^|0|20260829132554||Mindry^[CR]L|220|N[CR][ETX]FA[CR][LF]
2026-08-29 13:30:18 - [EOT]
2026-08-29 13:53:15 - [ENQ]
2026-08-29 13:53:15 - [STX]1H|\^&|||Mindry^^|||||||PR|1394-97|20260829135315[CR]P|70||||^^||^^|U||||||||||||||||||||||||||[CR]O|70|28^1^6|9571860|^D.BIL H^^\Iron^IRON^^\UREA^UREA^^|R|20260829131409|20260829131356|||||||20260829131356|serum||||||||||F|||||[CR]R|426|^D.BIL H^^F|-1.292413^^^^|mg/dL|^|N||F|-1.292413^^^^|0|20260829135307||Mindry^[CR]R|427|Iron^IRON^^F|-94.573405^^^^|g/dL|^|N||F|-94.573405^^^^|0|20260829135315||Mindry^[CR]R|428|UREA^UREA^^F|19.907676^^^^|mg/dL|^|N||F|19.907676^^^^|0|20260829135215||Mindry^[CR]L|221|N[CR][ETX]E2[CR][LF]
2026-08-29 13:53:15 - [EOT]
2026-08-29 14:31:11 - [ENQ]
2026-08-29 14:31:11 - [STX]1H|\^&|||Mindry^^|||||||PR|1394-97|20260829143111[CR]P|71||||^^||^^|U||||||||||||||||||||||||||[CR]O|71|29^1^7|9368128|BID^Bilirubin Direct (DSA Method)^^\SGPT^Alanine Aminotransferase^^\SGOT^Aspartate Aminotransferase^^\CREAT^Creatinine (Sarcosine Oxidase Method)^^\BIT^T.BILL H^^\ALP^ALKALINE ^^\URIC^URIC ACID^^\UREA^UREA^^|R|20260829141604|20260829141536|||||||20260829141536|serum||||||||||F|||||[CR]R|429|BID^Bilirubin Direct (DSA Method)^^F|1.108443^^^^|mg/dL|^|N||F|1.108443^^^^|0|20260829143037||Mindry^[CR]R|430|SGPT^Alanine Aminotransferase^^F|161.984220^^^^|U/L|^|N||F|161.984220^^^^|0|20260829143029||Mindry^[CR]R|431|SGOT^Aspartate Aminotransferase^^F|354.081470^^^^|U/L|^|N||F|354.081470^^^^|0|20260829143037||Mindry^[CR]R|432|CREAT^Creatinine (Sarcosine Oxidase Method)^^F|0.992927^^^^|mg/dL|^|N||F|0.992927^^^^|0|20260829143103||Mindry^[CR]R|433|BIT^T.BILL H^^F|1.598818^^^^|mg/dL|^|N||F|1.598818^^^^|0|20260829143111||Mindry^[CR]R|434|ALP^ALKALINE ^^F|107.172332^^^^|U/L|^|N||F|107.172332^^^^|0|20260829143103||Mindry^[CR]R|435|URIC^URIC ACID^^F|6.196890^^^^|mg/dL|^|N||F|6.196890^^^^|0|20260829142531||Mindry^[CR]R|436|UREA^UREA^^F|57.972153^^^^|mg/dL|^|N||F|57.972153^^^^|0|20260829143029||Mindry^[CR]L|222|N[CR][ETX]07[CR][LF]
2026-08-29 14:31:11 - [EOT]
2026-08-29 15:44:28 - [ENQ]
2026-08-29 15:44:28 - [STX]1H|\^&|||Mindry^^|||||||PR|1394-97|20260829154428[CR]P|72||||^^||^^|U||||||||||||||||||||||||||[CR]O|72|30^1^8|9368058|GLU^GLU H^^|R|20260829152821|20260829152813|||||||20260829152813|serum||||||||||F|||||[CR]R|437|GLU^GLU H^^F|90.901880^^^^|mg/dL|^|N||F|90.901880^^^^|0|20260829154428||Mindry^[CR]L|223|N[CR][ETX]CC[CR][LF]
2026-08-29 15:44:28 - [EOT]
2026-08-29 15:44:37 - [ENQ]
2026-08-29 15:44:37 - [STX]1H|\^&|||Mindry^^|||||||PR|1394-97|20260829154437[CR]P|73||||^^||^^|U||||||||||||||||||||||||||[CR]O|73|31^1^9|9368126|GLU^GLU H^^|R|20260829152839|20260829152821|||||||20260829152821|serum||||||||||F|||||[CR]R|438|GLU^GLU H^^F|140.350408^^^^|mg/dL|^|N||F|140.350408^^^^|0|20260829154437||Mindry^[CR]L|224|N[CR][ETX]21[CR][LF]
2026-08-29 15:44:37 - [EOT]
2026-08-29 15:46:28 - [ENQ]
2026-08-29 15:46:28 - [STX]1H|\^&|||Mindry^^|||||||PR|1394-97|20260829154628[CR]P|74||||^^||^^|U||||||||||||||||||||||||||[CR]O|74|32^1^10|23110504|BID^Bilirubin Direct (DSA Method)^^\SGPT^Alanine Aminotransferase^^\SGOT^Aspartate Aminotransferase^^\BIT^T.BILL H^^\ALB^ALBUMIN ^^\ALP^ALKALINE ^^\TP^TP H^^\GGT^GGT H^^|R|20260829152937|20260829152839|||||||20260829152839|serum||||||||||F|||||[CR]R|439|BID^Bilirubin Direct (DSA Method)^^F|0.319075^^^^|mg/dL|^|N||F|0.319075^^^^|0|20260829154537||Mindry^[CR]R|440|SGPT^Alanine Aminotransferase^^F|23.055229^^^^|U/L|^|N||F|23.055229^^^^|0|20260829154528||Mindry^[CR]R|441|SGOT^Aspartate Aminotransferase^^F|74.382185^^^^|U/L|^|N||F|74.382185^^^^|0|20260829154537||Mindry^[CR]R|442|BIT^T.BILL H^^F|1.393633^^^^|mg/dL|^|N||F|1.393633^^^^|0|20260829154602||Mindry^[CR]R|443|ALB^ALBUMIN ^^F|3.857539^^^^|g/dL|^|N||F|3.857539^^^^|0|20260829154121||Mindry^[CR]R|444|ALP^ALKALINE ^^F|98.409929^^^^|U/L|^|N||F|98.409929^^^^|0|20260829154602||Mindry^[CR]R|445|TP^TP H^^F|6.133680^^^^|g/dL|^|N||F|6.133680^^^^|0|20260829154628||Mindry^[CR]R|446|GGT^GGT H^^F|9.465347^^^^|U/L|^|N||F|9.465347^^^^|0|20260829154620||Mindry^[CR]L|225|N[CR][ETX]52[CR][LF]
2026-08-29 15:46:28 - [EOT]
2026-08-29 15:46:45 - [ENQ]
2026-08-29 15:46:45 - [STX]1H|\^&|||Mindry^^|||||||PR|1394-97|20260829154645[CR]P|75||||^^||^^|U||||||||||||||||||||||||||[CR]O|75|33^1^11|9368124|CREAT^Creatinine (Sarcosine Oxidase Method)^^\URIC^URIC ACID^^\CAL^CA. SB^^\UREA^UREA^^|R|20260829152952|20260829152937|||||||20260829152937|serum||||||||||F|||||[CR]R|447|CREAT^Creatinine (Sarcosine Oxidase Method)^^F|1.033176^^^^|mg/dL|^|N||F|1.033176^^^^|0|20260829154645||Mindry^[CR]R|448|URIC^URIC ACID^^F|4.291272^^^^|mg/dL|^|N||F|4.291272^^^^|0|20260829154056||Mindry^[CR]R|449|CAL^CA. SB^^F|8.277992^^^^|mg/dL|^|N||F|8.277992^^^^|0|20260829154213||Mindry^[CR]R|450|UREA^UREA^^F|35.208891^^^^|mg/dL|^|N||F|35.208891^^^^|0|20260829154602||Mindry^[CR]L|226|N[CR][ETX]1B[CR][LF]
2026-08-29 15:46:45 - [EOT]
2026-08-29 15:48:37 - [ENQ]
2026-08-29 15:48:37 - [STX]1H|\^&|||Mindry^^|||||||PR|1394-97|20260829154837[CR]P|76||||^^||^^|U||||||||||||||||||||||||||[CR]O|76|34^1^12|23079233|BID^Bilirubin Direct (DSA Method)^^\SGPT^Alanine Aminotransferase^^\SGOT^Aspartate Aminotransferase^^\CRP^C-Reactive Protein^^\CREAT^Creatinine (Sarcosine Oxidase Method)^^\BIT^T.BILL H^^\ALB^ALBUMIN ^^\ALP^ALKALINE ^^\URIC^URIC ACID^^\TP^TP H^^\GGT^GGT H^^\CAL^CA. SB^^\UREA^UREA^^|R|20260829153016|20260829152952|||||||20260829152952|serum||||||||||F|||||[CR]R|451|BID^Bilirubin Direct (DSA Method)^^F|0.337440^^^^|mg/dL|^|N||F|0.337440^^^^|0|20260829154719||Mindry^[CR]R|452|SGPT^Alanine Aminotransferase^^F|34.942027^^^^|U/L|^|N||F|34.942027^^^^|0|20260829154711||Mindry^[CR]R|453|SGOT^Aspartate Aminotransferase^^F|23.194073^^^^|U/L|^|N||F|23.194073^^^^|0|20260829154719||Mindry^[CR]R|454|CRP^C-Reactive Protein^^F|0.000000^^^^|mg/L|^|N||F|0.000000^^^^|0|20260829154745||Mindry^[CR]R|455|CREAT^Creatinine (Sarcosine Oxidase Method)^^F|1.000598^^^^|mg/dL|^|N||F|1.000598^^^^|0|20260829154754||Mindry^[CR]R|456|BIT^T.BILL H^^F|1.687770^^^^|mg/dL|^|N||F|1.687770^^^^|0|20260829154802||Mindry^[CR]R|457|ALB^ALBUMIN ^^F|4.243625^^^^|g/dL|^|N||F|4.243625^^^^|0|20260829154321||Mindry^[CR]R|458|ALP^ALKALINE ^^F|85.619543^^^^|U/L|^|N||F|85.619543^^^^|0|20260829154802||Mindry^[CR]R|459|URIC^URIC ACID^^F|8.882019^^^^|mg/dL|^|N||F|8.882019^^^^|0|20260829154230||Mindry^[CR]R|460|TP^TP H^^F|7.305039^^^^|g/dL|^|N||F|7.305039^^^^|0|20260829154836||Mindry^[CR]R|461|GGT^GGT H^^F|29.849014^^^^|U/L|^|N||F|29.849014^^^^|0|20260829154828||Mindry^[CR]R|462|CAL^CA. SB^^F|8.466034^^^^|mg/dL|^|N||F|8.466034^^^^|0|20260829154404||Mindry^[CR]R|463|UREA^UREA^^F|29.952571^^^^|mg/dL|^|N||F|29.952571^^^^|0|20260829154754||Mindry^[CR]L|227|N[CR][ETX]81[CR][LF]
2026-08-29 15:48:37 - [EOT]
2026-08-29 15:50:19 - [ENQ]
2026-08-29 15:50:19 - [STX]1H|\^&|||Mindry^^|||||||PR|1394-97|20260829155019[CR]P|77||||^^||^^|U||||||||||||||||||||||||||[CR]O|77|36^1^14|9368129|GLU^GLU H^^|R|20260829153042|20260829153029|||||||20260829153029|serum||||||||||F|||||[CR]R|464|GLU^GLU H^^F|102.124853^^^^|mg/dL|^|N||F|102.124853^^^^|0|20260829155019||Mindry^[CR]L|228|N[CR][ETX]51[CR][LF]
2026-08-29 15:50:19 - [EOT]
2026-08-29 15:50:19 - [ENQ]
2026-08-29 15:50:19 - [STX]1H|\^&|||Mindry^^|||||||PR|1394-97|20260829155019[CR]P|78||||^^||^^|U||||||||||||||||||||||||||[CR]O|78|35^1^13|23110505|BID^Bilirubin Direct (DSA Method)^^\SGPT^Alanine Aminotransferase^^\SGOT^Aspartate Aminotransferase^^\CREAT^Creatinine (Sarcosine Oxidase Method)^^\BIT^T.BILL H^^\ALB^ALBUMIN ^^\ALP^ALKALINE ^^\URIC^URIC ACID^^\TP^TP H^^\GGT^GGT H^^\CAL^CA. SB^^\UREA^UREA^^|R|20260829153029|20260829153016|||||||20260829153016|serum||||||||||F|||||[CR]R|465|BID^Bilirubin Direct (DSA Method)^^F|0.746436^^^^|mg/dL|^|N||F|0.746436^^^^|0|20260829154911||Mindry^[CR]R|466|SGPT^Alanine Aminotransferase^^F|39.367444^^^^|U/L|^|N||F|39.367444^^^^|0|20260829154902||Mindry^[CR]R|467|SGOT^Aspartate Aminotransferase^^F|67.623431^^^^|U/L|^|N||F|67.623431^^^^|0|20260829154911||Mindry^[CR]R|468|CREAT^Creatinine (Sarcosine Oxidase Method)^^F|1.102213^^^^|mg/dL|^|N||F|1.102213^^^^|0|20260829154936||Mindry^[CR]R|469|BIT^T.BILL H^^F|1.368855^^^^|mg/dL|^|N||F|1.368855^^^^|0|20260829154945||Mindry^[CR]R|470|ALB^ALBUMIN ^^F|2.392099^^^^|g/dL|^|N||F|2.392099^^^^|0|20260829154504||Mindry^[CR]R|471|ALP^ALKALINE ^^F|202.140315^^^^|U/L|^|N||F|202.140315^^^^|0|20260829154945||Mindry^[CR]R|472|URIC^URIC ACID^^F|3.603779^^^^|mg/dL|^|N||F|3.603779^^^^|0|20260829154413||Mindry^[CR]R|473|TP^TP H^^F|5.065163^^^^|g/dL|^|N||F|5.065163^^^^|0|20260829155019||Mindry^[CR]R|474|GGT^GGT H^^F|52.388006^^^^|U/L|^|N||F|52.388006^^^^|0|20260829155011||Mindry^[CR]R|475|CAL^CA. SB^^F|8.525045^^^^|mg/dL|^|N||F|8.525045^^^^|0|20260829154547||Mindry^[CR]R|476|UREA^UREA^^F|60.510834^^^^|mg/dL|^|N||F|60.510834^^^^|0|20260829154936||Mindry^[CR]L|229|N[CR][ETX]76[CR][LF]
2026-08-29 15:50:19 - [EOT]
2026-08-29 15:53:02 - [ENQ]
2026-08-29 15:53:02 - [STX]1H|\^&|||Mindry^^|||||||PR|1394-97|20260829155302[CR]P|79||||^^||^^|U||||||||||||||||||||||||||[CR]O|79|37^1^15|9368056|BID^Bilirubin Direct (DSA Method)^^\SGPT^Alanine Aminotransferase^^\SGOT^Aspartate Aminotransferase^^\TRIG^Triglycerides^^\CREAT^Creatinine (Sarcosine Oxidase Method)^^\BIT^T.BILL H^^\CHOL^T.CHOL^^\ALB^ALBUMIN ^^\ALP^ALKALINE ^^\URIC^URIC ACID^^\TP^TP H^^\GGT^GGT H^^\^D.BIL H^^\CAL^CA. SB^^\UREA^UREA^^|R|20260829153056|20260829153042|||||||20260829153042|serum||||||||||F|||||[CR]R|477|BID^Bilirubin Direct (DSA Method)^^F|0.285252^^^^|mg/dL|^|N||F|0.285252^^^^|0|20260829155119||Mindry^[CR]R|478|SGPT^Alanine Aminotransferase^^F|16.002942^^^^|U/L|^|N||F|16.002942^^^^|0|20260829155111||Mindry^[CR]R|479|SGOT^Aspartate Aminotransferase^^F|31.193726^^^^|U/L|^|N||F|31.193726^^^^|0|20260829155119||Mindry^[CR]R|480|TRIG^Triglycerides^^F|96.286188^^^^|mg/dL|^|N||F|96.286188^^^^|0|20260829155145||Mindry^[CR]R|481|CREAT^Creatinine (Sarcosine Oxidase Method)^^F|0.464205^^^^|mg/dL|^|N||F|0.464205^^^^|0|20260829155153||Mindry^[CR]R|482|BIT^T.BILL H^^F|0.840816^^^^|mg/dL|^|N||F|0.840816^^^^|0|20260829155202||Mindry^[CR]R|483|CHOL^T.CHOL^^F|103.791140^^^^|mg/dL|^|N||F|103.791140^^^^|0|20260829154721||Mindry^[CR]R|484|ALB^ALBUMIN ^^F|3.838167^^^^|g/dL|^|N||F|3.838167^^^^|0|20260829154730||Mindry^[CR]R|485|ALP^ALKALINE ^^F|73.842570^^^^|U/L|^|N||F|73.842570^^^^|0|20260829155211||Mindry^[CR]R|486|URIC^URIC ACID^^F|2.530295^^^^|mg/dL|^|N||F|2.530295^^^^|0|20260829154638||Mindry^[CR]R|487|TP^TP H^^F|6.134376^^^^|g/dL|^|N||F|6.134376^^^^|0|20260829155245||Mindry^[CR]R|488|GGT^GGT H^^F|3.788425^^^^|U/L|^|N||F|3.788425^^^^|0|20260829155236||Mindry^[CR]R|489|^D.BIL H^^F|-1.278490^^^^|mg/dL|^|N||F|-1.278490^^^^|0|20260829155302||Mindry^[CR]R|490|CAL^CA. SB^^F|7.874016^^^^|mg/dL|^|N||F|7.874016^^^^|0|20260829154821||Mindry^[CR]R|491|UREA^UREA^^F|18.017517^^^^|mg/dL|^|N||F|18.017517^^^^|0|20260829155211||Mindry^[CR]L|230|N[CR][ETX]7F[CR][LF]
2026-08-29 15:53:02 - [EOT]
2026-08-29 15:55:02 - [ENQ]
2026-08-29 15:55:02 - [STX]1H|\^&|||Mindry^^|||||||PR|1394-97|20260829155502[CR]P|80||||^^||^^|U||||||||||||||||||||||||||[CR]O|80|39^1^17|23079244|GLU^GLU H^^|R|20260829153603|20260829153555|||||||20260829153555|serum||||||||||F|||||[CR]R|492|GLU^GLU H^^F|203.920958^^^^|mg/dL|^|N||F|203.920958^^^^|0|20260829155502||Mindry^[CR]L|231|N[CR][ETX]8C[CR][LF]
2026-08-29 15:55:02 - [EOT]
2026-08-29 15:55:10 - [ENQ]
2026-08-29 15:55:10 - [STX]1H|\^&|||Mindry^^|||||||PR|1394-97|20260829155510[CR]P|81||||^^||^^|U||||||||||||||||||||||||||[CR]O|81|38^1^16|9368131|BID^Bilirubin Direct (DSA Method)^^\SGPT^Alanine Aminotransferase^^\SGOT^Aspartate Aminotransferase^^\TRIG^Triglycerides^^\CREAT^Creatinine (Sarcosine Oxidase Method)^^\BIT^T.BILL H^^\CHOL^T.CHOL^^\ALB^ALBUMIN ^^\ALP^ALKALINE ^^\URIC^URIC ACID^^\TP^TP H^^\GGT^GGT H^^\^D.BIL H^^\CAL^CA. SB^^\UREA^UREA^^|R|20260829153107|20260829153056|||||||20260829153056|serum||||||||||F|||||[CR]R|493|BID^Bilirubin Direct (DSA Method)^^F|0.242341^^^^|mg/dL|^|N||F|0.242341^^^^|0|20260829155328||Mindry^[CR]R|494|SGPT^Alanine Aminotransferase^^F|29.057729^^^^|U/L|^|N||F|29.057729^^^^|0|20260829155319||Mindry^[CR]R|495|SGOT^Aspartate Aminotransferase^^F|24.733296^^^^|U/L|^|N||F|24.733296^^^^|0|20260829155328||Mindry^[CR]R|496|TRIG^Triglycerides^^F|308.972554^^^^|mg/dL|^|N||F|308.972554^^^^|0|20260829155353||Mindry^[CR]R|497|CREAT^Creatinine (Sarcosine Oxidase Method)^^F|0.639646^^^^|mg/dL|^|N||F|0.639646^^^^|0|20260829155402||Mindry^[CR]R|498|BIT^T.BILL H^^F|0.731162^^^^|mg/dL|^|N||F|0.731162^^^^|0|20260829155410||Mindry^[CR]R|499|CHOL^T.CHOL^^F|187.205300^^^^|mg/dL|^|N||F|187.205300^^^^|0|20260829154929||Mindry^[CR]R|500|ALB^ALBUMIN ^^F|3.993804^^^^|g/dL|^|N||F|3.993804^^^^|0|20260829154938||Mindry^[CR]R|501|ALP^ALKALINE ^^F|117.391032^^^^|U/L|^|N||F|117.391032^^^^|0|20260829155419||Mindry^[CR]R|502|URIC^URIC ACID^^F|5.492301^^^^|mg/dL|^|N||F|5.492301^^^^|0|20260829154847||Mindry^[CR]R|503|TP^TP H^^F|6.440360^^^^|g/dL|^|N||F|6.440360^^^^|0|20260829155453||Mindry^[CR]R|504|GGT^GGT H^^F|20.108999^^^^|U/L|^|N||F|20.108999^^^^|0|20260829155445||Mindry^[CR]R|505|^D.BIL H^^F|-1.420016^^^^|mg/dL|^|N||F|-1.420016^^^^|0|20260829155510||Mindry^[CR]R|506|CAL^CA. SB^^F|8.150314^^^^|mg/dL|^|N||F|8.150314^^^^|0|20260829155029||Mindry^[CR]R|507|UREA^UREA^^F|33.441766^^^^|mg/dL|^|N||F|33.441766^^^^|0|20260829155419||Mindry^[CR]L|232|N[CR][ETX]6D[CR][LF]
2026-08-29 15:55:10 - [EOT]
2026-08-29 15:56:02 - [ENQ]
2026-08-29 15:56:02 - [STX]1H|\^&|||Mindry^^|||||||PR|1394-97|20260829155602[CR]P|82||||^^||^^|U||||||||||||||||||||||||||[CR]O|82|40^1^18|23110497|CREAT^Creatinine (Sarcosine Oxidase Method)^^\URIC^URIC ACID^^\CAL^CA. SB^^\UREA^UREA^^|R|20260829153620|20260829153603|||||||20260829153603|serum||||||||||F|||||[CR]R|508|CREAT^Creatinine (Sarcosine Oxidase Method)^^F|1.064876^^^^|mg/dL|^|N||F|1.064876^^^^|0|20260829155602||Mindry^[CR]R|509|URIC^URIC ACID^^F|8.860365^^^^|mg/dL|^|N||F|8.860365^^^^|0|20260829155012||Mindry^[CR]R|510|CAL^CA. SB^^F|8.244128^^^^|mg/dL|^|N||F|8.244128^^^^|0|20260829155129||Mindry^[CR]R|511|UREA^UREA^^F|63.445515^^^^|mg/dL|^|N||F|63.445515^^^^|0|20260829155519||Mindry^[CR]L|233|N[CR][ETX]1A[CR][LF]
2026-08-29 15:56:02 - [EOT]
2026-08-29 15:57:27 - [ENQ]
2026-08-29 15:57:27 - [STX]1H|\^&|||Mindry^^|||||||PR|1394-97|20260829155727[CR]P|83||||^^||^^|U||||||||||||||||||||||||||[CR]O|83|41^1^19|23110494|BID^Bilirubin Direct (DSA Method)^^\SGPT^Alanine Aminotransferase^^\SGOT^Aspartate Aminotransferase^^\BIT^T.BILL H^^\ALB^ALBUMIN ^^\ALP^ALKALINE ^^\TP^TP H^^\GGT^GGT H^^|R|20260829153635|20260829153620|||||||20260829153620|serum||||||||||F|||||[CR]R|512|BID^Bilirubin Direct (DSA Method)^^F|0.510236^^^^|mg/dL|^|N||F|0.510236^^^^|0|20260829155636||Mindry^[CR]R|513|SGPT^Alanine Aminotransferase^^F|29.828885^^^^|U/L|^|N||F|29.828885^^^^|0|20260829155627||Mindry^[CR]R|514|SGOT^Aspartate Aminotransferase^^F|68.178128^^^^|U/L|^|N||F|68.178128^^^^|0|20260829155636||Mindry^[CR]R|515|BIT^T.BILL H^^F|1.307040^^^^|mg/dL|^|N||F|1.307040^^^^|0|20260829155702||Mindry^[CR]R|516|ALB^ALBUMIN ^^F|3.713082^^^^|g/dL|^|N||F|3.713082^^^^|0|20260829155221||Mindry^[CR]R|517|ALP^ALKALINE ^^F|123.815064^^^^|U/L|^|N||F|123.815064^^^^|0|20260829155702||Mindry^[CR]R|518|TP^TP H^^F|6.930087^^^^|g/dL|^|N||F|6.930087^^^^|0|20260829155727||Mindry^[CR]R|519|GGT^GGT H^^F|211.598936^^^^|U/L|^|N||F|211.598936^^^^|0|20260829155719||Mindry^[CR]L|234|N[CR][ETX]55[CR][LF]
2026-08-29 15:57:27 - [EOT]
2026-08-29 15:59:10 - [ENQ]
2026-08-29 15:59:10 - [STX]1H|\^&|||Mindry^^|||||||PR|1394-97|20260829155910[CR]P|84||||^^||^^|U||||||||||||||||||||||||||[CR]O|84|42^1^20|8761108|BID^Bilirubin Direct (DSA Method)^^\SGPT^Alanine Aminotransferase^^\SGOT^Aspartate Aminotransferase^^\TRIG^Triglycerides^^\CREAT^Creatinine (Sarcosine Oxidase Method)^^\BIT^T.BILL H^^\CHOL^T.CHOL^^\ALB^ALBUMIN ^^\ALP^ALKALINE ^^\URIC^URIC ACID^^\TP^TP H^^\GGT^GGT H^^\CAL^CA. SB^^\UREA^UREA^^|R|20260829153826|20260829153635|||||||20260829153635|serum||||||||||F|||||[CR]R|520|BID^Bilirubin Direct (DSA Method)^^F|0.395940^^^^|mg/dL|^|N||F|0.395940^^^^|0|20260829155744||Mindry^[CR]R|521|SGPT^Alanine Aminotransferase^^F|79.676386^^^^|U/L|^|N||F|79.676386^^^^|0|20260829155736||Mindry^[CR]R|522|SGOT^Aspartate Aminotransferase^^F|62.720133^^^^|U/L|^|N||F|62.720133^^^^|0|20260829155744||Mindry^[CR]R|523|TRIG^Triglycerides^^F|270.310110^^^^|mg/dL|^|N||F|270.310110^^^^|0|20260829155810||Mindry^[CR]R|524|CREAT^Creatinine (Sarcosine Oxidase Method)^^F|0.593465^^^^|mg/dL|^|N||F|0.593465^^^^|0|20260829155818||Mindry^[CR]R|525|BIT^T.BILL H^^F|1.198284^^^^|mg/dL|^|N||F|1.198284^^^^|0|20260829155827||Mindry^[CR]R|526|CHOL^T.CHOL^^F|170.485549^^^^|mg/dL|^|N||F|170.485549^^^^|0|20260829155346||Mindry^[CR]R|527|ALB^ALBUMIN ^^F|4.107035^^^^|g/dL|^|N||F|4.107035^^^^|0|20260829155355||Mindry^[CR]R|528|ALP^ALKALINE ^^F|177.520147^^^^|U/L|^|N||F|177.520147^^^^|0|20260829155836||Mindry^[CR]R|529|URIC^URIC ACID^^F|4.838119^^^^|mg/dL|^|N||F|4.838119^^^^|0|20260829155303||Mindry^[CR]R|530|TP^TP H^^F|6.961163^^^^|g/dL|^|N||F|6.961163^^^^|0|20260829155910||Mindry^[CR]R|531|GGT^GGT H^^F|106.297412^^^^|U/L|^|N||F|106.297412^^^^|0|20260829155901||Mindry^[CR]R|532|CAL^CA. SB^^F|9.394819^^^^|mg/dL|^|N||F|9.394819^^^^|0|20260829155438||Mindry^[CR]R|533|UREA^UREA^^F|23.861252^^^^|mg/dL|^|N||F|23.861252^^^^|0|20260829155827||Mindry^[CR]L|235|N[CR][ETX]B0[CR][LF]
2026-08-29 15:59:10 - [EOT]
2026-08-29 16:00:01 - [ENQ]
2026-08-29 16:00:01 - [STX]1H|\^&|||Mindry^^|||||||PR|1394-97|20260829160001[CR]P|85||||^^||^^|U||||||||||||||||||||||||||[CR]O|85|43^1^21|23079245|CRP^C-Reactive Protein^^|R|20260829154218|20260829153826|||||||20260829153826|serum||||||||||F|||||[CR]R|534|CRP^C-Reactive Protein^^F|204.464824^^^^|mg/L|^|N||F|204.464824^^^^|0|20260829160001||Mindry^[CR]L|236|N[CR][ETX]B6[CR][LF]
2026-08-29 16:00:01 - [EOT]
2026-08-29 16:01:52 - [ENQ]
2026-08-29 16:01:52 - [STX]1H|\^&|||Mindry^^|||||||PR|1394-97|20260829160152[CR]P|86||||^^||^^|U||||||||||||||||||||||||||[CR]O|86|44^1^22|23079246|BID^Bilirubin Direct (DSA Method)^^\SGPT^Alanine Aminotransferase^^\SGOT^Aspartate Aminotransferase^^\TRIG^Triglycerides^^\CREAT^Creatinine (Sarcosine Oxidase Method)^^\BIT^T.BILL H^^\CHOL^T.CHOL^^\ALB^ALBUMIN ^^\ALP^ALKALINE ^^\URIC^URIC ACID^^\TP^TP H^^\GGT^GGT H^^\Iron^IRON^^\UREA^UREA^^|R|20260829154409|20260829154401|||||||20260829154401|serum||||||||||F|||||[CR]R|535|BID^Bilirubin Direct (DSA Method)^^F|0.194743^^^^|mg/dL|^|N||F|0.194743^^^^|0|20260829160010||Mindry^[CR]R|536|SGPT^Alanine Aminotransferase^^F|13.160015^^^^|U/L|^|N||F|13.160015^^^^|0|20260829160001||Mindry^[CR]R|537|SGOT^Aspartate Aminotransferase^^F|15.953928^^^^|U/L|^|N||F|15.953928^^^^|0|20260829160010||Mindry^[CR]R|538|TRIG^Triglycerides^^F|257.278491^^^^|mg/dL|^|N||F|257.278491^^^^|0|20260829160035||Mindry^[CR]R|539|CREAT^Creatinine (Sarcosine Oxidase Method)^^F|0.760627^^^^|mg/dL|^|N||F|0.760627^^^^|0|20260829160044||Mindry^[CR]R|540|BIT^T.BILL H^^F|0.514133^^^^|mg/dL|^|N||F|0.514133^^^^|0|20260829160052||Mindry^[CR]R|541|CHOL^T.CHOL^^F|158.318195^^^^|mg/dL|^|N||F|158.318195^^^^|0|20260829155612||Mindry^[CR]R|542|ALB^ALBUMIN ^^F|3.697548^^^^|g/dL|^|N||F|3.697548^^^^|0|20260829155620||Mindry^[CR]R|543|ALP^ALKALINE ^^F|76.883286^^^^|U/L|^|N||F|76.883286^^^^|0|20260829160101||Mindry^[CR]R|544|URIC^URIC ACID^^F|5.325805^^^^|mg/dL|^|N||F|5.325805^^^^|0|20260829155529||Mindry^[CR]R|545|TP^TP H^^F|6.559302^^^^|g/dL|^|N||F|6.559302^^^^|0|20260829160135||Mindry^[CR]R|546|GGT^GGT H^^F|21.149219^^^^|U/L|^|N||F|21.149219^^^^|0|20260829160126||Mindry^[CR]R|547|Iron^IRON^^F|41.907883^^^^|g/dL|^|N||F|41.907883^^^^|0|20260829160152||Mindry^[CR]R|548|UREA^UREA^^F|21.819214^^^^|mg/dL|^|N||F|21.819214^^^^|0|20260829160052||Mindry^[CR]L|237|N[CR][ETX]9D[CR][LF]
2026-08-29 16:01:52 - [EOT]
2026-08-29 16:02:18 - [ENQ]
2026-08-29 16:02:18 - [STX]1H|\^&|||Mindry^^|||||||PR|1394-97|20260829160218[CR]P|87||||^^||^^|U||||||||||||||||||||||||||[CR]O|87|45^1^23|9368138|GLU^GLU H^^\TP^TP H^^|R|20260829154742|20260829154409|||||||20260829154409|serum||||||||||F|||||[CR]R|549|GLU^GLU H^^F|116.671013^^^^|mg/dL|^|N||F|116.671013^^^^|0|20260829160118||Mindry^[CR]R|550|TP^TP H^^F|0.661278^^^^|g/dL|^|N||F|0.661278^^^^|0|20260829160218||Mindry^[CR]L|238|N[CR][ETX]0A[CR][LF]
2026-08-29 16:02:18 - [EOT]
2026-08-29 16:12:08 - [ENQ]
2026-08-29 16:12:08 - [STX]1H|\^&|||Mindry^^|||||||PR|1394-97|20260829161208[CR]P|88||||^^||^^|U||||||||||||||||||||||||||[CR]O|88|25^1^2|9368151|BID^Bilirubin Direct (DSA Method)^^\SGPT^Alanine Aminotransferase^^\SGOT^Aspartate Aminotransferase^^\BIT^T.BILL H^^\ALB^ALBUMIN ^^\ALP^ALKALINE ^^\TP^TP H^^\GGT^GGT H^^|R|20260829131240|20260829131229|||||||20260829131229|serum||||||||||F|||||[CR]R|551|BID^Bilirubin Direct (DSA Method)^^F|0.404479^^^^|mg/dL|^|N||F|0.404479^^^^|0|20260829132727||Mindry^[CR]R|552|SGPT^Alanine Aminotransferase^^F|29.725313^^^^|U/L|^|N||F|29.725313^^^^|0|20260829132718||Mindry^[CR]R|553|SGOT^Aspartate Aminotransferase^^F|26.522826^^^^|U/L|^|N||F|26.522826^^^^|0|20260829132727||Mindry^[CR]R|554|BIT^T.BILL H^^F|2.117506^^^^|mg/dL|^|N||F|2.117506^^^^|0|20260829132752||Mindry^[CR]R|555|ALB^ALBUMIN ^^F|3.973341^^^^|g/dL|^|N||F|3.973341^^^^|0|20260829132312||Mindry^[CR]R|556|ALP^ALKALINE ^^F|91.914197^^^^|U/L|^|N||F|91.914197^^^^|0|20260829132752||Mindry^[CR]R|557|TP^TP H^^F|6.469172^^^^|g/dL|^|N||F|6.469172^^^^|0|20260829132818||Mindry^[CR]R|558|GGT^GGT H^^F|14.929559^^^^|U/L|^|N||F|14.929559^^^^|0|20260829132809||Mindry^[CR]L|239|N[CR][ETX]49[CR][LF]
2026-08-29 16:12:08 - [EOT]
2026-08-29 16:12:44 - [ENQ]
2026-08-29 16:12:44 - [STX]1H|\^&|||Mindry^^|||||||PR|1394-97|20260829161244[CR]P|89||||^^||^^|U||||||||||||||||||||||||||[CR]O|89|28^1^6|9571860|BID^Bilirubin Direct (DSA Method)^^\SGPT^Alanine Aminotransferase^^\SGOT^Aspartate Aminotransferase^^\TRIG^Triglycerides^^\CREAT^Creatinine (Sarcosine Oxidase Method)^^\BIT^T.BILL H^^\CHOL^T.CHOL^^\ALB^ALBUMIN ^^\ALP^ALKALINE ^^\URIC^URIC ACID^^\TP^TP H^^\GGT^GGT H^^\^D.BIL H^^\CAL^CA. SB^^\Iron^IRON^^\UREA^UREA^^|R|20260829131409|20260829131356|||||||20260829131356|serum||||||||||F|||||[CR]R|559|BID^Bilirubin Direct (DSA Method)^^F|0.288544^^^^|mg/dL|^|N||F|0.288544^^^^|0|20260829132852||Mindry^[CR]R|560|SGPT^Alanine Aminotransferase^^F|10.000320^^^^|U/L|^|N||F|10.000320^^^^|0|20260829132844||Mindry^[CR]R|561|SGOT^Aspartate Aminotransferase^^F|19.755105^^^^|U/L|^|N||F|19.755105^^^^|0|20260829132852||Mindry^[CR]R|562|TRIG^Triglycerides^^F|417.447806^^^^|mg/dL|^|N||F|417.447806^^^^|0|20260829132918||Mindry^[CR]R|563|CREAT^Creatinine (Sarcosine Oxidase Method)^^F|0.354336^^^^|mg/dL|^|N||F|0.354336^^^^|0|20260829132926||Mindry^[CR]R|564|BIT^T.BILL H^^F|0.984590^^^^|mg/dL|^|N||F|0.984590^^^^|0|20260829132935||Mindry^[CR]R|565|CHOL^T.CHOL^^F|234.988882^^^^|mg/dL|^|N||F|234.988882^^^^|0|20260829132454||Mindry^[CR]R|566|ALB^ALBUMIN ^^F|4.116839^^^^|g/dL|^|N||F|4.116839^^^^|0|20260829132503||Mindry^[CR]R|567|ALP^ALKALINE ^^F|154.381510^^^^|U/L|^|N||F|154.381510^^^^|0|20260829132943||Mindry^[CR]R|568|URIC^URIC ACID^^F|3.228680^^^^|mg/dL|^|N||F|3.228680^^^^|0|20260829132412||Mindry^[CR]R|569|TP^TP H^^F|6.894769^^^^|g/dL|^|N||F|6.894769^^^^|0|20260829133018||Mindry^[CR]R|570|GGT^GGT H^^F|14.155189^^^^|U/L|^|N||F|14.155189^^^^|0|20260829133009||Mindry^[CR]R|571|^D.BIL H^^F|-1.292413^^^^|mg/dL|^|N||F|-1.292413^^^^|0|20260829135307||Mindry^[CR]R|572|CAL^CA. SB^^F|8.800258^^^^|mg/dL|^|N||F|8.800258^^^^|0|20260829132554||Mindry^[CR]R|573|Iron^IRON^^F|-94.573405^^^^|g/dL|^|N||F|-94.573405^^^^|0|20260829135315||Mindry^[CR]R|574|UREA^UREA^^F|19.907676^^^^|mg/dL|^|N||F|19.907676^^^^|0|20260829135215||Mindry^[CR]L|240|N[CR][ETX]0E[CR][LF]
2026-08-29 16:12:44 - [EOT]
2026-08-29 16:13:19 - [ENQ]
2026-08-29 16:13:19 - [STX]1H|\^&|||Mindry^^|||||||PR|1394-97|20260829161319[CR]P|90||||^^||^^|U||||||||||||||||||||||||||[CR]O|90|28^1^6|9571860|BID^Bilirubin Direct (DSA Method)^^\SGPT^Alanine Aminotransferase^^\SGOT^Aspartate Aminotransferase^^\TRIG^Triglycerides^^\CREAT^Creatinine (Sarcosine Oxidase Method)^^\BIT^T.BILL H^^\CHOL^T.CHOL^^\ALB^ALBUMIN ^^\ALP^ALKALINE ^^\URIC^URIC ACID^^\TP^TP H^^\GGT^GGT H^^\^D.BIL H^^\CAL^CA. SB^^\Iron^IRON^^\UREA^UREA^^|R|20260829131409|20260829131356|||||||20260829131356|serum||||||||||F|||||[CR]R|575|BID^Bilirubin Direct (DSA Method)^^F|0.288544^^^^|mg/dL|^|N||F|0.288544^^^^|0|20260829132852||Mindry^[CR]R|576|SGPT^Alanine Aminotransferase^^F|10.000320^^^^|U/L|^|N||F|10.000320^^^^|0|20260829132844||Mindry^[CR]R|577|SGOT^Aspartate Aminotransferase^^F|19.755105^^^^|U/L|^|N||F|19.755105^^^^|0|20260829132852||Mindry^[CR]R|578|TRIG^Triglycerides^^F|417.447806^^^^|mg/dL|^|N||F|417.447806^^^^|0|20260829132918||Mindry^[CR]R|579|CREAT^Creatinine (Sarcosine Oxidase Method)^^F|0.354336^^^^|mg/dL|^|N||F|0.354336^^^^|0|20260829132926||Mindry^[CR]R|580|BIT^T.BILL H^^F|0.984590^^^^|mg/dL|^|N||F|0.984590^^^^|0|20260829132935||Mindry^[CR]R|581|CHOL^T.CHOL^^F|234.988882^^^^|mg/dL|^|N||F|234.988882^^^^|0|20260829132454||Mindry^[CR]R|582|ALB^ALBUMIN ^^F|4.116839^^^^|g/dL|^|N||F|4.116839^^^^|0|20260829132503||Mindry^[CR]R|583|ALP^ALKALINE ^^F|154.381510^^^^|U/L|^|N||F|154.381510^^^^|0|20260829132943||Mindry^[CR]R|584|URIC^URIC ACID^^F|3.228680^^^^|mg/dL|^|N||F|3.228680^^^^|0|20260829132412||Mindry^[CR]R|585|TP^TP H^^F|6.894769^^^^|g/dL|^|N||F|6.894769^^^^|0|20260829133018||Mindry^[CR]R|586|GGT^GGT H^^F|14.155189^^^^|U/L|^|N||F|14.155189^^^^|0|20260829133009||Mindry^[CR]R|587|^D.BIL H^^F|-1.292413^^^^|mg/dL|^|N||F|-1.292413^^^^|0|20260829135307||Mindry^[CR]R|588|CAL^CA. SB^^F|8.800258^^^^|mg/dL|^|N||F|8.800258^^^^|0|20260829132554||Mindry^[CR]R|589|Iron^IRON^^F|-94.573405^^^^|g/dL|^|N||F|-94.573405^^^^|0|20260829135315||Mindry^[CR]R|590|UREA^UREA^^F|19.907676^^^^|mg/dL|^|N||F|19.907676^^^^|0|20260829135215||Mindry^[CR]L|241|N[CR][ETX]2A[CR][LF]
2026-08-29 16:13:19 - [EOT]
2026-08-29 16:16:09 - [ENQ]
2026-08-29 16:16:09 - [STX]1H|\^&|||Mindry^^|||||||PR|1394-97|20260829161609[CR]P|91||||^^||^^|U||||||||||||||||||||||||||[CR]O|91|42^1^20|8761108|BID^Bilirubin Direct (DSA Method)^^\SGPT^Alanine Aminotransferase^^\SGOT^Aspartate Aminotransferase^^\TRIG^Triglycerides^^\CREAT^Creatinine (Sarcosine Oxidase Method)^^\BIT^T.BILL H^^\CHOL^T.CHOL^^\ALB^ALBUMIN ^^\ALP^ALKALINE ^^\URIC^URIC ACID^^\TP^TP H^^\GGT^GGT H^^\CAL^CA. SB^^\UREA^UREA^^|R|20260829153826|20260829153635|||||||20260829153635|serum||||||||||F|||||[CR]R|591|BID^Bilirubin Direct (DSA Method)^^F|0.395940^^^^|mg/dL|^|N||F|0.395940^^^^|0|20260829155744||Mindry^[CR]R|592|SGPT^Alanine Aminotransferase^^F|79.676386^^^^|U/L|^|N||F|79.676386^^^^|0|20260829155736||Mindry^[CR]R|593|SGOT^Aspartate Aminotransferase^^F|62.720133^^^^|U/L|^|N||F|62.720133^^^^|0|20260829155744||Mindry^[CR]R|594|TRIG^Triglycerides^^F|270.310110^^^^|mg/dL|^|N||F|270.310110^^^^|0|20260829155810||Mindry^[CR]R|595|CREAT^Creatinine (Sarcosine Oxidase Method)^^F|0.593465^^^^|mg/dL|^|N||F|0.593465^^^^|0|20260829155818||Mindry^[CR]R|596|BIT^T.BILL H^^F|1.198284^^^^|mg/dL|^|N||F|1.198284^^^^|0|20260829155827||Mindry^[CR]R|597|CHOL^T.CHOL^^F|170.485549^^^^|mg/dL|^|N||F|170.485549^^^^|0|20260829155346||Mindry^[CR]R|598|ALB^ALBUMIN ^^F|4.107035^^^^|g/dL|^|N||F|4.107035^^^^|0|20260829155355||Mindry^[CR]R|599|ALP^ALKALINE ^^F|177.520147^^^^|U/L|^|N||F|177.520147^^^^|0|20260829155836||Mindry^[CR]R|600|URIC^URIC ACID^^F|4.838119^^^^|mg/dL|^|N||F|4.838119^^^^|0|20260829155303||Mindry^[CR]R|601|TP^TP H^^F|6.961163^^^^|g/dL|^|N||F|6.961163^^^^|0|20260829155910||Mindry^[CR]R|602|GGT^GGT H^^F|106.297412^^^^|U/L|^|N||F|106.297412^^^^|0|20260829155901||Mindry^[CR]R|603|CAL^CA. SB^^F|9.394819^^^^|mg/dL|^|N||F|9.394819^^^^|0|20260829155438||Mindry^[CR]R|604|UREA^UREA^^F|23.861252^^^^|mg/dL|^|N||F|23.861252^^^^|0|20260829155827||Mindry^[CR]L|242|N[CR][ETX]E6[CR][LF]
2026-08-29 16:16:09 - [EOT]
2026-08-29 16:16:22 - [ENQ]
2026-08-29 16:16:22 - [STX]1H|\^&|||Mindry^^|||||||PR|1394-97|20260829161622[CR]P|92||||^^||^^|U||||||||||||||||||||||||||[CR]O|92|29^1^7|9368128|BID^Bilirubin Direct (DSA Method)^^\SGPT^Alanine Aminotransferase^^\SGOT^Aspartate Aminotransferase^^\CREAT^Creatinine (Sarcosine Oxidase Method)^^\BIT^T.BILL H^^\ALP^ALKALINE ^^\URIC^URIC ACID^^\UREA^UREA^^|R|20260829141604|20260829141536|||||||20260829141536|serum||||||||||F|||||[CR]R|605|BID^Bilirubin Direct (DSA Method)^^F|1.108443^^^^|mg/dL|^|N||F|1.108443^^^^|0|20260829143037||Mindry^[CR]R|606|SGPT^Alanine Aminotransferase^^F|161.984220^^^^|U/L|^|N||F|161.984220^^^^|0|20260829143029||Mindry^[CR]R|607|SGOT^Aspartate Aminotransferase^^F|354.081470^^^^|U/L|^|N||F|354.081470^^^^|0|20260829143037||Mindry^[CR]R|608|CREAT^Creatinine (Sarcosine Oxidase Method)^^F|0.992927^^^^|mg/dL|^|N||F|0.992927^^^^|0|20260829143103||Mindry^[CR]R|609|BIT^T.BILL H^^F|1.598818^^^^|mg/dL|^|N||F|1.598818^^^^|0|20260829143111||Mindry^[CR]R|610|ALP^ALKALINE ^^F|107.172332^^^^|U/L|^|N||F|107.172332^^^^|0|20260829143103||Mindry^[CR]R|611|URIC^URIC ACID^^F|6.196890^^^^|mg/dL|^|N||F|6.196890^^^^|0|20260829142531||Mindry^[CR]R|612|UREA^UREA^^F|57.972153^^^^|mg/dL|^|N||F|57.972153^^^^|0|20260829143029||Mindry^[CR]L|243|N[CR][ETX]1B[CR][LF]
2026-08-29 16:16:22 - [EOT]
2026-08-29 16:16:33 - [ENQ]
2026-08-29 16:16:33 - [STX]1H|\^&|||Mindry^^|||||||PR|1394-97|20260829161633[CR]P|93||||^^||^^|U||||||||||||||||||||||||||[CR]O|93|34^1^12|23079233|BID^Bilirubin Direct (DSA Method)^^\SGPT^Alanine Aminotransferase^^\SGOT^Aspartate Aminotransferase^^\CRP^C-Reactive Protein^^\CREAT^Creatinine (Sarcosine Oxidase Method)^^\BIT^T.BILL H^^\ALB^ALBUMIN ^^\ALP^ALKALINE ^^\URIC^URIC ACID^^\TP^TP H^^\GGT^GGT H^^\CAL^CA. SB^^\UREA^UREA^^|R|20260829153016|20260829152952|||||||20260829152952|serum||||||||||F|||||[CR]R|613|BID^Bilirubin Direct (DSA Method)^^F|0.337440^^^^|mg/dL|^|N||F|0.337440^^^^|0|20260829154719||Mindry^[CR]R|614|SGPT^Alanine Aminotransferase^^F|34.942027^^^^|U/L|^|N||F|34.942027^^^^|0|20260829154711||Mindry^[CR]R|615|SGOT^Aspartate Aminotransferase^^F|23.194073^^^^|U/L|^|N||F|23.194073^^^^|0|20260829154719||Mindry^[CR]R|616|CRP^C-Reactive Protein^^F|0.000000^^^^|mg/L|^|N||F|0.000000^^^^|0|20260829154745||Mindry^[CR]R|617|CREAT^Creatinine (Sarcosine Oxidase Method)^^F|1.000598^^^^|mg/dL|^|N||F|1.000598^^^^|0|20260829154754||Mindry^[CR]R|618|BIT^T.BILL H^^F|1.687770^^^^|mg/dL|^|N||F|1.687770^^^^|0|20260829154802||Mindry^[CR]R|619|ALB^ALBUMIN ^^F|4.243625^^^^|g/dL|^|N||F|4.243625^^^^|0|20260829154321||Mindry^[CR]R|620|ALP^ALKALINE ^^F|85.619543^^^^|U/L|^|N||F|85.619543^^^^|0|20260829154802||Mindry^[CR]R|621|URIC^URIC ACID^^F|8.882019^^^^|mg/dL|^|N||F|8.882019^^^^|0|20260829154230||Mindry^[CR]R|622|TP^TP H^^F|7.305039^^^^|g/dL|^|N||F|7.305039^^^^|0|20260829154836||Mindry^[CR]R|623|GGT^GGT H^^F|29.849014^^^^|U/L|^|N||F|29.849014^^^^|0|20260829154828||Mindry^[CR]R|624|CAL^CA. SB^^F|8.466034^^^^|mg/dL|^|N||F|8.466034^^^^|0|20260829154404||Mindry^[CR]R|625|UREA^UREA^^F|29.952571^^^^|mg/dL|^|N||F|29.952571^^^^|0|20260829154754||Mindry^[CR]L|244|N[CR][ETX]64[CR][LF]
2026-08-29 16:16:33 - [EOT]
2026-08-29 16:16:44 - [ENQ]
2026-08-29 16:16:44 - [STX]1H|\^&|||Mindry^^|||||||PR|1394-97|20260829161644[CR]P|94||||^^||^^|U||||||||||||||||||||||||||[CR]O|94|35^1^13|23110505|BID^Bilirubin Direct (DSA Method)^^\SGPT^Alanine Aminotransferase^^\SGOT^Aspartate Aminotransferase^^\CREAT^Creatinine (Sarcosine Oxidase Method)^^\BIT^T.BILL H^^\ALB^ALBUMIN ^^\ALP^ALKALINE ^^\URIC^URIC ACID^^\TP^TP H^^\GGT^GGT H^^\CAL^CA. SB^^\UREA^UREA^^|R|20260829153029|20260829153016|||||||20260829153016|serum||||||||||F|||||[CR]R|626|BID^Bilirubin Direct (DSA Method)^^F|0.746436^^^^|mg/dL|^|N||F|0.746436^^^^|0|20260829154911||Mindry^[CR]R|627|SGPT^Alanine Aminotransferase^^F|39.367444^^^^|U/L|^|N||F|39.367444^^^^|0|20260829154902||Mindry^[CR]R|628|SGOT^Aspartate Aminotransferase^^F|67.623431^^^^|U/L|^|N||F|67.623431^^^^|0|20260829154911||Mindry^[CR]R|629|CREAT^Creatinine (Sarcosine Oxidase Method)^^F|1.102213^^^^|mg/dL|^|N||F|1.102213^^^^|0|20260829154936||Mindry^[CR]R|630|BIT^T.BILL H^^F|1.368855^^^^|mg/dL|^|N||F|1.368855^^^^|0|20260829154945||Mindry^[CR]R|631|ALB^ALBUMIN ^^F|2.392099^^^^|g/dL|^|N||F|2.392099^^^^|0|20260829154504||Mindry^[CR]R|632|ALP^ALKALINE ^^F|202.140315^^^^|U/L|^|N||F|202.140315^^^^|0|20260829154945||Mindry^[CR]R|633|URIC^URIC ACID^^F|3.603779^^^^|mg/dL|^|N||F|3.603779^^^^|0|20260829154413||Mindry^[CR]R|634|TP^TP H^^F|5.065163^^^^|g/dL|^|N||F|5.065163^^^^|0|20260829155019||Mindry^[CR]R|635|GGT^GGT H^^F|52.388006^^^^|U/L|^|N||F|52.388006^^^^|0|20260829155011||Mindry^[CR]R|636|CAL^CA. SB^^F|8.525045^^^^|mg/dL|^|N||F|8.525045^^^^|0|20260829154547||Mindry^[CR]R|637|UREA^UREA^^F|60.510834^^^^|mg/dL|^|N||F|60.510834^^^^|0|20260829154936||Mindry^[CR]L|245|N[CR][ETX]5C[CR][LF]
2026-08-29 16:16:44 - [EOT]
2026-08-29 16:16:55 - [ENQ]
2026-08-29 16:16:55 - [STX]1H|\^&|||Mindry^^|||||||PR|1394-97|20260829161655[CR]P|95||||^^||^^|U||||||||||||||||||||||||||[CR]O|95|32^1^10|23110504|BID^Bilirubin Direct (DSA Method)^^\SGPT^Alanine Aminotransferase^^\SGOT^Aspartate Aminotransferase^^\BIT^T.BILL H^^\ALB^ALBUMIN ^^\ALP^ALKALINE ^^\TP^TP H^^\GGT^GGT H^^|R|20260829152937|20260829152839|||||||20260829152839|serum||||||||||F|||||[CR]R|638|BID^Bilirubin Direct (DSA Method)^^F|0.319075^^^^|mg/dL|^|N||F|0.319075^^^^|0|20260829154537||Mindry^[CR]R|639|SGPT^Alanine Aminotransferase^^F|23.055229^^^^|U/L|^|N||F|23.055229^^^^|0|20260829154528||Mindry^[CR]R|640|SGOT^Aspartate Aminotransferase^^F|74.382185^^^^|U/L|^|N||F|74.382185^^^^|0|20260829154537||Mindry^[CR]R|641|BIT^T.BILL H^^F|1.393633^^^^|mg/dL|^|N||F|1.393633^^^^|0|20260829154602||Mindry^[CR]R|642|ALB^ALBUMIN ^^F|3.857539^^^^|g/dL|^|N||F|3.857539^^^^|0|20260829154121||Mindry^[CR]R|643|ALP^ALKALINE ^^F|98.409929^^^^|U/L|^|N||F|98.409929^^^^|0|20260829154602||Mindry^[CR]R|644|TP^TP H^^F|6.133680^^^^|g/dL|^|N||F|6.133680^^^^|0|20260829154628||Mindry^[CR]R|645|GGT^GGT H^^F|9.465347^^^^|U/L|^|N||F|9.465347^^^^|0|20260829154620||Mindry^[CR]L|246|N[CR][ETX]6A[CR][LF]
2026-08-29 16:16:55 - [EOT]
2026-08-29 16:17:08 - [ENQ]
2026-08-29 16:17:08 - [STX]1H|\^&|||Mindry^^|||||||PR|1394-97|20260829161708[CR]P|96||||^^||^^|U||||||||||||||||||||||||||[CR]O|96|37^1^15|9368056|BID^Bilirubin Direct (DSA Method)^^\SGPT^Alanine Aminotransferase^^\SGOT^Aspartate Aminotransferase^^\TRIG^Triglycerides^^\CREAT^Creatinine (Sarcosine Oxidase Method)^^\BIT^T.BILL H^^\CHOL^T.CHOL^^\ALB^ALBUMIN ^^\ALP^ALKALINE ^^\URIC^URIC ACID^^\TP^TP H^^\GGT^GGT H^^\^D.BIL H^^\CAL^CA. SB^^\UREA^UREA^^|R|20260829153056|20260829153042|||||||20260829153042|serum||||||||||F|||||[CR]R|646|BID^Bilirubin Direct (DSA Method)^^F|0.285252^^^^|mg/dL|^|N||F|0.285252^^^^|0|20260829155119||Mindry^[CR]R|647|SGPT^Alanine Aminotransferase^^F|16.002942^^^^|U/L|^|N||F|16.002942^^^^|0|20260829155111||Mindry^[CR]R|648|SGOT^Aspartate Aminotransferase^^F|31.193726^^^^|U/L|^|N||F|31.193726^^^^|0|20260829155119||Mindry^[CR]R|649|TRIG^Triglycerides^^F|96.286188^^^^|mg/dL|^|N||F|96.286188^^^^|0|20260829155145||Mindry^[CR]R|650|CREAT^Creatinine (Sarcosine Oxidase Method)^^F|0.464205^^^^|mg/dL|^|N||F|0.464205^^^^|0|20260829155153||Mindry^[CR]R|651|BIT^T.BILL H^^F|0.840816^^^^|mg/dL|^|N||F|0.840816^^^^|0|20260829155202||Mindry^[CR]R|652|CHOL^T.CHOL^^F|103.791140^^^^|mg/dL|^|N||F|103.791140^^^^|0|20260829154721||Mindry^[CR]R|653|ALB^ALBUMIN ^^F|3.838167^^^^|g/dL|^|N||F|3.838167^^^^|0|20260829154730||Mindry^[CR]R|654|ALP^ALKALINE ^^F|73.842570^^^^|U/L|^|N||F|73.842570^^^^|0|20260829155211||Mindry^[CR]R|655|URIC^URIC ACID^^F|2.530295^^^^|mg/dL|^|N||F|2.530295^^^^|0|20260829154638||Mindry^[CR]R|656|TP^TP H^^F|6.134376^^^^|g/dL|^|N||F|6.134376^^^^|0|20260829155245||Mindry^[CR]R|657|GGT^GGT H^^F|3.788425^^^^|U/L|^|N||F|3.788425^^^^|0|20260829155236||Mindry^[CR]R|658|^D.BIL H^^F|-1.278490^^^^|mg/dL|^|N||F|-1.278490^^^^|0|20260829155302||Mindry^[CR]R|659|CAL^CA. SB^^F|7.874016^^^^|mg/dL|^|N||F|7.874016^^^^|0|20260829154821||Mindry^[CR]R|660|UREA^UREA^^F|18.017517^^^^|mg/dL|^|N||F|18.017517^^^^|0|20260829155211||Mindry^[CR]L|247|N[CR][ETX]80[CR][LF]
2026-08-29 16:17:08 - [EOT]
2026-08-29 16:17:20 - [ENQ]
2026-08-29 16:17:20 - [STX]1H|\^&|||Mindry^^|||||||PR|1394-97|20260829161720[CR]P|97||||^^||^^|U||||||||||||||||||||||||||[CR]O|97|38^1^16|9368131|BID^Bilirubin Direct (DSA Method)^^\SGPT^Alanine Aminotransferase^^\SGOT^Aspartate Aminotransferase^^\TRIG^Triglycerides^^\CREAT^Creatinine (Sarcosine Oxidase Method)^^\BIT^T.BILL H^^\CHOL^T.CHOL^^\ALB^ALBUMIN ^^\ALP^ALKALINE ^^\URIC^URIC ACID^^\TP^TP H^^\GGT^GGT H^^\^D.BIL H^^\CAL^CA. SB^^\UREA^UREA^^|R|20260829153107|20260829153056|||||||20260829153056|serum||||||||||F|||||[CR]R|661|BID^Bilirubin Direct (DSA Method)^^F|0.242341^^^^|mg/dL|^|N||F|0.242341^^^^|0|20260829155328||Mindry^[CR]R|662|SGPT^Alanine Aminotransferase^^F|29.057729^^^^|U/L|^|N||F|29.057729^^^^|0|20260829155319||Mindry^[CR]R|663|SGOT^Aspartate Aminotransferase^^F|24.733296^^^^|U/L|^|N||F|24.733296^^^^|0|20260829155328||Mindry^[CR]R|664|TRIG^Triglycerides^^F|308.972554^^^^|mg/dL|^|N||F|308.972554^^^^|0|20260829155353||Mindry^[CR]R|665|CREAT^Creatinine (Sarcosine Oxidase Method)^^F|0.639646^^^^|mg/dL|^|N||F|0.639646^^^^|0|20260829155402||Mindry^[CR]R|666|BIT^T.BILL H^^F|0.731162^^^^|mg/dL|^|N||F|0.731162^^^^|0|20260829155410||Mindry^[CR]R|667|CHOL^T.CHOL^^F|187.205300^^^^|mg/dL|^|N||F|187.205300^^^^|0|20260829154929||Mindry^[CR]R|668|ALB^ALBUMIN ^^F|3.993804^^^^|g/dL|^|N||F|3.993804^^^^|0|20260829154938||Mindry^[CR]R|669|ALP^ALKALINE ^^F|117.391032^^^^|U/L|^|N||F|117.391032^^^^|0|20260829155419||Mindry^[CR]R|670|URIC^URIC ACID^^F|5.492301^^^^|mg/dL|^|N||F|5.492301^^^^|0|20260829154847||Mindry^[CR]R|671|TP^TP H^^F|6.440360^^^^|g/dL|^|N||F|6.440360^^^^|0|20260829155453||Mindry^[CR]R|672|GGT^GGT H^^F|20.108999^^^^|U/L|^|N||F|20.108999^^^^|0|20260829155445||Mindry^[CR]R|673|^D.BIL H^^F|-1.420016^^^^|mg/dL|^|N||F|-1.420016^^^^|0|20260829155510||Mindry^[CR]R|674|CAL^CA. SB^^F|8.150314^^^^|mg/dL|^|N||F|8.150314^^^^|0|20260829155029||Mindry^[CR]R|675|UREA^UREA^^F|33.441766^^^^|mg/dL|^|N||F|33.441766^^^^|0|20260829155419||Mindry^[CR]L|248|N[CR][ETX]AF[CR][LF]
2026-08-29 16:17:20 - [EOT]
2026-08-29 16:17:31 - [ENQ]
2026-08-29 16:17:31 - [STX]1H|\^&|||Mindry^^|||||||PR|1394-97|20260829161731[CR]P|98||||^^||^^|U||||||||||||||||||||||||||[CR]O|98|30^1^8|9368058|GLU^GLU H^^|R|20260829152821|20260829152813|||||||20260829152813|serum||||||||||F|||||[CR]R|676|GLU^GLU H^^F|90.901880^^^^|mg/dL|^|N||F|90.901880^^^^|0|20260829154428||Mindry^[CR]L|249|N[CR][ETX]E4[CR][LF]
2026-08-29 16:17:31 - [EOT]
2026-08-29 16:17:40 - [ENQ]
2026-08-29 16:17:40 - [STX]1H|\^&|||Mindry^^|||||||PR|1394-97|20260829161740[CR]P|99||||^^||^^|U||||||||||||||||||||||||||[CR]O|99|36^1^14|9368129|GLU^GLU H^^|R|20260829153042|20260829153029|||||||20260829153029|serum||||||||||F|||||[CR]R|677|GLU^GLU H^^F|102.124853^^^^|mg/dL|^|N||F|102.124853^^^^|0|20260829155019||Mindry^[CR]L|250|N[CR][ETX]58[CR][LF]
2026-08-29 16:17:40 - [EOT]
2026-08-29 16:19:00 - [ENQ]
2026-08-29 16:19:00 - [STX]1H|\^&|||Mindry^^|||||||PR|1394-97|20260829161900[CR]P|100||||^^||^^|U||||||||||||||||||||||||||[CR]O|100|44^1^22|23079246|BID^Bilirubin Direct (DSA Method)^^\SGPT^Alanine Aminotransferase^^\SGOT^Aspartate Aminotransferase^^\TRIG^Triglycerides^^\CREAT^Creatinine (Sarcosine Oxidase Method)^^\BIT^T.BILL H^^\CHOL^T.CHOL^^\ALB^ALBUMIN ^^\ALP^ALKALINE ^^\URIC^URIC ACID^^\TP^TP H^^\GGT^GGT H^^\Iron^IRON^^\UREA^UREA^^|R|20260829154409|20260829154401|||||||20260829154401|serum||||||||||F|||||[CR]R|678|BID^Bilirubin Direct (DSA Method)^^F|0.194743^^^^|mg/dL|^|N||F|0.194743^^^^|0|20260829160010||Mindry^[CR]R|679|SGPT^Alanine Aminotransferase^^F|13.160015^^^^|U/L|^|N||F|13.160015^^^^|0|20260829160001||Mindry^[CR]R|680|SGOT^Aspartate Aminotransferase^^F|15.953928^^^^|U/L|^|N||F|15.953928^^^^|0|20260829160010||Mindry^[CR]R|681|TRIG^Triglycerides^^F|257.278491^^^^|mg/dL|^|N||F|257.278491^^^^|0|20260829160035||Mindry^[CR]R|682|CREAT^Creatinine (Sarcosine Oxidase Method)^^F|0.760627^^^^|mg/dL|^|N||F|0.760627^^^^|0|20260829160044||Mindry^[CR]R|683|BIT^T.BILL H^^F|0.514133^^^^|mg/dL|^|N||F|0.514133^^^^|0|20260829160052||Mindry^[CR]R|684|CHOL^T.CHOL^^F|158.318195^^^^|mg/dL|^|N||F|158.318195^^^^|0|20260829155612||Mindry^[CR]R|685|ALB^ALBUMIN ^^F|3.697548^^^^|g/dL|^|N||F|3.697548^^^^|0|20260829155620||Mindry^[CR]R|686|ALP^ALKALINE ^^F|76.883286^^^^|U/L|^|N||F|76.883286^^^^|0|20260829160101||Mindry^[CR]R|687|URIC^URIC ACID^^F|5.325805^^^^|mg/dL|^|N||F|5.325805^^^^|0|20260829155529||Mindry^[CR]R|688|TP^TP H^^F|6.559302^^^^|g/dL|^|N||F|6.559302^^^^|0|20260829160135||Mindry^[CR]R|689|GGT^GGT H^^F|21.149219^^^^|U/L|^|N||F|21.149219^^^^|0|20260829160126||Mindry^[CR]R|690|Iron^IRON^^F|41.907883^^^^|g/dL|^|N||F|41.907883^^^^|0|20260829160152||Mindry^[CR]R|691|UREA^UREA^^F|21.819214^^^^|mg/dL|^|N||F|21.819214^^^^|0|20260829160052||Mindry^[CR]L|251|N[CR][ETX]24[CR][LF]
2026-08-29 16:19:00 - [EOT]
2026-08-29 16:24:07 - [ENQ]
2026-08-29 16:24:07 - [STX]1H|\^&|||Mindry^^|||||||PR|1394-97|20260829162407[CR]P|101||||^^||^^|U||||||||||||||||||||||||||[CR]O|101|41^1^19|23110494|BID^Bilirubin Direct (DSA Method)^^\SGPT^Alanine Aminotransferase^^\SGOT^Aspartate Aminotransferase^^\BIT^T.BILL H^^\ALB^ALBUMIN ^^\ALP^ALKALINE ^^\TP^TP H^^\GGT^GGT H^^|R|20260829153635|20260829153620|||||||20260829153620|serum||||||||||F|||||[CR]R|692|BID^Bilirubin Direct (DSA Method)^^F|0.510236^^^^|mg/dL|^|N||F|0.510236^^^^|0|20260829155636||Mindry^[CR]R|693|SGPT^Alanine Aminotransferase^^F|29.828885^^^^|U/L|^|N||F|29.828885^^^^|0|20260829155627||Mindry^[CR]R|694|SGOT^Aspartate Aminotransferase^^F|68.178128^^^^|U/L|^|N||F|68.178128^^^^|0|20260829155636||Mindry^[CR]R|695|BIT^T.BILL H^^F|1.307040^^^^|mg/dL|^|N||F|1.307040^^^^|0|20260829155702||Mindry^[CR]R|696|ALB^ALBUMIN ^^F|3.713082^^^^|g/dL|^|N||F|3.713082^^^^|0|20260829155221||Mindry^[CR]R|697|ALP^ALKALINE ^^F|123.815064^^^^|U/L|^|N||F|123.815064^^^^|0|20260829155702||Mindry^[CR]R|698|TP^TP H^^F|6.930087^^^^|g/dL|^|N||F|6.930087^^^^|0|20260829155727||Mindry^[CR]R|699|GGT^GGT H^^F|211.598936^^^^|U/L|^|N||F|211.598936^^^^|0|20260829155719||Mindry^[CR]L|252|N[CR][ETX]E4[CR][LF]
2026-08-29 16:24:07 - [EOT]
2026-08-29 16:24:24 - [ENQ]
2026-08-29 16:24:24 - [STX]1H|\^&|||Mindry^^|||||||PR|1394-97|20260829162424[CR]P|102||||^^||^^|U||||||||||||||||||||||||||[CR]O|102|40^1^18|23110497|CREAT^Creatinine (Sarcosine Oxidase Method)^^\URIC^URIC ACID^^\CAL^CA. SB^^\UREA^UREA^^|R|20260829153620|20260829153603|||||||20260829153603|serum||||||||||F|||||[CR]R|700|CREAT^Creatinine (Sarcosine Oxidase Method)^^F|1.064876^^^^|mg/dL|^|N||F|1.064876^^^^|0|20260829155602||Mindry^[CR]R|701|URIC^URIC ACID^^F|8.860365^^^^|mg/dL|^|N||F|8.860365^^^^|0|20260829155012||Mindry^[CR]R|702|CAL^CA. SB^^F|8.244128^^^^|mg/dL|^|N||F|8.244128^^^^|0|20260829155129||Mindry^[CR]R|703|UREA^UREA^^F|63.445515^^^^|mg/dL|^|N||F|63.445515^^^^|0|20260829155519||Mindry^[CR]L|253|N[CR][ETX]68[CR][LF]
2026-08-29 16:24:24 - [EOT]
2026-08-29 16:25:26 - [ENQ]
2026-08-29 16:25:26 - [STX]1H|\^&|||Mindry^^|||||||PR|1394-97|20260829162526[CR]P|103||||^^||^^|U||||||||||||||||||||||||||[CR]O|103|33^1^11|9368124|CREAT^Creatinine (Sarcosine Oxidase Method)^^\URIC^URIC ACID^^\CAL^CA. SB^^\UREA^UREA^^|R|20260829152952|20260829152937|||||||20260829152937|serum||||||||||F|||||[CR]R|704|CREAT^Creatinine (Sarcosine Oxidase Method)^^F|1.033176^^^^|mg/dL|^|N||F|1.033176^^^^|0|20260829154645||Mindry^[CR]R|705|URIC^URIC ACID^^F|4.291272^^^^|mg/dL|^|N||F|4.291272^^^^|0|20260829154056||Mindry^[CR]R|706|CAL^CA. SB^^F|8.277992^^^^|mg/dL|^|N||F|8.277992^^^^|0|20260829154213||Mindry^[CR]R|707|UREA^UREA^^F|35.208891^^^^|mg/dL|^|N||F|35.208891^^^^|0|20260829154602||Mindry^[CR]L|254|N[CR][ETX]62[CR][LF]
2026-08-29 16:25:26 - [EOT]
2026-08-29 17:03:32 - [ENQ]
2026-08-29 17:03:32 - [STX]1H|\^&|||Mindry^^|||||||RQ|1394-97|20260829170332[CR]Q|152|^9368154||||||||||O[CR]L|255|N[CR][ETX]E4[CR][LF]
2026-08-29 17:03:32 - [EOT]
2026-08-29 17:03:32 - [ACK]
2026-08-29 17:03:32 - --Send Message To Machine --[ENQ]
2026-08-29 17:03:32 - --Send Message To Machine --[STX]1H|\^&||| Product Model^01.03.07.03^123456|||||||SA|1394-97|20260829170332[CR]P|1||PATIENT111||ABC^XYZ^j||19600315|M|||A|||icteru||||||01|||||A1|002|||||||[CR]O|1|1^1^1|9368154|HDL^^2^1\LDL^^2^1\CHOL^^2^1\TC^^2^1\TG^^2^1\TRIG^^2^1|R|20260829170332|20260829170332||||||||serum|||1|||||||Q|||||[CR]L|1|N[CR][ETX]1E[CR][LF]
2026-08-29 17:03:32 - [ACK]
2026-08-29 17:03:32 - --Send Message To Machine --[EOT]
2026-08-29 17:03:32 - [ENQ]
2026-08-29 17:03:32 - [STX]1H|\^&|||Mindry^^|||||||RQ|1394-97|20260829170332[CR]Q|153|^9364602||||||||||O[CR]L|256|N[CR][ETX]E0[CR][LF]
2026-08-29 17:03:32 - [EOT]
2026-08-29 17:03:32 - [ACK]
2026-08-29 17:03:32 - --Send Message To Machine --[ENQ]
2026-08-29 17:03:33 - --Send Message To Machine --[STX]1H|\^&||| Product Model^01.03.07.03^123456|||||||SA|1394-97|20260829170332[CR]P|1||PATIENT111||ABC^XYZ^j||19600315|M|||A|||icteru||||||01|||||A1|002|||||||[CR]O|1|1^1^1|9364602|HDL^^2^1\LDL^^2^1\CHOL^^2^1\TC^^2^1\TG^^2^1\TRIG^^2^1|R|20260829170332|20260829170332||||||||serum|||1|||||||Q|||||[CR]L|1|N[CR][ETX]18[CR][LF]
2026-08-29 17:03:33 - [ACK]
2026-08-29 17:03:33 - --Send Message To Machine --[EOT]
2026-08-29 17:03:33 - [ENQ]
2026-08-29 17:03:33 - [STX]1H|\^&|||Mindry^^|||||||RQ|1394-97|20260829170333[CR]Q|154|^9364603||||||||||O[CR]L|257|N[CR][ETX]E4[CR][LF]
2026-08-29 17:03:33 - [EOT]
2026-08-29 17:03:33 - [ACK]
2026-08-29 17:03:33 - --Send Message To Machine --[ENQ]
2026-08-29 17:03:33 - --Send Message To Machine --[STX]1H|\^&||| Product Model^01.03.07.03^123456|||||||SA|1394-97|20260829170333[CR]P|1||PATIENT111||ABC^XYZ^j||19600315|M|||A|||icteru||||||01|||||A1|002|||||||[CR]O|1|1^1^1|9364603|GGT^^2^1\ALB^^2^1\TP^^2^1\ALP^^2^1\SGPT^^2^1\SGOT^^2^1\BID^^2^1\BIT^^2^1|R|20260829170333|20260829170333||||||||serum|||1|||||||Q|||||[CR]L|1|N[CR][ETX]E7[CR][LF]
2026-08-29 17:03:33 - [ACK]
2026-08-29 17:03:33 - --Send Message To Machine --[EOT]
2026-08-29 17:03:33 - [ENQ]
2026-08-29 17:03:33 - [STX]1H|\^&|||Mindry^^|||||||RQ|1394-97|20260829170333[CR]Q|155|^9364600||||||||||O[CR]L|258|N[CR][ETX]E3[CR][LF]
2026-08-29 17:03:33 - [EOT]
2026-08-29 17:03:33 - [ACK]
2026-08-29 17:03:33 - --Send Message To Machine --[ENQ]
2026-08-29 17:03:33 - --Send Message To Machine --[STX]1H|\^&||| Product Model^01.03.07.03^123456|||||||SA|1394-97|20260829170333[CR]P|1||PATIENT111||ABC^XYZ^j||19600315|M|||A|||icteru||||||01|||||A1|002|||||||[CR]O|1|1^1^1|9364600|CRP^^2^1|R|20260829170333|20260829170333||||||||serum|||1|||||||Q|||||[CR]L|1|N[CR][ETX]7F[CR][LF]
2026-08-29 17:03:33 - [ACK]
2026-08-29 17:03:33 - --Send Message To Machine --[EOT]
2026-08-29 17:03:33 - [ENQ]
2026-08-29 17:03:33 - [STX]1H|\^&|||Mindry^^|||||||RQ|1394-97|20260829170333[CR]Q|156|^9573770||||||||||O[CR]L|259|N[CR][ETX]EF[CR][LF]
2026-08-29 17:03:33 - [EOT]
2026-08-29 17:03:33 - [ACK]
2026-08-29 17:03:33 - --Send Message To Machine --[ENQ]
2026-08-29 17:03:33 - [ACK]
2026-08-29 17:03:33 - --Send Message To Machine --[STX]1H|\^&||| Product Model^01.03.07.03^123456|||||||SA|1394-97|20260829170333[CR]P|1||PATIENT111||ABC^XYZ^j||19600315|M|||A|||icteru||||||01|||||A1|002|||||||[CR]O|1|1^1^1|9573770|GGT^^2^1\ALB^^2^1\TP^^2^1\ALP^^2^1\SGPT^^2^1\SGOT^^2^1\BID^^2^1\BIT^^2^1|R|20260829170333|20260829170333||||||||serum|||1|||||||Q|||||[CR]L|1|N[CR][ETX]EE[CR][LF]
2026-08-29 17:03:33 - --Send Message To Machine --[EOT]
2026-08-29 17:03:33 - [ENQ]
2026-08-29 17:03:34 - [STX]1H|\^&|||Mindry^^|||||||RQ|1394-97|20260829170333[CR]Q|157|^9573768||||||||||O[CR]L|260|N[CR][ETX]EF[CR][LF]
2026-08-29 17:03:34 - [EOT]
2026-08-29 17:03:34 - [ACK]
2026-08-29 17:03:34 - --Send Message To Machine --[ENQ]
2026-08-29 17:03:34 - --Send Message To Machine --[STX]1H|\^&||| Product Model^01.03.07.03^123456|||||||SA|1394-97|20260829170334[CR]P|1||PATIENT111||ABC^XYZ^j||19600315|M|||A|||icteru||||||01|||||A1|002|||||||[CR]O|1|1^1^1|9573768|GGT^^2^1\ALB^^2^1\TP^^2^1\ALP^^2^1\SGPT^^2^1\SGOT^^2^1\BID^^2^1\BIT^^2^1|R|20260829170334|20260829170334||||||||serum|||1|||||||Q|||||[CR]L|1|N[CR][ETX]F8[CR][LF]
2026-08-29 17:03:34 - [ACK]
2026-08-29 17:03:34 - --Send Message To Machine --[EOT]
2026-08-29 17:03:34 - [ENQ]
2026-08-29 17:03:34 - [STX]1H|\^&|||Mindry^^|||||||RQ|1394-97|20260829170334[CR]Q|158|^9364598||||||||||O[CR]L|261|N[CR][ETX]F1[CR][LF]
2026-08-29 17:03:34 - [EOT]
2026-08-29 17:03:34 - [ACK]
2026-08-29 17:03:34 - --Send Message To Machine --[ENQ]
2026-08-29 17:03:34 - --Send Message To Machine --[STX]1H|\^&||| Product Model^01.03.07.03^123456|||||||SA|1394-97|20260829170334[CR]P|1||PATIENT111||ABC^XYZ^j||19600315|M|||A|||icteru||||||01|||||A1|002|||||||[CR]O|1|1^1^1|9364598|HDL^^2^1\LDL^^2^1\CHOL^^2^1\TC^^2^1\CREAT^^2^1\GGT^^2^1\ALB^^2^1\TP^^2^1\TG^^2^1\TRIG^^2^1\UREA^^2^1\URIC^^2^1\ALP^^2^1\SGPT^^2^1\SGOT^^2^1\BID^^2^1\BIT^^2^1\CAL^^2^1|R|20260829170334|20260829170334||||||||serum|||1|||||||Q|||||[CR]L|1|N[CR][ETX]52[CR][LF]
2026-08-29 17:03:34 - --Send Message To Machine --[EOT]
2026-08-29 17:03:34 - [ACK]
2026-08-29 17:03:34 - [ENQ]
2026-08-29 17:03:34 - [STX]1H|\^&|||Mindry^^|||||||RQ|1394-97|20260829170334[CR]Q|159|^9573762||||||||||O[CR]L|262|N[CR][ETX]EE[CR][LF]
2026-08-29 17:03:34 - [EOT]
2026-08-29 17:03:34 - [ACK]
2026-08-29 17:03:34 - --Send Message To Machine --[ENQ]
2026-08-29 17:03:34 - --Send Message To Machine --[STX]1H|\^&||| Product Model^01.03.07.03^123456|||||||SA|1394-97|20260829170334[CR]P|1||PATIENT111||ABC^XYZ^j||19600315|M|||A|||icteru||||||01|||||A1|002|||||||[CR]O|1|1^1^1|9573762|HDL^^2^1\LDL^^2^1\CHOL^^2^1\TC^^2^1\CREAT^^2^1\GGT^^2^1\Iron^^2^1\TIBC^^2^1\ALB^^2^1\TP^^2^1\TG^^2^1\TRIG^^2^1\UREA^^2^1\URIC^^2^1\UIBC^^2^1\ALP^^2^1\SGPT^^2^1\SGOT^^2^1\BID^^2^1\BIT^^2^1\CAL^^2^1|R|20260829170334|20260829170334||||||||serum|||1|||||||Q|||||[CR]L|1|N[CR][ETX]B5[CR][LF]
2026-08-29 17:03:34 - --Send Message To Machine --[EOT]
2026-08-29 17:03:34 - [ACK]
2026-08-29 17:03:34 - [ENQ]
2026-08-29 17:03:34 - [STX]1H|\^&|||Mindry^^|||||||RQ|1394-97|20260829170334[CR]Q|160|^9368185||||||||||O[CR]L|263|N[CR][ETX]E8[CR][LF]
2026-08-29 17:03:34 - [EOT]
2026-08-29 17:03:34 - [ACK]
2026-08-29 17:03:34 - --Send Message To Machine --[ENQ]
2026-08-29 17:03:35 - --Send Message To Machine --[STX]1H|\^&||| Product Model^01.03.07.03^123456|||||||SA|1394-97|20260829170334[CR]P|1||PATIENT111||ABC^XYZ^j||19600315|M|||A|||icteru||||||01|||||A1|002|||||||[CR]O|1|1^1^1|9368185|HDL^^2^1\LDL^^2^1\CHOL^^2^1\TC^^2^1\CREAT^^2^1\GGT^^2^1\Iron^^2^1\TIBC^^2^1\ALB^^2^1\TP^^2^1\TG^^2^1\TRIG^^2^1\UREA^^2^1\URIC^^2^1\UIBC^^2^1\ALP^^2^1\SGPT^^2^1\SGOT^^2^1\BID^^2^1\BIT^^2^1\CAL^^2^1|R|20260829170334|20260829170334||||||||serum|||1|||||||Q|||||[CR]L|1|N[CR][ETX]B6[CR][LF]
2026-08-29 17:03:35 - --Send Message To Machine --[EOT]
2026-08-29 17:03:35 - [ACK]
2026-08-29 17:03:35 - [ENQ]
2026-08-29 17:03:35 - [STX]1H|\^&|||Mindry^^|||||||RQ|1394-97|20260829170335[CR]Q|161|^9364595||||||||||O[CR]L|264|N[CR][ETX]EC[CR][LF]
2026-08-29 17:03:35 - [EOT]
2026-08-29 17:03:35 - [ACK]
2026-08-29 17:03:35 - --Send Message To Machine --[ENQ]
2026-08-29 17:03:35 - --Send Message To Machine --[STX]1H|\^&||| Product Model^01.03.07.03^123456|||||||SA|1394-97|20260829170335[CR]P|1||PATIENT111||ABC^XYZ^j||19600315|M|||A|||icteru||||||01|||||A1|002|||||||[CR]O|1|1^1^1|9364595|HDL^^2^1\LDL^^2^1\CHOL^^2^1\TC^^2^1\CREAT^^2^1\GGT^^2^1\ALB^^2^1\TP^^2^1\TG^^2^1\TRIG^^2^1\UREA^^2^1\URIC^^2^1\ALP^^2^1\SGPT^^2^1\SGOT^^2^1\BID^^2^1\BIT^^2^1\CAL^^2^1|R|20260829170335|20260829170335||||||||serum|||1|||||||Q|||||[CR]L|1|N[CR][ETX]52[CR][LF]
2026-08-29 17:03:35 - --Send Message To Machine --[EOT]
2026-08-29 17:03:35 - [ACK]
2026-08-29 17:03:35 - [ENQ]
2026-08-29 17:03:35 - [STX]1H|\^&|||Mindry^^|||||||RQ|1394-97|20260829170335[CR]Q|162|^9364597||||||||||O[CR]L|265|N[CR][ETX]F0[CR][LF]
2026-08-29 17:03:35 - [EOT]
2026-08-29 17:03:35 - [ACK]
2026-08-29 17:03:35 - --Send Message To Machine --[ENQ]
2026-08-29 17:03:35 - --Send Message To Machine --[STX]1H|\^&||| Product Model^01.03.07.03^123456|||||||SA|1394-97|20260829170335[CR]P|1||PATIENT111||ABC^XYZ^j||19600315|M|||A|||icteru||||||01|||||A1|002|||||||[CR]O|1|1^1^1|9364597|GLU^^2^1|R|20260829170335|20260829170335||||||||serum|||1|||||||Q|||||[CR]L|1|N[CR][ETX]97[CR][LF]
2026-08-29 17:03:35 - [ACK]
2026-08-29 17:03:35 - --Send Message To Machine --[EOT]
2026-08-29 17:03:35 - [ENQ]
2026-08-29 17:03:35 - [STX]1H|\^&|||Mindry^^|||||||RQ|1394-97|20260829170335[CR]Q|163|^9364594||||||||||O[CR]L|266|N[CR][ETX]EF[CR][LF]
2026-08-29 17:03:35 - [EOT]
2026-08-29 17:03:35 - [ACK]
2026-08-29 17:03:35 - --Send Message To Machine --[ENQ]
2026-08-29 17:03:35 - --Send Message To Machine --[STX]1H|\^&||| Product Model^01.03.07.03^123456|||||||SA|1394-97|20260829170335[CR]P|1||PATIENT111||ABC^XYZ^j||19600315|M|||A|||icteru||||||01|||||A1|002|||||||[CR]O|1|1^1^1|9364594|GLU^^2^1|R|20260829170335|20260829170335||||||||serum|||1|||||||Q|||||[CR]L|1|N[CR][ETX]94[CR][LF]
2026-08-29 17:03:35 - [ACK]
2026-08-29 17:03:35 - --Send Message To Machine --[EOT]
2026-08-29 17:03:36 - [ENQ]
2026-08-29 17:03:36 - [STX]1H|\^&|||Mindry^^|||||||RQ|1394-97|20260829170336[CR]Q|164|^9368182||||||||||O[CR]L|267|N[CR][ETX]EF[CR][LF]
2026-08-29 17:03:36 - [EOT]
2026-08-29 17:03:36 - [ACK]
2026-08-29 17:03:36 - --Send Message To Machine --[ENQ]
2026-08-29 17:03:36 - --Send Message To Machine --[STX]1H|\^&||| Product Model^01.03.07.03^123456|||||||SA|1394-97|20260829170336[CR]P|1||PATIENT111||ABC^XYZ^j||19600315|M|||A|||icteru||||||01|||||A1|002|||||||[CR]O|1|1^1^1|9368182|GLU^^2^1|R|20260829170336|20260829170336||||||||serum|||1|||||||Q|||||[CR]L|1|N[CR][ETX]94[CR][LF]
2026-08-29 17:03:36 - [ACK]
2026-08-29 17:03:36 - --Send Message To Machine --[EOT]
2026-08-29 17:03:36 - [ENQ]
2026-08-29 17:03:36 - [STX]1H|\^&|||Mindry^^|||||||RQ|1394-97|20260829170336[CR]Q|165|^9573764||||||||||O[CR]L|268|N[CR][ETX]F5[CR][LF]
2026-08-29 17:03:36 - [EOT]
2026-08-29 17:03:36 - [ACK]
2026-08-29 17:03:36 - --Send Message To Machine --[ENQ]
2026-08-29 17:03:36 - --Send Message To Machine --[STX]1H|\^&||| Product Model^01.03.07.03^123456|||||||SA|1394-97|20260829170336[CR]P|1||PATIENT111||ABC^XYZ^j||19600315|M|||A|||icteru||||||01|||||A1|002|||||||[CR]O|1|1^1^1|9573764|GLU^^2^1|R|20260829170336|20260829170336||||||||serum|||1|||||||Q|||||[CR]L|1|N[CR][ETX]98[CR][LF]
2026-08-29 17:03:36 - [ACK]
2026-08-29 17:03:36 - --Send Message To Machine --[EOT]
2026-08-29 17:03:36 - [ENQ]
2026-08-29 17:03:36 - [STX]1H|\^&|||Mindry^^|||||||RQ|1394-97|20260829170336[CR]Q|166|^9169747||||||||||O[CR]L|269|N[CR][ETX]F9[CR][LF]
2026-08-29 17:03:36 - [EOT]
2026-08-29 17:03:36 - [ACK]
2026-08-29 17:03:36 - --Send Message To Machine --[ENQ]
2026-08-29 17:03:36 - --Send Message To Machine --[STX]1H|\^&||| Product Model^01.03.07.03^123456|||||||SA|1394-97|20260829170336[CR]P|1||PATIENT111||ABC^XYZ^j||19600315|M|||A|||icteru||||||01|||||A1|002|||||||[CR]O|1|1^1^1|9169747|GLU^^2^1|R|20260829170336|20260829170336||||||||serum|||1|||||||Q|||||[CR]L|1|N[CR][ETX]9A[CR][LF]
2026-08-29 17:03:36 - [ACK]
2026-08-29 17:03:36 - --Send Message To Machine --[EOT]
2026-08-29 17:16:37 - [ENQ]
2026-08-29 17:16:37 - [STX]1H|\^&|||Mindry^^|||||||PR|1394-97|20260829171637[CR]P|104||PATIENT111||ABC^^||19600315^66^Y|M||||||||||||||||||||||||||[CR]O|104|46^1^1|9368154|TRIG^Triglycerides^^\CHOL^T.CHOL^^|R|20260829170332|20260829170332|||||||20260829170332|serum||||||||||F|||||[CR]R|708|TRIG^Triglycerides^^F|226.277397^^^^|mg/dL|^|N||F|226.277397^^^^|0|20260829171637||Mindry^[CR]R|709|CHOL^T.CHOL^^F|208.874515^^^^|mg/dL|^|N||F|208.874515^^^^|0|20260829171155||Mindry^[CR]L|270|N[CR][ETX]33[CR][LF]
2026-08-29 17:16:37 - [EOT]
2026-08-29 17:16:54 - [ENQ]
2026-08-29 17:16:54 - [STX]1H|\^&|||Mindry^^|||||||PR|1394-97|20260829171654[CR]P|105||PATIENT111||ABC^^||19600315^66^Y|M||||||||||||||||||||||||||[CR]O|105|47^1^2|9364602|TRIG^Triglycerides^^\CHOL^T.CHOL^^|R|20260829170332|20260829170332|||||||20260829170333|serum||||||||||F|||||[CR]R|710|TRIG^Triglycerides^^F|349.780770^^^^|mg/dL|^|N||F|349.780770^^^^|0|20260829171654||Mindry^[CR]R|711|CHOL^T.CHOL^^F|239.086608^^^^|mg/dL|^|N||F|239.086608^^^^|0|20260829171213||Mindry^[CR]L|271|N[CR][ETX]22[CR][LF]
2026-08-29 17:16:54 - [EOT]
2026-08-29 17:18:02 - [ENQ]
2026-08-29 17:18:02 - [STX]1H|\^&|||Mindry^^|||||||PR|1394-97|20260829171802[CR]P|106||PATIENT111||ABC^^||19600315^66^Y|M||||||||||||||||||||||||||[CR]O|106|48^1^3|9364603|BID^Bilirubin Direct (DSA Method)^^\SGPT^Alanine Aminotransferase^^\SGOT^Aspartate Aminotransferase^^\BIT^T.BILL H^^\ALB^ALBUMIN ^^\ALP^ALKALINE ^^\TP^TP H^^\GGT^GGT H^^|R|20260829170333|20260829170333|||||||20260829170333|serum||||||||||F|||||[CR]R|712|BID^Bilirubin Direct (DSA Method)^^F|0.161901^^^^|mg/dL|^|N||F|0.161901^^^^|0|20260829171711||Mindry^[CR]R|713|SGPT^Alanine Aminotransferase^^F|18.786248^^^^|U/L|^|N||F|18.786248^^^^|0|20260829171702||Mindry^[CR]R|714|SGOT^Aspartate Aminotransferase^^F|18.072480^^^^|U/L|^|N||F|18.072480^^^^|0|20260829171711||Mindry^[CR]R|715|BIT^T.BILL H^^F|0.394409^^^^|mg/dL|^|N||F|0.394409^^^^|0|20260829171736||Mindry^[CR]R|716|ALB^ALBUMIN ^^F|3.720122^^^^|g/dL|^|N||F|3.720122^^^^|0|20260829171255||Mindry^[CR]R|717|ALP^ALKALINE ^^F|82.208853^^^^|U/L|^|N||F|82.208853^^^^|0|20260829171736||Mindry^[CR]R|718|TP^TP H^^F|6.683314^^^^|g/dL|^|N||F|6.683314^^^^|0|20260829171802||Mindry^[CR]R|719|GGT^GGT H^^F|17.865661^^^^|U/L|^|N||F|17.865661^^^^|0|20260829171754||Mindry^[CR]L|272|N[CR][ETX]36[CR][LF]
2026-08-29 17:18:02 - [EOT]
2026-08-29 17:18:19 - [ENQ]
2026-08-29 17:18:19 - [STX]1H|\^&|||Mindry^^|||||||PR|1394-97|20260829171819[CR]P|107||PATIENT111||ABC^^||19600315^66^Y|M||||||||||||||||||||||||||[CR]O|107|49^1^4|9364600|CRP^C-Reactive Protein^^|R|20260829170333|20260829170333|||||||20260829170333|serum||||||||||F|||||[CR]R|720|CRP^C-Reactive Protein^^F|0.000000^^^^|mg/L|^|N||F|0.000000^^^^|0|20260829171819||Mindry^[CR]L|273|N[CR][ETX]7F[CR][LF]
2026-08-29 17:18:19 - [EOT]
2026-08-29 17:19:19 - [ENQ]
2026-08-29 17:19:19 - [STX]1H|\^&|||Mindry^^|||||||PR|1394-97|20260829171919[CR]P|108||PATIENT111||ABC^^||19600315^66^Y|M||||||||||||||||||||||||||[CR]O|108|50^1^5|9573770|BID^Bilirubin Direct (DSA Method)^^\SGPT^Alanine Aminotransferase^^\SGOT^Aspartate Aminotransferase^^\BIT^T.BILL H^^\ALB^ALBUMIN ^^\ALP^ALKALINE ^^\TP^TP H^^\GGT^GGT H^^|R|20260829170333|20260829170333|||||||20260829170333|serum||||||||||F|||||[CR]R|721|BID^Bilirubin Direct (DSA Method)^^F|0.275189^^^^|mg/dL|^|N||F|0.275189^^^^|0|20260829171828||Mindry^[CR]R|722|SGPT^Alanine Aminotransferase^^F|47.387664^^^^|U/L|^|N||F|47.387664^^^^|0|20260829171819||Mindry^[CR]R|723|SGOT^Aspartate Aminotransferase^^F|93.604697^^^^|U/L|^|N||F|93.604697^^^^|0|20260829171828||Mindry^[CR]R|724|BIT^T.BILL H^^F|0.491043^^^^|mg/dL|^|N||F|0.491043^^^^|0|20260829171854||Mindry^[CR]R|725|ALB^ALBUMIN ^^F|3.648721^^^^|g/dL|^|N||F|3.648721^^^^|0|20260829171412||Mindry^[CR]R|726|ALP^ALKALINE ^^F|196.459355^^^^|U/L|^|N||F|196.459355^^^^|0|20260829171854||Mindry^[CR]R|727|TP^TP H^^F|6.669210^^^^|g/dL|^|N||F|6.669210^^^^|0|20260829171919||Mindry^[CR]R|728|GGT^GGT H^^F|62.972076^^^^|U/L|^|N||F|62.972076^^^^|0|20260829171911||Mindry^[CR]L|274|N[CR][ETX]1B[CR][LF]
2026-08-29 17:19:19 - [EOT]
2026-08-29 17:20:28 - [ENQ]
2026-08-29 17:20:28 - [STX]1H|\^&|||Mindry^^|||||||PR|1394-97|20260829172028[CR]P|109||PATIENT111||ABC^^||19600315^66^Y|M||||||||||||||||||||||||||[CR]O|109|51^1^6|9573768|BID^Bilirubin Direct (DSA Method)^^\SGPT^Alanine Aminotransferase^^\SGOT^Aspartate Aminotransferase^^\BIT^T.BILL H^^\ALB^ALBUMIN ^^\ALP^ALKALINE ^^\TP^TP H^^\GGT^GGT H^^|R|20260829170334|20260829170334|||||||20260829170334|serum||||||||||F|||||[CR]R|729|BID^Bilirubin Direct (DSA Method)^^F|0.176174^^^^|mg/dL|^|N||F|0.176174^^^^|0|20260829171936||Mindry^[CR]R|730|SGPT^Alanine Aminotransferase^^F|36.091802^^^^|U/L|^|N||F|36.091802^^^^|0|20260829171928||Mindry^[CR]R|731|SGOT^Aspartate Aminotransferase^^F|45.753027^^^^|U/L|^|N||F|45.753027^^^^|0|20260829171936||Mindry^[CR]R|732|BIT^T.BILL H^^F|0.329465^^^^|mg/dL|^|N||F|0.329465^^^^|0|20260829172002||Mindry^[CR]R|733|ALB^ALBUMIN ^^F|4.251919^^^^|g/dL|^|N||F|4.251919^^^^|0|20260829171521||Mindry^[CR]R|734|ALP^ALKALINE ^^F|137.176259^^^^|U/L|^|N||F|137.176259^^^^|0|20260829172002||Mindry^[CR]R|735|TP^TP H^^F|7.131331^^^^|g/dL|^|N||F|7.131331^^^^|0|20260829172028||Mindry^[CR]R|736|GGT^GGT H^^F|8.943268^^^^|U/L|^|N||F|8.943268^^^^|0|20260829172019||Mindry^[CR]L|275|N[CR][ETX]4F[CR][LF]
2026-08-29 17:20:28 - [EOT]
2026-08-29 17:22:11 - [ENQ]
2026-08-29 17:22:11 - [STX]1H|\^&|||Mindry^^|||||||PR|1394-97|20260829172211[CR]P|110||PATIENT111||ABC^^||19600315^66^Y|M||||||||||||||||||||||||||[CR]O|110|52^1^7|9364598|BID^Bilirubin Direct (DSA Method)^^\SGPT^Alanine Aminotransferase^^\SGOT^Aspartate Aminotransferase^^\TRIG^Triglycerides^^\CREAT^Creatinine (Sarcosine Oxidase Method)^^\BIT^T.BILL H^^\CHOL^T.CHOL^^\ALB^ALBUMIN ^^\ALP^ALKALINE ^^\URIC^URIC ACID^^\TP^TP H^^\GGT^GGT H^^\CAL^CA. SB^^\UREA^UREA^^|R|20260829170334|20260829170334|||||||20260829170334|serum||||||||||F|||||[CR]R|737|BID^Bilirubin Direct (DSA Method)^^F|0.300234^^^^|mg/dL|^|N||F|0.300234^^^^|0|20260829172045||Mindry^[CR]R|738|SGPT^Alanine Aminotransferase^^F|51.520900^^^^|U/L|^|N||F|51.520900^^^^|0|20260829172036||Mindry^[CR]R|739|SGOT^Aspartate Aminotransferase^^F|38.713373^^^^|U/L|^|N||F|38.713373^^^^|0|20260829172045||Mindry^[CR]R|740|TRIG^Triglycerides^^F|312.792221^^^^|mg/dL|^|N||F|312.792221^^^^|0|20260829172111||Mindry^[CR]R|741|CREAT^Creatinine (Sarcosine Oxidase Method)^^F|0.707588^^^^|mg/dL|^|N||F|0.707588^^^^|0|20260829172119||Mindry^[CR]R|742|BIT^T.BILL H^^F|1.191648^^^^|mg/dL|^|N||F|1.191648^^^^|0|20260829172128||Mindry^[CR]R|743|CHOL^T.CHOL^^F|198.842291^^^^|mg/dL|^|N||F|198.842291^^^^|0|20260829171647||Mindry^[CR]R|744|ALB^ALBUMIN ^^F|4.516346^^^^|g/dL|^|N||F|4.516346^^^^|0|20260829171655||Mindry^[CR]R|745|ALP^ALKALINE ^^F|94.703564^^^^|U/L|^|N||F|94.703564^^^^|0|20260829172136||Mindry^[CR]R|746|URIC^URIC ACID^^F|9.856623^^^^|mg/dL|^|N||F|9.856623^^^^|0|20260829171604||Mindry^[CR]R|747|TP^TP H^^F|7.362032^^^^|g/dL|^|N||F|7.362032^^^^|0|20260829172210||Mindry^[CR]R|748|GGT^GGT H^^F|17.762532^^^^|U/L|^|N||F|17.762532^^^^|0|20260829172202||Mindry^[CR]R|749|CAL^CA. SB^^F|9.571950^^^^|mg/dL|^|N||F|9.571950^^^^|0|20260829171738||Mindry^[CR]R|750|UREA^UREA^^F|31.773337^^^^|mg/dL|^|N||F|31.773337^^^^|0|20260829172128||Mindry^[CR]L|276|N[CR][ETX]B5[CR][LF]
2026-08-29 17:22:11 - [EOT]
2026-08-29 17:24:36 - [ENQ]
2026-08-29 17:24:36 - [STX]1H|\^&|||Mindry^^|||||||PR|1394-97|20260829172436[CR]P|111||PATIENT111||ABC^^||19600315^66^Y|M||||||||||||||||||||||||||[CR]O|111|53^1^8|9573762|BID^Bilirubin Direct (DSA Method)^^\SGPT^Alanine Aminotransferase^^\SGOT^Aspartate Aminotransferase^^\TRIG^Triglycerides^^\CREAT^Creatinine (Sarcosine Oxidase Method)^^\BIT^T.BILL H^^\CHOL^T.CHOL^^\ALB^ALBUMIN ^^\ALP^ALKALINE ^^\URIC^URIC ACID^^\TP^TP H^^\GGT^GGT H^^\CAL^CA. SB^^\Iron^IRON^^\UREA^UREA^^|R|20260829170334|20260829170334|||||||20260829170334|serum||||||||||F|||||[CR]R|751|BID^Bilirubin Direct (DSA Method)^^F|0.266489^^^^|mg/dL|^|N||F|0.266489^^^^|0|20260829172245||Mindry^[CR]R|752|SGPT^Alanine Aminotransferase^^F|10.039071^^^^|U/L|^|N||F|10.039071^^^^|0|20260829172236||Mindry^[CR]R|753|SGOT^Aspartate Aminotransferase^^F|37.832743^^^^|U/L|^|N||F|37.832743^^^^|0|20260829172245||Mindry^[CR]R|754|TRIG^Triglycerides^^F|166.044393^^^^|mg/dL|^|N||F|166.044393^^^^|0|20260829172310||Mindry^[CR]R|755|CREAT^Creatinine (Sarcosine Oxidase Method)^^F|1.114925^^^^|mg/dL|^|N||F|1.114925^^^^|0|20260829172319||Mindry^[CR]R|756|BIT^T.BILL H^^F|1.087394^^^^|mg/dL|^|N||F|1.087394^^^^|0|20260829172327||Mindry^[CR]R|757|CHOL^T.CHOL^^F|190.699731^^^^|mg/dL|^|N||F|190.699731^^^^|0|20260829171847||Mindry^[CR]R|758|ALB^ALBUMIN ^^F|3.844705^^^^|g/dL|^|N||F|3.844705^^^^|0|20260829171855||Mindry^[CR]R|759|ALP^ALKALINE ^^F|142.875100^^^^|U/L|^|N||F|142.875100^^^^|0|20260829172336||Mindry^[CR]R|760|URIC^URIC ACID^^F|7.756801^^^^|mg/dL|^|N||F|7.756801^^^^|0|20260829171804||Mindry^[CR]R|761|TP^TP H^^F|6.179300^^^^|g/dL|^|N||F|6.179300^^^^|0|20260829172410||Mindry^[CR]R|762|GGT^GGT H^^F|52.232745^^^^|U/L|^|N||F|52.232745^^^^|0|20260829172402||Mindry^[CR]R|763|CAL^CA. SB^^F|9.552557^^^^|mg/dL|^|N||F|9.552557^^^^|0|20260829171938||Mindry^[CR]R|764|Iron^IRON^^F|261.395295^^^^|g/dL|^|N||F|261.395295^^^^|0|20260829172436||Mindry^[CR]R|765|UREA^UREA^^F|51.487027^^^^|mg/dL|^|N||F|51.487027^^^^|0|20260829172336||Mindry^[CR]L|277|N[CR][ETX]D9[CR][LF]
2026-08-29 17:24:36 - [EOT]
2026-08-29 17:26:44 - [ENQ]
2026-08-29 17:26:44 - [STX]1H|\^&|||Mindry^^|||||||PR|1394-97|20260829172644[CR]P|112||PATIENT111||ABC^^||19600315^66^Y|M||||||||||||||||||||||||||[CR]O|112|54^1^9|9368185|BID^Bilirubin Direct (DSA Method)^^\SGPT^Alanine Aminotransferase^^\SGOT^Aspartate Aminotransferase^^\TRIG^Triglycerides^^\CREAT^Creatinine (Sarcosine Oxidase Method)^^\BIT^T.BILL H^^\CHOL^T.CHOL^^\ALB^ALBUMIN ^^\ALP^ALKALINE ^^\URIC^URIC ACID^^\TP^TP H^^\GGT^GGT H^^\CAL^CA. SB^^\Iron^IRON^^\UREA^UREA^^|R|20260829170334|20260829170334|||||||20260829170335|serum||||||||||F|||||[CR]R|766|BID^Bilirubin Direct (DSA Method)^^F|0.149905^^^^|mg/dL|^|N||F|0.149905^^^^|0|20260829172453||Mindry^[CR]R|767|SGPT^Alanine Aminotransferase^^F|15.969454^^^^|U/L|^|N||F|15.969454^^^^|0|20260829172444||Mindry^[CR]R|768|SGOT^Aspartate Aminotransferase^^F|19.485368^^^^|U/L|^|N||F|19.485368^^^^|0|20260829172453||Mindry^[CR]R|769|TRIG^Triglycerides^^F|173.672013^^^^|mg/dL|^|N||F|173.672013^^^^|0|20260829172519||Mindry^[CR]R|770|CREAT^Creatinine (Sarcosine Oxidase Method)^^F|0.575392^^^^|mg/dL|^|N||F|0.575392^^^^|0|20260829172527||Mindry^[CR]R|771|BIT^T.BILL H^^F|0.434605^^^^|mg/dL|^|N||F|0.434605^^^^|0|20260829172536||Mindry^[CR]R|772|CHOL^T.CHOL^^F|177.954173^^^^|mg/dL|^|N||F|177.954173^^^^|0|20260829172055||Mindry^[CR]R|773|ALB^ALBUMIN ^^F|4.102438^^^^|g/dL|^|N||F|4.102438^^^^|0|20260829172103||Mindry^[CR]R|774|ALP^ALKALINE ^^F|125.459053^^^^|U/L|^|N||F|125.459053^^^^|0|20260829172544||Mindry^[CR]R|775|URIC^URIC ACID^^F|5.498774^^^^|mg/dL|^|N||F|5.498774^^^^|0|20260829172012||Mindry^[CR]R|776|TP^TP H^^F|6.943324^^^^|g/dL|^|N||F|6.943324^^^^|0|20260829172618||Mindry^[CR]R|777|GGT^GGT H^^F|16.254645^^^^|U/L|^|N||F|16.254645^^^^|0|20260829172610||Mindry^[CR]R|778|CAL^CA. SB^^F|8.805349^^^^|mg/dL|^|N||F|8.805349^^^^|0|20260829172146||Mindry^[CR]R|779|Iron^IRON^^F|113.502589^^^^|g/dL|^|N||F|113.502589^^^^|0|20260829172644||Mindry^[CR]R|780|UREA^UREA^^F|20.239429^^^^|mg/dL|^|N||F|20.239429^^^^|0|20260829172544||Mindry^[CR]L|278|N[CR][ETX]1F[CR][LF]
2026-08-29 17:26:44 - [EOT]
2026-08-29 17:28:10 - [ENQ]
2026-08-29 17:28:10 - [STX]1H|\^&|||Mindry^^|||||||PR|1394-97|20260829172810[CR]P|113||PATIENT111||ABC^^||19600315^66^Y|M||||||||||||||||||||||||||[CR]O|113|56^1^11|9364597|GLU^GLU H^^|R|20260829170335|20260829170335|||||||20260829170335|serum||||||||||F|||||[CR]R|781|GLU^GLU H^^F|111.676633^^^^|mg/dL|^|N||F|111.676633^^^^|0|20260829172809||Mindry^[CR]L|279|N[CR][ETX]85[CR][LF]
2026-08-29 17:28:10 - [EOT]
2026-08-29 17:28:18 - [ENQ]
2026-08-29 17:28:18 - [STX]1H|\^&|||Mindry^^|||||||PR|1394-97|20260829172818[CR]P|114||PATIENT111||ABC^^||19600315^66^Y|M||||||||||||||||||||||||||[CR]O|114|57^1^12|9364594|GLU^GLU H^^|R|20260829170335|20260829170335|||||||20260829170335|serum||||||||||F|||||[CR]R|782|GLU^GLU H^^F|265.792135^^^^|mg/dL|^|N||F|265.792135^^^^|0|20260829172818||Mindry^[CR]L|280|N[CR][ETX]93[CR][LF]
2026-08-29 17:28:18 - [EOT]
2026-08-29 17:28:27 - [ENQ]
2026-08-29 17:28:27 - [STX]1H|\^&|||Mindry^^|||||||PR|1394-97|20260829172827[CR]P|115||PATIENT111||ABC^^||19600315^66^Y|M||||||||||||||||||||||||||[CR]O|115|58^1^13|9368182|GLU^GLU H^^|R|20260829170336|20260829170336|||||||20260829170336|serum||||||||||F|||||[CR]R|783|GLU^GLU H^^F|102.292060^^^^|mg/dL|^|N||F|102.292060^^^^|0|20260829172827||Mindry^[CR]L|281|N[CR][ETX]75[CR][LF]
2026-08-29 17:28:27 - [EOT]
2026-08-29 17:28:27 - [ENQ]
2026-08-29 17:28:27 - [STX]1H|\^&|||Mindry^^|||||||PR|1394-97|20260829172827[CR]P|116||PATIENT111||ABC^^||19600315^66^Y|M||||||||||||||||||||||||||[CR]O|116|55^1^10|9364595|BID^Bilirubin Direct (DSA Method)^^\SGPT^Alanine Aminotransferase^^\SGOT^Aspartate Aminotransferase^^\TRIG^Triglycerides^^\CREAT^Creatinine (Sarcosine Oxidase Method)^^\BIT^T.BILL H^^\CHOL^T.CHOL^^\ALB^ALBUMIN ^^\ALP^ALKALINE ^^\URIC^URIC ACID^^\TP^TP H^^\GGT^GGT H^^\CAL^CA. SB^^\UREA^UREA^^|R|20260829170335|20260829170335|||||||20260829170335|serum||||||||||F|||||[CR]R|784|BID^Bilirubin Direct (DSA Method)^^F|0.176413^^^^|mg/dL|^|N||F|0.176413^^^^|0|20260829172701||Mindry^[CR]R|785|SGPT^Alanine Aminotransferase^^F|10.967977^^^^|U/L|^|N||F|10.967977^^^^|0|20260829172653||Mindry^[CR]R|786|SGOT^Aspartate Aminotransferase^^F|24.389637^^^^|U/L|^|N||F|24.389637^^^^|0|20260829172701||Mindry^[CR]R|787|TRIG^Triglycerides^^F|462.964214^^^^|mg/dL|^|N||F|462.964214^^^^|0|20260829172727||Mindry^[CR]R|788|CREAT^Creatinine (Sarcosine Oxidase Method)^^F|1.772347^^^^|mg/dL|^|N||F|1.772347^^^^|0|20260829172735||Mindry^[CR]R|789|BIT^T.BILL H^^F|0.278613^^^^|mg/dL|^|N||F|0.278613^^^^|0|20260829172744||Mindry^[CR]R|790|CHOL^T.CHOL^^F|246.362175^^^^|mg/dL|^|N||F|246.362175^^^^|0|20260829172303||Mindry^[CR]R|791|ALB^ALBUMIN ^^F|3.566929^^^^|g/dL|^|N||F|3.566929^^^^|0|20260829172312||Mindry^[CR]R|792|ALP^ALKALINE ^^F|171.820788^^^^|U/L|^|N||F|171.820788^^^^|0|20260829172752||Mindry^[CR]R|793|URIC^URIC ACID^^F|9.810050^^^^|mg/dL|^|N||F|9.810050^^^^|0|20260829172220||Mindry^[CR]R|794|TP^TP H^^F|6.582330^^^^|g/dL|^|N||F|6.582330^^^^|0|20260829172827||Mindry^[CR]R|795|GGT^GGT H^^F|10.203125^^^^|U/L|^|N||F|10.203125^^^^|0|20260829172818||Mindry^[CR]R|796|CAL^CA. SB^^F|8.836594^^^^|mg/dL|^|N||F|8.836594^^^^|0|20260829172355||Mindry^[CR]R|797|UREA^UREA^^F|110.018224^^^^|mg/dL|^|N||F|110.018224^^^^|0|20260829172744||Mindry^[CR]L|282|N[CR][ETX]2D[CR][LF]
2026-08-29 17:28:27 - [EOT]
2026-08-29 17:28:35 - [ENQ]
2026-08-29 17:28:35 - [STX]1H|\^&|||Mindry^^|||||||PR|1394-97|20260829172835[CR]P|117||PATIENT111||ABC^^||19600315^66^Y|M||||||||||||||||||||||||||[CR]O|117|59^1^14|9573764|GLU^GLU H^^|R|20260829170336|20260829170336|||||||20260829170336|serum||||||||||F|||||[CR]R|798|GLU^GLU H^^F|125.764128^^^^|mg/dL|^|N||F|125.764128^^^^|0|20260829172835||Mindry^[CR]L|283|N[CR][ETX]A1[CR][LF]
2026-08-29 17:28:35 - [EOT]
2026-08-29 17:28:44 - [ENQ]
2026-08-29 17:28:44 - [STX]1H|\^&|||Mindry^^|||||||PR|1394-97|20260829172844[CR]P|118||PATIENT111||ABC^^||19600315^66^Y|M||||||||||||||||||||||||||[CR]O|118|60^1^20|9169747|GLU^GLU H^^|R|20260829170336|20260829170336|||||||20260829170336|serum||||||||||F|||||[CR]R|799|GLU^GLU H^^F|320.111450^^^^|mg/dL|^|N||F|320.111450^^^^|0|20260829172844||Mindry^[CR]L|284|N[CR][ETX]76[CR][LF]
2026-08-29 17:28:44 - [EOT]
2026-08-29 17:33:40 - [ENQ]
2026-08-29 17:33:40 - [STX]1H|\^&|||Mindry^^|||||||RQ|1394-97|20260829173340[CR]Q|167|^23079221||||||||||O[CR]L|285|N[CR][ETX]15[CR][LF]
2026-08-29 17:33:40 - [EOT]
2026-08-29 17:33:40 - [ACK]
2026-08-29 17:33:40 - --Send Message To Machine --[ENQ]
2026-08-29 17:33:40 - --Send Message To Machine --[STX]1H|\^&||| Product Model^01.03.07.03^123456|||||||SA|1394-97|20260829173340[CR]P|1||PATIENT111||ABC^XYZ^j||19600315|M|||A|||icteru||||||01|||||A1|002|||||||[CR]O|1|1^1^1|23079221|GLU^^2^1|R|20260829173340|20260829173340||||||||serum|||1|||||||Q|||||[CR]L|1|N[CR][ETX]B3[CR][LF]
2026-08-29 17:33:40 - [ACK]
2026-08-29 17:33:40 - --Send Message To Machine --[EOT]
2026-08-29 17:33:40 - [ENQ]
2026-08-29 17:33:40 - [STX]1H|\^&|||Mindry^^|||||||RQ|1394-97|20260829173340[CR]Q|168|^9169748||||||||||O[CR]L|286|N[CR][ETX]F9[CR][LF]
2026-08-29 17:33:40 - [EOT]
2026-08-29 17:33:40 - [ACK]
2026-08-29 17:33:40 - --Send Message To Machine --[ENQ]
2026-08-29 17:33:40 - --Send Message To Machine --[STX]1H|\^&||| Product Model^01.03.07.03^123456|||||||SA|1394-97|20260829173340[CR]P|1||PATIENT111||ABC^XYZ^j||19600315|M|||A|||icteru||||||01|||||A1|002|||||||[CR]O|1|1^1^1|9169748|HDL^^2^1\LDL^^2^1\CHOL^^2^1\TC^^2^1\CREAT^^2^1\GGT^^2^1\ALB^^2^1\TP^^2^1\TG^^2^1\TRIG^^2^1\UREA^^2^1\URIC^^2^1\ALP^^2^1\SGPT^^2^1\SGOT^^2^1\BID^^2^1\BIT^^2^1\CAL^^2^1|R|20260829173340|20260829173340||||||||serum|||1|||||||Q|||||[CR]L|1|N[CR][ETX]52[CR][LF]
2026-08-29 17:33:40 - --Send Message To Machine --[EOT]
2026-08-29 17:33:40 - [ACK]
2026-08-29 17:33:40 - [ENQ]
2026-08-29 17:33:40 - [STX]1H|\^&|||Mindry^^|||||||RQ|1394-97|20260829173340[CR]Q|169|^23080753||||||||||O[CR]L|287|N[CR][ETX]1B[CR][LF]
2026-08-29 17:33:41 - [EOT]
2026-08-29 17:33:41 - [ACK]
2026-08-29 17:33:41 - --Send Message To Machine --[ENQ]
2026-08-29 17:33:41 - --Send Message To Machine --[STX]1H|\^&||| Product Model^01.03.07.03^123456|||||||SA|1394-97|20260829173341[CR]P|1||PATIENT111||ABC^XYZ^j||19600315|M|||A|||icteru||||||01|||||A1|002|||||||[CR]O|1|1^1^1|23080753|Iron^^2^1\TIBC^^2^1\UIBC^^2^1|R|20260829173341|20260829173341||||||||serum|||1|||||||Q|||||[CR]L|1|N[CR][ETX]5F[CR][LF]
2026-08-29 17:33:41 - [ACK]
2026-08-29 17:33:41 - --Send Message To Machine --[EOT]
2026-08-29 17:33:41 - [ENQ]
2026-08-29 17:33:41 - [STX]1H|\^&|||Mindry^^|||||||RQ|1394-97|20260829173341[CR]Q|170|^23074024||||||||||O[CR]L|288|N[CR][ETX]0F[CR][LF]
2026-08-29 17:33:41 - [EOT]
2026-08-29 17:33:41 - [ACK]
2026-08-29 17:33:41 - --Send Message To Machine --[ENQ]
2026-08-29 17:33:41 - --Send Message To Machine --[STX]1H|\^&||| Product Model^01.03.07.03^123456|||||||SA|1394-97|20260829173341[CR]P|1||PATIENT111||ABC^XYZ^j||19600315|M|||A|||icteru||||||01|||||A1|002|||||||[CR]O|1|1^1^1|23074024|TP^^2^1\ALB^^2^1\ALP^^2^1\SGPT^^2^1\SGOT^^2^1\BIT^^2^1|R|20260829173341|20260829173341||||||||serum|||1|||||||Q|||||[CR]L|1|N[CR][ETX]B1[CR][LF]
2026-08-29 17:33:41 - --Send Message To Machine --[EOT]
2026-08-29 17:33:41 - [ACK]
2026-08-29 17:33:41 - [ENQ]
2026-08-29 17:33:41 - [STX]1H|\^&|||Mindry^^|||||||RQ|1394-97|20260829173341[CR]Q|171|^23079225||||||||||O[CR]L|289|N[CR][ETX]19[CR][LF]
2026-08-29 17:33:41 - [EOT]
2026-08-29 17:33:41 - [ACK]
2026-08-29 17:33:41 - --Send Message To Machine --[ENQ]
2026-08-29 17:33:41 - --Send Message To Machine --[STX]1H|\^&||| Product Model^01.03.07.03^123456|||||||SA|1394-97|20260829173341[CR]P|1||PATIENT111||ABC^XYZ^j||19600315|M|||A|||icteru||||||01|||||A1|002|||||||[CR]O|1|1^1^1|23079225|HDL^^2^1\LDL^^2^1\CHOL^^2^1\TC^^2^1\CREAT^^2^1\GGT^^2^1\Iron^^2^1\TIBC^^2^1\ALB^^2^1\TP^^2^1\TG^^2^1\TRIG^^2^1\UREA^^2^1\URIC^^2^1\UIBC^^2^1\ALP^^2^1\SGPT^^2^1\SGOT^^2^1\BID^^2^1\BIT^^2^1\CAL^^2^1|R|20260829173341|20260829173341||||||||serum|||1|||||||Q|||||[CR]L|1|N[CR][ETX]DF[CR][LF]
2026-08-29 17:33:41 - --Send Message To Machine --[EOT]
2026-08-29 17:33:41 - [ACK]
2026-08-29 17:33:41 - [ENQ]
2026-08-29 17:33:41 - [STX]1H|\^&|||Mindry^^|||||||RQ|1394-97|20260829173341[CR]Q|172|^9368122||||||||||O[CR]L|290|N[CR][ETX]E3[CR][LF]
2026-08-29 17:33:41 - [EOT]
2026-08-29 17:33:41 - [ACK]
2026-08-29 17:33:41 - --Send Message To Machine --[ENQ]
2026-08-29 17:33:41 - --Send Message To Machine --[STX]1H|\^&||| Product Model^01.03.07.03^123456|||||||SA|1394-97|20260829173341[CR]P|1||PATIENT111||ABC^XYZ^j||19600315|M|||A|||icteru||||||01|||||A1|002|||||||[CR]O|1|1^1^1|9368122|ALP^^2^1\SGPT^^2^1\SGOT^^2^1\BID^^2^1\BIT^^2^1|R|20260829173341|20260829173341||||||||serum|||1|||||||Q|||||[CR]L|1|N[CR][ETX]0D[CR][LF]
2026-08-29 17:33:41 - [ACK]
2026-08-29 17:33:42 - --Send Message To Machine --[EOT]
2026-08-29 17:33:42 - [ENQ]
2026-08-29 17:33:42 - [STX]1H|\^&|||Mindry^^|||||||RQ|1394-97|20260829173342[CR]Q|173|^9368125||||||||||O[CR]L|291|N[CR][ETX]E9[CR][LF]
2026-08-29 17:33:42 - [EOT]
2026-08-29 17:33:42 - [ACK]
2026-08-29 17:33:42 - --Send Message To Machine --[ENQ]
2026-08-29 17:33:42 - --Send Message To Machine --[STX]1H|\^&||| Product Model^01.03.07.03^123456|||||||SA|1394-97|20260829173342[CR]P|1||PATIENT111||ABC^XYZ^j||19600315|M|||A|||icteru||||||01|||||A1|002|||||||[CR]O|1|1^1^1|9368125|BID^^2^1\BIT^^2^1|R|20260829173342|20260829173342||||||||serum|||1|||||||Q|||||[CR]L|1|N[CR][ETX]30[CR][LF]
2026-08-29 17:33:42 - [ACK]
2026-08-29 17:33:42 - --Send Message To Machine --[EOT]
2026-08-29 17:45:47 - [ENQ]
2026-08-29 17:45:47 - [STX]1H|\^&|||Mindry^^|||||||PR|1394-97|20260829174547[CR]P|119||PATIENT111||ABC^^||19600315^66^Y|M||||||||||||||||||||||||||[CR]O|119|61^1^1|23079221|GLU^GLU H^^|R|20260829173340|20260829173340|||||||20260829173340|serum||||||||||F|||||[CR]R|800|GLU^GLU H^^F|92.305643^^^^|mg/dL|^|N||F|92.305643^^^^|0|20260829174547||Mindry^[CR]L|292|N[CR][ETX]11[CR][LF]
2026-08-29 17:45:47 - [EOT]
2026-08-29 17:48:12 - [ENQ]
2026-08-29 17:48:12 - [STX]1H|\^&|||Mindry^^|||||||PR|1394-97|20260829174812[CR]P|120||PATIENT111||ABC^^||19600315^66^Y|M||||||||||||||||||||||||||[CR]O|120|62^1^2|9169748|BID^Bilirubin Direct (DSA Method)^^\SGPT^Alanine Aminotransferase^^\SGOT^Aspartate Aminotransferase^^\TRIG^Triglycerides^^\CREAT^Creatinine (Sarcosine Oxidase Method)^^\BIT^T.BILL H^^\CHOL^T.CHOL^^\ALB^ALBUMIN ^^\ALP^ALKALINE ^^\URIC^URIC ACID^^\TP^TP H^^\GGT^GGT H^^\CAL^CA. SB^^\UREA^UREA^^|R|20260829173340|20260829173340|||||||20260829173340|serum||||||||||F|||||[CR]R|801|BID^Bilirubin Direct (DSA Method)^^F|0.248828^^^^|mg/dL|^|N||F|0.248828^^^^|0|20260829174647||Mindry^[CR]R|802|SGPT^Alanine Aminotransferase^^F|81.511225^^^^|U/L|^|N||F|81.511225^^^^|0|20260829174638||Mindry^[CR]R|803|SGOT^Aspartate Aminotransferase^^F|63.275317^^^^|U/L|^|N||F|63.275317^^^^|0|20260829174647||Mindry^[CR]R|804|TRIG^Triglycerides^^F|127.414513^^^^|mg/dL|^|N||F|127.414513^^^^|0|20260829174712||Mindry^[CR]R|805|CREAT^Creatinine (Sarcosine Oxidase Method)^^F|0.849310^^^^|mg/dL|^|N||F|0.849310^^^^|0|20260829174721||Mindry^[CR]R|806|BIT^T.BILL H^^F|0.738906^^^^|mg/dL|^|N||F|0.738906^^^^|0|20260829174729||Mindry^[CR]R|807|CHOL^T.CHOL^^F|142.575219^^^^|mg/dL|^|N||F|142.575219^^^^|0|20260829174248||Mindry^[CR]R|808|ALB^ALBUMIN ^^F|4.478582^^^^|g/dL|^|N||F|4.478582^^^^|0|20260829174257||Mindry^[CR]R|809|ALP^ALKALINE ^^F|152.323552^^^^|U/L|^|N||F|152.323552^^^^|0|20260829174738||Mindry^[CR]R|810|URIC^URIC ACID^^F|7.414435^^^^|mg/dL|^|N||F|7.414435^^^^|0|20260829174206||Mindry^[CR]R|811|TP^TP H^^F|7.502025^^^^|g/dL|^|N||F|7.502025^^^^|0|20260829174812||Mindry^[CR]R|812|GGT^GGT H^^F|19.250524^^^^|U/L|^|N||F|19.250524^^^^|0|20260829174804||Mindry^[CR]R|813|CAL^CA. SB^^F|9.916781^^^^|mg/dL|^|N||F|9.916781^^^^|0|20260829174340||Mindry^[CR]R|814|UREA^UREA^^F|19.378883^^^^|mg/dL|^|N||F|19.378883^^^^|0|20260829174729||Mindry^[CR]L|293|N[CR][ETX]46[CR][LF]
2026-08-29 17:48:12 - [EOT]
2026-08-29 17:48:47 - [ENQ]
2026-08-29 17:48:47 - [STX]1H|\^&|||Mindry^^|||||||PR|1394-97|20260829174847[CR]P|121||PATIENT111||ABC^^||19600315^66^Y|M||||||||||||||||||||||||||[CR]O|121|63^1^3|23080753|Iron^IRON^^|R|20260829173341|20260829173341|||||||20260829173341|serum||||||||||F|||||[CR]R|815|Iron^IRON^^F|11.413593^^^^|g/dL|^|N||F|11.413593^^^^|0|20260829174846||Mindry^[CR]L|294|N[CR][ETX]87[CR][LF]
2026-08-29 17:48:47 - [EOT]
2026-08-29 17:49:38 - [ENQ]
2026-08-29 17:49:38 - [STX]1H|\^&|||Mindry^^|||||||PR|1394-97|20260829174938[CR]P|122||PATIENT111||ABC^^||19600315^66^Y|M||||||||||||||||||||||||||[CR]O|122|64^1^4|23074024|SGPT^Alanine Aminotransferase^^\SGOT^Aspartate Aminotransferase^^\BIT^T.BILL H^^\ALB^ALBUMIN ^^\ALP^ALKALINE ^^\TP^TP H^^|R|20260829173341|20260829173341|||||||20260829173341|serum||||||||||F|||||[CR]R|816|SGPT^Alanine Aminotransferase^^F|22.156620^^^^|U/L|^|N||F|22.156620^^^^|0|20260829174838||Mindry^[CR]R|817|SGOT^Aspartate Aminotransferase^^F|31.829919^^^^|U/L|^|N||F|31.829919^^^^|0|20260829174846||Mindry^[CR]R|818|BIT^T.BILL H^^F|0.454659^^^^|mg/dL|^|N||F|0.454659^^^^|0|20260829174912||Mindry^[CR]R|819|ALB^ALBUMIN ^^F|4.128674^^^^|g/dL|^|N||F|4.128674^^^^|0|20260829174431||Mindry^[CR]R|820|ALP^ALKALINE ^^F|159.991581^^^^|U/L|^|N||F|159.991581^^^^|0|20260829174912||Mindry^[CR]R|821|TP^TP H^^F|7.306494^^^^|g/dL|^|N||F|7.306494^^^^|0|20260829174938||Mindry^[CR]L|295|N[CR][ETX]74[CR][LF]
2026-08-29 17:49:38 - [EOT]
2026-08-29 17:51:37 - [ENQ]
2026-08-29 17:51:37 - [STX]1H|\^&|||Mindry^^|||||||PR|1394-97|20260829175137[CR]P|123||PATIENT111||ABC^^||19600315^66^Y|M||||||||||||||||||||||||||[CR]O|123|65^1^5|23079225|BID^Bilirubin Direct (DSA Method)^^\SGPT^Alanine Aminotransferase^^\SGOT^Aspartate Aminotransferase^^\TRIG^Triglycerides^^\CREAT^Creatinine (Sarcosine Oxidase Method)^^\BIT^T.BILL H^^\CHOL^T.CHOL^^\ALB^ALBUMIN ^^\ALP^ALKALINE ^^\URIC^URIC ACID^^\TP^TP H^^\GGT^GGT H^^\CAL^CA. SB^^\Iron^IRON^^\UREA^UREA^^|R|20260829173341|20260829173341|||||||20260829173341|serum||||||||||F|||||[CR]R|822|BID^Bilirubin Direct (DSA Method)^^F|0.208741^^^^|mg/dL|^|N||F|0.208741^^^^|0|20260829174946||Mindry^[CR]R|823|SGPT^Alanine Aminotransferase^^F|45.621760^^^^|U/L|^|N||F|45.621760^^^^|0|20260829174938||Mindry^[CR]R|824|SGOT^Aspartate Aminotransferase^^F|28.303200^^^^|U/L|^|N||F|28.303200^^^^|0|20260829174946||Mindry^[CR]R|825|TRIG^Triglycerides^^F|774.636482^^^^|mg/dL|^|N||F|774.636482^^^^|0|20260829175012||Mindry^[CR]R|826|CREAT^Creatinine (Sarcosine Oxidase Method)^^F|1.026581^^^^|mg/dL|^|N||F|1.026581^^^^|0|20260829175020||Mindry^[CR]R|827|BIT^T.BILL H^^F|0.657310^^^^|mg/dL|^|N||F|0.657310^^^^|0|20260829175029||Mindry^[CR]R|828|CHOL^T.CHOL^^F|294.557855^^^^|mg/dL|^|N||F|294.557855^^^^|0|20260829174548||Mindry^[CR]R|829|ALB^ALBUMIN ^^F|4.257221^^^^|g/dL|^|N||F|4.257221^^^^|0|20260829174557||Mindry^[CR]R|830|ALP^ALKALINE ^^F|59.400855^^^^|U/L|^|N||F|59.400855^^^^|0|20260829175037||Mindry^[CR]R|831|URIC^URIC ACID^^F|9.830544^^^^|mg/dL|^|N||F|9.830544^^^^|0|20260829174505||Mindry^[CR]R|832|TP^TP H^^F|7.263257^^^^|g/dL|^|N||F|7.263257^^^^|0|20260829175112||Mindry^[CR]R|833|GGT^GGT H^^F|27.655711^^^^|U/L|^|N||F|27.655711^^^^|0|20260829175103||Mindry^[CR]R|834|CAL^CA. SB^^F|9.408332^^^^|mg/dL|^|N||F|9.408332^^^^|0|20260829174640||Mindry^[CR]R|835|Iron^IRON^^F|-68.236598^^^^|g/dL|^|N||F|-68.236598^^^^|0|20260829175137||Mindry^[CR]R|836|UREA^UREA^^F|30.005890^^^^|mg/dL|^|N||F|30.005890^^^^|0|20260829175037||Mindry^[CR]L|296|N[CR][ETX]83[CR][LF]
2026-08-29 17:51:37 - [EOT]
2026-08-29 17:52:20 - [ENQ]
2026-08-29 17:52:20 - [STX]1H|\^&|||Mindry^^|||||||PR|1394-97|20260829175220[CR]P|124||PATIENT111||ABC^^||19600315^66^Y|M||||||||||||||||||||||||||[CR]O|124|66^1^6|9368122|BID^Bilirubin Direct (DSA Method)^^\SGPT^Alanine Aminotransferase^^\SGOT^Aspartate Aminotransferase^^\BIT^T.BILL H^^\ALP^ALKALINE ^^|R|20260829173341|20260829173341|||||||20260829173341|serum||||||||||F|||||[CR]R|837|BID^Bilirubin Direct (DSA Method)^^F|0.783099^^^^|mg/dL|^|N||F|0.783099^^^^|0|20260829175154||Mindry^[CR]R|838|SGPT^Alanine Aminotransferase^^F|53.546818^^^^|U/L|^|N||F|53.546818^^^^|0|20260829175146||Mindry^[CR]R|839|SGOT^Aspartate Aminotransferase^^F|108.664836^^^^|U/L|^|N||F|108.664836^^^^|0|20260829175154||Mindry^[CR]R|840|BIT^T.BILL H^^F|1.350906^^^^|mg/dL|^|N||F|1.350906^^^^|0|20260829175220||Mindry^[CR]R|841|ALP^ALKALINE ^^F|490.386123^^^^|U/L|^|N||F|490.386123^^^^|0|20260829175211||Mindry^[CR]L|297|N[CR][ETX]BA[CR][LF]
2026-08-29 17:52:20 - [EOT]
2026-08-29 17:52:46 - [ENQ]
2026-08-29 17:52:46 - [STX]1H|\^&|||Mindry^^|||||||PR|1394-97|20260829175246[CR]P|125||PATIENT111||ABC^^||19600315^66^Y|M||||||||||||||||||||||||||[CR]O|125|67^1^7|9368125|BID^Bilirubin Direct (DSA Method)^^\BIT^T.BILL H^^|R|20260829173342|20260829173342|||||||20260829173342|serum||||||||||F|||||[CR]R|842|BID^Bilirubin Direct (DSA Method)^^F|0.457479^^^^|mg/dL|^|N||F|0.457479^^^^|0|20260829175237||Mindry^[CR]R|843|BIT^T.BILL H^^F|14.373899^^^^|mg/dL|^|N||F|14.373899^^^^|0|20260829175246||Mindry^[CR]L|298|N[CR][ETX]B3[CR][LF]
2026-08-29 17:52:46 - [EOT]
2026-08-29 18:04:10 - [ENQ]
2026-08-29 18:04:10 - [STX]1H|\^&|||Mindry^^|||||||RQ|1394-97|20260829180410[CR]Q|174|^9571708||||||||||O[CR]L|299|N[CR][ETX]EF[CR][LF]
2026-08-29 18:04:10 - [EOT]
2026-08-29 18:04:11 - [ACK]
2026-08-29 18:04:11 - --Send Message To Machine --[ENQ]
2026-08-29 18:04:11 - --Send Message To Machine --[STX]1H|\^&||| Product Model^01.03.07.03^123456|||||||SA|1394-97|20260829180411[CR]P|1||PATIENT111||ABC^XYZ^j||19600315|M|||A|||icteru||||||01|||||A1|002|||||||[CR]O|1|1^1^1|9571708|HDL^^2^1\LDL^^2^1\CHOL^^2^1\TC^^2^1\CREAT^^2^1\GGT^^2^1\Iron^^2^1\TIBC^^2^1\ALB^^2^1\TP^^2^1\TG^^2^1\TRIG^^2^1\UREA^^2^1\URIC^^2^1\UIBC^^2^1\ALP^^2^1\SGPT^^2^1\SGOT^^2^1\BID^^2^1\BIT^^2^1\CAL^^2^1|R|20260829180411|20260829180411||||||||serum|||1|||||||Q|||||[CR]L|1|N[CR][ETX]AA[CR][LF]
2026-08-29 18:04:11 - --Send Message To Machine --[EOT]
2026-08-29 18:04:11 - [ACK]
2026-08-29 18:04:11 - [ENQ]
2026-08-29 18:04:11 - [STX]1H|\^&|||Mindry^^|||||||RQ|1394-97|20260829180411[CR]Q|175|^9572707||||||||||O[CR]L|300|N[CR][ETX]E0[CR][LF]
2026-08-29 18:04:11 - [EOT]
2026-08-29 18:04:11 - [ACK]
2026-08-29 18:04:11 - --Send Message To Machine --[ENQ]
2026-08-29 18:04:11 - --Send Message To Machine --[STX]1H|\^&||| Product Model^01.03.07.03^123456|||||||SA|1394-97|20260829180411[CR]P|1||PATIENT111||ABC^XYZ^j||19600315|M|||A|||icteru||||||01|||||A1|002|||||||[CR]O|1|1^1^1|9572707|HDL^^2^1\LDL^^2^1\CHOL^^2^1\TC^^2^1\CREAT^^2^1\GGT^^2^1\Iron^^2^1\TIBC^^2^1\ALB^^2^1\TP^^2^1\TG^^2^1\TRIG^^2^1\UREA^^2^1\URIC^^2^1\UIBC^^2^1\ALP^^2^1\SGPT^^2^1\SGOT^^2^1\BID^^2^1\BIT^^2^1\CAL^^2^1|R|20260829180411|20260829180411||||||||serum|||1|||||||Q|||||[CR]L|1|N[CR][ETX]AA[CR][LF]
2026-08-29 18:04:11 - --Send Message To Machine --[EOT]
2026-08-29 18:04:11 - [ACK]
2026-08-29 18:04:11 - [ENQ]
2026-08-29 18:04:11 - [STX]1H|\^&|||Mindry^^|||||||RQ|1394-97|20260829180411[CR]Q|176|^9571695||||||||||O[CR]L|301|N[CR][ETX]E7[CR][LF]
2026-08-29 18:04:11 - [EOT]
2026-08-29 18:04:11 - [ACK]
2026-08-29 18:04:11 - --Send Message To Machine --[ENQ]
2026-08-29 18:04:11 - --Send Message To Machine --[STX]1H|\^&||| Product Model^01.03.07.03^123456|||||||SA|1394-97|20260829180411[CR]P|1||PATIENT111||ABC^XYZ^j||19600315|M|||A|||icteru||||||01|||||A1|002|||||||[CR]O|1|1^1^1|9571695|HDL^^2^1\LDL^^2^1\CHOL^^2^1\TC^^2^1\CREAT^^2^1\GGT^^2^1\Iron^^2^1\TIBC^^2^1\ALB^^2^1\TP^^2^1\TG^^2^1\TRIG^^2^1\UREA^^2^1\URIC^^2^1\UIBC^^2^1\ALP^^2^1\SGPT^^2^1\SGOT^^2^1\BID^^2^1\BIT^^2^1\CAL^^2^1|R|20260829180411|20260829180411||||||||serum|||1|||||||Q|||||[CR]L|1|N[CR][ETX]AF[CR][LF]
2026-08-29 18:04:11 - --Send Message To Machine --[EOT]
2026-08-29 18:04:11 - [ACK]
2026-08-29 18:04:11 - [ENQ]
2026-08-29 18:04:11 - [STX]1H|\^&|||Mindry^^|||||||RQ|1394-97|20260829180411[CR]Q|177|^9572720||||||||||O[CR]L|302|N[CR][ETX]DF[CR][LF]
2026-08-29 18:04:12 - [EOT]
2026-08-29 18:04:12 - [ACK]
2026-08-29 18:04:12 - --Send Message To Machine --[ENQ]
2026-08-29 18:04:12 - --Send Message To Machine --[STX]1H|\^&||| Product Model^01.03.07.03^123456|||||||SA|1394-97|20260829180412[CR]P|1||PATIENT111||ABC^XYZ^j||19600315|M|||A|||icteru||||||01|||||A1|002|||||||[CR]O|1|1^1^1|9572720|HDL^^2^1\LDL^^2^1\CHOL^^2^1\TC^^2^1\CREAT^^2^1\GGT^^2^1\Iron^^2^1\TIBC^^2^1\ALB^^2^1\TP^^2^1\TG^^2^1\TRIG^^2^1\UREA^^2^1\URIC^^2^1\UIBC^^2^1\ALP^^2^1\SGPT^^2^1\SGOT^^2^1\BID^^2^1\BIT^^2^1\CAL^^2^1|R|20260829180412|20260829180412||||||||serum|||1|||||||Q|||||[CR]L|1|N[CR][ETX]A8[CR][LF]
2026-08-29 18:04:12 - --Send Message To Machine --[EOT]
2026-08-29 18:04:12 - [ACK]
2026-08-29 18:04:12 - [ENQ]
2026-08-29 18:04:12 - [STX]1H|\^&|||Mindry^^|||||||RQ|1394-97|20260829180412[CR]Q|178|^9572723||||||||||O[CR]L|303|N[CR][ETX]E5[CR][LF]
2026-08-29 18:04:12 - [EOT]
2026-08-29 18:04:12 - [ACK]
2026-08-29 18:04:12 - --Send Message To Machine --[ENQ]
2026-08-29 18:04:12 - --Send Message To Machine --[STX]1H|\^&||| Product Model^01.03.07.03^123456|||||||SA|1394-97|20260829180412[CR]P|1||PATIENT111||ABC^XYZ^j||19600315|M|||A|||icteru||||||01|||||A1|002|||||||[CR]O|1|1^1^1|9572723|HDL^^2^1\LDL^^2^1\CHOL^^2^1\TC^^2^1\CREAT^^2^1\GGT^^2^1\Iron^^2^1\TIBC^^2^1\ALB^^2^1\TP^^2^1\TG^^2^1\TRIG^^2^1\UREA^^2^1\URIC^^2^1\UIBC^^2^1\ALP^^2^1\SGPT^^2^1\SGOT^^2^1\BID^^2^1\BIT^^2^1\CAL^^2^1|R|20260829180412|20260829180412||||||||serum|||1|||||||Q|||||[CR]L|1|N[CR][ETX]AB[CR][LF]
2026-08-29 18:04:12 - --Send Message To Machine --[EOT]
2026-08-29 18:04:12 - [ACK]
2026-08-29 18:04:12 - [ENQ]
2026-08-29 18:04:12 - [STX]1H|\^&|||Mindry^^|||||||RQ|1394-97|20260829180412[CR]Q|179|^9572704||||||||||O[CR]L|304|N[CR][ETX]E6[CR][LF]
2026-08-29 18:04:12 - [EOT]
2026-08-29 18:04:12 - [ACK]
2026-08-29 18:04:12 - --Send Message To Machine --[ENQ]
2026-08-29 18:04:12 - --Send Message To Machine --[STX]1H|\^&||| Product Model^01.03.07.03^123456|||||||SA|1394-97|20260829180412[CR]P|1||PATIENT111||ABC^XYZ^j||19600315|M|||A|||icteru||||||01|||||A1|002|||||||[CR]O|1|1^1^1|9572704|HDL^^2^1\LDL^^2^1\CHOL^^2^1\TC^^2^1\CREAT^^2^1\GGT^^2^1\Iron^^2^1\TIBC^^2^1\ALB^^2^1\TP^^2^1\TG^^2^1\TRIG^^2^1\UREA^^2^1\URIC^^2^1\UIBC^^2^1\ALP^^2^1\SGPT^^2^1\SGOT^^2^1\BID^^2^1\BIT^^2^1\CAL^^2^1|R|20260829180412|20260829180412||||||||serum|||1|||||||Q|||||[CR]L|1|N[CR][ETX]AA[CR][LF]
2026-08-29 18:04:12 - --Send Message To Machine --[EOT]
2026-08-29 18:04:12 - [ACK]
2026-08-29 18:04:12 - [ENQ]
2026-08-29 18:04:13 - [STX]1H|\^&|||Mindry^^|||||||RQ|1394-97|20260829180412[CR]Q|180|^9571706||||||||||O[CR]L|305|N[CR][ETX]E0[CR][LF]
2026-08-29 18:04:13 - [EOT]
2026-08-29 18:04:13 - [ACK]
2026-08-29 18:04:13 - --Send Message To Machine --[ENQ]
2026-08-29 18:04:13 - --Send Message To Machine --[STX]1H|\^&||| Product Model^01.03.07.03^123456|||||||SA|1394-97|20260829180413[CR]P|1||PATIENT111||ABC^XYZ^j||19600315|M|||A|||icteru||||||01|||||A1|002|||||||[CR]O|1|1^1^1|9571706|GGT^^2^1\ALB^^2^1\TP^^2^1\ALP^^2^1\SGPT^^2^1\SGOT^^2^1\BID^^2^1\BIT^^2^1|R|20260829180413|20260829180413||||||||serum|||1|||||||Q|||||[CR]L|1|N[CR][ETX]EB[CR][LF]
2026-08-29 18:04:13 - [ACK]
2026-08-29 18:04:13 - --Send Message To Machine --[EOT]
2026-08-29 18:04:13 - [ENQ]
2026-08-29 18:04:13 - [STX]1H|\^&|||Mindry^^|||||||RQ|1394-97|20260829180413[CR]Q|181|^9572709||||||||||O[CR]L|306|N[CR][ETX]E7[CR][LF]
2026-08-29 18:04:13 - [EOT]
2026-08-29 18:04:13 - [ACK]
2026-08-29 18:04:13 - --Send Message To Machine --[ENQ]
2026-08-29 18:04:13 - --Send Message To Machine --[STX]1H|\^&||| Product Model^01.03.07.03^123456|||||||SA|1394-97|20260829180413[CR]P|1||PATIENT111||ABC^XYZ^j||19600315|M|||A|||icteru||||||01|||||A1|002|||||||[CR]O|1|1^1^1|9572709|SGPT^^2^1|R|20260829180413|20260829180413||||||||serum|||1|||||||Q|||||[CR]L|1|N[CR][ETX]E3[CR][LF]
2026-08-29 18:04:13 - [ACK]
2026-08-29 18:04:13 - --Send Message To Machine --[EOT]
2026-08-29 18:04:13 - [ENQ]
2026-08-29 18:04:13 - [STX]1H|\^&|||Mindry^^|||||||RQ|1394-97|20260829180413[CR]Q|182|^9571701||||||||||O[CR]L|307|N[CR][ETX]E0[CR][LF]
2026-08-29 18:04:13 - [EOT]
2026-08-29 18:04:13 - [ACK]
2026-08-29 18:04:13 - --Send Message To Machine --[ENQ]
2026-08-29 18:04:13 - --Send Message To Machine --[STX]1H|\^&||| Product Model^01.03.07.03^123456|||||||SA|1394-97|20260829180413[CR]P|1||PATIENT111||ABC^XYZ^j||19600315|M|||A|||icteru||||||01|||||A1|002|||||||[CR]O|1|1^1^1|9571701|URIC^^2^1|R|20260829180413|20260829180413||||||||serum|||1|||||||Q|||||[CR]L|1|N[CR][ETX]CF[CR][LF]
2026-08-29 18:04:13 - [ACK]
2026-08-29 18:04:13 - --Send Message To Machine --[EOT]
2026-08-29 18:04:13 - [ENQ]
2026-08-29 18:04:13 - [STX]1H|\^&|||Mindry^^|||||||RQ|1394-97|20260829180413[CR]Q|183|^9572725||||||||||O[CR]L|308|N[CR][ETX]E9[CR][LF]
2026-08-29 18:04:13 - [EOT]
2026-08-29 18:04:13 - [ACK]
2026-08-29 18:04:13 - --Send Message To Machine --[ENQ]
2026-08-29 18:04:13 - --Send Message To Machine --[STX]1H|\^&||| Product Model^01.03.07.03^123456|||||||SA|1394-97|20260829180413[CR]P|1||PATIENT111||ABC^XYZ^j||19600315|M|||A|||icteru||||||01|||||A1|002|||||||[CR]O|1|1^1^1|9572725|GLU^^2^1|R|20260829180413|20260829180413||||||||serum|||1|||||||Q|||||[CR]L|1|N[CR][ETX]8B[CR][LF]
2026-08-29 18:04:13 - [ACK]
2026-08-29 18:04:13 - --Send Message To Machine --[EOT]
2026-08-29 18:04:14 - [ENQ]
2026-08-29 18:04:14 - [STX]1H|\^&|||Mindry^^|||||||RQ|1394-97|20260829180414[CR]Q|184|^9572705||||||||||O[CR]L|309|N[CR][ETX]EA[CR][LF]
2026-08-29 18:04:14 - [EOT]
2026-08-29 18:04:14 - [ACK]
2026-08-29 18:04:14 - --Send Message To Machine --[ENQ]
2026-08-29 18:04:14 - --Send Message To Machine --[STX]1H|\^&||| Product Model^01.03.07.03^123456|||||||SA|1394-97|20260829180414[CR]P|1||PATIENT111||ABC^XYZ^j||19600315|M|||A|||icteru||||||01|||||A1|002|||||||[CR]O|1|1^1^1|9572705|GLU^^2^1|R|20260829180414|20260829180414||||||||serum|||1|||||||Q|||||[CR]L|1|N[CR][ETX]8C[CR][LF]
2026-08-29 18:04:14 - [ACK]
2026-08-29 18:04:14 - --Send Message To Machine --[EOT]
2026-08-29 18:04:14 - [ENQ]
2026-08-29 18:04:14 - [STX]1H|\^&|||Mindry^^|||||||RQ|1394-97|20260829180414[CR]Q|185|^9571698||||||||||O[CR]L|310|N[CR][ETX]ED[CR][LF]
2026-08-29 18:04:14 - [EOT]
2026-08-29 18:04:14 - [ACK]
2026-08-29 18:04:14 - --Send Message To Machine --[ENQ]
2026-08-29 18:04:14 - --Send Message To Machine --[STX]1H|\^&||| Product Model^01.03.07.03^123456|||||||SA|1394-97|20260829180414[CR]P|1||PATIENT111||ABC^XYZ^j||19600315|M|||A|||icteru||||||01|||||A1|002|||||||[CR]O|1|1^1^1|9571698|GLU^^2^1|R|20260829180414|20260829180414||||||||serum|||1|||||||Q|||||[CR]L|1|N[CR][ETX]96[CR][LF]
2026-08-29 18:04:14 - [ACK]
2026-08-29 18:04:14 - --Send Message To Machine --[EOT]
2026-08-29 18:04:14 - [ENQ]
2026-08-29 18:04:14 - [STX]1H|\^&|||Mindry^^|||||||RQ|1394-97|20260829180414[CR]Q|186|^9572722||||||||||O[CR]L|311|N[CR][ETX]E4[CR][LF]
2026-08-29 18:04:14 - [EOT]
2026-08-29 18:04:14 - [ACK]
2026-08-29 18:04:14 - --Send Message To Machine --[ENQ]
2026-08-29 18:04:14 - --Send Message To Machine --[STX]1H|\^&||| Product Model^01.03.07.03^123456|||||||SA|1394-97|20260829180414[CR]P|1||PATIENT111||ABC^XYZ^j||19600315|M|||A|||icteru||||||01|||||A1|002|||||||[CR]O|1|1^1^1|9572722|GLU^^2^1|R|20260829180414|20260829180414||||||||serum|||1|||||||Q|||||[CR]L|1|N[CR][ETX]8B[CR][LF]
2026-08-29 18:04:14 - [ACK]
2026-08-29 18:04:14 - --Send Message To Machine --[EOT]
2026-08-29 18:04:14 - [ENQ]
2026-08-29 18:04:14 - [STX]1H|\^&|||Mindry^^|||||||RQ|1394-97|20260829180414[CR]Q|187|^9572702||||||||||O[CR]L|312|N[CR][ETX]E4[CR][LF]
2026-08-29 18:04:14 - [EOT]
2026-08-29 18:04:15 - [ACK]
2026-08-29 18:04:15 - --Send Message To Machine --[ENQ]
2026-08-29 18:04:15 - --Send Message To Machine --[STX]1H|\^&||| Product Model^01.03.07.03^123456|||||||SA|1394-97|20260829180415[CR]P|1||PATIENT111||ABC^XYZ^j||19600315|M|||A|||icteru||||||01|||||A1|002|||||||[CR]O|1|1^1^1|9572702|GLU^^2^1|R|20260829180415|20260829180415||||||||serum|||1|||||||Q|||||[CR]L|1|N[CR][ETX]8C[CR][LF]
2026-08-29 18:04:15 - [ACK]
2026-08-29 18:04:15 - --Send Message To Machine --[EOT]
2026-08-29 18:16:15 - [ENQ]
2026-08-29 18:16:15 - [STX]1H|\^&|||Mindry^^|||||||PR|1394-97|20260829181615[CR]P|126||PATIENT111||ABC^^||19600315^66^Y|M||||||||||||||||||||||||||[CR]O|126|65^^|23079225|BID^Bilirubin Direct (DSA Method)^^\SGPT^Alanine Aminotransferase^^\SGOT^Aspartate Aminotransferase^^\TRIG^Triglycerides^^\CREAT^Creatinine (Sarcosine Oxidase Method)^^\BIT^T.BILL H^^\CHOL^T.CHOL^^\ALB^ALBUMIN ^^\ALP^ALKALINE ^^\URIC^URIC ACID^^\TP^TP H^^\GGT^GGT H^^\CAL^CA. SB^^\Iron^IRON^^\UREA^UREA^^|R|20260829173341|20260829173341|||||||20260829173341|serum||||||||||F|||||[CR]R|844|BID^Bilirubin Direct (DSA Method)^^F|0.208741^^^^|mg/dL|^|N||F|0.208741^^^^|0|20260829174946||Mindry^[CR]R|845|SGPT^Alanine Aminotransferase^^F|45.621760^^^^|U/L|^|N||F|45.621760^^^^|0|20260829174938||Mindry^[CR]R|846|SGOT^Aspartate Aminotransferase^^F|28.303200^^^^|U/L|^|N||F|28.303200^^^^|0|20260829174946||Mindry^[CR]R|847|TRIG^Triglycerides^^F|774.636482^^^^|mg/dL|^|N||F|774.636482^^^^|0|20260829175012||Mindry^[CR]R|848|CREAT^Creatinine (Sarcosine Oxidase Method)^^F|1.026581^^^^|mg/dL|^|N||F|1.026581^^^^|0|20260829175020||Mindry^[CR]R|849|BIT^T.BILL H^^F|0.657310^^^^|mg/dL|^|N||F|0.657310^^^^|0|20260829175029||Mindry^[CR]R|850|CHOL^T.CHOL^^F|294.557855^^^^|mg/dL|^|N||F|294.557855^^^^|0|20260829174548||Mindry^[CR]R|851|ALB^ALBUMIN ^^F|4.257221^^^^|g/dL|^|N||F|4.257221^^^^|0|20260829174557||Mindry^[CR]R|852|ALP^ALKALINE ^^F|59.400855^^^^|U/L|^|N||F|59.400855^^^^|0|20260829175037||Mindry^[CR]R|853|URIC^URIC ACID^^F|9.830544^^^^|mg/dL|^|N||F|9.830544^^^^|0|20260829174505||Mindry^[CR]R|854|TP^TP H^^F|7.263257^^^^|g/dL|^|N||F|7.263257^^^^|0|20260829175112||Mindry^[CR]R|855|GGT^GGT H^^F|27.655711^^^^|U/L|^|N||F|27.655711^^^^|0|20260829175103||Mindry^[CR]R|856|CAL^CA. SB^^F|9.408332^^^^|mg/dL|^|N||F|9.408332^^^^|0|20260829174640||Mindry^[CR]R|857|Iron^IRON^^F|-68.236598^^^^|g/dL|^|N||F|-68.236598^^^^|0|20260829175137||Mindry^[CR]R|858|UREA^UREA^^F|30.005890^^^^|mg/dL|^|N||F|30.005890^^^^|0|20260829175037||Mindry^[CR]L|313|N[CR][ETX]41[CR][LF]
2026-08-29 18:16:15 - [EOT]
2026-08-29 18:19:06 - [ENQ]
2026-08-29 18:19:06 - [STX]1H|\^&|||Mindry^^|||||||PR|1394-97|20260829181906[CR]P|127||PATIENT111||ABC^^||19600315^66^Y|M||||||||||||||||||||||||||[CR]O|127|68^1^1|9571708|BID^Bilirubin Direct (DSA Method)^^\SGPT^Alanine Aminotransferase^^\SGOT^Aspartate Aminotransferase^^\TRIG^Triglycerides^^\CREAT^Creatinine (Sarcosine Oxidase Method)^^\BIT^T.BILL H^^\CHOL^T.CHOL^^\ALB^ALBUMIN ^^\ALP^ALKALINE ^^\URIC^URIC ACID^^\TP^TP H^^\GGT^GGT H^^\CAL^CA. SB^^\Iron^IRON^^\UREA^UREA^^|R|20260829180411|20260829180411|||||||20260829180411|serum||||||||||F|||||[CR]R|859|BID^Bilirubin Direct (DSA Method)^^F|0.146226^^^^|mg/dL|^|N||F|0.146226^^^^|0|20260829181715||Mindry^[CR]R|860|SGPT^Alanine Aminotransferase^^F|9.099060^^^^|U/L|^|N||F|9.099060^^^^|0|20260829181706||Mindry^[CR]R|861|SGOT^Aspartate Aminotransferase^^F|22.737036^^^^|U/L|^|N||F|22.737036^^^^|0|20260829181715||Mindry^[CR]R|862|TRIG^Triglycerides^^F|179.637601^^^^|mg/dL|^|N||F|179.637601^^^^|0|20260829181740||Mindry^[CR]R|863|CREAT^Creatinine (Sarcosine Oxidase Method)^^F|0.556610^^^^|mg/dL|^|N||F|0.556610^^^^|0|20260829181749||Mindry^[CR]R|864|BIT^T.BILL H^^F|0.372572^^^^|mg/dL|^|N||F|0.372572^^^^|0|20260829181758||Mindry^[CR]R|865|CHOL^T.CHOL^^F|187.448510^^^^|mg/dL|^|N||F|187.448510^^^^|0|20260829181316||Mindry^[CR]R|866|ALB^ALBUMIN ^^F|3.959211^^^^|g/dL|^|N||F|3.959211^^^^|0|20260829181325||Mindry^[CR]R|867|ALP^ALKALINE ^^F|81.476271^^^^|U/L|^|N||F|81.476271^^^^|0|20260829181806||Mindry^[CR]R|868|URIC^URIC ACID^^F|6.763531^^^^|mg/dL|^|N||F|6.763531^^^^|0|20260829181234||Mindry^[CR]R|869|TP^TP H^^F|6.690143^^^^|g/dL|^|N||F|6.690143^^^^|0|20260829181840||Mindry^[CR]R|870|GGT^GGT H^^F|12.952103^^^^|U/L|^|N||F|12.952103^^^^|0|20260829181832||Mindry^[CR]R|871|CAL^CA. SB^^F|9.067165^^^^|mg/dL|^|N||F|9.067165^^^^|0|20260829181408||Mindry^[CR]R|872|Iron^IRON^^F|55.060630^^^^|g/dL|^|N||F|55.060630^^^^|0|20260829181906||Mindry^[CR]R|873|UREA^UREA^^F|20.114631^^^^|mg/dL|^|N||F|20.114631^^^^|0|20260829181806||Mindry^[CR]L|314|N[CR][ETX]7A[CR][LF]
2026-08-29 18:19:06 - [EOT]
2026-08-29 18:21:15 - [ENQ]
2026-08-29 18:21:15 - [STX]1H|\^&|||Mindry^^|||||||PR|1394-97|20260829182115[CR]P|128||PATIENT111||ABC^^||19600315^66^Y|M||||||||||||||||||||||||||[CR]O|128|69^1^2|9572707|BID^Bilirubin Direct (DSA Method)^^\SGPT^Alanine Aminotransferase^^\SGOT^Aspartate Aminotransferase^^\TRIG^Triglycerides^^\CREAT^Creatinine (Sarcosine Oxidase Method)^^\BIT^T.BILL H^^\CHOL^T.CHOL^^\ALB^ALBUMIN ^^\ALP^ALKALINE ^^\URIC^URIC ACID^^\TP^TP H^^\GGT^GGT H^^\CAL^CA. SB^^\Iron^IRON^^\UREA^UREA^^|R|20260829180411|20260829180411|||||||20260829180411|serum||||||||||F|||||[CR]R|874|BID^Bilirubin Direct (DSA Method)^^F|0.223399^^^^|mg/dL|^|N||F|0.223399^^^^|0|20260829181923||Mindry^[CR]R|875|SGPT^Alanine Aminotransferase^^F|27.059155^^^^|U/L|^|N||F|27.059155^^^^|0|20260829181915||Mindry^[CR]R|876|SGOT^Aspartate Aminotransferase^^F|32.180113^^^^|U/L|^|N||F|32.180113^^^^|0|20260829181923||Mindry^[CR]R|877|TRIG^Triglycerides^^F|94.239378^^^^|mg/dL|^|N||F|94.239378^^^^|0|20260829181949||Mindry^[CR]R|878|CREAT^Creatinine (Sarcosine Oxidase Method)^^F|0.680675^^^^|mg/dL|^|N||F|0.680675^^^^|0|20260829181957||Mindry^[CR]R|879|BIT^T.BILL H^^F|0.600177^^^^|mg/dL|^|N||F|0.600177^^^^|0|20260829182006||Mindry^[CR]R|880|CHOL^T.CHOL^^F|150.008110^^^^|mg/dL|^|N||F|150.008110^^^^|0|20260829181525||Mindry^[CR]R|881|ALB^ALBUMIN ^^F|4.062511^^^^|g/dL|^|N||F|4.062511^^^^|0|20260829181533||Mindry^[CR]R|882|ALP^ALKALINE ^^F|72.301643^^^^|U/L|^|N||F|72.301643^^^^|0|20260829182015||Mindry^[CR]R|883|URIC^URIC ACID^^F|4.938862^^^^|mg/dL|^|N||F|4.938862^^^^|0|20260829181442||Mindry^[CR]R|884|TP^TP H^^F|7.335752^^^^|g/dL|^|N||F|7.335752^^^^|0|20260829182049||Mindry^[CR]R|885|GGT^GGT H^^F|23.479532^^^^|U/L|^|N||F|23.479532^^^^|0|20260829182040||Mindry^[CR]R|886|CAL^CA. SB^^F|7.763600^^^^|mg/dL|^|N||F|7.763600^^^^|0|20260829181616||Mindry^[CR]R|887|Iron^IRON^^F|96.946436^^^^|g/dL|^|N||F|96.946436^^^^|0|20260829182114||Mindry^[CR]R|888|UREA^UREA^^F|18.670912^^^^|mg/dL|^|N||F|18.670912^^^^|0|20260829182014||Mindry^[CR]L|315|N[CR][ETX]AF[CR][LF]
2026-08-29 18:21:15 - [EOT]
2026-08-29 18:23:23 - [ENQ]
2026-08-29 18:23:23 - [STX]1H|\^&|||Mindry^^|||||||PR|1394-97|20260829182323[CR]P|129||PATIENT111||ABC^^||19600315^66^Y|M||||||||||||||||||||||||||[CR]O|129|70^1^3|9571695|BID^Bilirubin Direct (DSA Method)^^\SGPT^Alanine Aminotransferase^^\SGOT^Aspartate Aminotransferase^^\TRIG^Triglycerides^^\CREAT^Creatinine (Sarcosine Oxidase Method)^^\BIT^T.BILL H^^\CHOL^T.CHOL^^\ALB^ALBUMIN ^^\ALP^ALKALINE ^^\URIC^URIC ACID^^\TP^TP H^^\GGT^GGT H^^\CAL^CA. SB^^\Iron^IRON^^\UREA^UREA^^|R|20260829180411|20260829180411|||||||20260829180411|serum||||||||||F|||||[CR]R|889|BID^Bilirubin Direct (DSA Method)^^F|0.186701^^^^|mg/dL|^|N||F|0.186701^^^^|0|20260829182132||Mindry^[CR]R|890|SGPT^Alanine Aminotransferase^^F|21.459095^^^^|U/L|^|N||F|21.459095^^^^|0|20260829182123||Mindry^[CR]R|891|SGOT^Aspartate Aminotransferase^^F|19.651807^^^^|U/L|^|N||F|19.651807^^^^|0|20260829182132||Mindry^[CR]R|892|TRIG^Triglycerides^^F|142.557426^^^^|mg/dL|^|N||F|142.557426^^^^|0|20260829182157||Mindry^[CR]R|893|CREAT^Creatinine (Sarcosine Oxidase Method)^^F|0.715337^^^^|mg/dL|^|N||F|0.715337^^^^|0|20260829182206||Mindry^[CR]R|894|BIT^T.BILL H^^F|0.584943^^^^|mg/dL|^|N||F|0.584943^^^^|0|20260829182214||Mindry^[CR]R|895|CHOL^T.CHOL^^F|188.574330^^^^|mg/dL|^|N||F|188.574330^^^^|0|20260829181733||Mindry^[CR]R|896|ALB^ALBUMIN ^^F|3.673162^^^^|g/dL|^|N||F|3.673162^^^^|0|20260829181742||Mindry^[CR]R|897|ALP^ALKALINE ^^F|119.806535^^^^|U/L|^|N||F|119.806535^^^^|0|20260829182223||Mindry^[CR]R|898|URIC^URIC ACID^^F|9.007437^^^^|mg/dL|^|N||F|9.007437^^^^|0|20260829181650||Mindry^[CR]R|899|TP^TP H^^F|6.236735^^^^|g/dL|^|N||F|6.236735^^^^|0|20260829182257||Mindry^[CR]R|900|GGT^GGT H^^F|26.767726^^^^|U/L|^|N||F|26.767726^^^^|0|20260829182249||Mindry^[CR]R|901|CAL^CA. SB^^F|9.123608^^^^|mg/dL|^|N||F|9.123608^^^^|0|20260829181825||Mindry^[CR]R|902|Iron^IRON^^F|-144.646303^^^^|g/dL|^|N||F|-144.646303^^^^|0|20260829182323||Mindry^[CR]R|903|UREA^UREA^^F|31.673048^^^^|mg/dL|^|N||F|31.673048^^^^|0|20260829182223||Mindry^[CR]L|316|N[CR][ETX]44[CR][LF]
2026-08-29 18:23:23 - [EOT]
2026-08-29 18:25:31 - [ENQ]
2026-08-29 18:25:32 - [STX]1H|\^&|||Mindry^^|||||||PR|1394-97|20260829182531[CR]P|130||PATIENT111||ABC^^||19600315^66^Y|M||||||||||||||||||||||||||[CR]O|130|71^1^5|9572720|BID^Bilirubin Direct (DSA Method)^^\SGPT^Alanine Aminotransferase^^\SGOT^Aspartate Aminotransferase^^\TRIG^Triglycerides^^\CREAT^Creatinine (Sarcosine Oxidase Method)^^\BIT^T.BILL H^^\CHOL^T.CHOL^^\ALB^ALBUMIN ^^\ALP^ALKALINE ^^\URIC^URIC ACID^^\TP^TP H^^\GGT^GGT H^^\CAL^CA. SB^^\Iron^IRON^^\UREA^UREA^^|R|20260829180412|20260829180412|||||||20260829180412|serum||||||||||F|||||[CR]R|904|BID^Bilirubin Direct (DSA Method)^^F|0.236101^^^^|mg/dL|^|N||F|0.236101^^^^|0|20260829182340||Mindry^[CR]R|905|SGPT^Alanine Aminotransferase^^F|29.781279^^^^|U/L|^|N||F|29.781279^^^^|0|20260829182331||Mindry^[CR]R|906|SGOT^Aspartate Aminotransferase^^F|38.102021^^^^|U/L|^|N||F|38.102021^^^^|0|20260829182340||Mindry^[CR]R|907|TRIG^Triglycerides^^F|180.745716^^^^|mg/dL|^|N||F|180.745716^^^^|0|20260829182406||Mindry^[CR]R|908|CREAT^Creatinine (Sarcosine Oxidase Method)^^F|0.636803^^^^|mg/dL|^|N||F|0.636803^^^^|0|20260829182414||Mindry^[CR]R|909|BIT^T.BILL H^^F|0.462446^^^^|mg/dL|^|N||F|0.462446^^^^|0|20260829182423||Mindry^[CR]R|910|CHOL^T.CHOL^^F|202.437670^^^^|mg/dL|^|N||F|202.437670^^^^|0|20260829181942||Mindry^[CR]R|911|ALB^ALBUMIN ^^F|4.026500^^^^|g/dL|^|N||F|4.026500^^^^|0|20260829181950||Mindry^[CR]R|912|ALP^ALKALINE ^^F|96.104401^^^^|U/L|^|N||F|96.104401^^^^|0|20260829182431||Mindry^[CR]R|913|URIC^URIC ACID^^F|8.572083^^^^|mg/dL|^|N||F|8.572083^^^^|0|20260829181859||Mindry^[CR]R|914|TP^TP H^^F|6.748709^^^^|g/dL|^|N||F|6.748709^^^^|0|20260829182506||Mindry^[CR]R|915|GGT^GGT H^^F|31.146555^^^^|U/L|^|N||F|31.146555^^^^|0|20260829182457||Mindry^[CR]R|916|CAL^CA. SB^^F|9.665233^^^^|mg/dL|^|N||F|9.665233^^^^|0|20260829182033||Mindry^[CR]R|917|Iron^IRON^^F|-66.513108^^^^|g/dL|^|N||F|-66.513108^^^^|0|20260829182531||Mindry^[CR]R|918|UREA^UREA^^F|43.799131^^^^|mg/dL|^|N||F|43.799131^^^^|0|20260829182431||Mindry^[CR]L|317|N[CR][ETX]DD[CR][LF]
2026-08-29 18:25:32 - [EOT]
2026-08-29 18:25:41 - [ENQ]
2026-08-29 18:25:42 - [STX]1H|\^&|||Mindry^^|||||||PR|1394-97|20260829182541[CR]P|131||PATIENT111||ABC^^||19600315^66^Y|M||||||||||||||||||||||||||[CR]O|131|76^1^10|9571701|URIC^URIC ACID^^|R|20260829180413|20260829180413|||||||20260829180413|serum||||||||||F|||||[CR]R|919|URIC^URIC ACID^^F|6.039033^^^^|mg/dL|^|N||F|6.039033^^^^|0|20260829182541||Mindry^[CR]L|318|N[CR][ETX]56[CR][LF]
2026-08-29 18:25:42 - [EOT]
2026-08-29 18:27:40 - [ENQ]
2026-08-29 18:27:40 - [STX]1H|\^&|||Mindry^^|||||||PR|1394-97|20260829182740[CR]P|132||PATIENT111||ABC^^||19600315^66^Y|M||||||||||||||||||||||||||[CR]O|132|72^1^6|9572723|BID^Bilirubin Direct (DSA Method)^^\SGPT^Alanine Aminotransferase^^\SGOT^Aspartate Aminotransferase^^\TRIG^Triglycerides^^\CREAT^Creatinine (Sarcosine Oxidase Method)^^\BIT^T.BILL H^^\CHOL^T.CHOL^^\ALB^ALBUMIN ^^\ALP^ALKALINE ^^\URIC^URIC ACID^^\TP^TP H^^\GGT^GGT H^^\CAL^CA. SB^^\Iron^IRON^^\UREA^UREA^^|R|20260829180412|20260829180412|||||||20260829180412|serum||||||||||F|||||[CR]R|920|BID^Bilirubin Direct (DSA Method)^^F|0.235216^^^^|mg/dL|^|N||F|0.235216^^^^|0|20260829182548||Mindry^[CR]R|921|SGPT^Alanine Aminotransferase^^F|31.366974^^^^|U/L|^|N||F|31.366974^^^^|0|20260829182540||Mindry^[CR]R|922|SGOT^Aspartate Aminotransferase^^F|33.506171^^^^|U/L|^|N||F|33.506171^^^^|0|20260829182548||Mindry^[CR]R|923|TRIG^Triglycerides^^F|179.228725^^^^|mg/dL|^|N||F|179.228725^^^^|0|20260829182614||Mindry^[CR]R|924|CREAT^Creatinine (Sarcosine Oxidase Method)^^F|0.903466^^^^|mg/dL|^|N||F|0.903466^^^^|0|20260829182623||Mindry^[CR]R|925|BIT^T.BILL H^^F|0.489928^^^^|mg/dL|^|N||F|0.489928^^^^|0|20260829182631||Mindry^[CR]R|926|CHOL^T.CHOL^^F|187.556906^^^^|mg/dL|^|N||F|187.556906^^^^|0|20260829182150||Mindry^[CR]R|927|ALB^ALBUMIN ^^F|3.782697^^^^|g/dL|^|N||F|3.782697^^^^|0|20260829182159||Mindry^[CR]R|928|ALP^ALKALINE ^^F|94.968737^^^^|U/L|^|N||F|94.968737^^^^|0|20260829182640||Mindry^[CR]R|929|URIC^URIC ACID^^F|9.169753^^^^|mg/dL|^|N||F|9.169753^^^^|0|20260829182107||Mindry^[CR]R|930|TP^TP H^^F|6.316469^^^^|g/dL|^|N||F|6.316469^^^^|0|20260829182714||Mindry^[CR]R|931|GGT^GGT H^^F|39.858204^^^^|U/L|^|N||F|39.858204^^^^|0|20260829182705||Mindry^[CR]R|932|CAL^CA. SB^^F|9.591354^^^^|mg/dL|^|N||F|9.591354^^^^|0|20260829182242||Mindry^[CR]R|933|Iron^IRON^^F|128.988506^^^^|g/dL|^|N||F|128.988506^^^^|0|20260829182740||Mindry^[CR]R|934|UREA^UREA^^F|26.707179^^^^|mg/dL|^|N||F|26.707179^^^^|0|20260829182640||Mindry^[CR]L|319|N[CR][ETX]04[CR][LF]
2026-08-29 18:27:40 - [EOT]
2026-08-29 18:29:48 - [ENQ]
2026-08-29 18:29:48 - [STX]1H|\^&|||Mindry^^|||||||PR|1394-97|20260829182948[CR]P|133||PATIENT111||ABC^^||19600315^66^Y|M||||||||||||||||||||||||||[CR]O|133|73^1^7|9572704|BID^Bilirubin Direct (DSA Method)^^\SGPT^Alanine Aminotransferase^^\SGOT^Aspartate Aminotransferase^^\TRIG^Triglycerides^^\CREAT^Creatinine (Sarcosine Oxidase Method)^^\BIT^T.BILL H^^\CHOL^T.CHOL^^\ALB^ALBUMIN ^^\ALP^ALKALINE ^^\URIC^URIC ACID^^\TP^TP H^^\GGT^GGT H^^\CAL^CA. SB^^\Iron^IRON^^\UREA^UREA^^|R|20260829180412|20260829180412|||||||20260829180412|serum||||||||||F|||||[CR]R|935|BID^Bilirubin Direct (DSA Method)^^F|0.143230^^^^|mg/dL|^|N||F|0.143230^^^^|0|20260829182757||Mindry^[CR]R|936|SGPT^Alanine Aminotransferase^^F|21.514399^^^^|U/L|^|N||F|21.514399^^^^|0|20260829182748||Mindry^[CR]R|937|SGOT^Aspartate Aminotransferase^^F|36.137985^^^^|U/L|^|N||F|36.137985^^^^|0|20260829182757||Mindry^[CR]R|938|TRIG^Triglycerides^^F|193.856312^^^^|mg/dL|^|N||F|193.856312^^^^|0|20260829182822||Mindry^[CR]R|939|CREAT^Creatinine (Sarcosine Oxidase Method)^^F|0.473380^^^^|mg/dL|^|N||F|0.473380^^^^|0|20260829182831||Mindry^[CR]R|940|BIT^T.BILL H^^F|0.258354^^^^|mg/dL|^|N||F|0.258354^^^^|0|20260829182840||Mindry^[CR]R|941|CHOL^T.CHOL^^F|115.887844^^^^|mg/dL|^|N||F|115.887844^^^^|0|20260829182359||Mindry^[CR]R|942|ALB^ALBUMIN ^^F|3.983837^^^^|g/dL|^|N||F|3.983837^^^^|0|20260829182407||Mindry^[CR]R|943|ALP^ALKALINE ^^F|75.625351^^^^|U/L|^|N||F|75.625351^^^^|0|20260829182848||Mindry^[CR]R|944|URIC^URIC ACID^^F|4.888485^^^^|mg/dL|^|N||F|4.888485^^^^|0|20260829182316||Mindry^[CR]R|945|TP^TP H^^F|6.523537^^^^|g/dL|^|N||F|6.523537^^^^|0|20260829182922||Mindry^[CR]R|946|GGT^GGT H^^F|27.129805^^^^|U/L|^|N||F|27.129805^^^^|0|20260829182914||Mindry^[CR]R|947|CAL^CA. SB^^F|8.757731^^^^|mg/dL|^|N||F|8.757731^^^^|0|20260829182450||Mindry^[CR]R|948|Iron^IRON^^F|-305.169637^^^^|g/dL|^|N||F|-305.169637^^^^|0|20260829182948||Mindry^[CR]R|949|UREA^UREA^^F|19.358846^^^^|mg/dL|^|N||F|19.358846^^^^|0|20260829182848||Mindry^[CR]L|320|N[CR][ETX]7B[CR][LF]
2026-08-29 18:29:48 - [EOT]
2026-08-29 18:30:57 - [ENQ]
2026-08-29 18:30:57 - [STX]1H|\^&|||Mindry^^|||||||PR|1394-97|20260829183057[CR]P|134||PATIENT111||ABC^^||19600315^66^Y|M||||||||||||||||||||||||||[CR]O|134|77^1^11|9572725|GLU^GLU H^^|R|20260829180413|20260829180413|||||||20260829180413|serum||||||||||F|||||[CR]R|950|GLU^GLU H^^F|136.787484^^^^|mg/dL|^|N||F|136.787484^^^^|0|20260829183056||Mindry^[CR]L|321|N[CR][ETX]91[CR][LF]
2026-08-29 18:30:57 - [EOT]
2026-08-29 18:31:05 - [ENQ]
2026-08-29 18:31:05 - [STX]1H|\^&|||Mindry^^|||||||PR|1394-97|20260829183105[CR]P|135||PATIENT111||ABC^^||19600315^66^Y|M||||||||||||||||||||||||||[CR]O|135|78^1^12|9572705|GLU^GLU H^^|R|20260829180414|20260829180414|||||||20260829180414|serum||||||||||F|||||[CR]R|951|GLU^GLU H^^F|106.245801^^^^|mg/dL|^|N||F|106.245801^^^^|0|20260829183105||Mindry^[CR]L|322|N[CR][ETX]63[CR][LF]
2026-08-29 18:31:05 - [EOT]
2026-08-29 18:31:14 - [ENQ]
2026-08-29 18:31:14 - [STX]1H|\^&|||Mindry^^|||||||PR|1394-97|20260829183114[CR]P|136||PATIENT111||ABC^^||19600315^66^Y|M||||||||||||||||||||||||||[CR]O|136|79^1^13|9571698|GLU^GLU H^^|R|20260829180414|20260829180414|||||||20260829180414|serum||||||||||F|||||[CR]R|952|GLU^GLU H^^F|215.750013^^^^|mg/dL|^|N||F|215.750013^^^^|0|20260829183113||Mindry^[CR]L|323|N[CR][ETX]6C[CR][LF]
2026-08-29 18:31:14 - [EOT]
2026-08-29 18:31:14 - [ENQ]
2026-08-29 18:31:14 - [STX]1H|\^&|||Mindry^^|||||||PR|1394-97|20260829183114[CR]P|137||PATIENT111||ABC^^||19600315^66^Y|M||||||||||||||||||||||||||[CR]O|137|75^1^9|9572709|SGPT^Alanine Aminotransferase^^|R|20260829180413|20260829180413|||||||20260829180413|serum||||||||||F|||||[CR]R|953|SGPT^Alanine Aminotransferase^^F|34.028815^^^^|U/L|^|N||F|34.028815^^^^|0|20260829183113||Mindry^[CR]L|324|N[CR][ETX]E3[CR][LF]
2026-08-29 18:31:14 - [EOT]
2026-08-29 18:31:14 - [ENQ]
2026-08-29 18:31:14 - [STX]1H|\^&|||Mindry^^|||||||PR|1394-97|20260829183114[CR]P|138||PATIENT111||ABC^^||19600315^66^Y|M||||||||||||||||||||||||||[CR]O|138|74^1^8|9571706|BID^Bilirubin Direct (DSA Method)^^\SGPT^Alanine Aminotransferase^^\SGOT^Aspartate Aminotransferase^^\BIT^T.BILL H^^\ALB^ALBUMIN ^^\ALP^ALKALINE ^^\TP^TP H^^\GGT^GGT H^^|R|20260829180413|20260829180413|||||||20260829180413|serum||||||||||F|||||[CR]R|954|BID^Bilirubin Direct (DSA Method)^^F|0.213522^^^^|mg/dL|^|N||F|0.213522^^^^|0|20260829183022||Mindry^[CR]R|955|SGPT^Alanine Aminotransferase^^F|18.482570^^^^|U/L|^|N||F|18.482570^^^^|0|20260829183014||Mindry^[CR]R|956|SGOT^Aspartate Aminotransferase^^F|24.982521^^^^|U/L|^|N||F|24.982521^^^^|0|20260829183022||Mindry^[CR]R|957|BIT^T.BILL H^^F|0.842691^^^^|mg/dL|^|N||F|0.842691^^^^|0|20260829183048||Mindry^[CR]R|958|ALB^ALBUMIN ^^F|4.072824^^^^|g/dL|^|N||F|4.072824^^^^|0|20260829182607||Mindry^[CR]R|959|ALP^ALKALINE ^^F|67.631675^^^^|U/L|^|N||F|67.631675^^^^|0|20260829183048||Mindry^[CR]R|960|TP^TP H^^F|6.889832^^^^|g/dL|^|N||F|6.889832^^^^|0|20260829183113||Mindry^[CR]R|961|GGT^GGT H^^F|20.659183^^^^|U/L|^|N||F|20.659183^^^^|0|20260829183105||Mindry^[CR]L|325|N[CR][ETX]83[CR][LF]
2026-08-29 18:31:14 - [EOT]
2026-08-29 18:31:22 - [ENQ]
2026-08-29 18:31:22 - [STX]1H|\^&|||Mindry^^|||||||PR|1394-97|20260829183122[CR]P|139||PATIENT111||ABC^^||19600315^66^Y|M||||||||||||||||||||||||||[CR]O|139|80^1^14|9572722|GLU^GLU H^^|R|20260829180414|20260829180414|||||||20260829180414|serum||||||||||F|||||[CR]R|962|GLU^GLU H^^F|110.278368^^^^|mg/dL|^|N||F|110.278368^^^^|0|20260829183122||Mindry^[CR]L|326|N[CR][ETX]7B[CR][LF]
2026-08-29 18:31:22 - [EOT]
2026-08-29 18:31:31 - [ENQ]
2026-08-29 18:31:31 - [STX]1H|\^&|||Mindry^^|||||||PR|1394-97|20260829183131[CR]P|140||PATIENT111||ABC^^||19600315^66^Y|M||||||||||||||||||||||||||[CR]O|140|81^1^15|9572702|GLU^GLU H^^|R|20260829180415|20260829180415|||||||20260829180415|serum||||||||||F|||||[CR]R|963|GLU^GLU H^^F|110.244824^^^^|mg/dL|^|N||F|110.244824^^^^|0|20260829183131||Mindry^[CR]L|327|N[CR][ETX]5C[CR][LF]
2026-08-29 18:31:31 - [EOT]
2026-08-29 18:34:22 - [ENQ]
2026-08-29 18:34:22 - [STX]1H|\^&|||Mindry^^|||||||PR|1394-97|20260829183422[CR]P|141||||^^||^^|U||||||||||||||||||||||||||[CR]O|141|82^1^24|9572712|BID^Bilirubin Direct (DSA Method)^^\SGPT^Alanine Aminotransferase^^\SGOT^Aspartate Aminotransferase^^\TRIG^Triglycerides^^\BIT^T.BILL H^^\CHOL^T.CHOL^^\ALB^ALBUMIN ^^\ALP^ALKALINE ^^\URIC^URIC ACID^^\TP^TP H^^\GGT^GGT H^^\^D.BIL H^^\CAL^CA. SB^^\Iron^IRON^^\UREA^UREA^^|R|20260829181650|20260829181637|||||||20260829181637|serum||||||||||F|||||[CR]R|964|BID^Bilirubin Direct (DSA Method)^^F|0.165207^^^^|mg/dL|^|N||F|0.165207^^^^|0|20260829183230||Mindry^[CR]R|965|SGPT^Alanine Aminotransferase^^F|15.838006^^^^|U/L|^|N||F|15.838006^^^^|0|20260829183222||Mindry^[CR]R|966|SGOT^Aspartate Aminotransferase^^F|27.886349^^^^|U/L|^|N||F|27.886349^^^^|0|20260829183230||Mindry^[CR]R|967|TRIG^Triglycerides^^F|93.308981^^^^|mg/dL|^|N||F|93.308981^^^^|0|20260829183256||Mindry^[CR]R|968|BIT^T.BILL H^^F|0.476817^^^^|mg/dL|^|N||F|0.476817^^^^|0|20260829183305||Mindry^[CR]R|969|CHOL^T.CHOL^^F|251.258246^^^^|mg/dL|^|N||F|251.258246^^^^|0|20260829182824||Mindry^[CR]R|970|ALB^ALBUMIN ^^F|4.255943^^^^|g/dL|^|N||F|4.255943^^^^|0|20260829182832||Mindry^[CR]R|971|ALP^ALKALINE ^^F|83.852161^^^^|U/L|^|N||F|83.852161^^^^|0|20260829183313||Mindry^[CR]R|972|URIC^URIC ACID^^F|5.179586^^^^|mg/dL|^|N||F|5.179586^^^^|0|20260829182741||Mindry^[CR]R|973|TP^TP H^^F|7.036369^^^^|g/dL|^|N||F|7.036369^^^^|0|20260829183347||Mindry^[CR]R|974|GGT^GGT H^^F|16.510110^^^^|U/L|^|N||F|16.510110^^^^|0|20260829183339||Mindry^[CR]R|975|^D.BIL H^^F|-1.360317^^^^|mg/dL|^|N||F|-1.360317^^^^|0|20260829183404||Mindry^[CR]R|976|CAL^CA. SB^^F|8.419098^^^^|mg/dL|^|N||F|8.419098^^^^|0|20260829182924||Mindry^[CR]R|977|Iron^IRON^^F|-348.603584^^^^|g/dL|^|N||F|-348.603584^^^^|0|20260829183421||Mindry^[CR]R|978|UREA^UREA^^F|18.227953^^^^|mg/dL|^|N||F|18.227953^^^^|0|20260829183322||Mindry^[CR]L|328|N[CR][ETX]0D[CR][LF]
2026-08-29 18:34:22 - [EOT]
2026-08-29 19:39:17 - [ENQ]
2026-08-29 19:39:17 - [STX]1H|\^&|||Mindry^^|||||||RQ|1394-97|20260829193917[CR]Q|188|^9571692||||||||||O[CR]L|329|N[CR][ETX]00[CR][LF]
2026-08-29 19:39:17 - [EOT]
2026-08-29 19:39:18 - [ACK]
2026-08-29 19:39:18 - --Send Message To Machine --[ENQ]
2026-08-29 19:39:18 - --Send Message To Machine --[STX]1H|\^&||| Product Model^01.03.07.03^123456|||||||SA|1394-97|20260829193918[CR]P|1||PATIENT111||ABC^XYZ^j||19600315|M|||A|||icteru||||||01|||||A1|002|||||||[CR]O|1|1^1^1|9571692|SGPT^^2^1\SGOT^^2^1|R|20260829193918|20260829193918||||||||serum|||1|||||||Q|||||[CR]L|1|N[CR][ETX]23[CR][LF]
2026-08-29 19:39:18 - [ACK]
2026-08-29 19:39:18 - --Send Message To Machine --[EOT]
2026-08-29 19:51:22 - [ENQ]
2026-08-29 19:51:22 - [STX]1H|\^&|||Mindry^^|||||||RQ|1394-97|20260829195122[CR]Q|189|^9571692||||||||||O[CR]L|330|N[CR][ETX]EF[CR][LF]
2026-08-29 19:51:22 - [EOT]
2026-08-29 19:51:22 - [ACK]
2026-08-29 19:51:22 - --Send Message To Machine --[ENQ]
2026-08-29 19:51:22 - --Send Message To Machine --[STX]1H|\^&||| Product Model^01.03.07.03^123456|||||||SA|1394-97|20260829195122[CR]P|1||PATIENT111||ABC^XYZ^j||19600315|M|||A|||icteru||||||01|||||A1|002|||||||[CR]O|1|1^1^1|9571692|SGPT^^2^1\SGOT^^2^1|R|20260829195122|20260829195122||||||||serum|||1|||||||Q|||||[CR]L|1|N[CR][ETX]02[CR][LF]
2026-08-29 19:51:22 - [ACK]
2026-08-29 19:51:22 - --Send Message To Machine --[EOT]
2026-08-29 19:51:22 - [ENQ]
2026-08-29 19:51:22 - [STX]1H|\^&|||Mindry^^|||||||RQ|1394-97|20260829195122[CR]Q|190|^9368179||||||||||O[CR]L|331|N[CR][ETX]EC[CR][LF]
2026-08-29 19:51:22 - [EOT]
2026-08-29 19:51:22 - [ACK]
2026-08-29 19:51:22 - --Send Message To Machine --[ENQ]
2026-08-29 19:51:22 - --Send Message To Machine --[STX]1H|\^&||| Product Model^01.03.07.03^123456|||||||SA|1394-97|20260829195122[CR]P|1||PATIENT111||ABC^XYZ^j||19600315|M|||A|||icteru||||||01|||||A1|002|||||||[CR]O|1|1^1^1|9368179|TP^^2^1\ALB^^2^1\ALP^^2^1\SGPT^^2^1\SGOT^^2^1\BIT^^2^1|R|20260829195122|20260829195122||||||||serum|||1|||||||Q|||||[CR]L|1|N[CR][ETX]99[CR][LF]
2026-08-29 19:51:22 - [ACK]
2026-08-29 19:51:23 - --Send Message To Machine --[EOT]
2026-08-29 19:51:23 - [ENQ]
2026-08-29 19:51:23 - [STX]1H|\^&|||Mindry^^|||||||RQ|1394-97|20260829195123[CR]Q|191|^9368880||||||||||O[CR]L|332|N[CR][ETX]EE[CR][LF]
2026-08-29 19:51:23 - [EOT]
2026-08-29 19:51:23 - [ACK]
2026-08-29 19:51:23 - --Send Message To Machine --[ENQ]
2026-08-29 19:51:23 - --Send Message To Machine --[STX]1H|\^&||| Product Model^01.03.07.03^123456|||||||SA|1394-97|20260829195123[CR]P|1||PATIENT111||ABC^XYZ^j||19600315|M|||A|||icteru||||||01|||||A1|002|||||||[CR]O|1|1^1^1|9368880|GLU^^2^1|R|20260829195123|20260829195123||||||||serum|||1|||||||Q|||||[CR]L|1|N[CR][ETX]9C[CR][LF]
2026-08-29 19:51:23 - [ACK]
2026-08-29 19:51:23 - --Send Message To Machine --[EOT]
2026-08-29 19:51:23 - [ENQ]
2026-08-29 19:51:23 - [STX]1H|\^&|||Mindry^^|||||||RQ|1394-97|20260829195123[CR]Q|192|^9368878||||||||||O[CR]L|333|N[CR][ETX]F7[CR][LF]
2026-08-29 19:51:23 - [EOT]
2026-08-29 19:51:23 - [ACK]
2026-08-29 19:51:23 - --Send Message To Machine --[ENQ]
2026-08-29 19:51:23 - --Send Message To Machine --[STX]1H|\^&||| Product Model^01.03.07.03^123456|||||||SA|1394-97|20260829195123[CR]P|1||PATIENT111||ABC^XYZ^j||19600315|M|||A|||icteru||||||01|||||A1|002|||||||[CR]O|1|1^1^1|9368878|HDL^^2^1\LDL^^2^1\CHOL^^2^1\TC^^2^1\CREAT^^2^1\GGT^^2^1\Iron^^2^1\TIBC^^2^1\ALB^^2^1\TP^^2^1\TG^^2^1\TRIG^^2^1\UREA^^2^1\URIC^^2^1\RFII^^2^1\UIBC^^2^1\ALP^^2^1\SGPT^^2^1\SGOT^^2^1\BID^^2^1\BIT^^2^1\CAL^^2^1|R|20260829195123|20260829195123||||||||serum|||1|||||||Q|||||[CR]L|1|N[CR][ETX]CB[CR][LF]
2026-08-29 19:51:23 - --Send Message To Machine --[EOT]
2026-08-29 19:51:23 - [ACK]
2026-08-29 19:52:04 - [ENQ]
2026-08-29 19:52:04 - [STX]1H|\^&|||Mindry^^|||||||PR|1394-97|20260829195204[CR]P|142||PATIENT111||ABC^^||19600315^66^Y|M||||||||||||||||||||||||||[CR]O|142|83^1^1|9571692|SGPT^Alanine Aminotransferase^^\SGOT^Aspartate Aminotransferase^^|R|20260829193918|20260829195122|||||||20260829193918|serum||||||||||F|||||[CR]R|979|SGPT^Alanine Aminotransferase^^F|20.067188^^^^|U/L|^|N||F|20.067188^^^^|0|20260829195155||Mindry^[CR]R|980|SGOT^Aspartate Aminotransferase^^F|32.251411^^^^|U/L|^|N||F|32.251411^^^^|0|20260829195204||Mindry^[CR]L|334|N[CR][ETX]59[CR][LF]
2026-08-29 19:52:04 - [EOT]
2026-08-29 20:02:45 - [ENQ]
2026-08-29 20:02:45 - [STX]1H|\^&|||Mindry^^|||||||PR|1394-97|20260829200245[CR]P|143||PATIENT111||ABC^^||19600315^66^Y|M||||||||||||||||||||||||||[CR]O|143|85^1^3|9368880|GLU^GLU H^^|R|20260829195123|20260829195123|||||||20260829195123|serum||||||||||F|||||[CR]R|981|GLU^GLU H^^F|89.891591^^^^|mg/dL|^|N||F|89.891591^^^^|0|20260829200245||Mindry^[CR]L|335|N[CR][ETX]0A[CR][LF]
2026-08-29 20:02:45 - [EOT]
2026-08-29 20:03:28 - [ENQ]
2026-08-29 20:03:28 - [STX]1H|\^&|||Mindry^^|||||||PR|1394-97|20260829200328[CR]P|144||PATIENT111||ABC^^||19600315^66^Y|M||||||||||||||||||||||||||[CR]O|144|84^1^2|9368179|SGPT^Alanine Aminotransferase^^\SGOT^Aspartate Aminotransferase^^\BIT^T.BILL H^^\ALB^ALBUMIN ^^\ALP^ALKALINE ^^\TP^TP H^^|R|20260829195122|20260829195122|||||||20260829195123|serum||||||||||F|||||[CR]R|982|SGPT^Alanine Aminotransferase^^F|62.409154^^^^|U/L|^|N||F|62.409154^^^^|0|20260829200228||Mindry^[CR]R|983|SGOT^Aspartate Aminotransferase^^F|108.013969^^^^|U/L|^|N||F|108.013969^^^^|0|20260829200237||Mindry^[CR]R|984|BIT^T.BILL H^^F|10.164839^^^^|mg/dL|^|N||F|10.164839^^^^|0|20260829200302||Mindry^[CR]R|985|ALB^ALBUMIN ^^F|3.522049^^^^|g/dL|^|N||F|3.522049^^^^|0|20260829195821||Mindry^[CR]R|986|ALP^ALKALINE ^^F|215.659706^^^^|U/L|^|N||F|215.659706^^^^|0|20260829200302||Mindry^[CR]R|987|TP^TP H^^F|6.527289^^^^|g/dL|^|N||F|6.527289^^^^|0|20260829200328||Mindry^[CR]L|336|N[CR][ETX]DE[CR][LF]
2026-08-29 20:03:28 - [EOT]
2026-08-29 20:05:27 - [ENQ]
2026-08-29 20:05:28 - [STX]1H|\^&|||Mindry^^|||||||PR|1394-97|20260829200527[CR]P|145||PATIENT111||ABC^^||19600315^66^Y|M||||||||||||||||||||||||||[CR]O|145|86^1^4|9368878|BID^Bilirubin Direct (DSA Method)^^\SGPT^Alanine Aminotransferase^^\SGOT^Aspartate Aminotransferase^^\TRIG^Triglycerides^^\BIT^T.BILL H^^\CHOL^T.CHOL^^\ALB^ALBUMIN ^^\ALP^ALKALINE ^^\URIC^URIC ACID^^\TP^TP H^^\GGT^GGT H^^\CAL^CA. SB^^\Iron^IRON^^\UREA^UREA^^|R|20260829195123|20260829195123|||||||20260829195123|serum||||||||||F|||||[CR]R|988|BID^Bilirubin Direct (DSA Method)^^F|0.289500^^^^|mg/dL|^|N||F|0.289500^^^^|0|20260829200345||Mindry^[CR]R|989|SGPT^Alanine Aminotransferase^^F|10.966736^^^^|U/L|^|N||F|10.966736^^^^|0|20260829200336||Mindry^[CR]R|990|SGOT^Aspartate Aminotransferase^^F|16.402597^^^^|U/L|^|N||F|16.402597^^^^|0|20260829200345||Mindry^[CR]R|991|TRIG^Triglycerides^^F|91.264087^^^^|mg/dL|^|N||F|91.264087^^^^|0|20260829200411||Mindry^[CR]R|992|BIT^T.BILL H^^F|1.137295^^^^|mg/dL|^|N||F|1.137295^^^^|0|20260829200419||Mindry^[CR]R|993|CHOL^T.CHOL^^F|139.408821^^^^|mg/dL|^|N||F|139.408821^^^^|0|20260829195938||Mindry^[CR]R|994|ALB^ALBUMIN ^^F|4.159099^^^^|g/dL|^|N||F|4.159099^^^^|0|20260829195947||Mindry^[CR]R|995|ALP^ALKALINE ^^F|89.130294^^^^|U/L|^|N||F|89.130294^^^^|0|20260829200428||Mindry^[CR]R|996|URIC^URIC ACID^^F|6.968264^^^^|mg/dL|^|N||F|6.968264^^^^|0|20260829195856||Mindry^[CR]R|997|TP^TP H^^F|6.443193^^^^|g/dL|^|N||F|6.443193^^^^|0|20260829200502||Mindry^[CR]R|998|GGT^GGT H^^F|16.448924^^^^|U/L|^|N||F|16.448924^^^^|0|20260829200453||Mindry^[CR]R|1|CAL^CA. SB^^F|9.503500^^^^|mg/dL|^|N||F|9.503500^^^^|0|20260829200030||Mindry^[CR]R|2|Iron^IRON^^F|49.798577^^^^|g/dL|^|N||F|49.798577^^^^|0|20260829200527||Mindry^[CR]R|3|UREA^UREA^^F|32.859649^^^^|mg/dL|^|N||F|32.859649^^^^|0|20260829200428||Mindry^[CR]L|337|N[CR][ETX]34[CR][LF]
2026-08-29 20:05:28 - [EOT]
2026-08-29 21:18:25 - [ENQ]
2026-08-29 21:18:25 - [STX]1H|\^&|||Mindry^^|||||||PR|1394-97|20260829211825[CR]P|146||||^^||^^|U||||||||||||||||||||||||||[CR]O|146|87^1^25|4598|CREAT^CRE R^^|R|20260829210358|20260829210344|||||||20260829210344|serum||||||||||F|||||[CR]R|4|CREAT^CRE R^^F|1.472208^^^^|mg/dL|^|N||F|1.472208^^^^|0|20260829211824||Mindry^[CR]L|1|N[CR][ETX]77[CR][LF]
2026-08-29 21:18:25 - [EOT]
2026-08-29 21:18:33 - [ENQ]
2026-08-29 21:18:33 - [STX]1H|\^&|||Mindry^^|||||||PR|1394-97|20260829211833[CR]P|147||||^^||^^|U||||||||||||||||||||||||||[CR]O|147|88^1^26|1708|CREAT^CRE R^^|R|20260829210413|20260829210358|||||||20260829210358|serum||||||||||F|||||[CR]R|5|CREAT^CRE R^^F|1.011169^^^^|mg/dL|^|N||F|1.011169^^^^|0|20260829211833||Mindry^[CR]L|2|N[CR][ETX]6A[CR][LF]
2026-08-29 21:18:33 - [EOT]
2026-08-29 21:30:20 - [ENQ]
2026-08-29 21:30:20 - [STX]1H|\^&|||Mindry^^|||||||RQ|1394-97|20260829213020[CR]Q|193|^9572726||||||||||O[CR]L|3|N[CR][ETX]7A[CR][LF]
2026-08-29 21:30:20 - [EOT]
2026-08-29 21:30:20 - [ACK]
2026-08-29 21:30:20 - --Send Message To Machine --[ENQ]
2026-08-29 21:30:20 - --Send Message To Machine --[STX]1H|\^&||| Product Model^01.03.07.03^123456|||||||SA|1394-97|20260829213020[CR]P|1||PATIENT111||ABC^XYZ^j||19600315|M|||A|||icteru||||||01|||||A1|002|||||||[CR]O|1|1^1^1|9572726|URIC^^2^1|R|20260829213020|20260829213020||||||||serum|||1|||||||Q|||||[CR]L|1|N[CR][ETX]BC[CR][LF]
2026-08-29 21:30:20 - [ACK]
2026-08-29 21:30:20 - --Send Message To Machine --[EOT]
2026-08-29 21:30:20 - [ENQ]
2026-08-29 21:30:20 - [STX]1H|\^&|||Mindry^^|||||||RQ|1394-97|20260829213020[CR]Q|194|^23102570||||||||||O[CR]L|4|N[CR][ETX]9A[CR][LF]
2026-08-29 21:30:20 - [EOT]
2026-08-29 21:30:20 - [ACK]
2026-08-29 21:30:20 - --Send Message To Machine --[ENQ]
2026-08-29 21:30:20 - --Send Message To Machine --[STX]1H|\^&||| Product Model^01.03.07.03^123456|||||||SA|1394-97|20260829213020[CR]P|1||PATIENT111||ABC^XYZ^j||19600315|M|||A|||icteru||||||01|||||A1|002|||||||[CR]O|1|1^1^1|23102570|CREAT^^2^1\GGT^^2^1\ALB^^2^1\TP^^2^1\UREA^^2^1\URIC^^2^1\ALP^^2^1\SGPT^^2^1\SGOT^^2^1\BID^^2^1\BIT^^2^1\CAL^^2^1|R|20260829213020|20260829213020||||||||serum|||1|||||||Q|||||[CR]L|1|N[CR][ETX]F4[CR][LF]
2026-08-29 21:30:20 - --Send Message To Machine --[EOT]
2026-08-29 21:30:20 - [ACK]
2026-08-29 21:30:20 - [ENQ]
2026-08-29 21:30:20 - [STX]1H|\^&|||Mindry^^|||||||RQ|1394-97|20260829213020[CR]Q|195|^23102572||||||||||O[CR]L|5|N[CR][ETX]9E[CR][LF]
2026-08-29 21:30:20 - [EOT]
2026-08-29 21:30:20 - [ACK]
2026-08-29 21:30:20 - --Send Message To Machine --[ENQ]
2026-08-29 21:30:20 - --Send Message To Machine --[STX]1H|\^&||| Product Model^01.03.07.03^123456|||||||SA|1394-97|20260829213020[CR]P|1||PATIENT111||ABC^XYZ^j||19600315|M|||A|||icteru||||||01|||||A1|002|||||||[CR]O|1|1^1^1|23102572|HDL^^2^1\LDL^^2^1\CHOL^^2^1\TC^^2^1\GGT^^2^1\ALB^^2^1\TP^^2^1\TG^^2^1\TRIG^^2^1\ALP^^2^1\SGPT^^2^1\SGOT^^2^1\BID^^2^1\BIT^^2^1|R|20260829213020|20260829213020||||||||serum|||1|||||||Q|||||[CR]L|1|N[CR][ETX]4B[CR][LF]
2026-08-29 21:30:20 - [ACK]
2026-08-29 21:30:20 - --Send Message To Machine --[EOT]
2026-08-29 21:30:21 - [ENQ]
2026-08-29 21:30:21 - [STX]1H|\^&|||Mindry^^|||||||RQ|1394-97|20260829213021[CR]Q|196|^9572728||||||||||O[CR]L|6|N[CR][ETX]83[CR][LF]
2026-08-29 21:30:21 - [EOT]
2026-08-29 21:30:21 - [ACK]
2026-08-29 21:30:21 - --Send Message To Machine --[ENQ]
2026-08-29 21:30:21 - --Send Message To Machine --[STX]1H|\^&||| Product Model^01.03.07.03^123456|||||||SA|1394-97|20260829213021[CR]P|1||PATIENT111||ABC^XYZ^j||19600315|M|||A|||icteru||||||01|||||A1|002|||||||[CR]O|1|1^1^1|9572728|GLU^^2^1|R|20260829213021|20260829213021||||||||serum|||1|||||||Q|||||[CR]L|1|N[CR][ETX]76[CR][LF]
2026-08-29 21:30:21 - [ACK]
2026-08-29 21:30:21 - --Send Message To Machine --[EOT]
2026-08-29 21:30:21 - [ENQ]
2026-08-29 21:30:21 - [STX]1H|\^&|||Mindry^^|||||||RQ|1394-97|20260829213021[CR]Q|197|^9572732||||||||||O[CR]L|7|N[CR][ETX]80[CR][LF]
2026-08-29 21:30:21 - [EOT]
2026-08-29 21:30:21 - [ACK]
2026-08-29 21:30:21 - --Send Message To Machine --[ENQ]
2026-08-29 21:30:21 - --Send Message To Machine --[STX]1H|\^&||| Product Model^01.03.07.03^123456|||||||SA|1394-97|20260829213021[CR]P|1||PATIENT111||ABC^XYZ^j||19600315|M|||A|||icteru||||||01|||||A1|002|||||||[CR]O|1|1^1^1|9572732|CREAT^^2^1\UREA^^2^1\URIC^^2^1\CAL^^2^1|R|20260829213021|20260829213021||||||||serum|||1|||||||Q|||||[CR]L|1|N[CR][ETX]B3[CR][LF]
2026-08-29 21:30:21 - [ACK]
2026-08-29 21:30:21 - --Send Message To Machine --[EOT]
2026-08-29 21:30:21 - [ENQ]
2026-08-29 21:30:21 - [STX]1H|\^&|||Mindry^^|||||||RQ|1394-97|20260829213021[CR]Q|198|^23102573||||||||||O[CR]L|8|N[CR][ETX]A6[CR][LF]
2026-08-29 21:30:21 - [EOT]
2026-08-29 21:30:21 - [ACK]
2026-08-29 21:30:21 - --Send Message To Machine --[ENQ]
2026-08-29 21:30:21 - --Send Message To Machine --[STX]1H|\^&||| Product Model^01.03.07.03^123456|||||||SA|1394-97|20260829213021[CR]P|1||PATIENT111||ABC^XYZ^j||19600315|M|||A|||icteru||||||01|||||A1|002|||||||[CR]O|1|1^1^1|23102573|HDL^^2^1\LDL^^2^1\CHOL^^2^1\TC^^2^1\CREAT^^2^1\GGT^^2^1\Iron^^2^1\TIBC^^2^1\ALB^^2^1\TP^^2^1\TG^^2^1\TRIG^^2^1\UREA^^2^1\URIC^^2^1\UIBC^^2^1\ALP^^2^1\SGPT^^2^1\SGOT^^2^1\BID^^2^1\BIT^^2^1\CAL^^2^1|R|20260829213021|20260829213021||||||||serum|||1|||||||Q|||||[CR]L|1|N[CR][ETX]BA[CR][LF]
2026-08-29 21:30:21 - --Send Message To Machine --[EOT]
2026-08-29 21:30:21 - [ACK]
2026-08-29 21:30:21 - [ENQ]
2026-08-29 21:30:21 - [STX]1H|\^&|||Mindry^^|||||||RQ|1394-97|20260829213021[CR]Q|199|^23102566||||||||||O[CR]L|9|N[CR][ETX]AA[CR][LF]
2026-08-29 21:30:21 - [EOT]
2026-08-29 21:30:22 - [ACK]
2026-08-29 21:30:22 - --Send Message To Machine --[ENQ]
2026-08-29 21:30:22 - --Send Message To Machine --[STX]1H|\^&||| Product Model^01.03.07.03^123456|||||||SA|1394-97|20260829213022[CR]P|1||PATIENT111||ABC^XYZ^j||19600315|M|||A|||icteru||||||01|||||A1|002|||||||[CR]O|1|1^1^1|23102566|CRP^^2^1\CREAT^^2^1\GGT^^2^1\ALB^^2^1\TP^^2^1\UREA^^2^1\URIC^^2^1\RFII^^2^1\ALP^^2^1\SGPT^^2^1\SGOT^^2^1\BID^^2^1\BIT^^2^1\CAL^^2^1|R|20260829213022|20260829213022||||||||serum|||1|||||||Q|||||[CR]L|1|N[CR][ETX]C0[CR][LF]
2026-08-29 21:30:22 - [ACK]
2026-08-29 21:30:22 - --Send Message To Machine --[EOT]
2026-08-29 21:37:34 - [ENQ]
2026-08-29 21:37:35 - [STX]1H|\^&|||Mindry^^|||||||PR|1394-97|20260829213734[CR]P|148||PATIENT111||ABC^^||19600315^66^Y|M||||||||||||||||||||||||||[CR]O|148|89^1^1|9572726|URIC^URIC ACID^^|R|20260829213020|20260829213020|||||||20260829213020|serum||||||||||F|||||[CR]R|6|URIC^URIC ACID^^F|8.523271^^^^|mg/dL|^|N||F|8.523271^^^^|0|20260829213734||Mindry^[CR]L|10|N[CR][ETX]85[CR][LF]
2026-08-29 21:37:35 - [EOT]
2026-08-29 21:44:58 - [ENQ]
2026-08-29 21:44:58 - [STX]1H|\^&|||Mindry^^|||||||PR|1394-97|20260829214458[CR]P|149||PATIENT111||ABC^^||19600315^66^Y|M||||||||||||||||||||||||||[CR]O|149|90^1^2|23102570|BID^Bilirubin Direct (DSA Method)^^\SGPT^Alanine Aminotransferase^^\SGOT^Aspartate Aminotransferase^^\CREAT^CRE R^^\BIT^T.BILL H^^\ALB^ALBUMIN ^^\ALP^ALKALINE ^^\URIC^URIC ACID^^\TP^TP H^^\GGT^GGT H^^\CAL^CA. SB^^|R|20260829213020|20260829213020|||||||20260829213020|serum||||||||||F|||||[CR]R|7|BID^Bilirubin Direct (DSA Method)^^F|1.375634^^^^|mg/dL|^|N||F|1.375634^^^^|0|20260829214341||Mindry^[CR]R|8|SGPT^Alanine Aminotransferase^^F|15.437790^^^^|U/L|^|N||F|15.437790^^^^|0|20260829214333||Mindry^[CR]R|9|SGOT^Aspartate Aminotransferase^^F|39.629839^^^^|U/L|^|N||F|39.629839^^^^|0|20260829214341||Mindry^[CR]R|10|CREAT^CRE R^^F|3.774003^^^^|mg/dL|^|N||F|3.774003^^^^|0|20260829214250||Mindry^[CR]R|11|BIT^T.BILL H^^F|1.855250^^^^|mg/dL|^|N||F|1.855250^^^^|0|20260829214424||Mindry^[CR]R|12|ALB^ALBUMIN ^^F|2.615672^^^^|g/dL|^|N||F|2.615672^^^^|0|20260829213943||Mindry^[CR]R|13|ALP^ALKALINE ^^F|120.559052^^^^|U/L|^|N||F|120.559052^^^^|0|20260829214424||Mindry^[CR]R|14|URIC^URIC ACID^^F|9.348742^^^^|mg/dL|^|N||F|9.348742^^^^|0|20260829213852||Mindry^[CR]R|15|TP^TP H^^F|5.498818^^^^|g/dL|^|N||F|5.498818^^^^|0|20260829214458||Mindry^[CR]R|16|GGT^GGT H^^F|148.796075^^^^|U/L|^|N||F|148.796075^^^^|0|20260829214450||Mindry^[CR]R|17|CAL^CA. SB^^F|9.059407^^^^|mg/dL|^|N||F|9.059407^^^^|0|20260829214026||Mindry^[CR]L|11|N[CR][ETX]63[CR][LF]
2026-08-29 21:44:58 - [EOT]
2026-08-29 21:46:32 - [ENQ]
2026-08-29 21:46:32 - [STX]1H|\^&|||Mindry^^|||||||PR|1394-97|20260829214632[CR]P|150||PATIENT111||ABC^^||19600315^66^Y|M||||||||||||||||||||||||||[CR]O|150|92^1^4|9572728|GLU^GLU H^^|R|20260829213021|20260829213021|||||||20260829213021|serum||||||||||F|||||[CR]R|18|GLU^GLU H^^F|53.714026^^^^|mg/dL|^|N||F|53.714026^^^^|0|20260829214632||Mindry^[CR]L|12|N[CR][ETX]4C[CR][LF]
2026-08-29 21:46:32 - [EOT]
2026-08-29 21:46:58 - [ENQ]
2026-08-29 21:46:58 - [STX]1H|\^&|||Mindry^^|||||||PR|1394-97|20260829214658[CR]P|151||PATIENT111||ABC^^||19600315^66^Y|M||||||||||||||||||||||||||[CR]O|151|93^1^5|9572732|CREAT^CRE R^^\URIC^URIC ACID^^\CAL^CA. SB^^|R|20260829213021|20260829213021|||||||20260829213021|serum||||||||||F|||||[CR]R|19|CREAT^CRE R^^F|19.422177^^^^|mg/dL|^|N||F|19.422177^^^^|0|20260829214615||Mindry^[CR]R|20|URIC^URIC ACID^^F|12.578928^^^^|mg/dL|^|N||F|12.578928^^^^|0|20260829214151||Mindry^[CR]R|21|CAL^CA. SB^^F|5.087447^^^^|mg/dL|^|N||F|5.087447^^^^|0|20260829214308||Mindry^[CR]L|13|N[CR][ETX]81[CR][LF]
2026-08-29 21:46:58 - [EOT]
2026-08-29 21:47:07 - [ENQ]
2026-08-29 21:47:07 - [STX]1H|\^&|||Mindry^^|||||||PR|1394-97|20260829214706[CR]P|152||PATIENT111||ABC^^||19600315^66^Y|M||||||||||||||||||||||||||[CR]O|152|91^1^3|23102572|BID^Bilirubin Direct (DSA Method)^^\SGPT^Alanine Aminotransferase^^\SGOT^Aspartate Aminotransferase^^\TRIG^Triglycerides^^\BIT^T.BILL H^^\CHOL^T.CHOL^^\ALB^ALBUMIN ^^\ALP^ALKALINE ^^\TP^TP H^^\GGT^GGT H^^|R|20260829213020|20260829213020|||||||20260829213020|serum||||||||||F|||||[CR]R|22|BID^Bilirubin Direct (DSA Method)^^F|0.146000^^^^|mg/dL|^|N||F|0.146000^^^^|0|20260829214558||Mindry^[CR]R|23|SGPT^Alanine Aminotransferase^^F|43.468768^^^^|U/L|^|N||F|43.468768^^^^|0|20260829214549||Mindry^[CR]R|24|SGOT^Aspartate Aminotransferase^^F|29.180684^^^^|U/L|^|N||F|29.180684^^^^|0|20260829214558||Mindry^[CR]R|25|TRIG^Triglycerides^^F|761.521995^^^^|mg/dL|^|N||F|761.521995^^^^|0|20260829214624||Mindry^[CR]R|26|BIT^T.BILL H^^F|0.419081^^^^|mg/dL|^|N||F|0.419081^^^^|0|20260829214632||Mindry^[CR]R|27|CHOL^T.CHOL^^F|242.679847^^^^|mg/dL|^|N||F|242.679847^^^^|0|20260829214151||Mindry^[CR]R|28|ALB^ALBUMIN ^^F|4.151124^^^^|g/dL|^|N||F|4.151124^^^^|0|20260829214200||Mindry^[CR]R|29|ALP^ALKALINE ^^F|129.127324^^^^|U/L|^|N||F|129.127324^^^^|0|20260829214641||Mindry^[CR]R|30|TP^TP H^^F|7.445570^^^^|g/dL|^|N||F|7.445570^^^^|0|20260829214706||Mindry^[CR]R|31|GGT^GGT H^^F|57.091433^^^^|U/L|^|N||F|57.091433^^^^|0|20260829214658||Mindry^[CR]L|14|N[CR][ETX]1E[CR][LF]
2026-08-29 21:47:07 - [EOT]
2026-08-29 21:50:23 - [ENQ]
2026-08-29 21:50:23 - [STX]1H|\^&|||Mindry^^|||||||PR|1394-97|20260829215023[CR]P|153||PATIENT111||ABC^^||19600315^66^Y|M||||||||||||||||||||||||||[CR]O|153|94^1^6|23102573|BID^Bilirubin Direct (DSA Method)^^\SGPT^Alanine Aminotransferase^^\SGOT^Aspartate Aminotransferase^^\TRIG^Triglycerides^^\CREAT^CRE R^^\BIT^T.BILL H^^\CHOL^T.CHOL^^\ALB^ALBUMIN ^^\ALP^ALKALINE ^^\URIC^URIC ACID^^\TP^TP H^^\GGT^GGT H^^\CAL^CA. SB^^\Iron^IRON^^\UREA^UREA^^|R|20260829213021|20260829213021|||||||20260829213021|serum||||||||||F|||||[CR]R|32|BID^Bilirubin Direct (DSA Method)^^F|0.235596^^^^|mg/dL|^|N||F|0.235596^^^^|0|20260829214815||Mindry^[CR]R|33|SGPT^Alanine Aminotransferase^^F|20.972313^^^^|U/L|^|N||F|20.972313^^^^|0|20260829214806||Mindry^[CR]R|34|SGOT^Aspartate Aminotransferase^^F|28.250291^^^^|U/L|^|N||F|28.250291^^^^|0|20260829214815||Mindry^[CR]R|35|TRIG^Triglycerides^^F|354.694011^^^^|mg/dL|^|N||F|354.694011^^^^|0|20260829214840||Mindry^[CR]R|36|CREAT^CRE R^^F|1.061442^^^^|mg/dL|^|N||F|1.061442^^^^|0|20260829214732||Mindry^[CR]R|37|BIT^T.BILL H^^F|0.786811^^^^|mg/dL|^|N||F|0.786811^^^^|0|20260829214906||Mindry^[CR]R|38|CHOL^T.CHOL^^F|166.384322^^^^|mg/dL|^|N||F|166.384322^^^^|0|20260829214425||Mindry^[CR]R|39|ALB^ALBUMIN ^^F|4.260633^^^^|g/dL|^|N||F|4.260633^^^^|0|20260829214434||Mindry^[CR]R|40|ALP^ALKALINE ^^F|110.071039^^^^|U/L|^|N||F|110.071039^^^^|0|20260829214915||Mindry^[CR]R|41|URIC^URIC ACID^^F|4.612686^^^^|mg/dL|^|N||F|4.612686^^^^|0|20260829214342||Mindry^[CR]R|42|TP^TP H^^F|7.699499^^^^|g/dL|^|N||F|7.699499^^^^|0|20260829214949||Mindry^[CR]R|43|GGT^GGT H^^F|-0.288959^^^^|U/L|^|N||F|-0.288959^^^^|0|20260829214940||Mindry^[CR]R|44|CAL^CA. SB^^F|9.281469^^^^|mg/dL|^|N||F|9.281469^^^^|0|20260829214517||Mindry^[CR]R|45|Iron^IRON^^F|283.252968^^^^|g/dL|^|N||F|283.252968^^^^|0|20260829215023||Mindry^[CR]R|46|UREA^UREA^^F|18.132467^^^^|mg/dL|^|N||F|18.132467^^^^|0|20260829214923||Mindry^[CR]L|15|N[CR][ETX]C1[CR][LF]
2026-08-29 21:50:23 - [EOT]
2026-08-29 21:52:06 - [ENQ]
2026-08-29 21:52:06 - [STX]1H|\^&|||Mindry^^|||||||PR|1394-97|20260829215206[CR]P|154||PATIENT111||ABC^^||19600315^66^Y|M||||||||||||||||||||||||||[CR]O|154|95^1^7|23102566|BID^Bilirubin Direct (DSA Method)^^\SGPT^Alanine Aminotransferase^^\SGOT^Aspartate Aminotransferase^^\CRP^C-Reactive Protein^^\CREAT^CRE R^^\BIT^T.BILL H^^\ALB^ALBUMIN ^^\ALP^ALKALINE ^^\URIC^URIC ACID^^\TP^TP H^^\GGT^GGT H^^\CAL^CA. SB^^\UREA^UREA^^|R|20260829213022|20260829213022|||||||20260829213022|serum||||||||||F|||||[CR]R|47|BID^Bilirubin Direct (DSA Method)^^F|0.240170^^^^|mg/dL|^|N||F|0.240170^^^^|0|20260829215040||Mindry^[CR]R|48|SGPT^Alanine Aminotransferase^^F|13.130632^^^^|U/L|^|N||F|13.130632^^^^|0|20260829215032||Mindry^[CR]R|49|SGOT^Aspartate Aminotransferase^^F|23.969072^^^^|U/L|^|N||F|23.969072^^^^|0|20260829215040||Mindry^[CR]R|50|CRP^C-Reactive Protein^^F|125.928460^^^^|mg/L|^|N||F|125.928460^^^^|0|20260829215106||Mindry^[CR]R|51|CREAT^CRE R^^F|0.723320^^^^|mg/dL|^|N||F|0.723320^^^^|0|20260829214957||Mindry^[CR]R|52|BIT^T.BILL H^^F|0.561667^^^^|mg/dL|^|N||F|0.561667^^^^|0|20260829215131||Mindry^[CR]R|53|ALB^ALBUMIN ^^F|2.753489^^^^|g/dL|^|N||F|2.753489^^^^|0|20260829214651||Mindry^[CR]R|54|ALP^ALKALINE ^^F|109.281290^^^^|U/L|^|N||F|109.281290^^^^|0|20260829215131||Mindry^[CR]R|55|URIC^URIC ACID^^F|2.161837^^^^|mg/dL|^|N||F|2.161837^^^^|0|20260829214559||Mindry^[CR]R|56|TP^TP H^^F|6.401441^^^^|g/dL|^|N||F|6.401441^^^^|0|20260829215206||Mindry^[CR]R|57|GGT^GGT H^^F|33.723751^^^^|U/L|^|N||F|33.723751^^^^|0|20260829215157||Mindry^[CR]R|58|CAL^CA. SB^^F|9.233428^^^^|mg/dL|^|N||F|9.233428^^^^|0|20260829214734||Mindry^[CR]R|59|UREA^UREA^^F|17.583822^^^^|mg/dL|^|N||F|17.583822^^^^|0|20260829215123||Mindry^[CR]L|16|N[CR][ETX]CF[CR][LF]
2026-08-29 21:52:06 - [EOT]
2026-08-29 22:06:17 - [ENQ]
2026-08-29 22:06:17 - [STX]1H|\^&|||Mindry^^|||||||RQ|1394-97|20260829220617[CR]Q|200|^9572726||||||||||O[CR]L|17|N[CR][ETX]AE[CR][LF]
2026-08-29 22:06:17 - [EOT]
2026-08-29 22:06:47 - [ENQ]
2026-08-29 22:06:47 - [STX]1H|\^&|||Mindry^^|||||||RQ|1394-97|20260829220647[CR]Q|201|^23102572||||||||||O[CR]L|18|N[CR][ETX]D3[CR][LF]
2026-08-29 22:06:47 - [EOT]
2026-08-29 22:07:17 - [ENQ]
2026-08-29 22:07:17 - [STX]1H|\^&|||Mindry^^|||||||RQ|1394-97|20260829220717[CR]Q|202|^9572728||||||||||O[CR]L|19|N[CR][ETX]B5[CR][LF]
2026-08-29 22:07:17 - [EOT]
2026-08-29 22:07:47 - [ENQ]
2026-08-29 22:07:47 - [STX]1H|\^&|||Mindry^^|||||||RQ|1394-97|20260829220747[CR]Q|203|^23102573||||||||||O[CR]L|20|N[CR][ETX]D0[CR][LF]
2026-08-29 22:07:47 - [EOT]
2026-08-29 22:08:17 - [ENQ]
2026-08-29 22:08:17 - [STX]1H|\^&|||Mindry^^|||||||RQ|1394-97|20260829220817[CR]Q|204|^23102566||||||||||O[CR]L|21|N[CR][ETX]D2[CR][LF]
2026-08-29 22:08:17 - [EOT]
2026-08-29 22:08:47 - [ENQ]
2026-08-29 22:08:47 - [STX]1H|\^&|||Mindry^^|||||||RQ|1394-97|20260829220847[CR]Q|205|^23102570||||||||||O[CR]L|22|N[CR][ETX]D2[CR][LF]
2026-08-29 22:08:47 - [EOT]
2026-08-29 22:08:47 - [ACK]
2026-08-29 22:08:47 - --Send Message To Machine --[ENQ]
2026-08-29 22:08:48 - --Send Message To Machine --[STX]1H|\^&||| Product Model^01.03.07.03^123456|||||||SA|1394-97|20260829220847[CR]P|1||PATIENT111||ABC^XYZ^j||19600315|M|||A|||icteru||||||01|||||A1|002|||||||[CR]O|1|1^1^1|23102570|ALB^^2^1\TP^^2^1\UREA^^2^1\BID^^2^1\BIT^^2^1|R|20260829220847|20260829220847||||||||serum|||1|||||||Q|||||[CR]L|1|N[CR][ETX]86[CR][LF]
2026-08-29 22:08:48 - --Send Message To Machine --[EOT]
2026-08-29 22:08:48 - [ACK]
2026-08-29 22:10:09 - [ENQ]
2026-08-29 22:10:09 - [STX]1H|\^&|||Mindry^^|||||||PR|1394-97|20260829221009[CR]P|155||||^^||^^|U||||||||||||||||||||||||||[CR]O|155|9013^1^8|009571699|BID^Bilirubin Direct (DSA Method)^^\SGPT^Alanine Aminotransferase^^\SGOT^Aspartate Aminotransferase^^\BIT^T.BILL H^^\ALB^ALBUMIN ^^\ALP^ALKALINE ^^\TP^TP H^^\GGT^GGT H^^|S|20260829215537|20260829214502|||||||20260829214502|serum||||||||||F|||||[CR]R|60|BID^Bilirubin Direct (DSA Method)^^F|0.186737^^^^|mg/dL|^|N||F|0.186737^^^^|0|20260829220918||Mindry^[CR]R|61|SGPT^Alanine Aminotransferase^^F|22.956337^^^^|U/L|^|N||F|22.956337^^^^|0|20260829220909||Mindry^[CR]R|62|SGOT^Aspartate Aminotransferase^^F|40.492020^^^^|U/L|^|N||F|40.492020^^^^|0|20260829220918||Mindry^[CR]R|63|BIT^T.BILL H^^F|0.475548^^^^|mg/dL|^|N||F|0.475548^^^^|0|20260829220944||Mindry^[CR]R|64|ALB^ALBUMIN ^^F|4.006846^^^^|g/dL|^|N||F|4.006846^^^^|0|20260829220503||Mindry^[CR]R|65|ALP^ALKALINE ^^F|109.976215^^^^|U/L|^|N||F|109.976215^^^^|0|20260829220943||Mindry^[CR]R|66|TP^TP H^^F|8.007959^^^^|g/dL|^|N||F|8.007959^^^^|0|20260829221009||Mindry^[CR]R|67|GGT^GGT H^^F|34.257261^^^^|U/L|^|N||F|34.257261^^^^|0|20260829221001||Mindry^[CR]L|23|N[CR][ETX]D3[CR][LF]
2026-08-29 22:10:09 - [EOT]
2026-08-29 22:16:33 - [ENQ]
2026-08-29 22:16:33 - [STX]1H|\^&|||Mindry^^|||||||RQ|1394-97|20260829221633[CR]Q|206|^9572726||||||||||O[CR]L|24|N[CR][ETX]B1[CR][LF]
2026-08-29 22:16:33 - [EOT]
2026-08-29 22:17:03 - [ENQ]
2026-08-29 22:17:03 - [STX]1H|\^&|||Mindry^^|||||||RQ|1394-97|20260829221703[CR]Q|207|^23102572||||||||||O[CR]L|25|N[CR][ETX]D1[CR][LF]
2026-08-29 22:17:03 - [EOT]
2026-08-29 22:17:33 - [ENQ]
2026-08-29 22:17:33 - [STX]1H|\^&|||Mindry^^|||||||RQ|1394-97|20260829221733[CR]Q|208|^9572728||||||||||O[CR]L|26|N[CR][ETX]B8[CR][LF]
2026-08-29 22:17:33 - [EOT]
2026-08-29 22:18:03 - [ENQ]
2026-08-29 22:18:03 - [STX]1H|\^&|||Mindry^^|||||||RQ|1394-97|20260829221803[CR]Q|209|^23102573||||||||||O[CR]L|27|N[CR][ETX]D7[CR][LF]
2026-08-29 22:18:03 - [EOT]
2026-08-29 22:18:34 - [ENQ]
2026-08-29 22:18:34 - [STX]1H|\^&|||Mindry^^|||||||RQ|1394-97|20260829221834[CR]Q|210|^23102566||||||||||O[CR]L|28|N[CR][ETX]D6[CR][LF]
2026-08-29 22:18:34 - [EOT]
2026-08-29 22:19:04 - [ENQ]
2026-08-29 22:19:04 - [STX]1H|\^&|||Mindry^^|||||||RQ|1394-97|20260829221904[CR]Q|211|^23102570||||||||||O[CR]L|29|N[CR][ETX]D1[CR][LF]
2026-08-29 22:19:04 - [EOT]
2026-08-29 22:19:04 - [ACK]
2026-08-29 22:19:04 - --Send Message To Machine --[ENQ]
2026-08-29 22:19:04 - --Send Message To Machine --[STX]1H|\^&||| Product Model^01.03.07.03^123456|||||||SA|1394-97|20260829221904[CR]P|1||PATIENT111||ABC^XYZ^j||19600315|M|||A|||icteru||||||01|||||A1|002|||||||[CR]O|1|1^1^1|23102570|ALB^^2^1\TP^^2^1\UREA^^2^1\BID^^2^1\BIT^^2^1|R|20260829221904|20260829221904||||||||serum|||1|||||||Q|||||[CR]L|1|N[CR][ETX]77[CR][LF]
2026-08-29 22:19:04 - [ACK]
2026-08-29 22:19:04 - --Send Message To Machine --[EOT]
2026-08-29 22:19:25 - [ENQ]
2026-08-29 22:19:25 - [STX]1H|\^&|||Mindry^^|||||||PR|1394-97|20260829221925[CR]P|156||||^^||^^|U||||||||||||||||||||||||||[CR]O|156|96^1^27|2732D10|CREAT^CRE R^^\UREA^UREA^^|R|20260829220538|20260829220526|||||||20260829220526|serum||||||||||F|||||[CR]R|68|CREAT^CRE R^^F|2.403652^^^^|mg/dL|^|N||F|2.403652^^^^|0|20260829221859||Mindry^[CR]R|69|UREA^UREA^^F|25.604354^^^^|mg/dL|^|N||F|25.604354^^^^|0|20260829221924||Mindry^[CR]L|30|N[CR][ETX]2F[CR][LF]
2026-08-29 22:19:25 - [EOT]
2026-08-29 22:22:15 - [ENQ]
2026-08-29 22:22:16 - [STX]1H|\^&|||Mindry^^|||||||RQ|1394-97|20260829222215[CR]Q|212|^9572726||||||||||O[CR]L|31|N[CR][ETX]A9[CR][LF]
2026-08-29 22:22:16 - [EOT]
2026-08-29 22:22:46 - [ENQ]
2026-08-29 22:22:46 - [STX]1H|\^&|||Mindry^^|||||||RQ|1394-97|20260829222246[CR]Q|213|^23102572||||||||||O[CR]L|32|N[CR][ETX]CF[CR][LF]
2026-08-29 22:22:46 - [EOT]
2026-08-29 22:23:16 - [ENQ]
2026-08-29 22:23:16 - [STX]1H|\^&|||Mindry^^|||||||RQ|1394-97|20260829222316[CR]Q|214|^9572728||||||||||O[CR]L|33|N[CR][ETX]B1[CR][LF]
2026-08-29 22:23:16 - [EOT]
2026-08-29 22:23:46 - [ENQ]
2026-08-29 22:23:46 - [STX]1H|\^&|||Mindry^^|||||||RQ|1394-97|20260829222346[CR]Q|215|^23102573||||||||||O[CR]L|34|N[CR][ETX]D5[CR][LF]
2026-08-29 22:23:46 - [EOT]
2026-08-29 22:24:16 - [ENQ]
2026-08-29 22:24:16 - [STX]1H|\^&|||Mindry^^|||||||RQ|1394-97|20260829222416[CR]Q|216|^23102566||||||||||O[CR]L|35|N[CR][ETX]D7[CR][LF]
2026-08-29 22:24:16 - [EOT]
2026-08-29 22:24:46 - [ENQ]
2026-08-29 22:24:46 - [STX]1H|\^&|||Mindry^^|||||||RQ|1394-97|20260829222446[CR]Q|217|^23102570||||||||||O[CR]L|36|N[CR][ETX]D7[CR][LF]
2026-08-29 22:24:46 - [EOT]
2026-08-29 22:24:46 - [ACK]
2026-08-29 22:24:46 - --Send Message To Machine --[ENQ]
2026-08-29 22:24:46 - --Send Message To Machine --[STX]1H|\^&||| Product Model^01.03.07.03^123456|||||||SA|1394-97|20260829222446[CR]P|1||PATIENT111||ABC^XYZ^j||19600315|M|||A|||icteru||||||01|||||A1|002|||||||[CR]O|1|1^1^1|23102570|ALB^^2^1\TP^^2^1\UREA^^2^1\BID^^2^1\BIT^^2^1|R|20260829222446|20260829222446||||||||serum|||1|||||||Q|||||[CR]L|1|N[CR][ETX]7D[CR][LF]
2026-08-29 22:24:46 - [ACK]
2026-08-29 22:24:46 - --Send Message To Machine --[EOT]
2026-08-29 22:27:08 - [ENQ]
2026-08-29 22:27:08 - [STX]1H|\^&|||Mindry^^|||||||RQ|1394-97|20260829222708[CR]Q|218|^9572726||||||||||O[CR]L|37|N[CR][ETX]BC[CR][LF]
2026-08-29 22:27:08 - [EOT]
2026-08-29 22:27:38 - [ENQ]
2026-08-29 22:27:38 - [STX]1H|\^&|||Mindry^^|||||||RQ|1394-97|20260829222738[CR]Q|219|^23102572||||||||||O[CR]L|38|N[CR][ETX]E1[CR][LF]
2026-08-29 22:27:38 - [EOT]
2026-08-29 22:28:08 - [ENQ]
2026-08-29 22:28:08 - [STX]1H|\^&|||Mindry^^|||||||RQ|1394-97|20260829222808[CR]Q|220|^9572728||||||||||O[CR]L|39|N[CR][ETX]BA[CR][LF]
2026-08-29 22:28:08 - [EOT]
2026-08-29 22:28:38 - [ENQ]
2026-08-29 22:28:39 - [STX]1H|\^&|||Mindry^^|||||||RQ|1394-97|20260829222838[CR]Q|221|^23102573||||||||||O[CR]L|40|N[CR][ETX]D5[CR][LF]
2026-08-29 22:28:39 - [EOT]
2026-08-29 22:29:09 - [ENQ]
2026-08-29 22:29:09 - [STX]1H|\^&|||Mindry^^|||||||RQ|1394-97|20260829222909[CR]Q|222|^23102566||||||||||O[CR]L|41|N[CR][ETX]D8[CR][LF]
2026-08-29 22:29:09 - [EOT]
2026-08-29 22:30:44 - [ENQ]
2026-08-29 22:30:44 - [STX]1H|\^&|||Mindry^^|||||||RQ|1394-97|20260829223044[CR]Q|223|^9572726||||||||||O[CR]L|42|N[CR][ETX]AE[CR][LF]
2026-08-29 22:30:44 - [EOT]
2026-08-29 22:31:14 - [ENQ]
2026-08-29 22:31:14 - [STX]1H|\^&|||Mindry^^|||||||RQ|1394-97|20260829223114[CR]Q|224|^23102572||||||||||O[CR]L|43|N[CR][ETX]CE[CR][LF]
2026-08-29 22:31:14 - [EOT]
2026-08-29 22:31:44 - [ENQ]
2026-08-29 22:31:44 - [STX]1H|\^&|||Mindry^^|||||||RQ|1394-97|20260829223144[CR]Q|225|^9572728||||||||||O[CR]L|44|N[CR][ETX]B5[CR][LF]
2026-08-29 22:31:44 - [EOT]
2026-08-29 22:32:14 - [ENQ]
2026-08-29 22:32:14 - [STX]1H|\^&|||Mindry^^|||||||RQ|1394-97|20260829223214[CR]Q|226|^23102573||||||||||O[CR]L|45|N[CR][ETX]D4[CR][LF]
2026-08-29 22:32:15 - [EOT]
2026-08-29 22:32:45 - [ENQ]
2026-08-29 22:32:45 - [STX]1H|\^&|||Mindry^^|||||||RQ|1394-97|20260829223245[CR]Q|227|^23102566||||||||||O[CR]L|46|N[CR][ETX]DC[CR][LF]
2026-08-29 22:32:45 - [EOT]
2026-08-29 22:36:25 - [ENQ]
2026-08-29 22:36:25 - [STX]1H|\^&|||Mindry^^|||||||RQ|1394-97|20260829223625[CR]Q|228|^9572726||||||||||O[CR]L|47|N[CR][ETX]BD[CR][LF]
2026-08-29 22:36:25 - [EOT]
2026-08-29 22:36:55 - [ENQ]
2026-08-29 22:36:55 - [STX]1H|\^&|||Mindry^^|||||||RQ|1394-97|20260829223655[CR]Q|229|^23102572||||||||||O[CR]L|48|N[CR][ETX]E2[CR][LF]
2026-08-29 22:36:55 - [EOT]
2026-08-29 22:37:25 - [ENQ]
2026-08-29 22:37:25 - [STX]1H|\^&|||Mindry^^|||||||RQ|1394-97|20260829223725[CR]Q|230|^9572728||||||||||O[CR]L|49|N[CR][ETX]BB[CR][LF]
2026-08-29 22:37:25 - [EOT]
2026-08-29 22:37:55 - [ENQ]
2026-08-29 22:37:55 - [STX]1H|\^&|||Mindry^^|||||||RQ|1394-97|20260829223755[CR]Q|231|^23102573||||||||||O[CR]L|50|N[CR][ETX]D6[CR][LF]
2026-08-29 22:37:55 - [EOT]
2026-08-29 22:38:25 - [ENQ]
2026-08-29 22:38:25 - [STX]1H|\^&|||Mindry^^|||||||RQ|1394-97|20260829223825[CR]Q|232|^23102566||||||||||O[CR]L|51|N[CR][ETX]D8[CR][LF]
2026-08-29 22:38:25 - [EOT]
2026-08-29 22:42:29 - [ENQ]
2026-08-29 22:42:29 - [STX]1H|\^&|||Mindry^^|||||||RQ|1394-97|20260829224229[CR]Q|233|^23102572||||||||||O[CR]L|52|N[CR][ETX]D6[CR][LF]
2026-08-29 22:42:29 - [EOT]
2026-08-29 22:42:59 - [ENQ]
2026-08-29 22:42:59 - [STX]1H|\^&|||Mindry^^|||||||RQ|1394-97|20260829224259[CR]Q|234|^9572728||||||||||O[CR]L|53|N[CR][ETX]BD[CR][LF]
2026-08-29 22:42:59 - [EOT]
2026-08-29 22:43:29 - [ENQ]
2026-08-29 22:43:29 - [STX]1H|\^&|||Mindry^^|||||||RQ|1394-97|20260829224329[CR]Q|235|^23102573||||||||||O[CR]L|54|N[CR][ETX]DC[CR][LF]
2026-08-29 22:43:29 - [EOT]
2026-08-29 22:43:59 - [ENQ]
2026-08-29 22:43:59 - [STX]1H|\^&|||Mindry^^|||||||RQ|1394-97|20260829224359[CR]Q|236|^23102566||||||||||O[CR]L|55|N[CR][ETX]E3[CR][LF]
2026-08-29 22:43:59 - [EOT]
2026-08-29 22:54:58 - [ENQ]
2026-08-29 22:54:58 - [STX]1H|\^&|||Mindry^^|||||||PR|1394-97|20260829225458[CR]P|157||||^^||^^|U||||||||||||||||||||||||||[CR]O|157|9017^1^73|2570 D20|CREAT^CRE R^^\UREA^UREA^^|S|20260829223849|20260829223816|||||||20260829223816|serum||||||||||F|||||[CR]R|70|CREAT^CRE R^^F|0.157947^^^^|mg/dL|^|N||F|0.157947^^^^|0|20260829225432||Mindry^[CR]R|71|UREA^UREA^^F|7.970523^^^^|mg/dL|^|N||F|7.970523^^^^|0|20260829225458||Mindry^[CR]L|56|N[CR][ETX]82[CR][LF]
2026-08-29 22:54:58 - [EOT]
2026-08-29 23:22:46 - [ENQ]
2026-08-29 23:22:46 - [STX]1H|\^&|||Mindry^^|||||||RQ|1394-97|20260829232246[CR]Q|237|^9365336||||||||||O[CR]L|57|N[CR][ETX]BA[CR][LF]
2026-08-29 23:22:46 - [EOT]
2026-08-29 23:22:47 - [ACK]
2026-08-29 23:22:47 - --Send Message To Machine --[ENQ]
2026-08-29 23:22:47 - --Send Message To Machine --[STX]1H|\^&||| Product Model^01.03.07.03^123456|||||||SA|1394-97|20260829232247[CR]P|1||PATIENT111||ABC^XYZ^j||19600315|M|||A|||icteru||||||01|||||A1|002|||||||[CR]O|1|1^1^1|9365336|LIP^^2^1\AMY^^2^1|R|20260829232247|20260829232247||||||||serum|||1|||||||Q|||||[CR]L|1|N[CR][ETX]4F[CR][LF]
2026-08-29 23:22:47 - [ACK]
2026-08-29 23:22:47 - --Send Message To Machine --[EOT]
2026-08-29 23:22:47 - [ENQ]
2026-08-29 23:22:47 - [STX]1H|\^&|||Mindry^^|||||||RQ|1394-97|20260829232247[CR]Q|238|^9170450||||||||||O[CR]L|58|N[CR][ETX]B4[CR][LF]
2026-08-29 23:22:47 - [EOT]
2026-08-29 23:22:47 - [ACK]
2026-08-29 23:22:47 - --Send Message To Machine --[ENQ]
2026-08-29 23:22:47 - --Send Message To Machine --[STX]1H|\^&||| Product Model^01.03.07.03^123456|||||||SA|1394-97|20260829232247[CR]P|1||PATIENT111||ABC^XYZ^j||19600315|M|||A|||icteru||||||01|||||A1|002|||||||[CR]O|1|1^1^1|9170450|HDL^^2^1\LDL^^2^1\CHOL^^2^1\TC^^2^1\TG^^2^1\TRIG^^2^1|R|20260829232247|20260829232247||||||||serum|||1|||||||Q|||||[CR]L|1|N[CR][ETX]20[CR][LF]
2026-08-29 23:22:47 - [ACK]
2026-08-29 23:22:47 - --Send Message To Machine --[EOT]
2026-08-29 23:22:47 - [ENQ]
2026-08-29 23:22:47 - [STX]1H|\^&|||Mindry^^|||||||RQ|1394-97|20260829232247[CR]Q|239|^9366428||||||||||O[CR]L|59|N[CR][ETX]C2[CR][LF]
2026-08-29 23:22:47 - [EOT]
2026-08-29 23:22:47 - [ACK]
2026-08-29 23:22:47 - --Send Message To Machine --[ENQ]
2026-08-29 23:22:47 - --Send Message To Machine --[STX]1H|\^&||| Product Model^01.03.07.03^123456|||||||SA|1394-97|20260829232247[CR]P|1||PATIENT111||ABC^XYZ^j||19600315|M|||A|||icteru||||||01|||||A1|002|||||||[CR]O|1|1^1^1|9366428|HDL^^2^1\LDL^^2^1\CHOL^^2^1\TC^^2^1\TG^^2^1\TRIG^^2^1|R|20260829232247|20260829232247||||||||serum|||1|||||||Q|||||[CR]L|1|N[CR][ETX]2C[CR][LF]
2026-08-29 23:22:47 - [ACK]
2026-08-29 23:22:47 - --Send Message To Machine --[EOT]
2026-08-29 23:22:47 - [ENQ]
2026-08-29 23:22:47 - [STX]1H|\^&|||Mindry^^|||||||RQ|1394-97|20260829232247[CR]Q|240|^8689553||||||||||O[CR]L|60|N[CR][ETX]B8[CR][LF]
2026-08-29 23:22:47 - [EOT]
2026-08-29 23:22:47 - [ACK]
2026-08-29 23:22:47 - --Send Message To Machine --[ENQ]
2026-08-29 23:22:47 - --Send Message To Machine --[STX]1H|\^&||| Product Model^01.03.07.03^123456|||||||SA|1394-97|20260829232247[CR]P|1||PATIENT111||ABC^XYZ^j||19600315|M|||A|||icteru||||||01|||||A1|002|||||||[CR]O|1|1^1^1|8689553|CREAT^^2^1\UREA^^2^1\URIC^^2^1\CAL^^2^1|R|20260829232247|20260829232247||||||||serum|||1|||||||Q|||||[CR]L|1|N[CR][ETX]DD[CR][LF]
2026-08-29 23:22:47 - --Send Message To Machine --[EOT]
2026-08-29 23:22:47 - [ACK]
2026-08-29 23:22:48 - [ENQ]
2026-08-29 23:22:48 - [STX]1H|\^&|||Mindry^^|||||||RQ|1394-97|20260829232248[CR]Q|241|^8689559||||||||||O[CR]L|61|N[CR][ETX]C1[CR][LF]
2026-08-29 23:22:48 - [EOT]
2026-08-29 23:22:48 - [ACK]
2026-08-29 23:22:48 - --Send Message To Machine --[ENQ]
2026-08-29 23:22:48 - --Send Message To Machine --[STX]1H|\^&||| Product Model^01.03.07.03^123456|||||||SA|1394-97|20260829232248[CR]P|1||PATIENT111||ABC^XYZ^j||19600315|M|||A|||icteru||||||01|||||A1|002|||||||[CR]O|1|1^1^1|8689559|TP^^2^1\ALB^^2^1\ALP^^2^1\SGPT^^2^1\SGOT^^2^1\BIT^^2^1|R|20260829232248|20260829232248||||||||serum|||1|||||||Q|||||[CR]L|1|N[CR][ETX]A3[CR][LF]
2026-08-29 23:22:48 - [ACK]
2026-08-29 23:22:48 - --Send Message To Machine --[EOT]
2026-08-29 23:22:48 - [ENQ]
2026-08-29 23:22:48 - [STX]1H|\^&|||Mindry^^|||||||RQ|1394-97|20260829232248[CR]Q|242|^9366417||||||||||O[CR]L|62|N[CR][ETX]B5[CR][LF]
2026-08-29 23:22:48 - [EOT]
2026-08-29 23:22:48 - [ACK]
2026-08-29 23:22:48 - --Send Message To Machine --[ENQ]
2026-08-29 23:22:48 - --Send Message To Machine --[STX]1H|\^&||| Product Model^01.03.07.03^123456|||||||SA|1394-97|20260829232248[CR]P|1||PATIENT111||ABC^XYZ^j||19600315|M|||A|||icteru||||||01|||||A1|002|||||||[CR]O|1|1^1^1|9366417|HDL^^2^1\LDL^^2^1\CHOL^^2^1\TC^^2^1\CRP^^2^1\TG^^2^1\TRIG^^2^1|R|20260829232248|20260829232248||||||||serum|||1|||||||Q|||||[CR]L|1|N[CR][ETX]EB[CR][LF]
2026-08-29 23:22:48 - [ACK]
2026-08-29 23:22:48 - --Send Message To Machine --[EOT]
2026-08-29 23:22:48 - [ENQ]
2026-08-29 23:22:48 - [STX]1H|\^&|||Mindry^^|||||||RQ|1394-97|20260829232248[CR]Q|243|^9366433||||||||||O[CR]L|63|N[CR][ETX]B5[CR][LF]
2026-08-29 23:22:48 - [EOT]
2026-08-29 23:22:48 - [ACK]
2026-08-29 23:22:48 - --Send Message To Machine --[ENQ]
2026-08-29 23:22:48 - --Send Message To Machine --[STX]1H|\^&||| Product Model^01.03.07.03^123456|||||||SA|1394-97|20260829232248[CR]P|1||PATIENT111||ABC^XYZ^j||19600315|M|||A|||icteru||||||01|||||A1|002|||||||[CR]O|1|1^1^1|9366433|HDL^^2^1\LDL^^2^1\CHOL^^2^1\TC^^2^1\TG^^2^1\TRIG^^2^1|R|20260829232248|20260829232248||||||||serum|||1|||||||Q|||||[CR]L|1|N[CR][ETX]2B[CR][LF]
2026-08-29 23:22:48 - [ACK]
2026-08-29 23:22:48 - --Send Message To Machine --[EOT]
2026-08-29 23:22:48 - [ENQ]
2026-08-29 23:22:48 - [STX]1H|\^&|||Mindry^^|||||||RQ|1394-97|20260829232248[CR]Q|244|^8481633||||||||||O[CR]L|64|N[CR][ETX]B6[CR][LF]
2026-08-29 23:22:49 - [EOT]
2026-08-29 23:22:49 - [ACK]
2026-08-29 23:22:49 - --Send Message To Machine --[ENQ]
2026-08-29 23:22:49 - --Send Message To Machine --[STX]1H|\^&||| Product Model^01.03.07.03^123456|||||||SA|1394-97|20260829232249[CR]P|1||PATIENT111||ABC^XYZ^j||19600315|M|||A|||icteru||||||01|||||A1|002|||||||[CR]O|1|1^1^1|8481633|GGT^^2^1\ALB^^2^1\TP^^2^1\ALP^^2^1\SGPT^^2^1\SGOT^^2^1\BID^^2^1\BIT^^2^1|R|20260829232249|20260829232249||||||||serum|||1|||||||Q|||||[CR]L|1|N[CR][ETX]F8[CR][LF]
2026-08-29 23:22:49 - [ACK]
2026-08-29 23:22:49 - --Send Message To Machine --[EOT]
2026-08-29 23:22:49 - [ENQ]
2026-08-29 23:22:49 - [STX]1H|\^&|||Mindry^^|||||||RQ|1394-97|20260829232249[CR]Q|245|^9366427||||||||||O[CR]L|65|N[CR][ETX]BD[CR][LF]
2026-08-29 23:22:49 - [EOT]
2026-08-29 23:22:49 - [ACK]
2026-08-29 23:22:49 - --Send Message To Machine --[ENQ]
2026-08-29 23:22:49 - --Send Message To Machine --[STX]1H|\^&||| Product Model^01.03.07.03^123456|||||||SA|1394-97|20260829232249[CR]P|1||PATIENT111||ABC^XYZ^j||19600315|M|||A|||icteru||||||01|||||A1|002|||||||[CR]O|1|1^1^1|9366427|HDL^^2^1\LDL^^2^1\CHOL^^2^1\TC^^2^1\TG^^2^1\TRIG^^2^1|R|20260829232249|20260829232249||||||||serum|||1|||||||Q|||||[CR]L|1|N[CR][ETX]31[CR][LF]
2026-08-29 23:22:49 - [ACK]
2026-08-29 23:22:49 - --Send Message To Machine --[EOT]
2026-08-29 23:22:49 - [ENQ]
2026-08-29 23:22:49 - [STX]1H|\^&|||Mindry^^|||||||RQ|1394-97|20260829232249[CR]Q|246|^9170447||||||||||O[CR]L|66|N[CR][ETX]BA[CR][LF]
2026-08-29 23:22:49 - [EOT]
2026-08-29 23:22:49 - [ACK]
2026-08-29 23:22:49 - --Send Message To Machine --[ENQ]
2026-08-29 23:22:49 - --Send Message To Machine --[STX]1H|\^&||| Product Model^01.03.07.03^123456|||||||SA|1394-97|20260829232249[CR]P|1||PATIENT111||ABC^XYZ^j||19600315|M|||A|||icteru||||||01|||||A1|002|||||||[CR]O|1|1^1^1|9170447|TP^^2^1\ALB^^2^1\ALP^^2^1\SGPT^^2^1\SGOT^^2^1\BIT^^2^1|R|20260829232249|20260829232249||||||||serum|||1|||||||Q|||||[CR]L|1|N[CR][ETX]94[CR][LF]
2026-08-29 23:22:49 - [ACK]
2026-08-29 23:22:49 - --Send Message To Machine --[EOT]
2026-08-29 23:22:49 - [ENQ]
2026-08-29 23:22:49 - [STX]1H|\^&|||Mindry^^|||||||RQ|1394-97|20260829232249[CR]Q|247|^8481635||||||||||O[CR]L|67|N[CR][ETX]BF[CR][LF]
2026-08-29 23:22:49 - [EOT]
2026-08-29 23:22:49 - [ACK]
2026-08-29 23:22:49 - --Send Message To Machine --[ENQ]
2026-08-29 23:22:49 - [ACK]
2026-08-29 23:22:49 - --Send Message To Machine --[STX]1H|\^&||| Product Model^01.03.07.03^123456|||||||SA|1394-97|20260829232249[CR]P|1||PATIENT111||ABC^XYZ^j||19600315|M|||A|||icteru||||||01|||||A1|002|||||||[CR]O|1|1^1^1|8481635|GLU^^2^1|R|20260829232249|20260829232249||||||||serum|||1|||||||Q|||||[CR]L|1|N[CR][ETX]98[CR][LF]
2026-08-29 23:22:49 - --Send Message To Machine --[EOT]
2026-08-29 23:22:50 - [ENQ]
2026-08-29 23:22:50 - [STX]1H|\^&|||Mindry^^|||||||RQ|1394-97|20260829232250[CR]Q|248|^8689531||||||||||O[CR]L|68|N[CR][ETX]BE[CR][LF]
2026-08-29 23:22:50 - [EOT]
2026-08-29 23:22:50 - [ACK]
2026-08-29 23:22:50 - --Send Message To Machine --[ENQ]
2026-08-29 23:22:50 - --Send Message To Machine --[STX]1H|\^&||| Product Model^01.03.07.03^123456|||||||SA|1394-97|20260829232250[CR]P|1||PATIENT111||ABC^XYZ^j||19600315|M|||A|||icteru||||||01|||||A1|002|||||||[CR]O|1|1^1^1|8689531|GLU^^2^1|R|20260829232250|20260829232250||||||||serum|||1|||||||Q|||||[CR]L|1|N[CR][ETX]85[CR][LF]
2026-08-29 23:22:50 - [ACK]
2026-08-29 23:22:50 - --Send Message To Machine --[EOT]
2026-08-29 23:22:50 - [ENQ]
2026-08-29 23:22:50 - [STX]1H|\^&|||Mindry^^|||||||RQ|1394-97|20260829232250[CR]Q|249|^9366344||||||||||O[CR]L|69|N[CR][ETX]BB[CR][LF]
2026-08-29 23:22:50 - [EOT]
2026-08-29 23:22:50 - --Send Message To Machine --[ENQ]
2026-08-29 23:22:50 - [ACK]
2026-08-29 23:22:50 - --Send Message To Machine --[STX]1H|\^&||| Product Model^01.03.07.03^123456|||||||SA|1394-97|20260829232250[CR]P|1||PATIENT111||ABC^XYZ^j||19600315|M|||A|||icteru||||||01|||||A1|002|||||||[CR]O|1|1^1^1|9366344|TP^^2^1\ALB^^2^1\ALP^^2^1\SGPT^^2^1\SGOT^^2^1\BIT^^2^1|R|20260829232250|20260829232250||||||||serum|||1|||||||Q|||||[CR]L|1|N[CR][ETX]7F[CR][LF]
2026-08-29 23:22:50 - [ACK]
2026-08-29 23:22:50 - --Send Message To Machine --[EOT]
2026-08-29 23:22:50 - [ENQ]
2026-08-29 23:22:50 - [STX]1H|\^&|||Mindry^^|||||||RQ|1394-97|20260829232250[CR]Q|250|^9366354||||||||||O[CR]L|70|N[CR][ETX]AC[CR][LF]
2026-08-29 23:22:50 - [EOT]
2026-08-29 23:22:50 - [ACK]
2026-08-29 23:22:50 - --Send Message To Machine --[ENQ]
2026-08-29 23:22:50 - --Send Message To Machine --[STX]1H|\^&||| Product Model^01.03.07.03^123456|||||||SA|1394-97|20260829232250[CR]P|1||PATIENT111||ABC^XYZ^j||19600315|M|||A|||icteru||||||01|||||A1|002|||||||[CR]O|1|1^1^1|9366354|CREAT^^2^1\UREA^^2^1\URIC^^2^1\CAL^^2^1|R|20260829232250|20260829232250||||||||serum|||1|||||||Q|||||[CR]L|1|N[CR][ETX]C3[CR][LF]
2026-08-29 23:22:50 - [ACK]
2026-08-29 23:22:50 - --Send Message To Machine --[EOT]
2026-08-29 23:22:50 - [ENQ]
2026-08-29 23:22:50 - [STX]1H|\^&|||Mindry^^|||||||RQ|1394-97|20260829232250[CR]Q|251|^9366351||||||||||O[CR]L|71|N[CR][ETX]AB[CR][LF]
2026-08-29 23:22:50 - [EOT]
2026-08-29 23:22:51 - [ACK]
2026-08-29 23:22:51 - --Send Message To Machine --[ENQ]
2026-08-29 23:22:51 - --Send Message To Machine --[STX]1H|\^&||| Product Model^01.03.07.03^123456|||||||SA|1394-97|20260829232250[CR]P|1||PATIENT111||ABC^XYZ^j||19600315|M|||A|||icteru||||||01|||||A1|002|||||||[CR]O|1|1^1^1|9366351|CREAT^^2^1\TP^^2^1\UREA^^2^1\URIC^^2^1\ALB^^2^1\ALP^^2^1\SGPT^^2^1\SGOT^^2^1\BIT^^2^1\CAL^^2^1|R|20260829232250|20260829232250||||||||serum|||1|||||||Q|||||[CR]L|1|N[CR][ETX]80[CR][LF]
2026-08-29 23:22:51 - [ACK]
2026-08-29 23:22:51 - --Send Message To Machine --[EOT]
2026-08-29 23:35:00 - [ENQ]
2026-08-29 23:35:00 - [STX]1H|\^&|||Mindry^^|||||||PR|1394-97|20260829233459[CR]P|158||PATIENT111||ABC^^||19600315^66^Y|M||||||||||||||||||||||||||[CR]O|158|97^1^1|9365336|LIP^Lipase^^\AMY^a-Amylase^^|R|20260829232247|20260829232247|||||||20260829232247|serum||||||||||F|||||[CR]R|72|LIP^Lipase^^F|0.912345^^^^|U/L|^|N||F|0.912345^^^^|0|20260829233459||Mindry^[CR]R|73|AMY^a-Amylase^^F|94.629144^^^^|U/L|^|N||F|94.629144^^^^|0|20260829233417||Mindry^[CR]L|72|N[CR][ETX]F6[CR][LF]
2026-08-29 23:35:00 - [EOT]
2026-08-29 23:35:51 - [ENQ]
2026-08-29 23:35:51 - [STX]1H|\^&|||Mindry^^|||||||PR|1394-97|20260829233551[CR]P|159||PATIENT111||ABC^^||19600315^66^Y|M||||||||||||||||||||||||||[CR]O|159|100^1^4|8689553|CREAT^CRE R^^\URIC^URIC ACID^^\CAL^CA. SB^^\UREA^UREA^^|R|20260829232247|20260829232247|||||||20260829232247|serum||||||||||F|||||[CR]R|74|CREAT^CRE R^^F|0.787944^^^^|mg/dL|^|N||F|0.787944^^^^|0|20260829233508||Mindry^[CR]R|75|URIC^URIC ACID^^F|9.734917^^^^|mg/dL|^|N||F|9.734917^^^^|0|20260829233044||Mindry^[CR]R|76|CAL^CA. SB^^F|9.237489^^^^|mg/dL|^|N||F|9.237489^^^^|0|20260829233201||Mindry^[CR]R|77|UREA^UREA^^F|34.440957^^^^|mg/dL|^|N||F|34.440957^^^^|0|20260829233551||Mindry^[CR]L|73|N[CR][ETX]F3[CR][LF]
2026-08-29 23:35:51 - [EOT]
2026-08-29 23:35:51 - [ENQ]
2026-08-29 23:35:51 - [STX]1H|\^&|||Mindry^^|||||||PR|1394-97|20260829233551[CR]P|160||PATIENT111||ABC^^||19600315^66^Y|M||||||||||||||||||||||||||[CR]O|160|98^1^2|9170450|TRIG^Triglycerides^^\CHOL^T.CHOL^^|R|20260829232247|20260829232247|||||||20260829232247|serum||||||||||F|||||[CR]R|78|TRIG^Triglycerides^^F|268.976168^^^^|mg/dL|^|N||F|268.976168^^^^|0|20260829233551||Mindry^[CR]R|79|CHOL^T.CHOL^^F|190.747972^^^^|mg/dL|^|N||F|190.747972^^^^|0|20260829233110||Mindry^[CR]L|74|N[CR][ETX]B9[CR][LF]
2026-08-29 23:35:51 - [EOT]
2026-08-29 23:36:08 - [ENQ]
2026-08-29 23:36:08 - [STX]1H|\^&|||Mindry^^|||||||PR|1394-97|20260829233608[CR]P|161||PATIENT111||ABC^^||19600315^66^Y|M||||||||||||||||||||||||||[CR]O|161|99^1^3|9366428|TRIG^Triglycerides^^\CHOL^T.CHOL^^|R|20260829232247|20260829232247|||||||20260829232247|serum||||||||||F|||||[CR]R|80|TRIG^Triglycerides^^F|304.668614^^^^|mg/dL|^|N||F|304.668614^^^^|0|20260829233608||Mindry^[CR]R|81|CHOL^T.CHOL^^F|206.590414^^^^|mg/dL|^|N||F|206.590414^^^^|0|20260829233127||Mindry^[CR]L|75|N[CR][ETX]8E[CR][LF]
2026-08-29 23:36:08 - [EOT]
2026-08-29 23:37:51 - [ENQ]
2026-08-29 23:37:51 - [STX]1H|\^&|||Mindry^^|||||||PR|1394-97|20260829233751[CR]P|162||PATIENT111||ABC^^||19600315^66^Y|M||||||||||||||||||||||||||[CR]O|162|101^1^5|8689559|SGPT^Alanine Aminotransferase^^\SGOT^Aspartate Aminotransferase^^\BIT^T.BILL H^^\ALB^ALBUMIN ^^\ALP^ALKALINE ^^\TP^TP H^^|R|20260829232248|20260829232248|||||||20260829232248|serum||||||||||F|||||[CR]R|82|SGPT^Alanine Aminotransferase^^F|21.612185^^^^|U/L|^|N||F|21.612185^^^^|0|20260829233651||Mindry^[CR]R|83|SGOT^Aspartate Aminotransferase^^F|34.544698^^^^|U/L|^|N||F|34.544698^^^^|0|20260829233659||Mindry^[CR]R|84|BIT^T.BILL H^^F|0.521893^^^^|mg/dL|^|N||F|0.521893^^^^|0|20260829233725||Mindry^[CR]R|85|ALB^ALBUMIN ^^F|4.074961^^^^|g/dL|^|N||F|4.074961^^^^|0|20260829233244||Mindry^[CR]R|86|ALP^ALKALINE ^^F|74.611005^^^^|U/L|^|N||F|74.611005^^^^|0|20260829233725||Mindry^[CR]R|87|TP^TP H^^F|6.587906^^^^|g/dL|^|N||F|6.587906^^^^|0|20260829233751||Mindry^[CR]L|76|N[CR][ETX]89[CR][LF]
2026-08-29 23:37:51 - [EOT]
2026-08-29 23:38:08 - [ENQ]
2026-08-29 23:38:08 - [STX]1H|\^&|||Mindry^^|||||||PR|1394-97|20260829233808[CR]P|163||PATIENT111||ABC^^||19600315^66^Y|M||||||||||||||||||||||||||[CR]O|163|102^1^6|9366417|CRP^C-Reactive Protein^^\TRIG^Triglycerides^^\CHOL^T.CHOL^^|R|20260829232248|20260829232248|||||||20260829232248|serum||||||||||F|||||[CR]R|88|CRP^C-Reactive Protein^^F|0.000000^^^^|mg/L|^|N||F|0.000000^^^^|0|20260829233759||Mindry^[CR]R|89|TRIG^Triglycerides^^F|90.209341^^^^|mg/dL|^|N||F|90.209341^^^^|0|20260829233808||Mindry^[CR]R|90|CHOL^T.CHOL^^F|137.928273^^^^|mg/dL|^|N||F|137.928273^^^^|0|20260829233327||Mindry^[CR]L|77|N[CR][ETX]75[CR][LF]
2026-08-29 23:38:08 - [EOT]
2026-08-29 23:38:10 - [ENQ]
2026-08-29 23:38:10 - [STX]1H|\^&|||Mindry^^|||||||RQ|1394-97|20260829233810[CR]Q|252|^9365336||||||||||O[CR]L|78|N[CR][ETX]B8[CR][LF]
2026-08-29 23:38:10 - [EOT]
2026-08-29 23:38:40 - [ENQ]
2026-08-29 23:38:40 - [STX]1H|\^&|||Mindry^^|||||||RQ|1394-97|20260829233840[CR]Q|253|^9170450||||||||||O[CR]L|79|N[CR][ETX]B4[CR][LF]
2026-08-29 23:38:40 - [EOT]
2026-08-29 23:39:10 - [ENQ]
2026-08-29 23:39:10 - [STX]1H|\^&|||Mindry^^|||||||RQ|1394-97|20260829233910[CR]Q|254|^9366428||||||||||O[CR]L|80|N[CR][ETX]B7[CR][LF]
2026-08-29 23:39:10 - [EOT]
2026-08-29 23:39:40 - [ENQ]
2026-08-29 23:39:40 - [STX]1H|\^&|||Mindry^^|||||||RQ|1394-97|20260829233940[CR]Q|255|^8689553||||||||||O[CR]L|81|N[CR][ETX]C2[CR][LF]
2026-08-29 23:39:40 - [EOT]
2026-08-29 23:40:10 - [ENQ]
2026-08-29 23:40:10 - [STX]1H|\^&|||Mindry^^|||||||RQ|1394-97|20260829234010[CR]Q|256|^8689559||||||||||O[CR]L|82|N[CR][ETX]BF[CR][LF]
2026-08-29 23:40:10 - [EOT]
2026-08-29 23:40:41 - [ENQ]
2026-08-29 23:40:41 - [STX]1H|\^&|||Mindry^^|||||||RQ|1394-97|20260829234041[CR]Q|257|^9366417||||||||||O[CR]L|83|N[CR][ETX]B7[CR][LF]
2026-08-29 23:40:41 - [EOT]
2026-08-29 23:40:41 - [ACK]
2026-08-29 23:40:41 - --Send Message To Machine --[ENQ]
2026-08-29 23:40:41 - --Send Message To Machine --[STX]1H|\^&||| Product Model^01.03.07.03^123456|||||||SA|1394-97|20260829234041[CR]P|1||PATIENT111||ABC^XYZ^j||19600315|M|||A|||icteru||||||01|||||A1|002|||||||[CR]O|1|1^1^1|9366417|HDL^^2^1\LDL^^2^1|R|20260829234041|20260829234041||||||||serum|||1|||||||Q|||||[CR]L|1|N[CR][ETX]26[CR][LF]
2026-08-29 23:40:41 - [ACK]
2026-08-29 23:40:41 - --Send Message To Machine --[EOT]
2026-08-29 23:40:41 - [ENQ]
2026-08-29 23:40:41 - [STX]1H|\^&|||Mindry^^|||||||RQ|1394-97|20260829234041[CR]Q|258|^9366433||||||||||O[CR]L|84|N[CR][ETX]B7[CR][LF]
2026-08-29 23:40:41 - [EOT]
2026-08-29 23:40:41 - [ACK]
2026-08-29 23:40:41 - --Send Message To Machine --[ENQ]
2026-08-29 23:40:41 - --Send Message To Machine --[STX]1H|\^&||| Product Model^01.03.07.03^123456|||||||SA|1394-97|20260829234041[CR]P|1||PATIENT111||ABC^XYZ^j||19600315|M|||A|||icteru||||||01|||||A1|002|||||||[CR]O|1|1^1^1|9366433|HDL^^2^1\LDL^^2^1\CHOL^^2^1\TC^^2^1\TG^^2^1\TRIG^^2^1|R|20260829234041|20260829234041||||||||serum|||1|||||||Q|||||[CR]L|1|N[CR][ETX]16[CR][LF]
2026-08-29 23:40:41 - [ACK]
2026-08-29 23:40:41 - --Send Message To Machine --[EOT]
2026-08-29 23:40:41 - [ENQ]
2026-08-29 23:40:41 - [STX]1H|\^&|||Mindry^^|||||||RQ|1394-97|20260829234041[CR]Q|259|^8481633||||||||||O[CR]L|85|N[CR][ETX]B8[CR][LF]
2026-08-29 23:40:41 - [EOT]
2026-08-29 23:40:41 - [ACK]
2026-08-29 23:40:41 - --Send Message To Machine --[ENQ]
2026-08-29 23:40:41 - --Send Message To Machine --[STX]1H|\^&||| Product Model^01.03.07.03^123456|||||||SA|1394-97|20260829234041[CR]P|1||PATIENT111||ABC^XYZ^j||19600315|M|||A|||icteru||||||01|||||A1|002|||||||[CR]O|1|1^1^1|8481633|GGT^^2^1\ALB^^2^1\TP^^2^1\ALP^^2^1\SGPT^^2^1\SGOT^^2^1\BID^^2^1\BIT^^2^1|R|20260829234041|20260829234041||||||||serum|||1|||||||Q|||||[CR]L|1|N[CR][ETX]E0[CR][LF]
2026-08-29 23:40:41 - [ACK]
2026-08-29 23:40:41 - --Send Message To Machine --[EOT]
2026-08-29 23:40:41 - [ENQ]
2026-08-29 23:40:41 - [STX]1H|\^&|||Mindry^^|||||||RQ|1394-97|20260829234041[CR]Q|260|^9366427||||||||||O[CR]L|86|N[CR][ETX]B5[CR][LF]
2026-08-29 23:40:41 - [EOT]
2026-08-29 23:40:42 - [ACK]
2026-08-29 23:40:42 - --Send Message To Machine --[ENQ]
2026-08-29 23:40:42 - --Send Message To Machine --[STX]1H|\^&||| Product Model^01.03.07.03^123456|||||||SA|1394-97|20260829234041[CR]P|1||PATIENT111||ABC^XYZ^j||19600315|M|||A|||icteru||||||01|||||A1|002|||||||[CR]O|1|1^1^1|9366427|HDL^^2^1\LDL^^2^1\CHOL^^2^1\TC^^2^1\TG^^2^1\TRIG^^2^1|R|20260829234041|20260829234041||||||||serum|||1|||||||Q|||||[CR]L|1|N[CR][ETX]19[CR][LF]
2026-08-29 23:40:42 - [ACK]
2026-08-29 23:40:42 - --Send Message To Machine --[EOT]
2026-08-29 23:40:42 - [ENQ]
2026-08-29 23:40:42 - [STX]1H|\^&|||Mindry^^|||||||RQ|1394-97|20260829234042[CR]Q|261|^9170447||||||||||O[CR]L|87|N[CR][ETX]B3[CR][LF]
2026-08-29 23:40:42 - [EOT]
2026-08-29 23:40:42 - [ACK]
2026-08-29 23:40:42 - --Send Message To Machine --[ENQ]
2026-08-29 23:40:42 - --Send Message To Machine --[STX]1H|\^&||| Product Model^01.03.07.03^123456|||||||SA|1394-97|20260829234042[CR]P|1||PATIENT111||ABC^XYZ^j||19600315|M|||A|||icteru||||||01|||||A1|002|||||||[CR]O|1|1^1^1|9170447|TP^^2^1\ALB^^2^1\ALP^^2^1\SGPT^^2^1\SGOT^^2^1\BIT^^2^1|R|20260829234042|20260829234042||||||||serum|||1|||||||Q|||||[CR]L|1|N[CR][ETX]7F[CR][LF]
2026-08-29 23:40:42 - [ACK]
2026-08-29 23:40:42 - --Send Message To Machine --[EOT]
2026-08-29 23:40:42 - [ENQ]
2026-08-29 23:40:42 - [STX]1H|\^&|||Mindry^^|||||||RQ|1394-97|20260829234042[CR]Q|262|^8481635||||||||||O[CR]L|88|N[CR][ETX]B8[CR][LF]
2026-08-29 23:40:42 - [EOT]
2026-08-29 23:40:42 - [ACK]
2026-08-29 23:40:42 - --Send Message To Machine --[ENQ]
2026-08-29 23:40:42 - --Send Message To Machine --[STX]1H|\^&||| Product Model^01.03.07.03^123456|||||||SA|1394-97|20260829234042[CR]P|1||PATIENT111||ABC^XYZ^j||19600315|M|||A|||icteru||||||01|||||A1|002|||||||[CR]O|1|1^1^1|8481635|GLU^^2^1|R|20260829234042|20260829234042||||||||serum|||1|||||||Q|||||[CR]L|1|N[CR][ETX]83[CR][LF]
2026-08-29 23:40:42 - [ACK]
2026-08-29 23:40:42 - --Send Message To Machine --[EOT]
2026-08-29 23:40:42 - [ENQ]
2026-08-29 23:40:42 - [STX]1H|\^&|||Mindry^^|||||||RQ|1394-97|20260829234042[CR]Q|263|^8689531||||||||||O[CR]L|89|N[CR][ETX]BF[CR][LF]
2026-08-29 23:40:42 - [EOT]
2026-08-29 23:40:42 - [ACK]
2026-08-29 23:40:42 - --Send Message To Machine --[ENQ]
2026-08-29 23:40:42 - --Send Message To Machine --[STX]1H|\^&||| Product Model^01.03.07.03^123456|||||||SA|1394-97|20260829234042[CR]P|1||PATIENT111||ABC^XYZ^j||19600315|M|||A|||icteru||||||01|||||A1|002|||||||[CR]O|1|1^1^1|8689531|GLU^^2^1|R|20260829234042|20260829234042||||||||serum|||1|||||||Q|||||[CR]L|1|N[CR][ETX]88[CR][LF]
2026-08-29 23:40:42 - [ACK]
2026-08-29 23:40:42 - --Send Message To Machine --[EOT]
2026-08-29 23:40:43 - [ENQ]
2026-08-29 23:40:43 - [STX]1H|\^&|||Mindry^^|||||||RQ|1394-97|20260829234043[CR]Q|264|^9366344||||||||||O[CR]L|90|N[CR][ETX]B4[CR][LF]
2026-08-29 23:40:43 - [EOT]
2026-08-29 23:40:43 - [ACK]
2026-08-29 23:40:43 - --Send Message To Machine --[ENQ]
2026-08-29 23:40:43 - --Send Message To Machine --[STX]1H|\^&||| Product Model^01.03.07.03^123456|||||||SA|1394-97|20260829234043[CR]P|1||PATIENT111||ABC^XYZ^j||19600315|M|||A|||icteru||||||01|||||A1|002|||||||[CR]O|1|1^1^1|9366344|TP^^2^1\ALB^^2^1\ALP^^2^1\SGPT^^2^1\SGOT^^2^1\BIT^^2^1|R|20260829234043|20260829234043||||||||serum|||1|||||||Q|||||[CR]L|1|N[CR][ETX]85[CR][LF]
2026-08-29 23:40:43 - [ACK]
2026-08-29 23:40:43 - --Send Message To Machine --[EOT]
2026-08-29 23:40:43 - [ENQ]
2026-08-29 23:40:43 - [STX]1H|\^&|||Mindry^^|||||||RQ|1394-97|20260829234043[CR]Q|265|^9366354||||||||||O[CR]L|91|N[CR][ETX]B7[CR][LF]
2026-08-29 23:40:43 - [EOT]
2026-08-29 23:40:43 - [ACK]
2026-08-29 23:40:43 - --Send Message To Machine --[ENQ]
2026-08-29 23:40:43 - --Send Message To Machine --[STX]1H|\^&||| Product Model^01.03.07.03^123456|||||||SA|1394-97|20260829234043[CR]P|1||PATIENT111||ABC^XYZ^j||19600315|M|||A|||icteru||||||01|||||A1|002|||||||[CR]O|1|1^1^1|9366354|CREAT^^2^1\UREA^^2^1\URIC^^2^1\CAL^^2^1|R|20260829234043|20260829234043||||||||serum|||1|||||||Q|||||[CR]L|1|N[CR][ETX]C9[CR][LF]
2026-08-29 23:40:43 - [ACK]
2026-08-29 23:40:43 - --Send Message To Machine --[EOT]
2026-08-29 23:40:43 - [ENQ]
2026-08-29 23:40:43 - [STX]1H|\^&|||Mindry^^|||||||RQ|1394-97|20260829234043[CR]Q|266|^9366351||||||||||O[CR]L|92|N[CR][ETX]B6[CR][LF]
2026-08-29 23:40:43 - [EOT]
2026-08-29 23:40:43 - [ACK]
2026-08-29 23:40:43 - --Send Message To Machine --[ENQ]
2026-08-29 23:40:43 - --Send Message To Machine --[STX]1H|\^&||| Product Model^01.03.07.03^123456|||||||SA|1394-97|20260829234043[CR]P|1||PATIENT111||ABC^XYZ^j||19600315|M|||A|||icteru||||||01|||||A1|002|||||||[CR]O|1|1^1^1|9366351|CREAT^^2^1\TP^^2^1\UREA^^2^1\URIC^^2^1\ALB^^2^1\ALP^^2^1\SGPT^^2^1\SGOT^^2^1\BIT^^2^1\CAL^^2^1|R|20260829234043|20260829234043||||||||serum|||1|||||||Q|||||[CR]L|1|N[CR][ETX]86[CR][LF]
2026-08-29 23:40:43 - --Send Message To Machine --[EOT]
2026-08-29 23:40:43 - [ACK]
2026-08-29 23:40:43 - [ENQ]
2026-08-29 23:40:43 - [STX]1H|\^&|||Mindry^^|||||||RQ|1394-97|20260829234043[CR]Q|267|^8689529||||||||||O[CR]L|93|N[CR][ETX]C6[CR][LF]
2026-08-29 23:40:43 - [EOT]
2026-08-29 23:40:43 - [ACK]
2026-08-29 23:40:43 - --Send Message To Machine --[ENQ]
2026-08-29 23:40:43 - --Send Message To Machine --[STX]1H|\^&||| Product Model^01.03.07.03^123456|||||||SA|1394-97|20260829234043[CR]P|1||PATIENT111||ABC^XYZ^j||19600315|M|||A|||icteru||||||01|||||A1|002|||||||[CR]O|1|1^1^1|8689529|HDL^^2^1\LDL^^2^1\CHOL^^2^1\TC^^2^1\CREAT^^2^1\GGT^^2^1\Iron^^2^1\TIBC^^2^1\ALB^^2^1\TP^^2^1\TG^^2^1\TRIG^^2^1\UREA^^2^1\URIC^^2^1\UIBC^^2^1\ALP^^2^1\SGPT^^2^1\SGOT^^2^1\BID^^2^1\BIT^^2^1\CAL^^2^1|R|20260829234043|20260829234043||||||||serum|||1|||||||Q|||||[CR]L|1|N[CR][ETX]B7[CR][LF]
2026-08-29 23:40:44 - --Send Message To Machine --[EOT]
2026-08-29 23:40:44 - [ACK]
2026-08-29 23:40:44 - [ENQ]
2026-08-29 23:40:44 - [STX]1H|\^&|||Mindry^^|||||||RQ|1394-97|20260829234044[CR]Q|268|^9366422||||||||||O[CR]L|94|N[CR][ETX]BA[CR][LF]
2026-08-29 23:40:44 - [EOT]
2026-08-29 23:40:44 - [ACK]
2026-08-29 23:40:44 - --Send Message To Machine --[ENQ]
2026-08-29 23:40:44 - --Send Message To Machine --[STX]1H|\^&||| Product Model^01.03.07.03^123456|||||||SA|1394-97|20260829234044[CR]P|1||PATIENT111||ABC^XYZ^j||19600315|M|||A|||icteru||||||01|||||A1|002|||||||[CR]O|1|1^1^1|9366422|GLU^^2^1|R|20260829234044|20260829234044||||||||serum|||1|||||||Q|||||[CR]L|1|N[CR][ETX]86[CR][LF]
2026-08-29 23:40:44 - [ACK]
2026-08-29 23:40:44 - --Send Message To Machine --[EOT]
2026-08-29 23:40:44 - [ENQ]
2026-08-29 23:40:44 - [STX]1H|\^&|||Mindry^^|||||||RQ|1394-97|20260829234044[CR]Q|269|^8689560||||||||||O[CR]L|95|N[CR][ETX]C6[CR][LF]
2026-08-29 23:40:44 - [EOT]
2026-08-29 23:40:44 - [ACK]
2026-08-29 23:40:44 - --Send Message To Machine --[ENQ]
2026-08-29 23:40:44 - --Send Message To Machine --[STX]1H|\^&||| Product Model^01.03.07.03^123456|||||||SA|1394-97|20260829234044[CR]P|1||PATIENT111||ABC^XYZ^j||19600315|M|||A|||icteru||||||01|||||A1|002|||||||[CR]O|1|1^1^1|8689560|CREAT^^2^1\UREA^^2^1\URIC^^2^1\CAL^^2^1|R|20260829234044|20260829234044||||||||serum|||1|||||||Q|||||[CR]L|1|N[CR][ETX]D2[CR][LF]
2026-08-29 23:40:44 - [ACK]
2026-08-29 23:40:44 - --Send Message To Machine --[EOT]
2026-08-29 23:40:44 - [ENQ]
2026-08-29 23:40:44 - [STX]1H|\^&|||Mindry^^|||||||RQ|1394-97|20260829234044[CR]Q|270|^9367857||||||||||O[CR]L|96|N[CR][ETX]C2[CR][LF]
2026-08-29 23:40:44 - [EOT]
2026-08-29 23:40:44 - [ACK]
2026-08-29 23:40:44 - --Send Message To Machine --[ENQ]
2026-08-29 23:40:44 - --Send Message To Machine --[STX]1H|\^&||| Product Model^01.03.07.03^123456|||||||SA|1394-97|20260829234044[CR]P|1||PATIENT111||ABC^XYZ^j||19600315|M|||A|||icteru||||||01|||||A1|002|||||||[CR]O|1|1^1^1|9367857|GGT^^2^1\ALB^^2^1\TP^^2^1\ALP^^2^1\SGPT^^2^1\SGOT^^2^1\BID^^2^1\BIT^^2^1|R|20260829234044|20260829234044||||||||serum|||1|||||||Q|||||[CR]L|1|N[CR][ETX]F5[CR][LF]
2026-08-29 23:40:44 - [ACK]
2026-08-29 23:40:44 - --Send Message To Machine --[EOT]
2026-08-29 23:40:44 - [ENQ]
2026-08-29 23:40:44 - [STX]1H|\^&|||Mindry^^|||||||RQ|1394-97|20260829234044[CR]Q|271|^9367858||||||||||O[CR]L|97|N[CR][ETX]C5[CR][LF]
2026-08-29 23:40:45 - [EOT]
2026-08-29 23:40:45 - [ACK]
2026-08-29 23:40:45 - --Send Message To Machine --[ENQ]
2026-08-29 23:40:45 - [ACK]
2026-08-29 23:40:45 - --Send Message To Machine --[STX]1H|\^&||| Product Model^01.03.07.03^123456|||||||SA|1394-97|20260829234045[CR]P|1||PATIENT111||ABC^XYZ^j||19600315|M|||A|||icteru||||||01|||||A1|002|||||||[CR]O|1|1^1^1|9367858|CRP^^2^1|R|20260829234045|20260829234045||||||||serum|||1|||||||Q|||||[CR]L|1|N[CR][ETX]94[CR][LF]
2026-08-29 23:40:45 - --Send Message To Machine --[EOT]
2026-08-29 23:40:45 - [ENQ]
2026-08-29 23:40:45 - [STX]1H|\^&|||Mindry^^|||||||RQ|1394-97|20260829234045[CR]Q|272|^23063322||||||||||O[CR]L|98|N[CR][ETX]DF[CR][LF]
2026-08-29 23:40:45 - [EOT]
2026-08-29 23:40:45 - [ACK]
2026-08-29 23:40:45 - --Send Message To Machine --[ENQ]
2026-08-29 23:40:45 - --Send Message To Machine --[STX]1H|\^&||| Product Model^01.03.07.03^123456|||||||SA|1394-97|20260829234045[CR]P|1||PATIENT111||ABC^XYZ^j||19600315|M|||A|||icteru||||||01|||||A1|002|||||||[CR]O|1|1^1^1|23063322|HDL^^2^1\LDL^^2^1\CHOL^^2^1\TC^^2^1\CREAT^^2^1\GGT^^2^1\Iron^^2^1\TIBC^^2^1\ALB^^2^1\TP^^2^1\TG^^2^1\TRIG^^2^1\UREA^^2^1\URIC^^2^1\UIBC^^2^1\ALP^^2^1\SGPT^^2^1\SGOT^^2^1\BID^^2^1\BIT^^2^1\CAL^^2^1|R|20260829234045|20260829234045||||||||serum|||1|||||||Q|||||[CR]L|1|N[CR][ETX]D3[CR][LF]
2026-08-29 23:40:45 - --Send Message To Machine --[EOT]
2026-08-29 23:40:45 - [ACK]
2026-08-29 23:40:45 - [ENQ]
2026-08-29 23:40:45 - [STX]1H|\^&|||Mindry^^|||||||PR|1394-97|20260829234045[CR]P|164||PATIENT111||ABC^^||19600315^66^Y|M||||||||||||||||||||||||||[CR]O|164|103^1^7|9366433|TRIG^Triglycerides^^\CHOL^T.CHOL^^|R|20260829232248|20260829232248|||||||20260829232248|serum||||||||||F|||||[CR]R|91|TRIG^Triglycerides^^F|126.304775^^^^|mg/dL|^|N||F|126.304775^^^^|0|20260829233825||Mindry^[CR]R|92|CHOL^T.CHOL^^F|164.067892^^^^|mg/dL|^|N||F|164.067892^^^^|0|20260829233344||Mindry^[CR]L|99|N[CR][ETX]D3[CR][LF]
2026-08-29 23:40:45 - [EOT]
2026-08-29 23:40:45 - [ENQ]
2026-08-29 23:40:45 - [STX]1H|\^&|||Mindry^^|||||||PR|1394-97|20260829234045[CR]P|165||PATIENT111||ABC^^||19600315^66^Y|M||||||||||||||||||||||||||[CR]O|165|104^1^8|8481633|BID^Bilirubin Direct (DSA Method)^^\SGPT^Alanine Aminotransferase^^\SGOT^Aspartate Aminotransferase^^\BIT^T.BILL H^^\ALB^ALBUMIN ^^\ALP^ALKALINE ^^\TP^TP H^^\GGT^GGT H^^|R|20260829232249|20260829232249|||||||20260829232249|serum||||||||||F|||||[CR]R|93|BID^Bilirubin Direct (DSA Method)^^F|0.114217^^^^|mg/dL|^|N||F|0.114217^^^^|0|20260829233842||Mindry^[CR]R|94|SGPT^Alanine Aminotransferase^^F|76.984593^^^^|U/L|^|N||F|76.984593^^^^|0|20260829233833||Mindry^[CR]R|95|SGOT^Aspartate Aminotransferase^^F|54.819569^^^^|U/L|^|N||F|54.819569^^^^|0|20260829233842||Mindry^[CR]R|96|BIT^T.BILL H^^F|0.170614^^^^|mg/dL|^|N||F|0.170614^^^^|0|20260829233908||Mindry^[CR]R|97|ALB^ALBUMIN ^^F|3.012140^^^^|g/dL|^|N||F|3.012140^^^^|0|20260829233427||Mindry^[CR]R|98|ALP^ALKALINE ^^F|126.797711^^^^|U/L|^|N||F|126.797711^^^^|0|20260829233908||Mindry^[CR]R|99|TP^TP H^^F|5.661693^^^^|g/dL|^|N||F|5.661693^^^^|0|20260829233933||Mindry^[CR]R|100|GGT^GGT H^^F|20.215212^^^^|U/L|^|N||F|20.215212^^^^|0|20260829233925||Mindry^[CR]L|100|N[CR][ETX]7F[CR][LF]
2026-08-29 23:40:45 - [EOT]
2026-08-29 23:40:45 - [ENQ]
2026-08-29 23:40:45 - [STX]1H|\^&|||Mindry^^|||||||PR|1394-97|20260829234045[CR]P|166||PATIENT111||ABC^^||19600315^66^Y|M||||||||||||||||||||||||||[CR]O|166|105^1^9|9366427|TRIG^Triglycerides^^\CHOL^T.CHOL^^|R|20260829232249|20260829232249|||||||20260829232249|serum||||||||||F|||||[CR]R|101|TRIG^Triglycerides^^F|196.756100^^^^|mg/dL|^|N||F|196.756100^^^^|0|20260829233950||Mindry^[CR]R|102|CHOL^T.CHOL^^F|140.618279^^^^|mg/dL|^|N||F|140.618279^^^^|0|20260829233510||Mindry^[CR]L|101|N[CR][ETX]41[CR][LF]
2026-08-29 23:40:45 - [EOT]
2026-08-29 23:40:45 - [ENQ]
2026-08-29 23:40:45 - [STX]1H|\^&|||Mindry^^|||||||PR|1394-97|20260829234045[CR]P|167||PATIENT111||ABC^^||19600315^66^Y|M||||||||||||||||||||||||||[CR]O|167|107^1^11|8481635|GLU^GLU H^^|R|20260829232249|20260829232249|||||||20260829232249|serum||||||||||F|||||[CR]R|103|GLU^GLU H^^F|129.031040^^^^|mg/dL|^|N||F|129.031040^^^^|0|20260829234008||Mindry^[CR]L|102|N[CR][ETX]83[CR][LF]
2026-08-29 23:40:45 - [EOT]
2026-08-29 23:40:46 - [ENQ]
2026-08-29 23:40:46 - [STX]1H|\^&|||Mindry^^|||||||PR|1394-97|20260829234046[CR]P|168||PATIENT111||ABC^^||19600315^66^Y|M||||||||||||||||||||||||||[CR]O|168|108^1^12|8689531|GLU^GLU H^^|R|20260829232250|20260829232250|||||||20260829232250|serum||||||||||F|||||[CR]R|104|GLU^GLU H^^F|119.459799^^^^|mg/dL|^|N||F|119.459799^^^^|0|20260829234016||Mindry^[CR]L|103|N[CR][ETX]BA[CR][LF]
2026-08-29 23:40:46 - [EOT]
2026-08-29 23:40:50 - [ENQ]
2026-08-29 23:40:50 - [STX]1H|\^&|||Mindry^^|||||||PR|1394-97|20260829234050[CR]P|169||PATIENT111||ABC^^||19600315^66^Y|M||||||||||||||||||||||||||[CR]O|169|106^1^10|9170447|SGPT^Alanine Aminotransferase^^\SGOT^Aspartate Aminotransferase^^\BIT^T.BILL H^^\ALB^ALBUMIN ^^\ALP^ALKALINE ^^\TP^TP H^^|R|20260829232249|20260829234042|||||||20260829232249|serum||||||||||F|||||[CR]R|105|SGPT^Alanine Aminotransferase^^F|49.893922^^^^|U/L|^|N||F|49.893922^^^^|0|20260829233950||Mindry^[CR]R|106|SGOT^Aspartate Aminotransferase^^F|53.582335^^^^|U/L|^|N||F|53.582335^^^^|0|20260829233959||Mindry^[CR]R|107|BIT^T.BILL H^^F|0.385756^^^^|mg/dL|^|N||F|0.385756^^^^|0|20260829234025||Mindry^[CR]R|108|ALB^ALBUMIN ^^F|3.948390^^^^|g/dL|^|N||F|3.948390^^^^|0|20260829233544||Mindry^[CR]R|109|ALP^ALKALINE ^^F|78.413195^^^^|U/L|^|N||F|78.413195^^^^|0|20260829234025||Mindry^[CR]R|110|TP^TP H^^F|6.706234^^^^|g/dL|^|N||F|6.706234^^^^|0|20260829234050||Mindry^[CR]L|104|N[CR][ETX]F5[CR][LF]
2026-08-29 23:40:51 - [EOT]
2026-08-29 23:40:54 - [ENQ]
2026-08-29 23:40:54 - [STX]1H|\^&|||Mindry^^|||||||RQ|1394-97|20260829234054[CR]Q|273|^9365336||||||||||O[CR]L|105|N[CR][ETX]E3[CR][LF]
2026-08-29 23:40:54 - [EOT]
2026-08-29 23:41:24 - [ENQ]
2026-08-29 23:41:24 - [STX]1H|\^&|||Mindry^^|||||||RQ|1394-97|20260829234124[CR]Q|274|^9170450||||||||||O[CR]L|106|N[CR][ETX]DA[CR][LF]
2026-08-29 23:41:24 - [EOT]
2026-08-29 23:41:54 - [ENQ]
2026-08-29 23:41:54 - [STX]1H|\^&|||Mindry^^|||||||RQ|1394-97|20260829234154[CR]Q|275|^9366428||||||||||O[CR]L|107|N[CR][ETX]EB[CR][LF]
2026-08-29 23:41:54 - [EOT]
2026-08-29 23:42:24 - [ENQ]
2026-08-29 23:42:24 - [STX]1H|\^&|||Mindry^^|||||||RQ|1394-97|20260829234224[CR]Q|276|^8689553||||||||||O[CR]L|108|N[CR][ETX]F1[CR][LF]
2026-08-29 23:42:24 - [EOT]
2026-08-29 23:42:55 - [ENQ]
2026-08-29 23:42:55 - [STX]1H|\^&|||Mindry^^|||||||RQ|1394-97|20260829234255[CR]Q|277|^8689559||||||||||O[CR]L|109|N[CR][ETX]FD[CR][LF]
2026-08-29 23:42:55 - [EOT]
2026-08-29 23:43:25 - [ENQ]
2026-08-29 23:43:25 - [STX]1H|\^&|||Mindry^^|||||||RQ|1394-97|20260829234325[CR]Q|278|^9366417||||||||||O[CR]L|110|N[CR][ETX]E6[CR][LF]
2026-08-29 23:43:25 - [EOT]
2026-08-29 23:43:55 - [ENQ]
2026-08-29 23:43:55 - [STX]1H|\^&|||Mindry^^|||||||RQ|1394-97|20260829234355[CR]Q|279|^9366433||||||||||O[CR]L|111|N[CR][ETX]E9[CR][LF]
2026-08-29 23:43:55 - [EOT]
2026-08-29 23:44:25 - [ENQ]
2026-08-29 23:44:25 - [STX]1H|\^&|||Mindry^^|||||||RQ|1394-97|20260829234425[CR]Q|280|^8481633||||||||||O[CR]L|112|N[CR][ETX]DF[CR][LF]
2026-08-29 23:44:25 - [EOT]
2026-08-29 23:44:55 - [ENQ]
2026-08-29 23:44:55 - [STX]1H|\^&|||Mindry^^|||||||RQ|1394-97|20260829234455[CR]Q|281|^9366427||||||||||O[CR]L|113|N[CR][ETX]E8[CR][LF]
2026-08-29 23:44:55 - [EOT]
2026-08-29 23:45:25 - [ENQ]
2026-08-29 23:45:25 - [STX]1H|\^&|||Mindry^^|||||||RQ|1394-97|20260829234525[CR]Q|282|^9170447||||||||||O[CR]L|114|N[CR][ETX]E3[CR][LF]
2026-08-29 23:45:25 - [EOT]
2026-08-29 23:45:55 - [ENQ]
2026-08-29 23:45:55 - [STX]1H|\^&|||Mindry^^|||||||RQ|1394-97|20260829234555[CR]Q|283|^8481635||||||||||O[CR]L|115|N[CR][ETX]EB[CR][LF]
2026-08-29 23:45:55 - [EOT]
2026-08-29 23:46:25 - [ENQ]
2026-08-29 23:46:25 - [STX]1H|\^&|||Mindry^^|||||||RQ|1394-97|20260829234625[CR]Q|284|^8689531||||||||||O[CR]L|116|N[CR][ETX]F0[CR][LF]
2026-08-29 23:46:25 - [EOT]
2026-08-29 23:46:56 - [ENQ]
2026-08-29 23:46:56 - [STX]1H|\^&|||Mindry^^|||||||RQ|1394-97|20260829234656[CR]Q|285|^9366344||||||||||O[CR]L|117|N[CR][ETX]F1[CR][LF]
2026-08-29 23:46:56 - [EOT]
2026-08-29 23:46:56 - [ACK]
2026-08-29 23:46:56 - --Send Message To Machine --[ENQ]
2026-08-29 23:46:56 - --Send Message To Machine --[STX]1H|\^&||| Product Model^01.03.07.03^123456|||||||SA|1394-97|20260829234656[CR]P|1||PATIENT111||ABC^XYZ^j||19600315|M|||A|||icteru||||||01|||||A1|002|||||||[CR]O|1|1^1^1|9366344|TP^^2^1\ALB^^2^1\ALP^^2^1\SGPT^^2^1\SGOT^^2^1\BIT^^2^1|R|20260829234656|20260829234656||||||||serum|||1|||||||Q|||||[CR]L|1|N[CR][ETX]A3[CR][LF]
2026-08-29 23:46:56 - [ACK]
2026-08-29 23:46:56 - --Send Message To Machine --[EOT]
2026-08-29 23:46:56 - [ENQ]
2026-08-29 23:46:56 - [STX]1H|\^&|||Mindry^^|||||||RQ|1394-97|20260829234656[CR]Q|286|^9366354||||||||||O[CR]L|118|N[CR][ETX]F4[CR][LF]
2026-08-29 23:46:56 - [EOT]
2026-08-29 23:46:56 - [ACK]
2026-08-29 23:46:56 - --Send Message To Machine --[ENQ]
2026-08-29 23:46:56 - [ACK]
2026-08-29 23:46:56 - --Send Message To Machine --[STX]1H|\^&||| Product Model^01.03.07.03^123456|||||||SA|1394-97|20260829234656[CR]P|1||PATIENT111||ABC^XYZ^j||19600315|M|||A|||icteru||||||01|||||A1|002|||||||[CR]O|1|1^1^1|9366354|CREAT^^2^1\UREA^^2^1\URIC^^2^1\CAL^^2^1|R|20260829234656|20260829234656||||||||serum|||1|||||||Q|||||[CR]L|1|N[CR][ETX]E7[CR][LF]
2026-08-29 23:46:56 - --Send Message To Machine --[EOT]
2026-08-29 23:46:56 - [ENQ]
2026-08-29 23:46:56 - [STX]1H|\^&|||Mindry^^|||||||RQ|1394-97|20260829234656[CR]Q|287|^9366351||||||||||O[CR]L|119|N[CR][ETX]F3[CR][LF]
2026-08-29 23:46:56 - [EOT]
2026-08-29 23:46:56 - [ACK]
2026-08-29 23:46:56 - --Send Message To Machine --[ENQ]
2026-08-29 23:46:56 - --Send Message To Machine --[STX]1H|\^&||| Product Model^01.03.07.03^123456|||||||SA|1394-97|20260829234656[CR]P|1||PATIENT111||ABC^XYZ^j||19600315|M|||A|||icteru||||||01|||||A1|002|||||||[CR]O|1|1^1^1|9366351|CREAT^^2^1\TP^^2^1\UREA^^2^1\URIC^^2^1\ALB^^2^1\ALP^^2^1\SGPT^^2^1\SGOT^^2^1\BIT^^2^1\CAL^^2^1|R|20260829234656|20260829234656||||||||serum|||1|||||||Q|||||[CR]L|1|N[CR][ETX]A4[CR][LF]
2026-08-29 23:46:56 - --Send Message To Machine --[EOT]
2026-08-29 23:46:56 - [ACK]
2026-08-29 23:46:56 - [ENQ]
2026-08-29 23:46:56 - [STX]1H|\^&|||Mindry^^|||||||RQ|1394-97|20260829234656[CR]Q|288|^8689529||||||||||O[CR]L|120|N[CR][ETX]FA[CR][LF]
2026-08-29 23:46:56 - [EOT]
2026-08-29 23:46:56 - [ACK]
2026-08-29 23:46:56 - --Send Message To Machine --[ENQ]
2026-08-29 23:46:56 - --Send Message To Machine --[STX]1H|\^&||| Product Model^01.03.07.03^123456|||||||SA|1394-97|20260829234656[CR]P|1||PATIENT111||ABC^XYZ^j||19600315|M|||A|||icteru||||||01|||||A1|002|||||||[CR]O|1|1^1^1|8689529|HDL^^2^1\LDL^^2^1\CHOL^^2^1\TC^^2^1\CREAT^^2^1\GGT^^2^1\Iron^^2^1\TIBC^^2^1\ALB^^2^1\TP^^2^1\TG^^2^1\TRIG^^2^1\UREA^^2^1\URIC^^2^1\UIBC^^2^1\ALP^^2^1\SGPT^^2^1\SGOT^^2^1\BID^^2^1\BIT^^2^1\CAL^^2^1|R|20260829234656|20260829234656||||||||serum|||1|||||||Q|||||[CR]L|1|N[CR][ETX]D5[CR][LF]
2026-08-29 23:46:57 - --Send Message To Machine --[EOT]
2026-08-29 23:46:57 - [ACK]
2026-08-29 23:46:57 - [ENQ]
2026-08-29 23:46:57 - [STX]1H|\^&|||Mindry^^|||||||RQ|1394-97|20260829234657[CR]Q|289|^9366422||||||||||O[CR]L|121|N[CR][ETX]EE[CR][LF]
2026-08-29 23:46:57 - [EOT]
2026-08-29 23:46:57 - [ACK]
2026-08-29 23:46:57 - --Send Message To Machine --[ENQ]
2026-08-29 23:46:57 - --Send Message To Machine --[STX]1H|\^&||| Product Model^01.03.07.03^123456|||||||SA|1394-97|20260829234657[CR]P|1||PATIENT111||ABC^XYZ^j||19600315|M|||A|||icteru||||||01|||||A1|002|||||||[CR]O|1|1^1^1|9366422|GLU^^2^1|R|20260829234657|20260829234657||||||||serum|||1|||||||Q|||||[CR]L|1|N[CR][ETX]A4[CR][LF]
2026-08-29 23:46:57 - [ACK]
2026-08-29 23:46:57 - --Send Message To Machine --[EOT]
2026-08-29 23:46:57 - [ENQ]
2026-08-29 23:46:57 - [STX]1H|\^&|||Mindry^^|||||||RQ|1394-97|20260829234657[CR]Q|290|^8689560||||||||||O[CR]L|122|N[CR][ETX]F1[CR][LF]
2026-08-29 23:46:57 - [EOT]
2026-08-29 23:46:57 - [ACK]
2026-08-29 23:46:57 - --Send Message To Machine --[ENQ]
2026-08-29 23:46:57 - --Send Message To Machine --[STX]1H|\^&||| Product Model^01.03.07.03^123456|||||||SA|1394-97|20260829234657[CR]P|1||PATIENT111||ABC^XYZ^j||19600315|M|||A|||icteru||||||01|||||A1|002|||||||[CR]O|1|1^1^1|8689560|CREAT^^2^1\UREA^^2^1\URIC^^2^1\CAL^^2^1|R|20260829234657|20260829234657||||||||serum|||1|||||||Q|||||[CR]L|1|N[CR][ETX]F0[CR][LF]
2026-08-29 23:46:57 - [ACK]
2026-08-29 23:46:57 - --Send Message To Machine --[EOT]
2026-08-29 23:46:57 - [ENQ]
2026-08-29 23:46:57 - [STX]1H|\^&|||Mindry^^|||||||RQ|1394-97|20260829234657[CR]Q|291|^9367857||||||||||O[CR]L|123|N[CR][ETX]F6[CR][LF]
2026-08-29 23:46:57 - [EOT]
2026-08-29 23:46:57 - [ACK]
2026-08-29 23:46:57 - --Send Message To Machine --[ENQ]
2026-08-29 23:46:57 - --Send Message To Machine --[STX]1H|\^&||| Product Model^01.03.07.03^123456|||||||SA|1394-97|20260829234657[CR]P|1||PATIENT111||ABC^XYZ^j||19600315|M|||A|||icteru||||||01|||||A1|002|||||||[CR]O|1|1^1^1|9367857|GGT^^2^1\ALB^^2^1\TP^^2^1\ALP^^2^1\SGPT^^2^1\SGOT^^2^1\BID^^2^1\BIT^^2^1|R|20260829234657|20260829234657||||||||serum|||1|||||||Q|||||[CR]L|1|N[CR][ETX]13[CR][LF]
2026-08-29 23:46:57 - [ACK]
2026-08-29 23:46:57 - --Send Message To Machine --[EOT]
2026-08-29 23:46:58 - [ENQ]
2026-08-29 23:46:58 - [STX]1H|\^&|||Mindry^^|||||||RQ|1394-97|20260829234658[CR]Q|292|^9367858||||||||||O[CR]L|124|N[CR][ETX]FA[CR][LF]
2026-08-29 23:46:58 - [EOT]
2026-08-29 23:46:58 - [ACK]
2026-08-29 23:46:58 - --Send Message To Machine --[ENQ]
2026-08-29 23:46:58 - --Send Message To Machine --[STX]1H|\^&||| Product Model^01.03.07.03^123456|||||||SA|1394-97|20260829234658[CR]P|1||PATIENT111||ABC^XYZ^j||19600315|M|||A|||icteru||||||01|||||A1|002|||||||[CR]O|1|1^1^1|9367858|CRP^^2^1|R|20260829234658|20260829234658||||||||serum|||1|||||||Q|||||[CR]L|1|N[CR][ETX]B2[CR][LF]
2026-08-29 23:46:58 - [ACK]
2026-08-29 23:46:58 - --Send Message To Machine --[EOT]
2026-08-29 23:46:58 - [ENQ]
2026-08-29 23:46:58 - [STX]1H|\^&|||Mindry^^|||||||RQ|1394-97|20260829234658[CR]Q|293|^23063322||||||||||O[CR]L|125|N[CR][ETX]13[CR][LF]
2026-08-29 23:46:58 - [EOT]
2026-08-29 23:46:58 - [ACK]
2026-08-29 23:46:58 - --Send Message To Machine --[ENQ]
2026-08-29 23:46:58 - --Send Message To Machine --[STX]1H|\^&||| Product Model^01.03.07.03^123456|||||||SA|1394-97|20260829234658[CR]P|1||PATIENT111||ABC^XYZ^j||19600315|M|||A|||icteru||||||01|||||A1|002|||||||[CR]O|1|1^1^1|23063322|HDL^^2^1\LDL^^2^1\CHOL^^2^1\TC^^2^1\CREAT^^2^1\GGT^^2^1\Iron^^2^1\TIBC^^2^1\ALB^^2^1\TP^^2^1\TG^^2^1\TRIG^^2^1\UREA^^2^1\URIC^^2^1\UIBC^^2^1\ALP^^2^1\SGPT^^2^1\SGOT^^2^1\BID^^2^1\BIT^^2^1\CAL^^2^1|R|20260829234658|20260829234658||||||||serum|||1|||||||Q|||||[CR]L|1|N[CR][ETX]F1[CR][LF]
2026-08-29 23:46:58 - --Send Message To Machine --[EOT]
2026-08-29 23:46:58 - [ACK]
2026-08-29 23:46:58 - [ENQ]
2026-08-29 23:46:58 - [STX]1H|\^&|||Mindry^^|||||||RQ|1394-97|20260829234658[CR]Q|294|^9366421||||||||||O[CR]L|126|N[CR][ETX]EF[CR][LF]
2026-08-29 23:46:58 - [EOT]
2026-08-29 23:46:58 - [ACK]
2026-08-29 23:46:58 - --Send Message To Machine --[ENQ]
2026-08-29 23:46:58 - --Send Message To Machine --[STX]1H|\^&||| Product Model^01.03.07.03^123456|||||||SA|1394-97|20260829234658[CR]P|1||PATIENT111||ABC^XYZ^j||19600315|M|||A|||icteru||||||01|||||A1|002|||||||[CR]O|1|1^1^1|9366421|HDL^^2^1\LDL^^2^1\CHOL^^2^1\TC^^2^1\CREAT^^2^1\GGT^^2^1\Iron^^2^1\TIBC^^2^1\ALB^^2^1\TP^^2^1\TG^^2^1\TRIG^^2^1\UREA^^2^1\URIC^^2^1\UIBC^^2^1\ALP^^2^1\SGPT^^2^1\SGOT^^2^1\BID^^2^1\BIT^^2^1\CAL^^2^1|R|20260829234658|20260829234658||||||||serum|||1|||||||Q|||||[CR]L|1|N[CR][ETX]CB[CR][LF]
2026-08-29 23:46:58 - --Send Message To Machine --[EOT]
2026-08-29 23:46:58 - [ACK]
2026-08-29 23:46:59 - [ENQ]
2026-08-29 23:46:59 - [STX]1H|\^&|||Mindry^^|||||||RQ|1394-97|20260829234659[CR]Q|295|^8689561||||||||||O[CR]L|127|N[CR][ETX]FE[CR][LF]
2026-08-29 23:46:59 - [EOT]
2026-08-29 23:47:29 - [ENQ]
2026-08-29 23:47:29 - [STX]1H|\^&|||Mindry^^|||||||PR|1394-97|20260829234729[CR]P|170||PATIENT111||ABC^^||19600315^66^Y|M||||||||||||||||||||||||||[CR]O|170|110^1^14|9366354|CREAT^CRE R^^\URIC^URIC ACID^^\CAL^CA. SB^^\UREA^UREA^^|R|20260829232250|20260829234043|||||||20260829232250|serum||||||||||F|||||[CR]R|111|CREAT^CRE R^^F|1.112666^^^^|mg/dL|^|N||F|1.112666^^^^|0|20260829234050||Mindry^[CR]R|112|URIC^URIC ACID^^F|6.621453^^^^|mg/dL|^|N||F|6.621453^^^^|0|20260829233626||Mindry^[CR]R|113|CAL^CA. SB^^F|10.082325^^^^|mg/dL|^|N||F|10.082325^^^^|0|20260829233752||Mindry^[CR]R|114|UREA^UREA^^F|22.716848^^^^|mg/dL|^|N||F|22.716848^^^^|0|20260829234141||Mindry^[CR]L|128|N[CR][ETX]DE[CR][LF]
2026-08-29 23:47:29 - [EOT]
2026-08-29 23:47:29 - [ENQ]
2026-08-29 23:47:29 - [STX]1H|\^&|||Mindry^^|||||||PR|1394-97|20260829234729[CR]P|171||PATIENT111||ABC^^||19600315^66^Y|M||||||||||||||||||||||||||[CR]O|171|109^1^13|9366344|SGPT^Alanine Aminotransferase^^\SGOT^Aspartate Aminotransferase^^\BIT^T.BILL H^^\ALB^ALBUMIN ^^\ALP^ALKALINE ^^\TP^TP H^^|R|20260829232250|20260829234043|||||||20260829232250|serum||||||||||F|||||[CR]R|115|SGPT^Alanine Aminotransferase^^F|17.629692^^^^|U/L|^|N||F|17.629692^^^^|0|20260829234059||Mindry^[CR]R|116|SGOT^Aspartate Aminotransferase^^F|20.547886^^^^|U/L|^|N||F|20.547886^^^^|0|20260829234107||Mindry^[CR]R|117|BIT^T.BILL H^^F|0.597750^^^^|mg/dL|^|N||F|0.597750^^^^|0|20260829234133||Mindry^[CR]R|118|ALB^ALBUMIN ^^F|3.982173^^^^|g/dL|^|N||F|3.982173^^^^|0|20260829233652||Mindry^[CR]R|119|ALP^ALKALINE ^^F|71.984428^^^^|U/L|^|N||F|71.984428^^^^|0|20260829234133||Mindry^[CR]R|120|TP^TP H^^F|6.711502^^^^|g/dL|^|N||F|6.711502^^^^|0|20260829234159||Mindry^[CR]L|129|N[CR][ETX]F2[CR][LF]
2026-08-29 23:47:29 - [EOT]
2026-08-29 23:47:29 - [ENQ]
2026-08-29 23:47:29 - [STX]1H|\^&|||Mindry^^|||||||RQ|1394-97|20260829234729[CR]Q|296|^9365336||||||||||O[CR]L|130|N[CR][ETX]EF[CR][LF]
2026-08-29 23:47:29 - [EOT]
2026-08-29 23:47:59 - [ENQ]
2026-08-29 23:47:59 - [STX]1H|\^&|||Mindry^^|||||||RQ|1394-97|20260829234759[CR]Q|297|^9170450||||||||||O[CR]L|131|N[CR][ETX]EB[CR][LF]
2026-08-29 23:47:59 - [EOT]
2026-08-29 23:48:29 - [ENQ]
2026-08-29 23:48:29 - [STX]1H|\^&|||Mindry^^|||||||RQ|1394-97|20260829234829[CR]Q|298|^9366428||||||||||O[CR]L|132|N[CR][ETX]F7[CR][LF]
2026-08-29 23:48:29 - [EOT]
2026-08-29 23:48:59 - [ENQ]
2026-08-29 23:48:59 - [STX]1H|\^&|||Mindry^^|||||||RQ|1394-97|20260829234859[CR]Q|299|^8689553||||||||||O[CR]L|133|N[CR][ETX]02[CR][LF]
2026-08-29 23:48:59 - [EOT]
2026-08-29 23:49:29 - [ENQ]
2026-08-29 23:49:29 - [STX]1H|\^&|||Mindry^^|||||||RQ|1394-97|20260829234929[CR]Q|300|^8689559||||||||||O[CR]L|134|N[CR][ETX]F6[CR][LF]
2026-08-29 23:49:29 - [EOT]
2026-08-29 23:50:00 - [ENQ]
2026-08-29 23:50:00 - [STX]1H|\^&|||Mindry^^|||||||RQ|1394-97|20260829235000[CR]Q|301|^9366417||||||||||O[CR]L|135|N[CR][ETX]D7[CR][LF]
2026-08-29 23:50:00 - [EOT]
2026-08-29 23:50:30 - [ENQ]
2026-08-29 23:50:30 - [STX]1H|\^&|||Mindry^^|||||||RQ|1394-97|20260829235030[CR]Q|302|^9366433||||||||||O[CR]L|136|N[CR][ETX]DA[CR][LF]
2026-08-29 23:50:30 - [EOT]
2026-08-29 23:51:00 - [ENQ]
2026-08-29 23:51:00 - [STX]1H|\^&|||Mindry^^|||||||RQ|1394-97|20260829235100[CR]Q|303|^8481633||||||||||O[CR]L|137|N[CR][ETX]D9[CR][LF]
2026-08-29 23:51:00 - [EOT]
2026-08-29 23:51:30 - [ENQ]
2026-08-29 23:51:30 - [STX]1H|\^&|||Mindry^^|||||||RQ|1394-97|20260829235130[CR]Q|304|^9366427||||||||||O[CR]L|138|N[CR][ETX]E2[CR][LF]
2026-08-29 23:51:30 - [EOT]
2026-08-29 23:52:00 - [ENQ]
2026-08-29 23:52:00 - [STX]1H|\^&|||Mindry^^|||||||RQ|1394-97|20260829235200[CR]Q|305|^9170447||||||||||O[CR]L|139|N[CR][ETX]DD[CR][LF]
2026-08-29 23:52:00 - [EOT]
2026-08-29 23:52:30 - [ENQ]
2026-08-29 23:52:30 - [STX]1H|\^&|||Mindry^^|||||||RQ|1394-97|20260829235230[CR]Q|306|^8481635||||||||||O[CR]L|140|N[CR][ETX]DC[CR][LF]
2026-08-29 23:52:30 - [EOT]
2026-08-29 23:53:00 - [ENQ]
2026-08-29 23:53:00 - [STX]1H|\^&|||Mindry^^|||||||RQ|1394-97|20260829235300[CR]Q|307|^8689531||||||||||O[CR]L|141|N[CR][ETX]E1[CR][LF]
2026-08-29 23:53:00 - [EOT]
2026-08-29 23:53:30 - [ENQ]
2026-08-29 23:53:30 - [STX]1H|\^&|||Mindry^^|||||||RQ|1394-97|20260829235330[CR]Q|308|^9366344||||||||||O[CR]L|142|N[CR][ETX]E1[CR][LF]
2026-08-29 23:53:30 - [EOT]
2026-08-29 23:54:01 - [ENQ]
2026-08-29 23:54:01 - [STX]1H|\^&|||Mindry^^|||||||RQ|1394-97|20260829235401[CR]Q|309|^9366354||||||||||O[CR]L|143|N[CR][ETX]E3[CR][LF]
2026-08-29 23:54:01 - [EOT]
2026-08-29 23:54:31 - [ENQ]
2026-08-29 23:54:31 - [STX]1H|\^&|||Mindry^^|||||||RQ|1394-97|20260829235431[CR]Q|310|^9366351||||||||||O[CR]L|144|N[CR][ETX]DC[CR][LF]
2026-08-29 23:54:31 - [EOT]
2026-08-29 23:54:31 - --Send Message To Machine --[ENQ]
2026-08-29 23:54:31 - [ACK]
2026-08-29 23:54:31 - --Send Message To Machine --[STX]1H|\^&||| Product Model^01.03.07.03^123456|||||||SA|1394-97|20260829235431[CR]P|1||PATIENT111||ABC^XYZ^j||19600315|M|||A|||icteru||||||01|||||A1|002|||||||[CR]O|1|1^1^1|9366351|CREAT^^2^1\TP^^2^1\UREA^^2^1\URIC^^2^1\ALB^^2^1\ALP^^2^1\SGPT^^2^1\SGOT^^2^1\BIT^^2^1\CAL^^2^1|R|20260829235431|20260829235431||||||||serum|||1|||||||Q|||||[CR]L|1|N[CR][ETX]8C[CR][LF]
2026-08-29 23:54:31 - [ACK]
2026-08-29 23:54:31 - --Send Message To Machine --[EOT]
2026-08-29 23:54:31 - [ENQ]
2026-08-29 23:54:31 - [STX]1H|\^&|||Mindry^^|||||||RQ|1394-97|20260829235431[CR]Q|311|^8689529||||||||||O[CR]L|145|N[CR][ETX]EC[CR][LF]
2026-08-29 23:54:31 - [EOT]
2026-08-29 23:54:31 - [ACK]
2026-08-29 23:54:31 - --Send Message To Machine --[ENQ]
2026-08-29 23:54:31 - --Send Message To Machine --[STX]1H|\^&||| Product Model^01.03.07.03^123456|||||||SA|1394-97|20260829235431[CR]P|1||PATIENT111||ABC^XYZ^j||19600315|M|||A|||icteru||||||01|||||A1|002|||||||[CR]O|1|1^1^1|8689529|HDL^^2^1\LDL^^2^1\CHOL^^2^1\TC^^2^1\CREAT^^2^1\GGT^^2^1\Iron^^2^1\TIBC^^2^1\ALB^^2^1\TP^^2^1\TG^^2^1\TRIG^^2^1\UREA^^2^1\URIC^^2^1\UIBC^^2^1\ALP^^2^1\SGPT^^2^1\SGOT^^2^1\BID^^2^1\BIT^^2^1\CAL^^2^1|R|20260829235431|20260829235431||||||||serum|||1|||||||Q|||||[CR]L|1|N[CR][ETX]BD[CR][LF]
2026-08-29 23:54:31 - --Send Message To Machine --[EOT]
2026-08-29 23:54:31 - [ACK]
2026-08-29 23:54:31 - [ENQ]
2026-08-29 23:54:31 - [STX]1H|\^&|||Mindry^^|||||||RQ|1394-97|20260829235431[CR]Q|312|^9366422||||||||||O[CR]L|146|N[CR][ETX]DF[CR][LF]
2026-08-29 23:54:31 - [EOT]
2026-08-29 23:54:31 - [ACK]
2026-08-29 23:54:31 - --Send Message To Machine --[ENQ]
2026-08-29 23:54:31 - --Send Message To Machine --[STX]1H|\^&||| Product Model^01.03.07.03^123456|||||||SA|1394-97|20260829235431[CR]P|1||PATIENT111||ABC^XYZ^j||19600315|M|||A|||icteru||||||01|||||A1|002|||||||[CR]O|1|1^1^1|9366422|GLU^^2^1|R|20260829235431|20260829235431||||||||serum|||1|||||||Q|||||[CR]L|1|N[CR][ETX]89[CR][LF]
2026-08-29 23:54:31 - [ACK]
2026-08-29 23:54:31 - --Send Message To Machine --[EOT]
2026-08-29 23:54:32 - [ENQ]
2026-08-29 23:54:32 - [STX]1H|\^&|||Mindry^^|||||||RQ|1394-97|20260829235432[CR]Q|313|^8689560||||||||||O[CR]L|147|N[CR][ETX]EC[CR][LF]
2026-08-29 23:54:32 - [EOT]
2026-08-29 23:54:32 - [ACK]
2026-08-29 23:54:32 - --Send Message To Machine --[ENQ]
2026-08-29 23:54:32 - --Send Message To Machine --[STX]1H|\^&||| Product Model^01.03.07.03^123456|||||||SA|1394-97|20260829235432[CR]P|1||PATIENT111||ABC^XYZ^j||19600315|M|||A|||icteru||||||01|||||A1|002|||||||[CR]O|1|1^1^1|8689560|CREAT^^2^1\UREA^^2^1\URIC^^2^1\CAL^^2^1|R|20260829235432|20260829235432||||||||serum|||1|||||||Q|||||[CR]L|1|N[CR][ETX]D8[CR][LF]
2026-08-29 23:54:32 - [ACK]
2026-08-29 23:54:32 - --Send Message To Machine --[EOT]
2026-08-29 23:54:32 - [ENQ]
2026-08-29 23:54:32 - [STX]1H|\^&|||Mindry^^|||||||RQ|1394-97|20260829235432[CR]Q|314|^9367857||||||||||O[CR]L|148|N[CR][ETX]F1[CR][LF]
2026-08-29 23:54:32 - [EOT]
2026-08-29 23:54:32 - [ACK]
2026-08-29 23:54:32 - --Send Message To Machine --[ENQ]
2026-08-29 23:54:32 - --Send Message To Machine --[STX]1H|\^&||| Product Model^01.03.07.03^123456|||||||SA|1394-97|20260829235432[CR]P|1||PATIENT111||ABC^XYZ^j||19600315|M|||A|||icteru||||||01|||||A1|002|||||||[CR]O|1|1^1^1|9367857|GGT^^2^1\ALB^^2^1\TP^^2^1\ALP^^2^1\SGPT^^2^1\SGOT^^2^1\BID^^2^1\BIT^^2^1|R|20260829235432|20260829235432||||||||serum|||1|||||||Q|||||[CR]L|1|N[CR][ETX]FB[CR][LF]
2026-08-29 23:54:32 - [ACK]
2026-08-29 23:54:32 - --Send Message To Machine --[EOT]
2026-08-29 23:54:32 - [ENQ]
2026-08-29 23:54:32 - [STX]1H|\^&|||Mindry^^|||||||RQ|1394-97|20260829235432[CR]Q|315|^9367858||||||||||O[CR]L|149|N[CR][ETX]F4[CR][LF]
2026-08-29 23:54:32 - [EOT]
2026-08-29 23:54:32 - [ACK]
2026-08-29 23:54:32 - --Send Message To Machine --[ENQ]
2026-08-29 23:54:32 - --Send Message To Machine --[STX]1H|\^&||| Product Model^01.03.07.03^123456|||||||SA|1394-97|20260829235432[CR]P|1||PATIENT111||ABC^XYZ^j||19600315|M|||A|||icteru||||||01|||||A1|002|||||||[CR]O|1|1^1^1|9367858|CRP^^2^1|R|20260829235432|20260829235432||||||||serum|||1|||||||Q|||||[CR]L|1|N[CR][ETX]97[CR][LF]
2026-08-29 23:54:32 - [ACK]
2026-08-29 23:54:32 - --Send Message To Machine --[EOT]
2026-08-29 23:54:32 - [ENQ]
2026-08-29 23:54:32 - [STX]1H|\^&|||Mindry^^|||||||RQ|1394-97|20260829235432[CR]Q|316|^23063322||||||||||O[CR]L|150|N[CR][ETX]04[CR][LF]
2026-08-29 23:54:32 - [EOT]
2026-08-29 23:54:33 - [ACK]
2026-08-29 23:54:33 - --Send Message To Machine --[ENQ]
2026-08-29 23:54:33 - --Send Message To Machine --[STX]1H|\^&||| Product Model^01.03.07.03^123456|||||||SA|1394-97|20260829235433[CR]P|1||PATIENT111||ABC^XYZ^j||19600315|M|||A|||icteru||||||01|||||A1|002|||||||[CR]O|1|1^1^1|23063322|HDL^^2^1\LDL^^2^1\CHOL^^2^1\TC^^2^1\CREAT^^2^1\GGT^^2^1\Iron^^2^1\TIBC^^2^1\ALB^^2^1\TP^^2^1\TG^^2^1\TRIG^^2^1\UREA^^2^1\URIC^^2^1\UIBC^^2^1\ALP^^2^1\SGPT^^2^1\SGOT^^2^1\BID^^2^1\BIT^^2^1\CAL^^2^1|R|20260829235433|20260829235433||||||||serum|||1|||||||Q|||||[CR]L|1|N[CR][ETX]D9[CR][LF]
2026-08-29 23:54:33 - --Send Message To Machine --[EOT]
2026-08-29 23:54:33 - [ACK]
2026-08-29 23:54:33 - [ENQ]
2026-08-29 23:54:33 - [STX]1H|\^&|||Mindry^^|||||||RQ|1394-97|20260829235433[CR]Q|317|^9366421||||||||||O[CR]L|151|N[CR][ETX]E1[CR][LF]
2026-08-29 23:54:33 - [EOT]
2026-08-29 23:54:33 - [ACK]
2026-08-29 23:54:33 - --Send Message To Machine --[ENQ]
2026-08-29 23:54:33 - --Send Message To Machine --[STX]1H|\^&||| Product Model^01.03.07.03^123456|||||||SA|1394-97|20260829235433[CR]P|1||PATIENT111||ABC^XYZ^j||19600315|M|||A|||icteru||||||01|||||A1|002|||||||[CR]O|1|1^1^1|9366421|HDL^^2^1\LDL^^2^1\CHOL^^2^1\TC^^2^1\CREAT^^2^1\GGT^^2^1\Iron^^2^1\TIBC^^2^1\ALB^^2^1\TP^^2^1\TG^^2^1\TRIG^^2^1\UREA^^2^1\URIC^^2^1\UIBC^^2^1\ALP^^2^1\SGPT^^2^1\SGOT^^2^1\BID^^2^1\BIT^^2^1\CAL^^2^1|R|20260829235433|20260829235433||||||||serum|||1|||||||Q|||||[CR]L|1|N[CR][ETX]B3[CR][LF]
2026-08-29 23:54:33 - --Send Message To Machine --[EOT]
2026-08-29 23:54:33 - [ACK]
2026-08-29 23:54:33 - [ENQ]
2026-08-29 23:54:33 - [STX]1H|\^&|||Mindry^^|||||||RQ|1394-97|20260829235433[CR]Q|318|^8689561||||||||||O[CR]L|152|N[CR][ETX]EF[CR][LF]
2026-08-29 23:54:33 - [EOT]
2026-08-29 23:55:03 - [ENQ]
2026-08-29 23:55:03 - [STX]1H|\^&|||Mindry^^|||||||PR|1394-97|20260829235503[CR]P|172||PATIENT111||ABC^^||19600315^66^Y|M||||||||||||||||||||||||||[CR]O|172|111^1^15|9366351|SGPT^Alanine Aminotransferase^^\SGOT^Aspartate Aminotransferase^^\CREAT^CRE R^^\BIT^T.BILL H^^\ALB^ALBUMIN ^^\ALP^ALKALINE ^^\URIC^URIC ACID^^\TP^TP H^^\CAL^CA. SB^^\UREA^UREA^^|R|20260829232250|20260829234043|||||||20260829232251|serum||||||||||F|||||[CR]R|121|SGPT^Alanine Aminotransferase^^F|0.718894^^^^|U/L|^|N||F|0.718894^^^^|0|20260829234241||Mindry^[CR]R|122|SGOT^Aspartate Aminotransferase^^F|9.825250^^^^|U/L|^|N||F|9.825250^^^^|0|20260829234250||Mindry^[CR]R|123|CREAT^CRE R^^F|0.079481^^^^|mg/dL|^|N||F|0.079481^^^^|0|20260829234216||Mindry^[CR]R|124|BIT^T.BILL H^^F|-0.229222^^^^|mg/dL|^|N||F|-0.229222^^^^|0|20260829234350||Mindry^[CR]R|125|ALB^ALBUMIN ^^F|0.924921^^^^|g/dL|^|N||F|0.924921^^^^|0|20260829233909||Mindry^[CR]R|126|ALP^ALKALINE ^^F|-16.040871^^^^|U/L|^|N||F|-16.040871^^^^|0|20260829234350||Mindry^[CR]R|127|URIC^URIC ACID^^F|4.501199^^^^|mg/dL|^|N||F|4.501199^^^^|0|20260829233818||Mindry^[CR]R|128|TP^TP H^^F|2.362822^^^^|g/dL|^|N||F|2.362822^^^^|0|20260829234424||Mindry^[CR]R|129|CAL^CA. SB^^F|3.295140^^^^|mg/dL|^|N||F|3.295140^^^^|0|20260829233943||Mindry^[CR]R|130|UREA^UREA^^F|3.424757^^^^|mg/dL|^|N||F|3.424757^^^^|0|20260829234333||Mindry^[CR]L|153|N[CR][ETX]0D[CR][LF]
2026-08-29 23:55:03 - [EOT]
2026-08-29 23:56:59 - [ENQ]
2026-08-29 23:56:59 - [STX]1H|\^&|||Mindry^^|||||||RQ|1394-97|20260829235659[CR]Q|319|^9170451||||||||||O[CR]L|154|N[CR][ETX]EC[CR][LF]
2026-08-29 23:57:00 - [EOT]
2026-08-29 23:57:00 - [ACK]
2026-08-29 23:57:00 - --Send Message To Machine --[ENQ]
2026-08-29 23:57:00 - --Send Message To Machine --[STX]1H|\^&||| Product Model^01.03.07.03^123456|||||||SA|1394-97|20260829235700[CR]P|1||PATIENT111||ABC^XYZ^j||19600315|M|||A|||icteru||||||01|||||A1|002|||||||[CR]O|1|1^1^1|9170451|HDL^^2^1\LDL^^2^1\CHOL^^2^1\TC^^2^1\TG^^2^1\TRIG^^2^1|R|20260829235700|20260829235700||||||||serum|||1|||||||Q|||||[CR]L|1|N[CR][ETX]18[CR][LF]
2026-08-29 23:57:00 - [ACK]
2026-08-29 23:57:00 - --Send Message To Machine --[EOT]
2026-08-29 23:57:00 - [ENQ]
2026-08-29 23:57:00 - [STX]1H|\^&|||Mindry^^|||||||RQ|1394-97|20260829235700[CR]Q|320|^23063315||||||||||O[CR]L|155|N[CR][ETX]04[CR][LF]
2026-08-29 23:57:00 - [EOT]
2026-08-29 23:57:00 - [ACK]
2026-08-29 23:57:00 - --Send Message To Machine --[ENQ]
2026-08-29 23:57:00 - --Send Message To Machine --[STX]1H|\^&||| Product Model^01.03.07.03^123456|||||||SA|1394-97|20260829235700[CR]P|1||PATIENT111||ABC^XYZ^j||19600315|M|||A|||icteru||||||01|||||A1|002|||||||[CR]O|1|1^1^1|23063315|CREAT^^2^1\GGT^^2^1\ALB^^2^1\TP^^2^1\UREA^^2^1\URIC^^2^1\ALP^^2^1\SGPT^^2^1\SGOT^^2^1\BID^^2^1\BIT^^2^1\CAL^^2^1|R|20260829235700|20260829235700||||||||serum|||1|||||||Q|||||[CR]L|1|N[CR][ETX]12[CR][LF]
2026-08-29 23:57:00 - --Send Message To Machine --[EOT]
2026-08-29 23:57:00 - [ACK]
2026-08-29 23:57:00 - [ENQ]
2026-08-29 23:57:00 - [STX]1H|\^&|||Mindry^^|||||||RQ|1394-97|20260829235700[CR]Q|321|^8689529||||||||||O[CR]L|156|N[CR][ETX]EE[CR][LF]
2026-08-29 23:57:00 - [EOT]
2026-08-29 23:57:00 - [ACK]
2026-08-29 23:57:00 - --Send Message To Machine --[ENQ]
2026-08-29 23:57:00 - --Send Message To Machine --[STX]1H|\^&||| Product Model^01.03.07.03^123456|||||||SA|1394-97|20260829235700[CR]P|1||PATIENT111||ABC^XYZ^j||19600315|M|||A|||icteru||||||01|||||A1|002|||||||[CR]O|1|1^1^1|8689529|HDL^^2^1\LDL^^2^1\CHOL^^2^1\TC^^2^1\CREAT^^2^1\GGT^^2^1\Iron^^2^1\TIBC^^2^1\ALB^^2^1\TP^^2^1\TG^^2^1\TRIG^^2^1\UREA^^2^1\URIC^^2^1\UIBC^^2^1\ALP^^2^1\SGPT^^2^1\SGOT^^2^1\BID^^2^1\BIT^^2^1\CAL^^2^1|R|20260829235700|20260829235700||||||||serum|||1|||||||Q|||||[CR]L|1|N[CR][ETX]BA[CR][LF]
2026-08-29 23:57:00 - --Send Message To Machine --[EOT]
2026-08-29 23:57:00 - [ACK]
2026-08-29 23:57:00 - [ENQ]
2026-08-29 23:57:00 - [STX]1H|\^&|||Mindry^^|||||||RQ|1394-97|20260829235700[CR]Q|322|^9366422||||||||||O[CR]L|157|N[CR][ETX]E1[CR][LF]
2026-08-29 23:57:00 - [EOT]
2026-08-29 23:57:01 - [ACK]
2026-08-29 23:57:01 - --Send Message To Machine --[ENQ]
2026-08-29 23:57:01 - --Send Message To Machine --[STX]1H|\^&||| Product Model^01.03.07.03^123456|||||||SA|1394-97|20260829235701[CR]P|1||PATIENT111||ABC^XYZ^j||19600315|M|||A|||icteru||||||01|||||A1|002|||||||[CR]O|1|1^1^1|9366422|GLU^^2^1|R|20260829235701|20260829235701||||||||serum|||1|||||||Q|||||[CR]L|1|N[CR][ETX]89[CR][LF]
2026-08-29 23:57:01 - [ACK]
2026-08-29 23:57:01 - --Send Message To Machine --[EOT]
2026-08-29 23:57:01 - [ENQ]
2026-08-29 23:57:01 - [STX]1H|\^&|||Mindry^^|||||||RQ|1394-97|20260829235701[CR]Q|323|^8689560||||||||||O[CR]L|158|N[CR][ETX]EE[CR][LF]
2026-08-29 23:57:01 - [EOT]
2026-08-29 23:57:01 - [ACK]
2026-08-29 23:57:01 - --Send Message To Machine --[ENQ]
2026-08-29 23:57:01 - --Send Message To Machine --[STX]1H|\^&||| Product Model^01.03.07.03^123456|||||||SA|1394-97|20260829235701[CR]P|1||PATIENT111||ABC^XYZ^j||19600315|M|||A|||icteru||||||01|||||A1|002|||||||[CR]O|1|1^1^1|8689560|CREAT^^2^1\UREA^^2^1\URIC^^2^1\CAL^^2^1|R|20260829235701|20260829235701||||||||serum|||1|||||||Q|||||[CR]L|1|N[CR][ETX]D5[CR][LF]
2026-08-29 23:57:01 - [ACK]
2026-08-29 23:57:01 - --Send Message To Machine --[EOT]
2026-08-29 23:57:01 - [ENQ]
2026-08-29 23:57:01 - [STX]1H|\^&|||Mindry^^|||||||RQ|1394-97|20260829235701[CR]Q|324|^9367857||||||||||O[CR]L|159|N[CR][ETX]F3[CR][LF]
2026-08-29 23:57:01 - [EOT]
2026-08-29 23:57:01 - [ACK]
2026-08-29 23:57:01 - --Send Message To Machine --[ENQ]
2026-08-29 23:57:01 - --Send Message To Machine --[STX]1H|\^&||| Product Model^01.03.07.03^123456|||||||SA|1394-97|20260829235701[CR]P|1||PATIENT111||ABC^XYZ^j||19600315|M|||A|||icteru||||||01|||||A1|002|||||||[CR]O|1|1^1^1|9367857|GGT^^2^1\ALB^^2^1\TP^^2^1\ALP^^2^1\SGPT^^2^1\SGOT^^2^1\BID^^2^1\BIT^^2^1|R|20260829235701|20260829235701||||||||serum|||1|||||||Q|||||[CR]L|1|N[CR][ETX]F8[CR][LF]
2026-08-29 23:57:01 - [ACK]
2026-08-29 23:57:01 - --Send Message To Machine --[EOT]
2026-08-29 23:57:01 - [ENQ]
2026-08-29 23:57:01 - [STX]1H|\^&|||Mindry^^|||||||RQ|1394-97|20260829235701[CR]Q|325|^9367858||||||||||O[CR]L|160|N[CR][ETX]ED[CR][LF]
2026-08-29 23:57:01 - [EOT]
2026-08-29 23:57:01 - [ACK]
2026-08-29 23:57:01 - --Send Message To Machine --[ENQ]
2026-08-29 23:57:01 - --Send Message To Machine --[STX]1H|\^&||| Product Model^01.03.07.03^123456|||||||SA|1394-97|20260829235701[CR]P|1||PATIENT111||ABC^XYZ^j||19600315|M|||A|||icteru||||||01|||||A1|002|||||||[CR]O|1|1^1^1|9367858|CRP^^2^1|R|20260829235701|20260829235701||||||||serum|||1|||||||Q|||||[CR]L|1|N[CR][ETX]94[CR][LF]
2026-08-29 23:57:01 - [ACK]
2026-08-29 23:57:01 - --Send Message To Machine --[EOT]
2026-08-29 23:57:02 - [ENQ]
2026-08-29 23:57:02 - [STX]1H|\^&|||Mindry^^|||||||RQ|1394-97|20260829235702[CR]Q|326|^23063322||||||||||O[CR]L|161|N[CR][ETX]07[CR][LF]
2026-08-29 23:57:02 - [EOT]
2026-08-29 23:57:02 - [ACK]
2026-08-29 23:57:02 - --Send Message To Machine --[ENQ]
2026-08-29 23:57:02 - --Send Message To Machine --[STX]1H|\^&||| Product Model^01.03.07.03^123456|||||||SA|1394-97|20260829235702[CR]P|1||PATIENT111||ABC^XYZ^j||19600315|M|||A|||icteru||||||01|||||A1|002|||||||[CR]O|1|1^1^1|23063322|HDL^^2^1\LDL^^2^1\CHOL^^2^1\TC^^2^1\CREAT^^2^1\GGT^^2^1\Iron^^2^1\TIBC^^2^1\ALB^^2^1\TP^^2^1\TG^^2^1\TRIG^^2^1\UREA^^2^1\URIC^^2^1\UIBC^^2^1\ALP^^2^1\SGPT^^2^1\SGOT^^2^1\BID^^2^1\BIT^^2^1\CAL^^2^1|R|20260829235702|20260829235702||||||||serum|||1|||||||Q|||||[CR]L|1|N[CR][ETX]D6[CR][LF]
2026-08-29 23:57:02 - --Send Message To Machine --[EOT]
2026-08-29 23:57:02 - [ACK]
2026-08-29 23:57:02 - [ENQ]
2026-08-29 23:57:02 - [STX]1H|\^&|||Mindry^^|||||||RQ|1394-97|20260829235702[CR]Q|327|^9366421||||||||||O[CR]L|162|N[CR][ETX]E3[CR][LF]
2026-08-29 23:57:02 - [EOT]
2026-08-29 23:57:02 - [ACK]
2026-08-29 23:57:02 - --Send Message To Machine --[ENQ]
2026-08-29 23:57:02 - --Send Message To Machine --[STX]1H|\^&||| Product Model^01.03.07.03^123456|||||||SA|1394-97|20260829235702[CR]P|1||PATIENT111||ABC^XYZ^j||19600315|M|||A|||icteru||||||01|||||A1|002|||||||[CR]O|1|1^1^1|9366421|HDL^^2^1\LDL^^2^1\CHOL^^2^1\TC^^2^1\CREAT^^2^1\GGT^^2^1\Iron^^2^1\TIBC^^2^1\ALB^^2^1\TP^^2^1\TG^^2^1\TRIG^^2^1\UREA^^2^1\URIC^^2^1\UIBC^^2^1\ALP^^2^1\SGPT^^2^1\SGOT^^2^1\BID^^2^1\BIT^^2^1\CAL^^2^1|R|20260829235702|20260829235702||||||||serum|||1|||||||Q|||||[CR]L|1|N[CR][ETX]B0[CR][LF]
2026-08-29 23:57:02 - --Send Message To Machine --[EOT]
2026-08-29 23:57:02 - [ACK]
2026-08-29 23:57:02 - [ENQ]
2026-08-29 23:57:02 - [STX]1H|\^&|||Mindry^^|||||||RQ|1394-97|20260829235702[CR]Q|328|^8689561||||||||||O[CR]L|163|N[CR][ETX]F1[CR][LF]
2026-08-29 23:57:02 - [EOT]
2026-08-29 23:57:32 - [ENQ]
2026-08-29 23:57:32 - [STX]1H|\^&|||Mindry^^|||||||RQ|1394-97|20260829235732[CR]Q|329|^23665319||||||||||O[CR]L|164|N[CR][ETX]1E[CR][LF]
2026-08-29 23:57:32 - [EOT]
2026-08-29 23:57:32 - [ACK]
2026-08-29 23:57:32 - --Send Message To Machine --[ENQ]
2026-08-29 23:57:32 - --Send Message To Machine --[STX]1H|\^&||| Product Model^01.03.07.03^123456|||||||SA|1394-97|20260829235732[CR]P|1||PATIENT111||ABC^XYZ^j||19600315|M|||A|||icteru||||||01|||||A1|002|||||||[CR]O|1|1^1^1|23665319|GGT^^2^1\ALB^^2^1\TP^^2^1\ALP^^2^1\SGPT^^2^1\SGOT^^2^1\BID^^2^1\BIT^^2^1|R|20260829235732|20260829235732||||||||serum|||1|||||||Q|||||[CR]L|1|N[CR][ETX]2A[CR][LF]
2026-08-29 23:57:33 - [ACK]
2026-08-29 23:57:33 - --Send Message To Machine --[EOT]
2026-08-29 23:57:33 - [ENQ]
2026-08-29 23:57:33 - [STX]1H|\^&|||Mindry^^|||||||RQ|1394-97|20260829235733[CR]Q|330|^23665311||||||||||O[CR]L|165|N[CR][ETX]10[CR][LF]
2026-08-29 23:57:33 - [EOT]
2026-08-29 23:57:33 - [ACK]
2026-08-29 23:57:33 - --Send Message To Machine --[ENQ]
2026-08-29 23:57:33 - --Send Message To Machine --[STX]1H|\^&||| Product Model^01.03.07.03^123456|||||||SA|1394-97|20260829235733[CR]P|1||PATIENT111||ABC^XYZ^j||19600315|M|||A|||icteru||||||01|||||A1|002|||||||[CR]O|1|1^1^1|23665311|GLU^^2^1|R|20260829235733|20260829235733||||||||serum|||1|||||||Q|||||[CR]L|1|N[CR][ETX]C3[CR][LF]
2026-08-29 23:57:33 - [ACK]
2026-08-29 23:57:33 - --Send Message To Machine --[EOT]
2026-08-29 23:57:33 - [ENQ]
2026-08-29 23:57:33 - [STX]1H|\^&|||Mindry^^|||||||RQ|1394-97|20260829235733[CR]Q|331|^23665335||||||||||O[CR]L|166|N[CR][ETX]18[CR][LF]
2026-08-29 23:57:33 - [EOT]
2026-08-29 23:57:33 - --Send Message To Machine --[ENQ]
2026-08-29 23:57:33 - [ACK]
2026-08-29 23:57:33 - --Send Message To Machine --[STX]1H|\^&||| Product Model^01.03.07.03^123456|||||||SA|1394-97|20260829235733[CR]P|1||PATIENT111||ABC^XYZ^j||19600315|M|||A|||icteru||||||01|||||A1|002|||||||[CR]O|1|1^1^1|23665335|LIP^^2^1\AMY^^2^1|R|20260829235733|20260829235733||||||||serum|||1|||||||Q|||||[CR]L|1|N[CR][ETX]86[CR][LF]
2026-08-29 23:57:33 - [ACK]
2026-08-29 23:57:33 - --Send Message To Machine --[EOT]
2026-08-29 23:57:33 - [ENQ]
2026-08-29 23:57:33 - [STX]1H|\^&|||Mindry^^|||||||RQ|1394-97|20260829235733[CR]Q|332|^23665324||||||||||O[CR]L|167|N[CR][ETX]18[CR][LF]
2026-08-29 23:57:33 - [EOT]
2026-08-29 23:57:33 - [ACK]
2026-08-29 23:57:33 - --Send Message To Machine --[ENQ]
2026-08-29 23:57:33 - --Send Message To Machine --[STX]1H|\^&||| Product Model^01.03.07.03^123456|||||||SA|1394-97|20260829235733[CR]P|1||PATIENT111||ABC^XYZ^j||19600315|M|||A|||icteru||||||01|||||A1|002|||||||[CR]O|1|1^1^1|23665324|GGT^^2^1\ALB^^2^1\TP^^2^1\ALP^^2^1\SGPT^^2^1\SGOT^^2^1\BID^^2^1\BIT^^2^1|R|20260829235733|20260829235733||||||||serum|||1|||||||Q|||||[CR]L|1|N[CR][ETX]29[CR][LF]
2026-08-29 23:57:33 - [ACK]
2026-08-29 23:57:33 - --Send Message To Machine --[EOT]
2026-08-29 23:57:33 - [ENQ]
2026-08-29 23:57:33 - [STX]1H|\^&|||Mindry^^|||||||RQ|1394-97|20260829235733[CR]Q|333|^23665315||||||||||O[CR]L|168|N[CR][ETX]1A[CR][LF]
2026-08-29 23:57:34 - [EOT]
2026-08-29 23:57:34 - [ACK]
2026-08-29 23:57:34 - --Send Message To Machine --[ENQ]
2026-08-29 23:57:34 - --Send Message To Machine --[STX]1H|\^&||| Product Model^01.03.07.03^123456|||||||SA|1394-97|20260829235734[CR]P|1||PATIENT111||ABC^XYZ^j||19600315|M|||A|||icteru||||||01|||||A1|002|||||||[CR]O|1|1^1^1|23665315|GGT^^2^1\ALB^^2^1\TP^^2^1\ALP^^2^1\SGPT^^2^1\SGOT^^2^1\BID^^2^1\BIT^^2^1|R|20260829235734|20260829235734||||||||serum|||1|||||||Q|||||[CR]L|1|N[CR][ETX]2C[CR][LF]
2026-08-29 23:57:34 - [ACK]
2026-08-29 23:57:34 - --Send Message To Machine --[EOT]
2026-08-29 23:57:34 - [ENQ]
2026-08-29 23:57:34 - [STX]1H|\^&|||Mindry^^|||||||RQ|1394-97|20260829235734[CR]Q|334|^9365350||||||||||O[CR]L|169|N[CR][ETX]ED[CR][LF]
2026-08-29 23:57:34 - [EOT]
2026-08-29 23:58:04 - [ENQ]
2026-08-29 23:58:04 - [STX]1H|\^&|||Mindry^^|||||||RQ|1394-97|20260829235804[CR]Q|335|^23665312||||||||||O[CR]L|170|N[CR][ETX]11[CR][LF]
2026-08-29 23:58:04 - [EOT]
2026-08-29 23:58:04 - [ACK]
2026-08-29 23:58:04 - --Send Message To Machine --[ENQ]
2026-08-29 23:58:04 - --Send Message To Machine --[STX]1H|\^&||| Product Model^01.03.07.03^123456|||||||SA|1394-97|20260829235804[CR]P|1||PATIENT111||ABC^XYZ^j||19600315|M|||A|||icteru||||||01|||||A1|002|||||||[CR]O|1|1^1^1|23665312|GGT^^2^1\ALB^^2^1\TP^^2^1\ALP^^2^1\SGPT^^2^1\SGOT^^2^1\BID^^2^1\BIT^^2^1|R|20260829235804|20260829235804||||||||serum|||1|||||||Q|||||[CR]L|1|N[CR][ETX]23[CR][LF]
2026-08-29 23:58:04 - [ACK]
2026-08-29 23:58:04 - --Send Message To Machine --[EOT]
2026-08-29 23:58:04 - [ENQ]
2026-08-29 23:58:04 - [STX]1H|\^&|||Mindry^^|||||||RQ|1394-97|20260829235804[CR]Q|336|^23665328||||||||||O[CR]L|171|N[CR][ETX]1A[CR][LF]
2026-08-29 23:58:04 - [EOT]
2026-08-29 23:58:04 - [ACK]
2026-08-29 23:58:04 - --Send Message To Machine --[ENQ]
2026-08-29 23:58:04 - --Send Message To Machine --[STX]1H|\^&||| Product Model^01.03.07.03^123456|||||||SA|1394-97|20260829235804[CR]P|1||PATIENT111||ABC^XYZ^j||19600315|M|||A|||icteru||||||01|||||A1|002|||||||[CR]O|1|1^1^1|23665328|CRP^^2^1|R|20260829235804|20260829235804||||||||serum|||1|||||||Q|||||[CR]L|1|N[CR][ETX]C5[CR][LF]
2026-08-29 23:58:04 - [ACK]
2026-08-29 23:58:04 - --Send Message To Machine --[EOT]
2026-08-29 23:58:04 - [ENQ]
2026-08-29 23:58:04 - [STX]1H|\^&|||Mindry^^|||||||RQ|1394-97|20260829235804[CR]Q|337|^23665309||||||||||O[CR]L|172|N[CR][ETX]1B[CR][LF]
2026-08-29 23:58:04 - [EOT]
2026-08-29 23:58:05 - [ACK]
2026-08-29 23:58:05 - --Send Message To Machine --[ENQ]
2026-08-29 23:58:05 - --Send Message To Machine --[STX]1H|\^&||| Product Model^01.03.07.03^123456|||||||SA|1394-97|20260829235805[CR]P|1||PATIENT111||ABC^XYZ^j||19600315|M|||A|||icteru||||||01|||||A1|002|||||||[CR]O|1|1^1^1|23665309|HDL^^2^1\LDL^^2^1\CHOL^^2^1\TC^^2^1\CREAT^^2^1\GGT^^2^1\Iron^^2^1\TIBC^^2^1\ALB^^2^1\TP^^2^1\TG^^2^1\TRIG^^2^1\UREA^^2^1\URIC^^2^1\UIBC^^2^1\ALP^^2^1\SGPT^^2^1\SGOT^^2^1\BID^^2^1\BIT^^2^1\CAL^^2^1|R|20260829235805|20260829235805||||||||serum|||1|||||||Q|||||[CR]L|1|N[CR][ETX]EF[CR][LF]
2026-08-29 23:58:05 - --Send Message To Machine --[EOT]
2026-08-29 23:58:05 - [ACK]
2026-08-29 23:58:05 - [ENQ]
2026-08-29 23:58:05 - [STX]1H|\^&|||Mindry^^|||||||RQ|1394-97|20260829235805[CR]Q|338|^8481631||||||||||O[CR]L|173|N[CR][ETX]EB[CR][LF]
2026-08-29 23:58:05 - [EOT]
2026-08-29 23:58:05 - [ACK]
2026-08-29 23:58:05 - --Send Message To Machine --[ENQ]
2026-08-29 23:58:05 - --Send Message To Machine --[STX]1H|\^&||| Product Model^01.03.07.03^123456|||||||SA|1394-97|20260829235805[CR]P|1||PATIENT111||ABC^XYZ^j||19600315|M|||A|||icteru||||||01|||||A1|002|||||||[CR]O|1|1^1^1|8481631|HDL^^2^1\LDL^^2^1\CHOL^^2^1\TC^^2^1\CREAT^^2^1\GGT^^2^1\ALB^^2^1\TP^^2^1\TG^^2^1\TRIG^^2^1\UREA^^2^1\URIC^^2^1\ALP^^2^1\SGPT^^2^1\SGOT^^2^1\BID^^2^1\BIT^^2^1\CAL^^2^1|R|20260829235805|20260829235805||||||||serum|||1|||||||Q|||||[CR]L|1|N[CR][ETX]54[CR][LF]
2026-08-29 23:58:05 - --Send Message To Machine --[EOT]
2026-08-29 23:58:05 - [ACK]
2026-08-29 23:58:05 - [ENQ]
2026-08-29 23:58:05 - [STX]1H|\^&|||Mindry^^|||||||RQ|1394-97|20260829235805[CR]Q|339|^9366418||||||||||O[CR]L|174|N[CR][ETX]F3[CR][LF]
2026-08-29 23:58:05 - [EOT]
2026-08-29 23:58:05 - [ACK]
2026-08-29 23:58:05 - --Send Message To Machine --[ENQ]
2026-08-29 23:58:05 - [ACK]
2026-08-29 23:58:05 - --Send Message To Machine --[STX]1H|\^&||| Product Model^01.03.07.03^123456|||||||SA|1394-97|20260829235805[CR]P|1||PATIENT111||ABC^XYZ^j||19600315|M|||A|||icteru||||||01|||||A1|002|||||||[CR]O|1|1^1^1|9366418|HDL^^2^1\LDL^^2^1\CHOL^^2^1\TC^^2^1\TG^^2^1\TRIG^^2^1|R|20260829235805|20260829235805||||||||serum|||1|||||||Q|||||[CR]L|1|N[CR][ETX]34[CR][LF]
2026-08-29 23:58:05 - --Send Message To Machine --[EOT]
