--------------------------------------------------------------------------------------------------------
07-24-2026 00:15:16
'.', hexadecimal value 0x00, is an invalid character. Line 38069, position 8.
   at System.Xml.XmlTextReaderImpl.Throw(Exception e)
   at System.Xml.XmlTextReaderImpl.Throw(String res, String[] args)
   at System.Xml.XmlTextReaderImpl.ParseText(Int32& startPos, Int32& endPos, Int32& outOrChars)
   at System.Xml.XmlTextReaderImpl.ParseText()
   at System.Xml.XmlTextReaderImpl.ParseElementContent()
   at System.Xml.XmlTextReaderImpl.Read()
   at System.Xml.XmlLoader.LoadNode(Boolean skipOverWhitespace)
   at System.Xml.XmlLoader.LoadDocSequence(XmlDocument parentDoc)
   at System.Xml.XmlLoader.Load(XmlDocument doc, XmlReader reader, Boolean preserveWhitespace)
   at System.Xml.XmlDocument.Load(XmlReader reader)
   at System.Xml.XmlDocument.Load(String filename)
   at DataAnalyzer.Support.FileManager.WriteInputMessage(InputMessages Message, String FileName) in E:\EXTENAL_CODE\Project_live\External Project_new\External Project\DataAnalyzer\Support\FileManager.cs:line 1102

--------------------------------------------------------------------------------------------------------
07-24-2026 00:15:17
'.', hexadecimal value 0x00, is an invalid character. Line 38069, position 8.
   at System.Xml.XmlTextReaderImpl.Throw(Exception e)
   at System.Xml.XmlTextReaderImpl.Throw(String res, String[] args)
   at System.Xml.XmlTextReaderImpl.ParseText(Int32& startPos, Int32& endPos, Int32& outOrChars)
   at System.Xml.XmlTextReaderImpl.ParseText()
   at System.Xml.XmlTextReaderImpl.ParseElementContent()
   at System.Xml.XmlTextReaderImpl.Read()
   at System.Xml.XmlLoader.LoadNode(Boolean skipOverWhitespace)
   at System.Xml.XmlLoader.LoadDocSequence(XmlDocument parentDoc)
   at System.Xml.XmlLoader.Load(XmlDocument doc, XmlReader reader, Boolean preserveWhitespace)
   at System.Xml.XmlDocument.Load(XmlReader reader)
   at System.Xml.XmlDocument.Load(String filename)
   at DataAnalyzer.Support.FileManager.WriteInputMessage(InputMessages Message, String FileName) in E:\EXTENAL_CODE\Project_live\External Project_new\External Project\DataAnalyzer\Support\FileManager.cs:line 1102

--------------------------------------------------------------------------------------------------------
07-24-2026 00:15:20
'.', hexadecimal value 0x00, is an invalid character. Line 38069, position 8.
   at System.Xml.XmlTextReaderImpl.Throw(Exception e)
   at System.Xml.XmlTextReaderImpl.Throw(String res, String[] args)
   at System.Xml.XmlTextReaderImpl.ParseText(Int32& startPos, Int32& endPos, Int32& outOrChars)
   at System.Xml.XmlTextReaderImpl.ParseText()
   at System.Xml.XmlTextReaderImpl.ParseElementContent()
   at System.Xml.XmlTextReaderImpl.Read()
   at System.Xml.XmlLoader.LoadNode(Boolean skipOverWhitespace)
   at System.Xml.XmlLoader.LoadDocSequence(XmlDocument parentDoc)
   at System.Xml.XmlLoader.Load(XmlDocument doc, XmlReader reader, Boolean preserveWhitespace)
   at System.Xml.XmlDocument.Load(XmlReader reader)
   at System.Xml.XmlDocument.Load(String filename)
   at DataAnalyzer.Support.FileManager.WriteInputMessage(InputMessages Message, String FileName) in E:\EXTENAL_CODE\Project_live\External Project_new\External Project\DataAnalyzer\Support\FileManager.cs:line 1102

--------------------------------------------------------------------------------------------------------
07-24-2026 00:15:21
'.', hexadecimal value 0x00, is an invalid character. Line 38069, position 8.
   at System.Xml.XmlTextReaderImpl.Throw(Exception e)
   at System.Xml.XmlTextReaderImpl.Throw(String res, String[] args)
   at System.Xml.XmlTextReaderImpl.ParseText(Int32& startPos, Int32& endPos, Int32& outOrChars)
   at System.Xml.XmlTextReaderImpl.ParseText()
   at System.Xml.XmlTextReaderImpl.ParseElementContent()
   at System.Xml.XmlTextReaderImpl.Read()
   at System.Xml.XmlLoader.LoadNode(Boolean skipOverWhitespace)
   at System.Xml.XmlLoader.LoadDocSequence(XmlDocument parentDoc)
   at System.Xml.XmlLoader.Load(XmlDocument doc, XmlReader reader, Boolean preserveWhitespace)
   at System.Xml.XmlDocument.Load(XmlReader reader)
   at System.Xml.XmlDocument.Load(String filename)
   at DataAnalyzer.Support.FileManager.WriteInputMessage(InputMessages Message, String FileName) in E:\EXTENAL_CODE\Project_live\External Project_new\External Project\DataAnalyzer\Support\FileManager.cs:line 1102

--------------------------------------------------------------------------------------------------------
07-24-2026 00:15:22
'.', hexadecimal value 0x00, is an invalid character. Line 38069, position 8.
   at System.Xml.XmlTextReaderImpl.Throw(Exception e)
   at System.Xml.XmlTextReaderImpl.Throw(String res, String[] args)
   at System.Xml.XmlTextReaderImpl.ParseText(Int32& startPos, Int32& endPos, Int32& outOrChars)
   at System.Xml.XmlTextReaderImpl.ParseText()
   at System.Xml.XmlTextReaderImpl.ParseElementContent()
   at System.Xml.XmlTextReaderImpl.Read()
   at System.Xml.XmlLoader.LoadNode(Boolean skipOverWhitespace)
   at System.Xml.XmlLoader.LoadDocSequence(XmlDocument parentDoc)
   at System.Xml.XmlLoader.Load(XmlDocument doc, XmlReader reader, Boolean preserveWhitespace)
   at System.Xml.XmlDocument.Load(XmlReader reader)
   at System.Xml.XmlDocument.Load(String filename)
   at DataAnalyzer.Support.FileManager.WriteInputMessage(InputMessages Message, String FileName) in E:\EXTENAL_CODE\Project_live\External Project_new\External Project\DataAnalyzer\Support\FileManager.cs:line 1102

--------------------------------------------------------------------------------------------------------
07-24-2026 00:15:28
'.', hexadecimal value 0x00, is an invalid character. Line 38069, position 8.
   at System.Xml.XmlTextReaderImpl.Throw(Exception e)
   at System.Xml.XmlTextReaderImpl.Throw(String res, String[] args)
   at System.Xml.XmlTextReaderImpl.ParseText(Int32& startPos, Int32& endPos, Int32& outOrChars)
   at System.Xml.XmlTextReaderImpl.ParseText()
   at System.Xml.XmlTextReaderImpl.ParseElementContent()
   at System.Xml.XmlTextReaderImpl.Read()
   at System.Xml.XmlLoader.LoadNode(Boolean skipOverWhitespace)
   at System.Xml.XmlLoader.LoadDocSequence(XmlDocument parentDoc)
   at System.Xml.XmlLoader.Load(XmlDocument doc, XmlReader reader, Boolean preserveWhitespace)
   at System.Xml.XmlDocument.Load(XmlReader reader)
   at System.Xml.XmlDocument.Load(String filename)
   at DataAnalyzer.Support.FileManager.WriteInputMessage(InputMessages Message, String FileName) in E:\EXTENAL_CODE\Project_live\External Project_new\External Project\DataAnalyzer\Support\FileManager.cs:line 1102

--------------------------------------------------------------------------------------------------------
07-24-2026 00:36:24
'.', hexadecimal value 0x00, is an invalid character. Line 38069, position 8.
   at System.Xml.XmlTextReaderImpl.Throw(Exception e)
   at System.Xml.XmlTextReaderImpl.Throw(String res, String[] args)
   at System.Xml.XmlTextReaderImpl.ParseText(Int32& startPos, Int32& endPos, Int32& outOrChars)
   at System.Xml.XmlTextReaderImpl.ParseText()
   at System.Xml.XmlTextReaderImpl.ParseElementContent()
   at System.Xml.XmlTextReaderImpl.Read()
   at System.Xml.XmlLoader.LoadNode(Boolean skipOverWhitespace)
   at System.Xml.XmlLoader.LoadDocSequence(XmlDocument parentDoc)
   at System.Xml.XmlLoader.Load(XmlDocument doc, XmlReader reader, Boolean preserveWhitespace)
   at System.Xml.XmlDocument.Load(XmlReader reader)
   at System.Xml.XmlDocument.Load(String filename)
   at DataAnalyzer.Support.FileManager.WriteInputMessage(InputMessages Message, String FileName) in E:\EXTENAL_CODE\Project_live\External Project_new\External Project\DataAnalyzer\Support\FileManager.cs:line 1102

--------------------------------------------------------------------------------------------------------
07-24-2026 00:37:37
'.', hexadecimal value 0x00, is an invalid character. Line 38069, position 8.
   at System.Xml.XmlTextReaderImpl.Throw(Exception e)
   at System.Xml.XmlTextReaderImpl.Throw(String res, String[] args)
   at System.Xml.XmlTextReaderImpl.ParseText(Int32& startPos, Int32& endPos, Int32& outOrChars)
   at System.Xml.XmlTextReaderImpl.ParseText()
   at System.Xml.XmlTextReaderImpl.ParseElementContent()
   at System.Xml.XmlTextReaderImpl.Read()
   at System.Xml.XmlLoader.LoadNode(Boolean skipOverWhitespace)
   at System.Xml.XmlLoader.LoadDocSequence(XmlDocument parentDoc)
   at System.Xml.XmlLoader.Load(XmlDocument doc, XmlReader reader, Boolean preserveWhitespace)
   at System.Xml.XmlDocument.Load(XmlReader reader)
   at System.Xml.XmlDocument.Load(String filename)
   at DataAnalyzer.Support.FileManager.WriteInputMessage(InputMessages Message, String FileName) in E:\EXTENAL_CODE\Project_live\External Project_new\External Project\DataAnalyzer\Support\FileManager.cs:line 1102

--------------------------------------------------------------------------------------------------------
07-24-2026 00:38:49
'.', hexadecimal value 0x00, is an invalid character. Line 38069, position 8.
   at System.Xml.XmlTextReaderImpl.Throw(Exception e)
   at System.Xml.XmlTextReaderImpl.Throw(String res, String[] args)
   at System.Xml.XmlTextReaderImpl.ParseText(Int32& startPos, Int32& endPos, Int32& outOrChars)
   at System.Xml.XmlTextReaderImpl.ParseText()
   at System.Xml.XmlTextReaderImpl.ParseElementContent()
   at System.Xml.XmlTextReaderImpl.Read()
   at System.Xml.XmlLoader.LoadNode(Boolean skipOverWhitespace)
   at System.Xml.XmlLoader.LoadDocSequence(XmlDocument parentDoc)
   at System.Xml.XmlLoader.Load(XmlDocument doc, XmlReader reader, Boolean preserveWhitespace)
   at System.Xml.XmlDocument.Load(XmlReader reader)
   at System.Xml.XmlDocument.Load(String filename)
   at DataAnalyzer.Support.FileManager.WriteInputMessage(InputMessages Message, String FileName) in E:\EXTENAL_CODE\Project_live\External Project_new\External Project\DataAnalyzer\Support\FileManager.cs:line 1102

--------------------------------------------------------------------------------------------------------
07-24-2026 00:40:01
'.', hexadecimal value 0x00, is an invalid character. Line 38069, position 8.
   at System.Xml.XmlTextReaderImpl.Throw(Exception e)
   at System.Xml.XmlTextReaderImpl.Throw(String res, String[] args)
   at System.Xml.XmlTextReaderImpl.ParseText(Int32& startPos, Int32& endPos, Int32& outOrChars)
   at System.Xml.XmlTextReaderImpl.ParseText()
   at System.Xml.XmlTextReaderImpl.ParseElementContent()
   at System.Xml.XmlTextReaderImpl.Read()
   at System.Xml.XmlLoader.LoadNode(Boolean skipOverWhitespace)
   at System.Xml.XmlLoader.LoadDocSequence(XmlDocument parentDoc)
   at System.Xml.XmlLoader.Load(XmlDocument doc, XmlReader reader, Boolean preserveWhitespace)
   at System.Xml.XmlDocument.Load(XmlReader reader)
   at System.Xml.XmlDocument.Load(String filename)
   at DataAnalyzer.Support.FileManager.WriteInputMessage(InputMessages Message, String FileName) in E:\EXTENAL_CODE\Project_live\External Project_new\External Project\DataAnalyzer\Support\FileManager.cs:line 1102

--------------------------------------------------------------------------------------------------------
07-24-2026 00:41:14
'.', hexadecimal value 0x00, is an invalid character. Line 38069, position 8.
   at System.Xml.XmlTextReaderImpl.Throw(Exception e)
   at System.Xml.XmlTextReaderImpl.Throw(String res, String[] args)
   at System.Xml.XmlTextReaderImpl.ParseText(Int32& startPos, Int32& endPos, Int32& outOrChars)
   at System.Xml.XmlTextReaderImpl.ParseText()
   at System.Xml.XmlTextReaderImpl.ParseElementContent()
   at System.Xml.XmlTextReaderImpl.Read()
   at System.Xml.XmlLoader.LoadNode(Boolean skipOverWhitespace)
   at System.Xml.XmlLoader.LoadDocSequence(XmlDocument parentDoc)
   at System.Xml.XmlLoader.Load(XmlDocument doc, XmlReader reader, Boolean preserveWhitespace)
   at System.Xml.XmlDocument.Load(XmlReader reader)
   at System.Xml.XmlDocument.Load(String filename)
   at DataAnalyzer.Support.FileManager.WriteInputMessage(InputMessages Message, String FileName) in E:\EXTENAL_CODE\Project_live\External Project_new\External Project\DataAnalyzer\Support\FileManager.cs:line 1102

--------------------------------------------------------------------------------------------------------
07-24-2026 00:42:26
'.', hexadecimal value 0x00, is an invalid character. Line 38069, position 8.
   at System.Xml.XmlTextReaderImpl.Throw(Exception e)
   at System.Xml.XmlTextReaderImpl.Throw(String res, String[] args)
   at System.Xml.XmlTextReaderImpl.ParseText(Int32& startPos, Int32& endPos, Int32& outOrChars)
   at System.Xml.XmlTextReaderImpl.ParseText()
   at System.Xml.XmlTextReaderImpl.ParseElementContent()
   at System.Xml.XmlTextReaderImpl.Read()
   at System.Xml.XmlLoader.LoadNode(Boolean skipOverWhitespace)
   at System.Xml.XmlLoader.LoadDocSequence(XmlDocument parentDoc)
   at System.Xml.XmlLoader.Load(XmlDocument doc, XmlReader reader, Boolean preserveWhitespace)
   at System.Xml.XmlDocument.Load(XmlReader reader)
   at System.Xml.XmlDocument.Load(String filename)
   at DataAnalyzer.Support.FileManager.WriteInputMessage(InputMessages Message, String FileName) in E:\EXTENAL_CODE\Project_live\External Project_new\External Project\DataAnalyzer\Support\FileManager.cs:line 1102

--------------------------------------------------------------------------------------------------------
07-24-2026 00:42:58
'.', hexadecimal value 0x00, is an invalid character. Line 38069, position 8.
   at System.Xml.XmlTextReaderImpl.Throw(Exception e)
   at System.Xml.XmlTextReaderImpl.Throw(String res, String[] args)
   at System.Xml.XmlTextReaderImpl.ParseText(Int32& startPos, Int32& endPos, Int32& outOrChars)
   at System.Xml.XmlTextReaderImpl.ParseText()
   at System.Xml.XmlTextReaderImpl.ParseElementContent()
   at System.Xml.XmlTextReaderImpl.Read()
   at System.Xml.XmlLoader.LoadNode(Boolean skipOverWhitespace)
   at System.Xml.XmlLoader.LoadDocSequence(XmlDocument parentDoc)
   at System.Xml.XmlLoader.Load(XmlDocument doc, XmlReader reader, Boolean preserveWhitespace)
   at System.Xml.XmlDocument.Load(XmlReader reader)
   at System.Xml.XmlDocument.Load(String filename)
   at DataAnalyzer.Support.FileManager.WriteInputMessage(InputMessages Message, String FileName) in E:\EXTENAL_CODE\Project_live\External Project_new\External Project\DataAnalyzer\Support\FileManager.cs:line 1102

--------------------------------------------------------------------------------------------------------
07-24-2026 00:43:43
'.', hexadecimal value 0x00, is an invalid character. Line 38069, position 8.
   at System.Xml.XmlTextReaderImpl.Throw(Exception e)
   at System.Xml.XmlTextReaderImpl.Throw(String res, String[] args)
   at System.Xml.XmlTextReaderImpl.ParseText(Int32& startPos, Int32& endPos, Int32& outOrChars)
   at System.Xml.XmlTextReaderImpl.ParseText()
   at System.Xml.XmlTextReaderImpl.ParseElementContent()
   at System.Xml.XmlTextReaderImpl.Read()
   at System.Xml.XmlLoader.LoadNode(Boolean skipOverWhitespace)
   at System.Xml.XmlLoader.LoadDocSequence(XmlDocument parentDoc)
   at System.Xml.XmlLoader.Load(XmlDocument doc, XmlReader reader, Boolean preserveWhitespace)
   at System.Xml.XmlDocument.Load(XmlReader reader)
   at System.Xml.XmlDocument.Load(String filename)
   at DataAnalyzer.Support.FileManager.WriteInputMessage(InputMessages Message, String FileName) in E:\EXTENAL_CODE\Project_live\External Project_new\External Project\DataAnalyzer\Support\FileManager.cs:line 1102

--------------------------------------------------------------------------------------------------------
07-24-2026 00:43:52
'.', hexadecimal value 0x00, is an invalid character. Line 38069, position 8.
   at System.Xml.XmlTextReaderImpl.Throw(Exception e)
   at System.Xml.XmlTextReaderImpl.Throw(String res, String[] args)
   at System.Xml.XmlTextReaderImpl.ParseText(Int32& startPos, Int32& endPos, Int32& outOrChars)
   at System.Xml.XmlTextReaderImpl.ParseText()
   at System.Xml.XmlTextReaderImpl.ParseElementContent()
   at System.Xml.XmlTextReaderImpl.Read()
   at System.Xml.XmlLoader.LoadNode(Boolean skipOverWhitespace)
   at System.Xml.XmlLoader.LoadDocSequence(XmlDocument parentDoc)
   at System.Xml.XmlLoader.Load(XmlDocument doc, XmlReader reader, Boolean preserveWhitespace)
   at System.Xml.XmlDocument.Load(XmlReader reader)
   at System.Xml.XmlDocument.Load(String filename)
   at DataAnalyzer.Support.FileManager.WriteInputMessage(InputMessages Message, String FileName) in E:\EXTENAL_CODE\Project_live\External Project_new\External Project\DataAnalyzer\Support\FileManager.cs:line 1102

--------------------------------------------------------------------------------------------------------
07-24-2026 00:43:57
'.', hexadecimal value 0x00, is an invalid character. Line 38069, position 8.
   at System.Xml.XmlTextReaderImpl.Throw(Exception e)
   at System.Xml.XmlTextReaderImpl.Throw(String res, String[] args)
   at System.Xml.XmlTextReaderImpl.ParseText(Int32& startPos, Int32& endPos, Int32& outOrChars)
   at System.Xml.XmlTextReaderImpl.ParseText()
   at System.Xml.XmlTextReaderImpl.ParseElementContent()
   at System.Xml.XmlTextReaderImpl.Read()
   at System.Xml.XmlLoader.LoadNode(Boolean skipOverWhitespace)
   at System.Xml.XmlLoader.LoadDocSequence(XmlDocument parentDoc)
   at System.Xml.XmlLoader.Load(XmlDocument doc, XmlReader reader, Boolean preserveWhitespace)
   at System.Xml.XmlDocument.Load(XmlReader reader)
   at System.Xml.XmlDocument.Load(String filename)
   at DataAnalyzer.Support.FileManager.WriteInputMessage(InputMessages Message, String FileName) in E:\EXTENAL_CODE\Project_live\External Project_new\External Project\DataAnalyzer\Support\FileManager.cs:line 1102

--------------------------------------------------------------------------------------------------------
07-24-2026 00:44:03
'.', hexadecimal value 0x00, is an invalid character. Line 38069, position 8.
   at System.Xml.XmlTextReaderImpl.Throw(Exception e)
   at System.Xml.XmlTextReaderImpl.Throw(String res, String[] args)
   at System.Xml.XmlTextReaderImpl.ParseText(Int32& startPos, Int32& endPos, Int32& outOrChars)
   at System.Xml.XmlTextReaderImpl.ParseText()
   at System.Xml.XmlTextReaderImpl.ParseElementContent()
   at System.Xml.XmlTextReaderImpl.Read()
   at System.Xml.XmlLoader.LoadNode(Boolean skipOverWhitespace)
   at System.Xml.XmlLoader.LoadDocSequence(XmlDocument parentDoc)
   at System.Xml.XmlLoader.Load(XmlDocument doc, XmlReader reader, Boolean preserveWhitespace)
   at System.Xml.XmlDocument.Load(XmlReader reader)
   at System.Xml.XmlDocument.Load(String filename)
   at DataAnalyzer.Support.FileManager.WriteInputMessage(InputMessages Message, String FileName) in E:\EXTENAL_CODE\Project_live\External Project_new\External Project\DataAnalyzer\Support\FileManager.cs:line 1102

--------------------------------------------------------------------------------------------------------
07-24-2026 00:44:07
'.', hexadecimal value 0x00, is an invalid character. Line 38069, position 8.
   at System.Xml.XmlTextReaderImpl.Throw(Exception e)
   at System.Xml.XmlTextReaderImpl.Throw(String res, String[] args)
   at System.Xml.XmlTextReaderImpl.ParseText(Int32& startPos, Int32& endPos, Int32& outOrChars)
   at System.Xml.XmlTextReaderImpl.ParseText()
   at System.Xml.XmlTextReaderImpl.ParseElementContent()
   at System.Xml.XmlTextReaderImpl.Read()
   at System.Xml.XmlLoader.LoadNode(Boolean skipOverWhitespace)
   at System.Xml.XmlLoader.LoadDocSequence(XmlDocument parentDoc)
   at System.Xml.XmlLoader.Load(XmlDocument doc, XmlReader reader, Boolean preserveWhitespace)
   at System.Xml.XmlDocument.Load(XmlReader reader)
   at System.Xml.XmlDocument.Load(String filename)
   at DataAnalyzer.Support.FileManager.WriteInputMessage(InputMessages Message, String FileName) in E:\EXTENAL_CODE\Project_live\External Project_new\External Project\DataAnalyzer\Support\FileManager.cs:line 1102

--------------------------------------------------------------------------------------------------------
07-24-2026 00:44:13
'.', hexadecimal value 0x00, is an invalid character. Line 38069, position 8.
   at System.Xml.XmlTextReaderImpl.Throw(Exception e)
   at System.Xml.XmlTextReaderImpl.Throw(String res, String[] args)
   at System.Xml.XmlTextReaderImpl.ParseText(Int32& startPos, Int32& endPos, Int32& outOrChars)
   at System.Xml.XmlTextReaderImpl.ParseText()
   at System.Xml.XmlTextReaderImpl.ParseElementContent()
   at System.Xml.XmlTextReaderImpl.Read()
   at System.Xml.XmlLoader.LoadNode(Boolean skipOverWhitespace)
   at System.Xml.XmlLoader.LoadDocSequence(XmlDocument parentDoc)
   at System.Xml.XmlLoader.Load(XmlDocument doc, XmlReader reader, Boolean preserveWhitespace)
   at System.Xml.XmlDocument.Load(XmlReader reader)
   at System.Xml.XmlDocument.Load(String filename)
   at DataAnalyzer.Support.FileManager.WriteInputMessage(InputMessages Message, String FileName) in E:\EXTENAL_CODE\Project_live\External Project_new\External Project\DataAnalyzer\Support\FileManager.cs:line 1102

--------------------------------------------------------------------------------------------------------
07-24-2026 00:45:27
'.', hexadecimal value 0x00, is an invalid character. Line 38069, position 8.
   at System.Xml.XmlTextReaderImpl.Throw(Exception e)
   at System.Xml.XmlTextReaderImpl.Throw(String res, String[] args)
   at System.Xml.XmlTextReaderImpl.ParseText(Int32& startPos, Int32& endPos, Int32& outOrChars)
   at System.Xml.XmlTextReaderImpl.ParseText()
   at System.Xml.XmlTextReaderImpl.ParseElementContent()
   at System.Xml.XmlTextReaderImpl.Read()
   at System.Xml.XmlLoader.LoadNode(Boolean skipOverWhitespace)
   at System.Xml.XmlLoader.LoadDocSequence(XmlDocument parentDoc)
   at System.Xml.XmlLoader.Load(XmlDocument doc, XmlReader reader, Boolean preserveWhitespace)
   at System.Xml.XmlDocument.Load(XmlReader reader)
   at System.Xml.XmlDocument.Load(String filename)
   at DataAnalyzer.Support.FileManager.WriteInputMessage(InputMessages Message, String FileName) in E:\EXTENAL_CODE\Project_live\External Project_new\External Project\DataAnalyzer\Support\FileManager.cs:line 1102

--------------------------------------------------------------------------------------------------------
07-24-2026 00:46:44
'.', hexadecimal value 0x00, is an invalid character. Line 38069, position 8.
   at System.Xml.XmlTextReaderImpl.Throw(Exception e)
   at System.Xml.XmlTextReaderImpl.Throw(String res, String[] args)
   at System.Xml.XmlTextReaderImpl.ParseText(Int32& startPos, Int32& endPos, Int32& outOrChars)
   at System.Xml.XmlTextReaderImpl.ParseText()
   at System.Xml.XmlTextReaderImpl.ParseElementContent()
   at System.Xml.XmlTextReaderImpl.Read()
   at System.Xml.XmlLoader.LoadNode(Boolean skipOverWhitespace)
   at System.Xml.XmlLoader.LoadDocSequence(XmlDocument parentDoc)
   at System.Xml.XmlLoader.Load(XmlDocument doc, XmlReader reader, Boolean preserveWhitespace)
   at System.Xml.XmlDocument.Load(XmlReader reader)
   at System.Xml.XmlDocument.Load(String filename)
   at DataAnalyzer.Support.FileManager.WriteInputMessage(InputMessages Message, String FileName) in E:\EXTENAL_CODE\Project_live\External Project_new\External Project\DataAnalyzer\Support\FileManager.cs:line 1102

--------------------------------------------------------------------------------------------------------
07-24-2026 00:48:01
'.', hexadecimal value 0x00, is an invalid character. Line 38069, position 8.
   at System.Xml.XmlTextReaderImpl.Throw(Exception e)
   at System.Xml.XmlTextReaderImpl.Throw(String res, String[] args)
   at System.Xml.XmlTextReaderImpl.ParseText(Int32& startPos, Int32& endPos, Int32& outOrChars)
   at System.Xml.XmlTextReaderImpl.ParseText()
   at System.Xml.XmlTextReaderImpl.ParseElementContent()
   at System.Xml.XmlTextReaderImpl.Read()
   at System.Xml.XmlLoader.LoadNode(Boolean skipOverWhitespace)
   at System.Xml.XmlLoader.LoadDocSequence(XmlDocument parentDoc)
   at System.Xml.XmlLoader.Load(XmlDocument doc, XmlReader reader, Boolean preserveWhitespace)
   at System.Xml.XmlDocument.Load(XmlReader reader)
   at System.Xml.XmlDocument.Load(String filename)
   at DataAnalyzer.Support.FileManager.WriteInputMessage(InputMessages Message, String FileName) in E:\EXTENAL_CODE\Project_live\External Project_new\External Project\DataAnalyzer\Support\FileManager.cs:line 1102

--------------------------------------------------------------------------------------------------------
07-24-2026 00:48:05
'.', hexadecimal value 0x00, is an invalid character. Line 38069, position 8.
   at System.Xml.XmlTextReaderImpl.Throw(Exception e)
   at System.Xml.XmlTextReaderImpl.Throw(String res, String[] args)
   at System.Xml.XmlTextReaderImpl.ParseText(Int32& startPos, Int32& endPos, Int32& outOrChars)
   at System.Xml.XmlTextReaderImpl.ParseText()
   at System.Xml.XmlTextReaderImpl.ParseElementContent()
   at System.Xml.XmlTextReaderImpl.Read()
   at System.Xml.XmlLoader.LoadNode(Boolean skipOverWhitespace)
   at System.Xml.XmlLoader.LoadDocSequence(XmlDocument parentDoc)
   at System.Xml.XmlLoader.Load(XmlDocument doc, XmlReader reader, Boolean preserveWhitespace)
   at System.Xml.XmlDocument.Load(XmlReader reader)
   at System.Xml.XmlDocument.Load(String filename)
   at DataAnalyzer.Support.FileManager.WriteInputMessage(InputMessages Message, String FileName) in E:\EXTENAL_CODE\Project_live\External Project_new\External Project\DataAnalyzer\Support\FileManager.cs:line 1102

--------------------------------------------------------------------------------------------------------
07-24-2026 00:48:10
'.', hexadecimal value 0x00, is an invalid character. Line 38069, position 8.
   at System.Xml.XmlTextReaderImpl.Throw(Exception e)
   at System.Xml.XmlTextReaderImpl.Throw(String res, String[] args)
   at System.Xml.XmlTextReaderImpl.ParseText(Int32& startPos, Int32& endPos, Int32& outOrChars)
   at System.Xml.XmlTextReaderImpl.ParseText()
   at System.Xml.XmlTextReaderImpl.ParseElementContent()
   at System.Xml.XmlTextReaderImpl.Read()
   at System.Xml.XmlLoader.LoadNode(Boolean skipOverWhitespace)
   at System.Xml.XmlLoader.LoadDocSequence(XmlDocument parentDoc)
   at System.Xml.XmlLoader.Load(XmlDocument doc, XmlReader reader, Boolean preserveWhitespace)
   at System.Xml.XmlDocument.Load(XmlReader reader)
   at System.Xml.XmlDocument.Load(String filename)
   at DataAnalyzer.Support.FileManager.WriteInputMessage(InputMessages Message, String FileName) in E:\EXTENAL_CODE\Project_live\External Project_new\External Project\DataAnalyzer\Support\FileManager.cs:line 1102

--------------------------------------------------------------------------------------------------------
07-24-2026 00:48:15
'.', hexadecimal value 0x00, is an invalid character. Line 38069, position 8.
   at System.Xml.XmlTextReaderImpl.Throw(Exception e)
   at System.Xml.XmlTextReaderImpl.Throw(String res, String[] args)
   at System.Xml.XmlTextReaderImpl.ParseText(Int32& startPos, Int32& endPos, Int32& outOrChars)
   at System.Xml.XmlTextReaderImpl.ParseText()
   at System.Xml.XmlTextReaderImpl.ParseElementContent()
   at System.Xml.XmlTextReaderImpl.Read()
   at System.Xml.XmlLoader.LoadNode(Boolean skipOverWhitespace)
   at System.Xml.XmlLoader.LoadDocSequence(XmlDocument parentDoc)
   at System.Xml.XmlLoader.Load(XmlDocument doc, XmlReader reader, Boolean preserveWhitespace)
   at System.Xml.XmlDocument.Load(XmlReader reader)
   at System.Xml.XmlDocument.Load(String filename)
   at DataAnalyzer.Support.FileManager.WriteInputMessage(InputMessages Message, String FileName) in E:\EXTENAL_CODE\Project_live\External Project_new\External Project\DataAnalyzer\Support\FileManager.cs:line 1102

--------------------------------------------------------------------------------------------------------
07-24-2026 00:48:20
'.', hexadecimal value 0x00, is an invalid character. Line 38069, position 8.
   at System.Xml.XmlTextReaderImpl.Throw(Exception e)
   at System.Xml.XmlTextReaderImpl.Throw(String res, String[] args)
   at System.Xml.XmlTextReaderImpl.ParseText(Int32& startPos, Int32& endPos, Int32& outOrChars)
   at System.Xml.XmlTextReaderImpl.ParseText()
   at System.Xml.XmlTextReaderImpl.ParseElementContent()
   at System.Xml.XmlTextReaderImpl.Read()
   at System.Xml.XmlLoader.LoadNode(Boolean skipOverWhitespace)
   at System.Xml.XmlLoader.LoadDocSequence(XmlDocument parentDoc)
   at System.Xml.XmlLoader.Load(XmlDocument doc, XmlReader reader, Boolean preserveWhitespace)
   at System.Xml.XmlDocument.Load(XmlReader reader)
   at System.Xml.XmlDocument.Load(String filename)
   at DataAnalyzer.Support.FileManager.WriteInputMessage(InputMessages Message, String FileName) in E:\EXTENAL_CODE\Project_live\External Project_new\External Project\DataAnalyzer\Support\FileManager.cs:line 1102

--------------------------------------------------------------------------------------------------------
07-24-2026 00:49:36
'.', hexadecimal value 0x00, is an invalid character. Line 38069, position 8.
   at System.Xml.XmlTextReaderImpl.Throw(Exception e)
   at System.Xml.XmlTextReaderImpl.Throw(String res, String[] args)
   at System.Xml.XmlTextReaderImpl.ParseText(Int32& startPos, Int32& endPos, Int32& outOrChars)
   at System.Xml.XmlTextReaderImpl.ParseText()
   at System.Xml.XmlTextReaderImpl.ParseElementContent()
   at System.Xml.XmlTextReaderImpl.Read()
   at System.Xml.XmlLoader.LoadNode(Boolean skipOverWhitespace)
   at System.Xml.XmlLoader.LoadDocSequence(XmlDocument parentDoc)
   at System.Xml.XmlLoader.Load(XmlDocument doc, XmlReader reader, Boolean preserveWhitespace)
   at System.Xml.XmlDocument.Load(XmlReader reader)
   at System.Xml.XmlDocument.Load(String filename)
   at DataAnalyzer.Support.FileManager.WriteInputMessage(InputMessages Message, String FileName) in E:\EXTENAL_CODE\Project_live\External Project_new\External Project\DataAnalyzer\Support\FileManager.cs:line 1102

--------------------------------------------------------------------------------------------------------
07-24-2026 00:49:41
'.', hexadecimal value 0x00, is an invalid character. Line 38069, position 8.
   at System.Xml.XmlTextReaderImpl.Throw(Exception e)
   at System.Xml.XmlTextReaderImpl.Throw(String res, String[] args)
   at System.Xml.XmlTextReaderImpl.ParseText(Int32& startPos, Int32& endPos, Int32& outOrChars)
   at System.Xml.XmlTextReaderImpl.ParseText()
   at System.Xml.XmlTextReaderImpl.ParseElementContent()
   at System.Xml.XmlTextReaderImpl.Read()
   at System.Xml.XmlLoader.LoadNode(Boolean skipOverWhitespace)
   at System.Xml.XmlLoader.LoadDocSequence(XmlDocument parentDoc)
   at System.Xml.XmlLoader.Load(XmlDocument doc, XmlReader reader, Boolean preserveWhitespace)
   at System.Xml.XmlDocument.Load(XmlReader reader)
   at System.Xml.XmlDocument.Load(String filename)
   at DataAnalyzer.Support.FileManager.WriteInputMessage(InputMessages Message, String FileName) in E:\EXTENAL_CODE\Project_live\External Project_new\External Project\DataAnalyzer\Support\FileManager.cs:line 1102

--------------------------------------------------------------------------------------------------------
07-24-2026 00:49:46
'.', hexadecimal value 0x00, is an invalid character. Line 38069, position 8.
   at System.Xml.XmlTextReaderImpl.Throw(Exception e)
   at System.Xml.XmlTextReaderImpl.Throw(String res, String[] args)
   at System.Xml.XmlTextReaderImpl.ParseText(Int32& startPos, Int32& endPos, Int32& outOrChars)
   at System.Xml.XmlTextReaderImpl.ParseText()
   at System.Xml.XmlTextReaderImpl.ParseElementContent()
   at System.Xml.XmlTextReaderImpl.Read()
   at System.Xml.XmlLoader.LoadNode(Boolean skipOverWhitespace)
   at System.Xml.XmlLoader.LoadDocSequence(XmlDocument parentDoc)
   at System.Xml.XmlLoader.Load(XmlDocument doc, XmlReader reader, Boolean preserveWhitespace)
   at System.Xml.XmlDocument.Load(XmlReader reader)
   at System.Xml.XmlDocument.Load(String filename)
   at DataAnalyzer.Support.FileManager.WriteInputMessage(InputMessages Message, String FileName) in E:\EXTENAL_CODE\Project_live\External Project_new\External Project\DataAnalyzer\Support\FileManager.cs:line 1102

--------------------------------------------------------------------------------------------------------
07-24-2026 00:51:02
'.', hexadecimal value 0x00, is an invalid character. Line 38069, position 8.
   at System.Xml.XmlTextReaderImpl.Throw(Exception e)
   at System.Xml.XmlTextReaderImpl.Throw(String res, String[] args)
   at System.Xml.XmlTextReaderImpl.ParseText(Int32& startPos, Int32& endPos, Int32& outOrChars)
   at System.Xml.XmlTextReaderImpl.ParseText()
   at System.Xml.XmlTextReaderImpl.ParseElementContent()
   at System.Xml.XmlTextReaderImpl.Read()
   at System.Xml.XmlLoader.LoadNode(Boolean skipOverWhitespace)
   at System.Xml.XmlLoader.LoadDocSequence(XmlDocument parentDoc)
   at System.Xml.XmlLoader.Load(XmlDocument doc, XmlReader reader, Boolean preserveWhitespace)
   at System.Xml.XmlDocument.Load(XmlReader reader)
   at System.Xml.XmlDocument.Load(String filename)
   at DataAnalyzer.Support.FileManager.WriteInputMessage(InputMessages Message, String FileName) in E:\EXTENAL_CODE\Project_live\External Project_new\External Project\DataAnalyzer\Support\FileManager.cs:line 1102

--------------------------------------------------------------------------------------------------------
07-24-2026 00:52:55
'.', hexadecimal value 0x00, is an invalid character. Line 38069, position 8.
   at System.Xml.XmlTextReaderImpl.Throw(Exception e)
   at System.Xml.XmlTextReaderImpl.Throw(String res, String[] args)
   at System.Xml.XmlTextReaderImpl.ParseText(Int32& startPos, Int32& endPos, Int32& outOrChars)
   at System.Xml.XmlTextReaderImpl.ParseText()
   at System.Xml.XmlTextReaderImpl.ParseElementContent()
   at System.Xml.XmlTextReaderImpl.Read()
   at System.Xml.XmlLoader.LoadNode(Boolean skipOverWhitespace)
   at System.Xml.XmlLoader.LoadDocSequence(XmlDocument parentDoc)
   at System.Xml.XmlLoader.Load(XmlDocument doc, XmlReader reader, Boolean preserveWhitespace)
   at System.Xml.XmlDocument.Load(XmlReader reader)
   at System.Xml.XmlDocument.Load(String filename)
   at DataAnalyzer.Support.FileManager.WriteInputMessage(InputMessages Message, String FileName) in E:\EXTENAL_CODE\Project_live\External Project_new\External Project\DataAnalyzer\Support\FileManager.cs:line 1102

--------------------------------------------------------------------------------------------------------
07-24-2026 00:54:21
'.', hexadecimal value 0x00, is an invalid character. Line 38069, position 8.
   at System.Xml.XmlTextReaderImpl.Throw(Exception e)
   at System.Xml.XmlTextReaderImpl.Throw(String res, String[] args)
   at System.Xml.XmlTextReaderImpl.ParseText(Int32& startPos, Int32& endPos, Int32& outOrChars)
   at System.Xml.XmlTextReaderImpl.ParseText()
   at System.Xml.XmlTextReaderImpl.ParseElementContent()
   at System.Xml.XmlTextReaderImpl.Read()
   at System.Xml.XmlLoader.LoadNode(Boolean skipOverWhitespace)
   at System.Xml.XmlLoader.LoadDocSequence(XmlDocument parentDoc)
   at System.Xml.XmlLoader.Load(XmlDocument doc, XmlReader reader, Boolean preserveWhitespace)
   at System.Xml.XmlDocument.Load(XmlReader reader)
   at System.Xml.XmlDocument.Load(String filename)
   at DataAnalyzer.Support.FileManager.WriteInputMessage(InputMessages Message, String FileName) in E:\EXTENAL_CODE\Project_live\External Project_new\External Project\DataAnalyzer\Support\FileManager.cs:line 1102

--------------------------------------------------------------------------------------------------------
07-24-2026 00:56:10
'.', hexadecimal value 0x00, is an invalid character. Line 38069, position 8.
   at System.Xml.XmlTextReaderImpl.Throw(Exception e)
   at System.Xml.XmlTextReaderImpl.Throw(String res, String[] args)
   at System.Xml.XmlTextReaderImpl.ParseText(Int32& startPos, Int32& endPos, Int32& outOrChars)
   at System.Xml.XmlTextReaderImpl.ParseText()
   at System.Xml.XmlTextReaderImpl.ParseElementContent()
   at System.Xml.XmlTextReaderImpl.Read()
   at System.Xml.XmlLoader.LoadNode(Boolean skipOverWhitespace)
   at System.Xml.XmlLoader.LoadDocSequence(XmlDocument parentDoc)
   at System.Xml.XmlLoader.Load(XmlDocument doc, XmlReader reader, Boolean preserveWhitespace)
   at System.Xml.XmlDocument.Load(XmlReader reader)
   at System.Xml.XmlDocument.Load(String filename)
   at DataAnalyzer.Support.FileManager.WriteInputMessage(InputMessages Message, String FileName) in E:\EXTENAL_CODE\Project_live\External Project_new\External Project\DataAnalyzer\Support\FileManager.cs:line 1102

--------------------------------------------------------------------------------------------------------
07-24-2026 00:57:36
'.', hexadecimal value 0x00, is an invalid character. Line 38069, position 8.
   at System.Xml.XmlTextReaderImpl.Throw(Exception e)
   at System.Xml.XmlTextReaderImpl.Throw(String res, String[] args)
   at System.Xml.XmlTextReaderImpl.ParseText(Int32& startPos, Int32& endPos, Int32& outOrChars)
   at System.Xml.XmlTextReaderImpl.ParseText()
   at System.Xml.XmlTextReaderImpl.ParseElementContent()
   at System.Xml.XmlTextReaderImpl.Read()
   at System.Xml.XmlLoader.LoadNode(Boolean skipOverWhitespace)
   at System.Xml.XmlLoader.LoadDocSequence(XmlDocument parentDoc)
   at System.Xml.XmlLoader.Load(XmlDocument doc, XmlReader reader, Boolean preserveWhitespace)
   at System.Xml.XmlDocument.Load(XmlReader reader)
   at System.Xml.XmlDocument.Load(String filename)
   at DataAnalyzer.Support.FileManager.WriteInputMessage(InputMessages Message, String FileName) in E:\EXTENAL_CODE\Project_live\External Project_new\External Project\DataAnalyzer\Support\FileManager.cs:line 1102

--------------------------------------------------------------------------------------------------------
07-24-2026 00:59:02
'.', hexadecimal value 0x00, is an invalid character. Line 38069, position 8.
   at System.Xml.XmlTextReaderImpl.Throw(Exception e)
   at System.Xml.XmlTextReaderImpl.Throw(String res, String[] args)
   at System.Xml.XmlTextReaderImpl.ParseText(Int32& startPos, Int32& endPos, Int32& outOrChars)
   at System.Xml.XmlTextReaderImpl.ParseText()
   at System.Xml.XmlTextReaderImpl.ParseElementContent()
   at System.Xml.XmlTextReaderImpl.Read()
   at System.Xml.XmlLoader.LoadNode(Boolean skipOverWhitespace)
   at System.Xml.XmlLoader.LoadDocSequence(XmlDocument parentDoc)
   at System.Xml.XmlLoader.Load(XmlDocument doc, XmlReader reader, Boolean preserveWhitespace)
   at System.Xml.XmlDocument.Load(XmlReader reader)
   at System.Xml.XmlDocument.Load(String filename)
   at DataAnalyzer.Support.FileManager.WriteInputMessage(InputMessages Message, String FileName) in E:\EXTENAL_CODE\Project_live\External Project_new\External Project\DataAnalyzer\Support\FileManager.cs:line 1102

--------------------------------------------------------------------------------------------------------
07-24-2026 01:00:46
'.', hexadecimal value 0x00, is an invalid character. Line 38069, position 8.
   at System.Xml.XmlTextReaderImpl.Throw(Exception e)
   at System.Xml.XmlTextReaderImpl.Throw(String res, String[] args)
   at System.Xml.XmlTextReaderImpl.ParseText(Int32& startPos, Int32& endPos, Int32& outOrChars)
   at System.Xml.XmlTextReaderImpl.ParseText()
   at System.Xml.XmlTextReaderImpl.ParseElementContent()
   at System.Xml.XmlTextReaderImpl.Read()
   at System.Xml.XmlLoader.LoadNode(Boolean skipOverWhitespace)
   at System.Xml.XmlLoader.LoadDocSequence(XmlDocument parentDoc)
   at System.Xml.XmlLoader.Load(XmlDocument doc, XmlReader reader, Boolean preserveWhitespace)
   at System.Xml.XmlDocument.Load(XmlReader reader)
   at System.Xml.XmlDocument.Load(String filename)
   at DataAnalyzer.Support.FileManager.WriteInputMessage(InputMessages Message, String FileName) in E:\EXTENAL_CODE\Project_live\External Project_new\External Project\DataAnalyzer\Support\FileManager.cs:line 1102

--------------------------------------------------------------------------------------------------------
07-24-2026 01:02:12
'.', hexadecimal value 0x00, is an invalid character. Line 38069, position 8.
   at System.Xml.XmlTextReaderImpl.Throw(Exception e)
   at System.Xml.XmlTextReaderImpl.Throw(String res, String[] args)
   at System.Xml.XmlTextReaderImpl.ParseText(Int32& startPos, Int32& endPos, Int32& outOrChars)
   at System.Xml.XmlTextReaderImpl.ParseText()
   at System.Xml.XmlTextReaderImpl.ParseElementContent()
   at System.Xml.XmlTextReaderImpl.Read()
   at System.Xml.XmlLoader.LoadNode(Boolean skipOverWhitespace)
   at System.Xml.XmlLoader.LoadDocSequence(XmlDocument parentDoc)
   at System.Xml.XmlLoader.Load(XmlDocument doc, XmlReader reader, Boolean preserveWhitespace)
   at System.Xml.XmlDocument.Load(XmlReader reader)
   at System.Xml.XmlDocument.Load(String filename)
   at DataAnalyzer.Support.FileManager.WriteInputMessage(InputMessages Message, String FileName) in E:\EXTENAL_CODE\Project_live\External Project_new\External Project\DataAnalyzer\Support\FileManager.cs:line 1102

--------------------------------------------------------------------------------------------------------
07-24-2026 02:37:01
'.', hexadecimal value 0x00, is an invalid character. Line 38069, position 8.
   at System.Xml.XmlTextReaderImpl.Throw(Exception e)
   at System.Xml.XmlTextReaderImpl.Throw(String res, String[] args)
   at System.Xml.XmlTextReaderImpl.ParseText(Int32& startPos, Int32& endPos, Int32& outOrChars)
   at System.Xml.XmlTextReaderImpl.ParseText()
   at System.Xml.XmlTextReaderImpl.ParseElementContent()
   at System.Xml.XmlTextReaderImpl.Read()
   at System.Xml.XmlLoader.LoadNode(Boolean skipOverWhitespace)
   at System.Xml.XmlLoader.LoadDocSequence(XmlDocument parentDoc)
   at System.Xml.XmlLoader.Load(XmlDocument doc, XmlReader reader, Boolean preserveWhitespace)
   at System.Xml.XmlDocument.Load(XmlReader reader)
   at System.Xml.XmlDocument.Load(String filename)
   at DataAnalyzer.Support.FileManager.WriteInputMessage(InputMessages Message, String FileName) in E:\EXTENAL_CODE\Project_live\External Project_new\External Project\DataAnalyzer\Support\FileManager.cs:line 1102

--------------------------------------------------------------------------------------------------------
07-24-2026 05:32:33
'.', hexadecimal value 0x00, is an invalid character. Line 38069, position 8.
   at System.Xml.XmlTextReaderImpl.Throw(Exception e)
   at System.Xml.XmlTextReaderImpl.Throw(String res, String[] args)
   at System.Xml.XmlTextReaderImpl.ParseText(Int32& startPos, Int32& endPos, Int32& outOrChars)
   at System.Xml.XmlTextReaderImpl.ParseText()
   at System.Xml.XmlTextReaderImpl.ParseElementContent()
   at System.Xml.XmlTextReaderImpl.Read()
   at System.Xml.XmlLoader.LoadNode(Boolean skipOverWhitespace)
   at System.Xml.XmlLoader.LoadDocSequence(XmlDocument parentDoc)
   at System.Xml.XmlLoader.Load(XmlDocument doc, XmlReader reader, Boolean preserveWhitespace)
   at System.Xml.XmlDocument.Load(XmlReader reader)
   at System.Xml.XmlDocument.Load(String filename)
   at DataAnalyzer.Support.FileManager.WriteInputMessage(InputMessages Message, String FileName) in E:\EXTENAL_CODE\Project_live\External Project_new\External Project\DataAnalyzer\Support\FileManager.cs:line 1102

--------------------------------------------------------------------------------------------------------
07-24-2026 05:38:35
'.', hexadecimal value 0x00, is an invalid character. Line 38069, position 8.
   at System.Xml.XmlTextReaderImpl.Throw(Exception e)
   at System.Xml.XmlTextReaderImpl.Throw(String res, String[] args)
   at System.Xml.XmlTextReaderImpl.ParseText(Int32& startPos, Int32& endPos, Int32& outOrChars)
   at System.Xml.XmlTextReaderImpl.ParseText()
   at System.Xml.XmlTextReaderImpl.ParseElementContent()
   at System.Xml.XmlTextReaderImpl.Read()
   at System.Xml.XmlLoader.LoadNode(Boolean skipOverWhitespace)
   at System.Xml.XmlLoader.LoadDocSequence(XmlDocument parentDoc)
   at System.Xml.XmlLoader.Load(XmlDocument doc, XmlReader reader, Boolean preserveWhitespace)
   at System.Xml.XmlDocument.Load(XmlReader reader)
   at System.Xml.XmlDocument.Load(String filename)
   at DataAnalyzer.Support.FileManager.WriteInputMessage(InputMessages Message, String FileName) in E:\EXTENAL_CODE\Project_live\External Project_new\External Project\DataAnalyzer\Support\FileManager.cs:line 1102

--------------------------------------------------------------------------------------------------------
07-24-2026 08:59:15
'.', hexadecimal value 0x00, is an invalid character. Line 38069, position 8.
   at System.Xml.XmlTextReaderImpl.Throw(Exception e)
   at System.Xml.XmlTextReaderImpl.Throw(String res, String[] args)
   at System.Xml.XmlTextReaderImpl.ParseText(Int32& startPos, Int32& endPos, Int32& outOrChars)
   at System.Xml.XmlTextReaderImpl.ParseText()
   at System.Xml.XmlTextReaderImpl.ParseElementContent()
   at System.Xml.XmlTextReaderImpl.Read()
   at System.Xml.XmlLoader.LoadNode(Boolean skipOverWhitespace)
   at System.Xml.XmlLoader.LoadDocSequence(XmlDocument parentDoc)
   at System.Xml.XmlLoader.Load(XmlDocument doc, XmlReader reader, Boolean preserveWhitespace)
   at System.Xml.XmlDocument.Load(XmlReader reader)
   at System.Xml.XmlDocument.Load(String filename)
   at DataAnalyzer.Support.FileManager.WriteInputMessage(InputMessages Message, String FileName) in E:\EXTENAL_CODE\Project_live\External Project_new\External Project\DataAnalyzer\Support\FileManager.cs:line 1102

--------------------------------------------------------------------------------------------------------
07-24-2026 09:00:22
'.', hexadecimal value 0x00, is an invalid character. Line 38069, position 8.
   at System.Xml.XmlTextReaderImpl.Throw(Exception e)
   at System.Xml.XmlTextReaderImpl.Throw(String res, String[] args)
   at System.Xml.XmlTextReaderImpl.ParseText(Int32& startPos, Int32& endPos, Int32& outOrChars)
   at System.Xml.XmlTextReaderImpl.ParseText()
   at System.Xml.XmlTextReaderImpl.ParseElementContent()
   at System.Xml.XmlTextReaderImpl.Read()
   at System.Xml.XmlLoader.LoadNode(Boolean skipOverWhitespace)
   at System.Xml.XmlLoader.LoadDocSequence(XmlDocument parentDoc)
   at System.Xml.XmlLoader.Load(XmlDocument doc, XmlReader reader, Boolean preserveWhitespace)
   at System.Xml.XmlDocument.Load(XmlReader reader)
   at System.Xml.XmlDocument.Load(String filename)
   at DataAnalyzer.Support.FileManager.WriteInputMessage(InputMessages Message, String FileName) in E:\EXTENAL_CODE\Project_live\External Project_new\External Project\DataAnalyzer\Support\FileManager.cs:line 1102

--------------------------------------------------------------------------------------------------------
07-24-2026 09:34:37
'.', hexadecimal value 0x00, is an invalid character. Line 38069, position 8.
   at System.Xml.XmlTextReaderImpl.Throw(Exception e)
   at System.Xml.XmlTextReaderImpl.Throw(String res, String[] args)
   at System.Xml.XmlTextReaderImpl.ParseText(Int32& startPos, Int32& endPos, Int32& outOrChars)
   at System.Xml.XmlTextReaderImpl.ParseText()
   at System.Xml.XmlTextReaderImpl.ParseElementContent()
   at System.Xml.XmlTextReaderImpl.Read()
   at System.Xml.XmlLoader.LoadNode(Boolean skipOverWhitespace)
   at System.Xml.XmlLoader.LoadDocSequence(XmlDocument parentDoc)
   at System.Xml.XmlLoader.Load(XmlDocument doc, XmlReader reader, Boolean preserveWhitespace)
   at System.Xml.XmlDocument.Load(XmlReader reader)
   at System.Xml.XmlDocument.Load(String filename)
   at DataAnalyzer.Support.FileManager.WriteInputMessage(InputMessages Message, String FileName) in E:\EXTENAL_CODE\Project_live\External Project_new\External Project\DataAnalyzer\Support\FileManager.cs:line 1102

--------------------------------------------------------------------------------------------------------
07-24-2026 10:01:33
'.', hexadecimal value 0x00, is an invalid character. Line 38069, position 8.
   at System.Xml.XmlTextReaderImpl.Throw(Exception e)
   at System.Xml.XmlTextReaderImpl.Throw(String res, String[] args)
   at System.Xml.XmlTextReaderImpl.ParseText(Int32& startPos, Int32& endPos, Int32& outOrChars)
   at System.Xml.XmlTextReaderImpl.ParseText()
   at System.Xml.XmlTextReaderImpl.ParseElementContent()
   at System.Xml.XmlTextReaderImpl.Read()
   at System.Xml.XmlLoader.LoadNode(Boolean skipOverWhitespace)
   at System.Xml.XmlLoader.LoadDocSequence(XmlDocument parentDoc)
   at System.Xml.XmlLoader.Load(XmlDocument doc, XmlReader reader, Boolean preserveWhitespace)
   at System.Xml.XmlDocument.Load(XmlReader reader)
   at System.Xml.XmlDocument.Load(String filename)
   at DataAnalyzer.Support.FileManager.WriteInputMessage(InputMessages Message, String FileName) in E:\EXTENAL_CODE\Project_live\External Project_new\External Project\DataAnalyzer\Support\FileManager.cs:line 1102

--------------------------------------------------------------------------------------------------------
07-24-2026 10:22:58
'.', hexadecimal value 0x00, is an invalid character. Line 38069, position 8.
   at System.Xml.XmlTextReaderImpl.Throw(Exception e)
   at System.Xml.XmlTextReaderImpl.Throw(String res, String[] args)
   at System.Xml.XmlTextReaderImpl.ParseText(Int32& startPos, Int32& endPos, Int32& outOrChars)
   at System.Xml.XmlTextReaderImpl.ParseText()
   at System.Xml.XmlTextReaderImpl.ParseElementContent()
   at System.Xml.XmlTextReaderImpl.Read()
   at System.Xml.XmlLoader.LoadNode(Boolean skipOverWhitespace)
   at System.Xml.XmlLoader.LoadDocSequence(XmlDocument parentDoc)
   at System.Xml.XmlLoader.Load(XmlDocument doc, XmlReader reader, Boolean preserveWhitespace)
   at System.Xml.XmlDocument.Load(XmlReader reader)
   at System.Xml.XmlDocument.Load(String filename)
   at DataAnalyzer.Support.FileManager.WriteInputMessage(InputMessages Message, String FileName) in E:\EXTENAL_CODE\Project_live\External Project_new\External Project\DataAnalyzer\Support\FileManager.cs:line 1102

--------------------------------------------------------------------------------------------------------
07-24-2026 10:23:03
'.', hexadecimal value 0x00, is an invalid character. Line 38069, position 8.
   at System.Xml.XmlTextReaderImpl.Throw(Exception e)
   at System.Xml.XmlTextReaderImpl.Throw(String res, String[] args)
   at System.Xml.XmlTextReaderImpl.ParseText(Int32& startPos, Int32& endPos, Int32& outOrChars)
   at System.Xml.XmlTextReaderImpl.ParseText()
   at System.Xml.XmlTextReaderImpl.ParseElementContent()
   at System.Xml.XmlTextReaderImpl.Read()
   at System.Xml.XmlLoader.LoadNode(Boolean skipOverWhitespace)
   at System.Xml.XmlLoader.LoadDocSequence(XmlDocument parentDoc)
   at System.Xml.XmlLoader.Load(XmlDocument doc, XmlReader reader, Boolean preserveWhitespace)
   at System.Xml.XmlDocument.Load(XmlReader reader)
   at System.Xml.XmlDocument.Load(String filename)
   at DataAnalyzer.Support.FileManager.WriteInputMessage(InputMessages Message, String FileName) in E:\EXTENAL_CODE\Project_live\External Project_new\External Project\DataAnalyzer\Support\FileManager.cs:line 1102

--------------------------------------------------------------------------------------------------------
07-24-2026 10:23:07
'.', hexadecimal value 0x00, is an invalid character. Line 38069, position 8.
   at System.Xml.XmlTextReaderImpl.Throw(Exception e)
   at System.Xml.XmlTextReaderImpl.Throw(String res, String[] args)
   at System.Xml.XmlTextReaderImpl.ParseText(Int32& startPos, Int32& endPos, Int32& outOrChars)
   at System.Xml.XmlTextReaderImpl.ParseText()
   at System.Xml.XmlTextReaderImpl.ParseElementContent()
   at System.Xml.XmlTextReaderImpl.Read()
   at System.Xml.XmlLoader.LoadNode(Boolean skipOverWhitespace)
   at System.Xml.XmlLoader.LoadDocSequence(XmlDocument parentDoc)
   at System.Xml.XmlLoader.Load(XmlDocument doc, XmlReader reader, Boolean preserveWhitespace)
   at System.Xml.XmlDocument.Load(XmlReader reader)
   at System.Xml.XmlDocument.Load(String filename)
   at DataAnalyzer.Support.FileManager.WriteInputMessage(InputMessages Message, String FileName) in E:\EXTENAL_CODE\Project_live\External Project_new\External Project\DataAnalyzer\Support\FileManager.cs:line 1102

--------------------------------------------------------------------------------------------------------
07-24-2026 10:24:42
'.', hexadecimal value 0x00, is an invalid character. Line 38069, position 8.
   at System.Xml.XmlTextReaderImpl.Throw(Exception e)
   at System.Xml.XmlTextReaderImpl.Throw(String res, String[] args)
   at System.Xml.XmlTextReaderImpl.ParseText(Int32& startPos, Int32& endPos, Int32& outOrChars)
   at System.Xml.XmlTextReaderImpl.ParseText()
   at System.Xml.XmlTextReaderImpl.ParseElementContent()
   at System.Xml.XmlTextReaderImpl.Read()
   at System.Xml.XmlLoader.LoadNode(Boolean skipOverWhitespace)
   at System.Xml.XmlLoader.LoadDocSequence(XmlDocument parentDoc)
   at System.Xml.XmlLoader.Load(XmlDocument doc, XmlReader reader, Boolean preserveWhitespace)
   at System.Xml.XmlDocument.Load(XmlReader reader)
   at System.Xml.XmlDocument.Load(String filename)
   at DataAnalyzer.Support.FileManager.WriteInputMessage(InputMessages Message, String FileName) in E:\EXTENAL_CODE\Project_live\External Project_new\External Project\DataAnalyzer\Support\FileManager.cs:line 1102

--------------------------------------------------------------------------------------------------------
07-24-2026 10:34:13
'.', hexadecimal value 0x00, is an invalid character. Line 38069, position 8.
   at System.Xml.XmlTextReaderImpl.Throw(Exception e)
   at System.Xml.XmlTextReaderImpl.Throw(String res, String[] args)
   at System.Xml.XmlTextReaderImpl.ParseText(Int32& startPos, Int32& endPos, Int32& outOrChars)
   at System.Xml.XmlTextReaderImpl.ParseText()
   at System.Xml.XmlTextReaderImpl.ParseElementContent()
   at System.Xml.XmlTextReaderImpl.Read()
   at System.Xml.XmlLoader.LoadNode(Boolean skipOverWhitespace)
   at System.Xml.XmlLoader.LoadDocSequence(XmlDocument parentDoc)
   at System.Xml.XmlLoader.Load(XmlDocument doc, XmlReader reader, Boolean preserveWhitespace)
   at System.Xml.XmlDocument.Load(XmlReader reader)
   at System.Xml.XmlDocument.Load(String filename)
   at DataAnalyzer.Support.FileManager.WriteInputMessage(InputMessages Message, String FileName) in E:\EXTENAL_CODE\Project_live\External Project_new\External Project\DataAnalyzer\Support\FileManager.cs:line 1102

--------------------------------------------------------------------------------------------------------
07-24-2026 10:35:39
'.', hexadecimal value 0x00, is an invalid character. Line 38069, position 8.
   at System.Xml.XmlTextReaderImpl.Throw(Exception e)
   at System.Xml.XmlTextReaderImpl.Throw(String res, String[] args)
   at System.Xml.XmlTextReaderImpl.ParseText(Int32& startPos, Int32& endPos, Int32& outOrChars)
   at System.Xml.XmlTextReaderImpl.ParseText()
   at System.Xml.XmlTextReaderImpl.ParseElementContent()
   at System.Xml.XmlTextReaderImpl.Read()
   at System.Xml.XmlLoader.LoadNode(Boolean skipOverWhitespace)
   at System.Xml.XmlLoader.LoadDocSequence(XmlDocument parentDoc)
   at System.Xml.XmlLoader.Load(XmlDocument doc, XmlReader reader, Boolean preserveWhitespace)
   at System.Xml.XmlDocument.Load(XmlReader reader)
   at System.Xml.XmlDocument.Load(String filename)
   at DataAnalyzer.Support.FileManager.WriteInputMessage(InputMessages Message, String FileName) in E:\EXTENAL_CODE\Project_live\External Project_new\External Project\DataAnalyzer\Support\FileManager.cs:line 1102

--------------------------------------------------------------------------------------------------------
07-24-2026 10:37:05
'.', hexadecimal value 0x00, is an invalid character. Line 38069, position 8.
   at System.Xml.XmlTextReaderImpl.Throw(Exception e)
   at System.Xml.XmlTextReaderImpl.Throw(String res, String[] args)
   at System.Xml.XmlTextReaderImpl.ParseText(Int32& startPos, Int32& endPos, Int32& outOrChars)
   at System.Xml.XmlTextReaderImpl.ParseText()
   at System.Xml.XmlTextReaderImpl.ParseElementContent()
   at System.Xml.XmlTextReaderImpl.Read()
   at System.Xml.XmlLoader.LoadNode(Boolean skipOverWhitespace)
   at System.Xml.XmlLoader.LoadDocSequence(XmlDocument parentDoc)
   at System.Xml.XmlLoader.Load(XmlDocument doc, XmlReader reader, Boolean preserveWhitespace)
   at System.Xml.XmlDocument.Load(XmlReader reader)
   at System.Xml.XmlDocument.Load(String filename)
   at DataAnalyzer.Support.FileManager.WriteInputMessage(InputMessages Message, String FileName) in E:\EXTENAL_CODE\Project_live\External Project_new\External Project\DataAnalyzer\Support\FileManager.cs:line 1102

--------------------------------------------------------------------------------------------------------
07-24-2026 10:38:31
'.', hexadecimal value 0x00, is an invalid character. Line 38069, position 8.
   at System.Xml.XmlTextReaderImpl.Throw(Exception e)
   at System.Xml.XmlTextReaderImpl.Throw(String res, String[] args)
   at System.Xml.XmlTextReaderImpl.ParseText(Int32& startPos, Int32& endPos, Int32& outOrChars)
   at System.Xml.XmlTextReaderImpl.ParseText()
   at System.Xml.XmlTextReaderImpl.ParseElementContent()
   at System.Xml.XmlTextReaderImpl.Read()
   at System.Xml.XmlLoader.LoadNode(Boolean skipOverWhitespace)
   at System.Xml.XmlLoader.LoadDocSequence(XmlDocument parentDoc)
   at System.Xml.XmlLoader.Load(XmlDocument doc, XmlReader reader, Boolean preserveWhitespace)
   at System.Xml.XmlDocument.Load(XmlReader reader)
   at System.Xml.XmlDocument.Load(String filename)
   at DataAnalyzer.Support.FileManager.WriteInputMessage(InputMessages Message, String FileName) in E:\EXTENAL_CODE\Project_live\External Project_new\External Project\DataAnalyzer\Support\FileManager.cs:line 1102

--------------------------------------------------------------------------------------------------------
07-24-2026 10:39:57
'.', hexadecimal value 0x00, is an invalid character. Line 38069, position 8.
   at System.Xml.XmlTextReaderImpl.Throw(Exception e)
   at System.Xml.XmlTextReaderImpl.Throw(String res, String[] args)
   at System.Xml.XmlTextReaderImpl.ParseText(Int32& startPos, Int32& endPos, Int32& outOrChars)
   at System.Xml.XmlTextReaderImpl.ParseText()
   at System.Xml.XmlTextReaderImpl.ParseElementContent()
   at System.Xml.XmlTextReaderImpl.Read()
   at System.Xml.XmlLoader.LoadNode(Boolean skipOverWhitespace)
   at System.Xml.XmlLoader.LoadDocSequence(XmlDocument parentDoc)
   at System.Xml.XmlLoader.Load(XmlDocument doc, XmlReader reader, Boolean preserveWhitespace)
   at System.Xml.XmlDocument.Load(XmlReader reader)
   at System.Xml.XmlDocument.Load(String filename)
   at DataAnalyzer.Support.FileManager.WriteInputMessage(InputMessages Message, String FileName) in E:\EXTENAL_CODE\Project_live\External Project_new\External Project\DataAnalyzer\Support\FileManager.cs:line 1102

--------------------------------------------------------------------------------------------------------
07-24-2026 10:40:19
'.', hexadecimal value 0x00, is an invalid character. Line 38069, position 8.
   at System.Xml.XmlTextReaderImpl.Throw(Exception e)
   at System.Xml.XmlTextReaderImpl.Throw(String res, String[] args)
   at System.Xml.XmlTextReaderImpl.ParseText(Int32& startPos, Int32& endPos, Int32& outOrChars)
   at System.Xml.XmlTextReaderImpl.ParseText()
   at System.Xml.XmlTextReaderImpl.ParseElementContent()
   at System.Xml.XmlTextReaderImpl.Read()
   at System.Xml.XmlLoader.LoadNode(Boolean skipOverWhitespace)
   at System.Xml.XmlLoader.LoadDocSequence(XmlDocument parentDoc)
   at System.Xml.XmlLoader.Load(XmlDocument doc, XmlReader reader, Boolean preserveWhitespace)
   at System.Xml.XmlDocument.Load(XmlReader reader)
   at System.Xml.XmlDocument.Load(String filename)
   at DataAnalyzer.Support.FileManager.WriteInputMessage(InputMessages Message, String FileName) in E:\EXTENAL_CODE\Project_live\External Project_new\External Project\DataAnalyzer\Support\FileManager.cs:line 1102

--------------------------------------------------------------------------------------------------------
07-24-2026 10:40:24
'.', hexadecimal value 0x00, is an invalid character. Line 38069, position 8.
   at System.Xml.XmlTextReaderImpl.Throw(Exception e)
   at System.Xml.XmlTextReaderImpl.Throw(String res, String[] args)
   at System.Xml.XmlTextReaderImpl.ParseText(Int32& startPos, Int32& endPos, Int32& outOrChars)
   at System.Xml.XmlTextReaderImpl.ParseText()
   at System.Xml.XmlTextReaderImpl.ParseElementContent()
   at System.Xml.XmlTextReaderImpl.Read()
   at System.Xml.XmlLoader.LoadNode(Boolean skipOverWhitespace)
   at System.Xml.XmlLoader.LoadDocSequence(XmlDocument parentDoc)
   at System.Xml.XmlLoader.Load(XmlDocument doc, XmlReader reader, Boolean preserveWhitespace)
   at System.Xml.XmlDocument.Load(XmlReader reader)
   at System.Xml.XmlDocument.Load(String filename)
   at DataAnalyzer.Support.FileManager.WriteInputMessage(InputMessages Message, String FileName) in E:\EXTENAL_CODE\Project_live\External Project_new\External Project\DataAnalyzer\Support\FileManager.cs:line 1102

--------------------------------------------------------------------------------------------------------
07-24-2026 11:35:24
'.', hexadecimal value 0x00, is an invalid character. Line 38069, position 8.
   at System.Xml.XmlTextReaderImpl.Throw(Exception e)
   at System.Xml.XmlTextReaderImpl.Throw(String res, String[] args)
   at System.Xml.XmlTextReaderImpl.ParseText(Int32& startPos, Int32& endPos, Int32& outOrChars)
   at System.Xml.XmlTextReaderImpl.ParseText()
   at System.Xml.XmlTextReaderImpl.ParseElementContent()
   at System.Xml.XmlTextReaderImpl.Read()
   at System.Xml.XmlLoader.LoadNode(Boolean skipOverWhitespace)
   at System.Xml.XmlLoader.LoadDocSequence(XmlDocument parentDoc)
   at System.Xml.XmlLoader.Load(XmlDocument doc, XmlReader reader, Boolean preserveWhitespace)
   at System.Xml.XmlDocument.Load(XmlReader reader)
   at System.Xml.XmlDocument.Load(String filename)
   at DataAnalyzer.Support.FileManager.WriteInputMessage(InputMessages Message, String FileName) in E:\EXTENAL_CODE\Project_live\External Project_new\External Project\DataAnalyzer\Support\FileManager.cs:line 1102

--------------------------------------------------------------------------------------------------------
07-24-2026 11:36:09
'.', hexadecimal value 0x00, is an invalid character. Line 38069, position 8.
   at System.Xml.XmlTextReaderImpl.Throw(Exception e)
   at System.Xml.XmlTextReaderImpl.Throw(String res, String[] args)
   at System.Xml.XmlTextReaderImpl.ParseText(Int32& startPos, Int32& endPos, Int32& outOrChars)
   at System.Xml.XmlTextReaderImpl.ParseText()
   at System.Xml.XmlTextReaderImpl.ParseElementContent()
   at System.Xml.XmlTextReaderImpl.Read()
   at System.Xml.XmlLoader.LoadNode(Boolean skipOverWhitespace)
   at System.Xml.XmlLoader.LoadDocSequence(XmlDocument parentDoc)
   at System.Xml.XmlLoader.Load(XmlDocument doc, XmlReader reader, Boolean preserveWhitespace)
   at System.Xml.XmlDocument.Load(XmlReader reader)
   at System.Xml.XmlDocument.Load(String filename)
   at DataAnalyzer.Support.FileManager.WriteInputMessage(InputMessages Message, String FileName) in E:\EXTENAL_CODE\Project_live\External Project_new\External Project\DataAnalyzer\Support\FileManager.cs:line 1102

--------------------------------------------------------------------------------------------------------
07-24-2026 11:36:15
'.', hexadecimal value 0x00, is an invalid character. Line 38069, position 8.
   at System.Xml.XmlTextReaderImpl.Throw(Exception e)
   at System.Xml.XmlTextReaderImpl.Throw(String res, String[] args)
   at System.Xml.XmlTextReaderImpl.ParseText(Int32& startPos, Int32& endPos, Int32& outOrChars)
   at System.Xml.XmlTextReaderImpl.ParseText()
   at System.Xml.XmlTextReaderImpl.ParseElementContent()
   at System.Xml.XmlTextReaderImpl.Read()
   at System.Xml.XmlLoader.LoadNode(Boolean skipOverWhitespace)
   at System.Xml.XmlLoader.LoadDocSequence(XmlDocument parentDoc)
   at System.Xml.XmlLoader.Load(XmlDocument doc, XmlReader reader, Boolean preserveWhitespace)
   at System.Xml.XmlDocument.Load(XmlReader reader)
   at System.Xml.XmlDocument.Load(String filename)
   at DataAnalyzer.Support.FileManager.WriteInputMessage(InputMessages Message, String FileName) in E:\EXTENAL_CODE\Project_live\External Project_new\External Project\DataAnalyzer\Support\FileManager.cs:line 1102

--------------------------------------------------------------------------------------------------------
07-24-2026 11:36:18
'.', hexadecimal value 0x00, is an invalid character. Line 38069, position 8.
   at System.Xml.XmlTextReaderImpl.Throw(Exception e)
   at System.Xml.XmlTextReaderImpl.Throw(String res, String[] args)
   at System.Xml.XmlTextReaderImpl.ParseText(Int32& startPos, Int32& endPos, Int32& outOrChars)
   at System.Xml.XmlTextReaderImpl.ParseText()
   at System.Xml.XmlTextReaderImpl.ParseElementContent()
   at System.Xml.XmlTextReaderImpl.Read()
   at System.Xml.XmlLoader.LoadNode(Boolean skipOverWhitespace)
   at System.Xml.XmlLoader.LoadDocSequence(XmlDocument parentDoc)
   at System.Xml.XmlLoader.Load(XmlDocument doc, XmlReader reader, Boolean preserveWhitespace)
   at System.Xml.XmlDocument.Load(XmlReader reader)
   at System.Xml.XmlDocument.Load(String filename)
   at DataAnalyzer.Support.FileManager.WriteInputMessage(InputMessages Message, String FileName) in E:\EXTENAL_CODE\Project_live\External Project_new\External Project\DataAnalyzer\Support\FileManager.cs:line 1102

--------------------------------------------------------------------------------------------------------
07-24-2026 11:46:51
'.', hexadecimal value 0x00, is an invalid character. Line 38069, position 8.
   at System.Xml.XmlTextReaderImpl.Throw(Exception e)
   at System.Xml.XmlTextReaderImpl.Throw(String res, String[] args)
   at System.Xml.XmlTextReaderImpl.ParseText(Int32& startPos, Int32& endPos, Int32& outOrChars)
   at System.Xml.XmlTextReaderImpl.ParseText()
   at System.Xml.XmlTextReaderImpl.ParseElementContent()
   at System.Xml.XmlTextReaderImpl.Read()
   at System.Xml.XmlLoader.LoadNode(Boolean skipOverWhitespace)
   at System.Xml.XmlLoader.LoadDocSequence(XmlDocument parentDoc)
   at System.Xml.XmlLoader.Load(XmlDocument doc, XmlReader reader, Boolean preserveWhitespace)
   at System.Xml.XmlDocument.Load(XmlReader reader)
   at System.Xml.XmlDocument.Load(String filename)
   at DataAnalyzer.Support.FileManager.WriteInputMessage(InputMessages Message, String FileName) in E:\EXTENAL_CODE\Project_live\External Project_new\External Project\DataAnalyzer\Support\FileManager.cs:line 1102

--------------------------------------------------------------------------------------------------------
07-24-2026 11:48:17
'.', hexadecimal value 0x00, is an invalid character. Line 38069, position 8.
   at System.Xml.XmlTextReaderImpl.Throw(Exception e)
   at System.Xml.XmlTextReaderImpl.Throw(String res, String[] args)
   at System.Xml.XmlTextReaderImpl.ParseText(Int32& startPos, Int32& endPos, Int32& outOrChars)
   at System.Xml.XmlTextReaderImpl.ParseText()
   at System.Xml.XmlTextReaderImpl.ParseElementContent()
   at System.Xml.XmlTextReaderImpl.Read()
   at System.Xml.XmlLoader.LoadNode(Boolean skipOverWhitespace)
   at System.Xml.XmlLoader.LoadDocSequence(XmlDocument parentDoc)
   at System.Xml.XmlLoader.Load(XmlDocument doc, XmlReader reader, Boolean preserveWhitespace)
   at System.Xml.XmlDocument.Load(XmlReader reader)
   at System.Xml.XmlDocument.Load(String filename)
   at DataAnalyzer.Support.FileManager.WriteInputMessage(InputMessages Message, String FileName) in E:\EXTENAL_CODE\Project_live\External Project_new\External Project\DataAnalyzer\Support\FileManager.cs:line 1102

--------------------------------------------------------------------------------------------------------
07-24-2026 11:53:11
'.', hexadecimal value 0x00, is an invalid character. Line 38069, position 8.
   at System.Xml.XmlTextReaderImpl.Throw(Exception e)
   at System.Xml.XmlTextReaderImpl.Throw(String res, String[] args)
   at System.Xml.XmlTextReaderImpl.ParseText(Int32& startPos, Int32& endPos, Int32& outOrChars)
   at System.Xml.XmlTextReaderImpl.ParseText()
   at System.Xml.XmlTextReaderImpl.ParseElementContent()
   at System.Xml.XmlTextReaderImpl.Read()
   at System.Xml.XmlLoader.LoadNode(Boolean skipOverWhitespace)
   at System.Xml.XmlLoader.LoadDocSequence(XmlDocument parentDoc)
   at System.Xml.XmlLoader.Load(XmlDocument doc, XmlReader reader, Boolean preserveWhitespace)
   at System.Xml.XmlDocument.Load(XmlReader reader)
   at System.Xml.XmlDocument.Load(String filename)
   at DataAnalyzer.Support.FileManager.WriteInputMessage(InputMessages Message, String FileName) in E:\EXTENAL_CODE\Project_live\External Project_new\External Project\DataAnalyzer\Support\FileManager.cs:line 1102

--------------------------------------------------------------------------------------------------------
07-24-2026 11:58:01
'.', hexadecimal value 0x00, is an invalid character. Line 38069, position 8.
   at System.Xml.XmlTextReaderImpl.Throw(Exception e)
   at System.Xml.XmlTextReaderImpl.Throw(String res, String[] args)
   at System.Xml.XmlTextReaderImpl.ParseText(Int32& startPos, Int32& endPos, Int32& outOrChars)
   at System.Xml.XmlTextReaderImpl.ParseText()
   at System.Xml.XmlTextReaderImpl.ParseElementContent()
   at System.Xml.XmlTextReaderImpl.Read()
   at System.Xml.XmlLoader.LoadNode(Boolean skipOverWhitespace)
   at System.Xml.XmlLoader.LoadDocSequence(XmlDocument parentDoc)
   at System.Xml.XmlLoader.Load(XmlDocument doc, XmlReader reader, Boolean preserveWhitespace)
   at System.Xml.XmlDocument.Load(XmlReader reader)
   at System.Xml.XmlDocument.Load(String filename)
   at DataAnalyzer.Support.FileManager.WriteInputMessage(InputMessages Message, String FileName) in E:\EXTENAL_CODE\Project_live\External Project_new\External Project\DataAnalyzer\Support\FileManager.cs:line 1102

--------------------------------------------------------------------------------------------------------
07-24-2026 12:03:31
'.', hexadecimal value 0x00, is an invalid character. Line 38069, position 8.
   at System.Xml.XmlTextReaderImpl.Throw(Exception e)
   at System.Xml.XmlTextReaderImpl.Throw(String res, String[] args)
   at System.Xml.XmlTextReaderImpl.ParseText(Int32& startPos, Int32& endPos, Int32& outOrChars)
   at System.Xml.XmlTextReaderImpl.ParseText()
   at System.Xml.XmlTextReaderImpl.ParseElementContent()
   at System.Xml.XmlTextReaderImpl.Read()
   at System.Xml.XmlLoader.LoadNode(Boolean skipOverWhitespace)
   at System.Xml.XmlLoader.LoadDocSequence(XmlDocument parentDoc)
   at System.Xml.XmlLoader.Load(XmlDocument doc, XmlReader reader, Boolean preserveWhitespace)
   at System.Xml.XmlDocument.Load(XmlReader reader)
   at System.Xml.XmlDocument.Load(String filename)
   at DataAnalyzer.Support.FileManager.WriteInputMessage(InputMessages Message, String FileName) in E:\EXTENAL_CODE\Project_live\External Project_new\External Project\DataAnalyzer\Support\FileManager.cs:line 1102

--------------------------------------------------------------------------------------------------------
07-24-2026 12:39:39
'.', hexadecimal value 0x00, is an invalid character. Line 38069, position 8.
   at System.Xml.XmlTextReaderImpl.Throw(Exception e)
   at System.Xml.XmlTextReaderImpl.Throw(String res, String[] args)
   at System.Xml.XmlTextReaderImpl.ParseText(Int32& startPos, Int32& endPos, Int32& outOrChars)
   at System.Xml.XmlTextReaderImpl.ParseText()
   at System.Xml.XmlTextReaderImpl.ParseElementContent()
   at System.Xml.XmlTextReaderImpl.Read()
   at System.Xml.XmlLoader.LoadNode(Boolean skipOverWhitespace)
   at System.Xml.XmlLoader.LoadDocSequence(XmlDocument parentDoc)
   at System.Xml.XmlLoader.Load(XmlDocument doc, XmlReader reader, Boolean preserveWhitespace)
   at System.Xml.XmlDocument.Load(XmlReader reader)
   at System.Xml.XmlDocument.Load(String filename)
   at DataAnalyzer.Support.FileManager.WriteInputMessage(InputMessages Message, String FileName) in E:\EXTENAL_CODE\Project_live\External Project_new\External Project\DataAnalyzer\Support\FileManager.cs:line 1102

--------------------------------------------------------------------------------------------------------
07-24-2026 12:45:10
'.', hexadecimal value 0x00, is an invalid character. Line 38069, position 8.
   at System.Xml.XmlTextReaderImpl.Throw(Exception e)
   at System.Xml.XmlTextReaderImpl.Throw(String res, String[] args)
   at System.Xml.XmlTextReaderImpl.ParseText(Int32& startPos, Int32& endPos, Int32& outOrChars)
   at System.Xml.XmlTextReaderImpl.ParseText()
   at System.Xml.XmlTextReaderImpl.ParseElementContent()
   at System.Xml.XmlTextReaderImpl.Read()
   at System.Xml.XmlLoader.LoadNode(Boolean skipOverWhitespace)
   at System.Xml.XmlLoader.LoadDocSequence(XmlDocument parentDoc)
   at System.Xml.XmlLoader.Load(XmlDocument doc, XmlReader reader, Boolean preserveWhitespace)
   at System.Xml.XmlDocument.Load(XmlReader reader)
   at System.Xml.XmlDocument.Load(String filename)
   at DataAnalyzer.Support.FileManager.WriteInputMessage(InputMessages Message, String FileName) in E:\EXTENAL_CODE\Project_live\External Project_new\External Project\DataAnalyzer\Support\FileManager.cs:line 1102

--------------------------------------------------------------------------------------------------------
07-24-2026 12:48:52
'.', hexadecimal value 0x00, is an invalid character. Line 38069, position 8.
   at System.Xml.XmlTextReaderImpl.Throw(Exception e)
   at System.Xml.XmlTextReaderImpl.Throw(String res, String[] args)
   at System.Xml.XmlTextReaderImpl.ParseText(Int32& startPos, Int32& endPos, Int32& outOrChars)
   at System.Xml.XmlTextReaderImpl.ParseText()
   at System.Xml.XmlTextReaderImpl.ParseElementContent()
   at System.Xml.XmlTextReaderImpl.Read()
   at System.Xml.XmlLoader.LoadNode(Boolean skipOverWhitespace)
   at System.Xml.XmlLoader.LoadDocSequence(XmlDocument parentDoc)
   at System.Xml.XmlLoader.Load(XmlDocument doc, XmlReader reader, Boolean preserveWhitespace)
   at System.Xml.XmlDocument.Load(XmlReader reader)
   at System.Xml.XmlDocument.Load(String filename)
   at DataAnalyzer.Support.FileManager.WriteInputMessage(InputMessages Message, String FileName) in E:\EXTENAL_CODE\Project_live\External Project_new\External Project\DataAnalyzer\Support\FileManager.cs:line 1102

--------------------------------------------------------------------------------------------------------
07-24-2026 12:48:56
'.', hexadecimal value 0x00, is an invalid character. Line 38069, position 8.
   at System.Xml.XmlTextReaderImpl.Throw(Exception e)
   at System.Xml.XmlTextReaderImpl.Throw(String res, String[] args)
   at System.Xml.XmlTextReaderImpl.ParseText(Int32& startPos, Int32& endPos, Int32& outOrChars)
   at System.Xml.XmlTextReaderImpl.ParseText()
   at System.Xml.XmlTextReaderImpl.ParseElementContent()
   at System.Xml.XmlTextReaderImpl.Read()
   at System.Xml.XmlLoader.LoadNode(Boolean skipOverWhitespace)
   at System.Xml.XmlLoader.LoadDocSequence(XmlDocument parentDoc)
   at System.Xml.XmlLoader.Load(XmlDocument doc, XmlReader reader, Boolean preserveWhitespace)
   at System.Xml.XmlDocument.Load(XmlReader reader)
   at System.Xml.XmlDocument.Load(String filename)
   at DataAnalyzer.Support.FileManager.WriteInputMessage(InputMessages Message, String FileName) in E:\EXTENAL_CODE\Project_live\External Project_new\External Project\DataAnalyzer\Support\FileManager.cs:line 1102

--------------------------------------------------------------------------------------------------------
07-24-2026 12:49:19
'.', hexadecimal value 0x00, is an invalid character. Line 38069, position 8.
   at System.Xml.XmlTextReaderImpl.Throw(Exception e)
   at System.Xml.XmlTextReaderImpl.Throw(String res, String[] args)
   at System.Xml.XmlTextReaderImpl.ParseText(Int32& startPos, Int32& endPos, Int32& outOrChars)
   at System.Xml.XmlTextReaderImpl.ParseText()
   at System.Xml.XmlTextReaderImpl.ParseElementContent()
   at System.Xml.XmlTextReaderImpl.Read()
   at System.Xml.XmlLoader.LoadNode(Boolean skipOverWhitespace)
   at System.Xml.XmlLoader.LoadDocSequence(XmlDocument parentDoc)
   at System.Xml.XmlLoader.Load(XmlDocument doc, XmlReader reader, Boolean preserveWhitespace)
   at System.Xml.XmlDocument.Load(XmlReader reader)
   at System.Xml.XmlDocument.Load(String filename)
   at DataAnalyzer.Support.FileManager.WriteInputMessage(InputMessages Message, String FileName) in E:\EXTENAL_CODE\Project_live\External Project_new\External Project\DataAnalyzer\Support\FileManager.cs:line 1102

--------------------------------------------------------------------------------------------------------
07-24-2026 12:50:27
'.', hexadecimal value 0x00, is an invalid character. Line 38069, position 8.
   at System.Xml.XmlTextReaderImpl.Throw(Exception e)
   at System.Xml.XmlTextReaderImpl.Throw(String res, String[] args)
   at System.Xml.XmlTextReaderImpl.ParseText(Int32& startPos, Int32& endPos, Int32& outOrChars)
   at System.Xml.XmlTextReaderImpl.ParseText()
   at System.Xml.XmlTextReaderImpl.ParseElementContent()
   at System.Xml.XmlTextReaderImpl.Read()
   at System.Xml.XmlLoader.LoadNode(Boolean skipOverWhitespace)
   at System.Xml.XmlLoader.LoadDocSequence(XmlDocument parentDoc)
   at System.Xml.XmlLoader.Load(XmlDocument doc, XmlReader reader, Boolean preserveWhitespace)
   at System.Xml.XmlDocument.Load(XmlReader reader)
   at System.Xml.XmlDocument.Load(String filename)
   at DataAnalyzer.Support.FileManager.WriteInputMessage(InputMessages Message, String FileName) in E:\EXTENAL_CODE\Project_live\External Project_new\External Project\DataAnalyzer\Support\FileManager.cs:line 1102

--------------------------------------------------------------------------------------------------------
07-24-2026 12:51:12
'.', hexadecimal value 0x00, is an invalid character. Line 38069, position 8.
   at System.Xml.XmlTextReaderImpl.Throw(Exception e)
   at System.Xml.XmlTextReaderImpl.Throw(String res, String[] args)
   at System.Xml.XmlTextReaderImpl.ParseText(Int32& startPos, Int32& endPos, Int32& outOrChars)
   at System.Xml.XmlTextReaderImpl.ParseText()
   at System.Xml.XmlTextReaderImpl.ParseElementContent()
   at System.Xml.XmlTextReaderImpl.Read()
   at System.Xml.XmlLoader.LoadNode(Boolean skipOverWhitespace)
   at System.Xml.XmlLoader.LoadDocSequence(XmlDocument parentDoc)
   at System.Xml.XmlLoader.Load(XmlDocument doc, XmlReader reader, Boolean preserveWhitespace)
   at System.Xml.XmlDocument.Load(XmlReader reader)
   at System.Xml.XmlDocument.Load(String filename)
   at DataAnalyzer.Support.FileManager.WriteInputMessage(InputMessages Message, String FileName) in E:\EXTENAL_CODE\Project_live\External Project_new\External Project\DataAnalyzer\Support\FileManager.cs:line 1102

--------------------------------------------------------------------------------------------------------
07-24-2026 13:19:52
'.', hexadecimal value 0x00, is an invalid character. Line 38069, position 8.
   at System.Xml.XmlTextReaderImpl.Throw(Exception e)
   at System.Xml.XmlTextReaderImpl.Throw(String res, String[] args)
   at System.Xml.XmlTextReaderImpl.ParseText(Int32& startPos, Int32& endPos, Int32& outOrChars)
   at System.Xml.XmlTextReaderImpl.ParseText()
   at System.Xml.XmlTextReaderImpl.ParseElementContent()
   at System.Xml.XmlTextReaderImpl.Read()
   at System.Xml.XmlLoader.LoadNode(Boolean skipOverWhitespace)
   at System.Xml.XmlLoader.LoadDocSequence(XmlDocument parentDoc)
   at System.Xml.XmlLoader.Load(XmlDocument doc, XmlReader reader, Boolean preserveWhitespace)
   at System.Xml.XmlDocument.Load(XmlReader reader)
   at System.Xml.XmlDocument.Load(String filename)
   at DataAnalyzer.Support.FileManager.WriteInputMessage(InputMessages Message, String FileName) in E:\EXTENAL_CODE\Project_live\External Project_new\External Project\DataAnalyzer\Support\FileManager.cs:line 1102

--------------------------------------------------------------------------------------------------------
07-24-2026 13:21:27
'.', hexadecimal value 0x00, is an invalid character. Line 38069, position 8.
   at System.Xml.XmlTextReaderImpl.Throw(Exception e)
   at System.Xml.XmlTextReaderImpl.Throw(String res, String[] args)
   at System.Xml.XmlTextReaderImpl.ParseText(Int32& startPos, Int32& endPos, Int32& outOrChars)
   at System.Xml.XmlTextReaderImpl.ParseText()
   at System.Xml.XmlTextReaderImpl.ParseElementContent()
   at System.Xml.XmlTextReaderImpl.Read()
   at System.Xml.XmlLoader.LoadNode(Boolean skipOverWhitespace)
   at System.Xml.XmlLoader.LoadDocSequence(XmlDocument parentDoc)
   at System.Xml.XmlLoader.Load(XmlDocument doc, XmlReader reader, Boolean preserveWhitespace)
   at System.Xml.XmlDocument.Load(XmlReader reader)
   at System.Xml.XmlDocument.Load(String filename)
   at DataAnalyzer.Support.FileManager.WriteInputMessage(InputMessages Message, String FileName) in E:\EXTENAL_CODE\Project_live\External Project_new\External Project\DataAnalyzer\Support\FileManager.cs:line 1102

--------------------------------------------------------------------------------------------------------
07-24-2026 13:22:30
'.', hexadecimal value 0x00, is an invalid character. Line 38069, position 8.
   at System.Xml.XmlTextReaderImpl.Throw(Exception e)
   at System.Xml.XmlTextReaderImpl.Throw(String res, String[] args)
   at System.Xml.XmlTextReaderImpl.ParseText(Int32& startPos, Int32& endPos, Int32& outOrChars)
   at System.Xml.XmlTextReaderImpl.ParseText()
   at System.Xml.XmlTextReaderImpl.ParseElementContent()
   at System.Xml.XmlTextReaderImpl.Read()
   at System.Xml.XmlLoader.LoadNode(Boolean skipOverWhitespace)
   at System.Xml.XmlLoader.LoadDocSequence(XmlDocument parentDoc)
   at System.Xml.XmlLoader.Load(XmlDocument doc, XmlReader reader, Boolean preserveWhitespace)
   at System.Xml.XmlDocument.Load(XmlReader reader)
   at System.Xml.XmlDocument.Load(String filename)
   at DataAnalyzer.Support.FileManager.WriteInputMessage(InputMessages Message, String FileName) in E:\EXTENAL_CODE\Project_live\External Project_new\External Project\DataAnalyzer\Support\FileManager.cs:line 1102

--------------------------------------------------------------------------------------------------------
07-24-2026 13:24:05
'.', hexadecimal value 0x00, is an invalid character. Line 38069, position 8.
   at System.Xml.XmlTextReaderImpl.Throw(Exception e)
   at System.Xml.XmlTextReaderImpl.Throw(String res, String[] args)
   at System.Xml.XmlTextReaderImpl.ParseText(Int32& startPos, Int32& endPos, Int32& outOrChars)
   at System.Xml.XmlTextReaderImpl.ParseText()
   at System.Xml.XmlTextReaderImpl.ParseElementContent()
   at System.Xml.XmlTextReaderImpl.Read()
   at System.Xml.XmlLoader.LoadNode(Boolean skipOverWhitespace)
   at System.Xml.XmlLoader.LoadDocSequence(XmlDocument parentDoc)
   at System.Xml.XmlLoader.Load(XmlDocument doc, XmlReader reader, Boolean preserveWhitespace)
   at System.Xml.XmlDocument.Load(XmlReader reader)
   at System.Xml.XmlDocument.Load(String filename)
   at DataAnalyzer.Support.FileManager.WriteInputMessage(InputMessages Message, String FileName) in E:\EXTENAL_CODE\Project_live\External Project_new\External Project\DataAnalyzer\Support\FileManager.cs:line 1102

--------------------------------------------------------------------------------------------------------
07-24-2026 13:25:40
'.', hexadecimal value 0x00, is an invalid character. Line 38069, position 8.
   at System.Xml.XmlTextReaderImpl.Throw(Exception e)
   at System.Xml.XmlTextReaderImpl.Throw(String res, String[] args)
   at System.Xml.XmlTextReaderImpl.ParseText(Int32& startPos, Int32& endPos, Int32& outOrChars)
   at System.Xml.XmlTextReaderImpl.ParseText()
   at System.Xml.XmlTextReaderImpl.ParseElementContent()
   at System.Xml.XmlTextReaderImpl.Read()
   at System.Xml.XmlLoader.LoadNode(Boolean skipOverWhitespace)
   at System.Xml.XmlLoader.LoadDocSequence(XmlDocument parentDoc)
   at System.Xml.XmlLoader.Load(XmlDocument doc, XmlReader reader, Boolean preserveWhitespace)
   at System.Xml.XmlDocument.Load(XmlReader reader)
   at System.Xml.XmlDocument.Load(String filename)
   at DataAnalyzer.Support.FileManager.WriteInputMessage(InputMessages Message, String FileName) in E:\EXTENAL_CODE\Project_live\External Project_new\External Project\DataAnalyzer\Support\FileManager.cs:line 1102

--------------------------------------------------------------------------------------------------------
07-24-2026 13:27:38
'.', hexadecimal value 0x00, is an invalid character. Line 38069, position 8.
   at System.Xml.XmlTextReaderImpl.Throw(Exception e)
   at System.Xml.XmlTextReaderImpl.Throw(String res, String[] args)
   at System.Xml.XmlTextReaderImpl.ParseText(Int32& startPos, Int32& endPos, Int32& outOrChars)
   at System.Xml.XmlTextReaderImpl.ParseText()
   at System.Xml.XmlTextReaderImpl.ParseElementContent()
   at System.Xml.XmlTextReaderImpl.Read()
   at System.Xml.XmlLoader.LoadNode(Boolean skipOverWhitespace)
   at System.Xml.XmlLoader.LoadDocSequence(XmlDocument parentDoc)
   at System.Xml.XmlLoader.Load(XmlDocument doc, XmlReader reader, Boolean preserveWhitespace)
   at System.Xml.XmlDocument.Load(XmlReader reader)
   at System.Xml.XmlDocument.Load(String filename)
   at DataAnalyzer.Support.FileManager.WriteInputMessage(InputMessages Message, String FileName) in E:\EXTENAL_CODE\Project_live\External Project_new\External Project\DataAnalyzer\Support\FileManager.cs:line 1102

--------------------------------------------------------------------------------------------------------
07-24-2026 13:40:11
'.', hexadecimal value 0x00, is an invalid character. Line 38069, position 8.
   at System.Xml.XmlTextReaderImpl.Throw(Exception e)
   at System.Xml.XmlTextReaderImpl.Throw(String res, String[] args)
   at System.Xml.XmlTextReaderImpl.ParseText(Int32& startPos, Int32& endPos, Int32& outOrChars)
   at System.Xml.XmlTextReaderImpl.ParseText()
   at System.Xml.XmlTextReaderImpl.ParseElementContent()
   at System.Xml.XmlTextReaderImpl.Read()
   at System.Xml.XmlLoader.LoadNode(Boolean skipOverWhitespace)
   at System.Xml.XmlLoader.LoadDocSequence(XmlDocument parentDoc)
   at System.Xml.XmlLoader.Load(XmlDocument doc, XmlReader reader, Boolean preserveWhitespace)
   at System.Xml.XmlDocument.Load(XmlReader reader)
   at System.Xml.XmlDocument.Load(String filename)
   at DataAnalyzer.Support.FileManager.WriteInputMessage(InputMessages Message, String FileName) in E:\EXTENAL_CODE\Project_live\External Project_new\External Project\DataAnalyzer\Support\FileManager.cs:line 1102

--------------------------------------------------------------------------------------------------------
07-24-2026 13:55:07
'.', hexadecimal value 0x00, is an invalid character. Line 38069, position 8.
   at System.Xml.XmlTextReaderImpl.Throw(Exception e)
   at System.Xml.XmlTextReaderImpl.Throw(String res, String[] args)
   at System.Xml.XmlTextReaderImpl.ParseText(Int32& startPos, Int32& endPos, Int32& outOrChars)
   at System.Xml.XmlTextReaderImpl.ParseText()
   at System.Xml.XmlTextReaderImpl.ParseElementContent()
   at System.Xml.XmlTextReaderImpl.Read()
   at System.Xml.XmlLoader.LoadNode(Boolean skipOverWhitespace)
   at System.Xml.XmlLoader.LoadDocSequence(XmlDocument parentDoc)
   at System.Xml.XmlLoader.Load(XmlDocument doc, XmlReader reader, Boolean preserveWhitespace)
   at System.Xml.XmlDocument.Load(XmlReader reader)
   at System.Xml.XmlDocument.Load(String filename)
   at DataAnalyzer.Support.FileManager.WriteInputMessage(InputMessages Message, String FileName) in E:\EXTENAL_CODE\Project_live\External Project_new\External Project\DataAnalyzer\Support\FileManager.cs:line 1102

--------------------------------------------------------------------------------------------------------
07-24-2026 13:56:24
'.', hexadecimal value 0x00, is an invalid character. Line 38069, position 8.
   at System.Xml.XmlTextReaderImpl.Throw(Exception e)
   at System.Xml.XmlTextReaderImpl.Throw(String res, String[] args)
   at System.Xml.XmlTextReaderImpl.ParseText(Int32& startPos, Int32& endPos, Int32& outOrChars)
   at System.Xml.XmlTextReaderImpl.ParseText()
   at System.Xml.XmlTextReaderImpl.ParseElementContent()
   at System.Xml.XmlTextReaderImpl.Read()
   at System.Xml.XmlLoader.LoadNode(Boolean skipOverWhitespace)
   at System.Xml.XmlLoader.LoadDocSequence(XmlDocument parentDoc)
   at System.Xml.XmlLoader.Load(XmlDocument doc, XmlReader reader, Boolean preserveWhitespace)
   at System.Xml.XmlDocument.Load(XmlReader reader)
   at System.Xml.XmlDocument.Load(String filename)
   at DataAnalyzer.Support.FileManager.WriteInputMessage(InputMessages Message, String FileName) in E:\EXTENAL_CODE\Project_live\External Project_new\External Project\DataAnalyzer\Support\FileManager.cs:line 1102

--------------------------------------------------------------------------------------------------------
07-24-2026 13:57:41
'.', hexadecimal value 0x00, is an invalid character. Line 38069, position 8.
   at System.Xml.XmlTextReaderImpl.Throw(Exception e)
   at System.Xml.XmlTextReaderImpl.Throw(String res, String[] args)
   at System.Xml.XmlTextReaderImpl.ParseText(Int32& startPos, Int32& endPos, Int32& outOrChars)
   at System.Xml.XmlTextReaderImpl.ParseText()
   at System.Xml.XmlTextReaderImpl.ParseElementContent()
   at System.Xml.XmlTextReaderImpl.Read()
   at System.Xml.XmlLoader.LoadNode(Boolean skipOverWhitespace)
   at System.Xml.XmlLoader.LoadDocSequence(XmlDocument parentDoc)
   at System.Xml.XmlLoader.Load(XmlDocument doc, XmlReader reader, Boolean preserveWhitespace)
   at System.Xml.XmlDocument.Load(XmlReader reader)
   at System.Xml.XmlDocument.Load(String filename)
   at DataAnalyzer.Support.FileManager.WriteInputMessage(InputMessages Message, String FileName) in E:\EXTENAL_CODE\Project_live\External Project_new\External Project\DataAnalyzer\Support\FileManager.cs:line 1102

--------------------------------------------------------------------------------------------------------
07-24-2026 13:58:58
'.', hexadecimal value 0x00, is an invalid character. Line 38069, position 8.
   at System.Xml.XmlTextReaderImpl.Throw(Exception e)
   at System.Xml.XmlTextReaderImpl.Throw(String res, String[] args)
   at System.Xml.XmlTextReaderImpl.ParseText(Int32& startPos, Int32& endPos, Int32& outOrChars)
   at System.Xml.XmlTextReaderImpl.ParseText()
   at System.Xml.XmlTextReaderImpl.ParseElementContent()
   at System.Xml.XmlTextReaderImpl.Read()
   at System.Xml.XmlLoader.LoadNode(Boolean skipOverWhitespace)
   at System.Xml.XmlLoader.LoadDocSequence(XmlDocument parentDoc)
   at System.Xml.XmlLoader.Load(XmlDocument doc, XmlReader reader, Boolean preserveWhitespace)
   at System.Xml.XmlDocument.Load(XmlReader reader)
   at System.Xml.XmlDocument.Load(String filename)
   at DataAnalyzer.Support.FileManager.WriteInputMessage(InputMessages Message, String FileName) in E:\EXTENAL_CODE\Project_live\External Project_new\External Project\DataAnalyzer\Support\FileManager.cs:line 1102

--------------------------------------------------------------------------------------------------------
07-24-2026 14:00:15
'.', hexadecimal value 0x00, is an invalid character. Line 38069, position 8.
   at System.Xml.XmlTextReaderImpl.Throw(Exception e)
   at System.Xml.XmlTextReaderImpl.Throw(String res, String[] args)
   at System.Xml.XmlTextReaderImpl.ParseText(Int32& startPos, Int32& endPos, Int32& outOrChars)
   at System.Xml.XmlTextReaderImpl.ParseText()
   at System.Xml.XmlTextReaderImpl.ParseElementContent()
   at System.Xml.XmlTextReaderImpl.Read()
   at System.Xml.XmlLoader.LoadNode(Boolean skipOverWhitespace)
   at System.Xml.XmlLoader.LoadDocSequence(XmlDocument parentDoc)
   at System.Xml.XmlLoader.Load(XmlDocument doc, XmlReader reader, Boolean preserveWhitespace)
   at System.Xml.XmlDocument.Load(XmlReader reader)
   at System.Xml.XmlDocument.Load(String filename)
   at DataAnalyzer.Support.FileManager.WriteInputMessage(InputMessages Message, String FileName) in E:\EXTENAL_CODE\Project_live\External Project_new\External Project\DataAnalyzer\Support\FileManager.cs:line 1102

--------------------------------------------------------------------------------------------------------
07-24-2026 14:00:19
'.', hexadecimal value 0x00, is an invalid character. Line 38069, position 8.
   at System.Xml.XmlTextReaderImpl.Throw(Exception e)
   at System.Xml.XmlTextReaderImpl.Throw(String res, String[] args)
   at System.Xml.XmlTextReaderImpl.ParseText(Int32& startPos, Int32& endPos, Int32& outOrChars)
   at System.Xml.XmlTextReaderImpl.ParseText()
   at System.Xml.XmlTextReaderImpl.ParseElementContent()
   at System.Xml.XmlTextReaderImpl.Read()
   at System.Xml.XmlLoader.LoadNode(Boolean skipOverWhitespace)
   at System.Xml.XmlLoader.LoadDocSequence(XmlDocument parentDoc)
   at System.Xml.XmlLoader.Load(XmlDocument doc, XmlReader reader, Boolean preserveWhitespace)
   at System.Xml.XmlDocument.Load(XmlReader reader)
   at System.Xml.XmlDocument.Load(String filename)
   at DataAnalyzer.Support.FileManager.WriteInputMessage(InputMessages Message, String FileName) in E:\EXTENAL_CODE\Project_live\External Project_new\External Project\DataAnalyzer\Support\FileManager.cs:line 1102

--------------------------------------------------------------------------------------------------------
07-24-2026 14:00:24
'.', hexadecimal value 0x00, is an invalid character. Line 38069, position 8.
   at System.Xml.XmlTextReaderImpl.Throw(Exception e)
   at System.Xml.XmlTextReaderImpl.Throw(String res, String[] args)
   at System.Xml.XmlTextReaderImpl.ParseText(Int32& startPos, Int32& endPos, Int32& outOrChars)
   at System.Xml.XmlTextReaderImpl.ParseText()
   at System.Xml.XmlTextReaderImpl.ParseElementContent()
   at System.Xml.XmlTextReaderImpl.Read()
   at System.Xml.XmlLoader.LoadNode(Boolean skipOverWhitespace)
   at System.Xml.XmlLoader.LoadDocSequence(XmlDocument parentDoc)
   at System.Xml.XmlLoader.Load(XmlDocument doc, XmlReader reader, Boolean preserveWhitespace)
   at System.Xml.XmlDocument.Load(XmlReader reader)
   at System.Xml.XmlDocument.Load(String filename)
   at DataAnalyzer.Support.FileManager.WriteInputMessage(InputMessages Message, String FileName) in E:\EXTENAL_CODE\Project_live\External Project_new\External Project\DataAnalyzer\Support\FileManager.cs:line 1102

--------------------------------------------------------------------------------------------------------
07-24-2026 14:00:29
'.', hexadecimal value 0x00, is an invalid character. Line 38069, position 8.
   at System.Xml.XmlTextReaderImpl.Throw(Exception e)
   at System.Xml.XmlTextReaderImpl.Throw(String res, String[] args)
   at System.Xml.XmlTextReaderImpl.ParseText(Int32& startPos, Int32& endPos, Int32& outOrChars)
   at System.Xml.XmlTextReaderImpl.ParseText()
   at System.Xml.XmlTextReaderImpl.ParseElementContent()
   at System.Xml.XmlTextReaderImpl.Read()
   at System.Xml.XmlLoader.LoadNode(Boolean skipOverWhitespace)
   at System.Xml.XmlLoader.LoadDocSequence(XmlDocument parentDoc)
   at System.Xml.XmlLoader.Load(XmlDocument doc, XmlReader reader, Boolean preserveWhitespace)
   at System.Xml.XmlDocument.Load(XmlReader reader)
   at System.Xml.XmlDocument.Load(String filename)
   at DataAnalyzer.Support.FileManager.WriteInputMessage(InputMessages Message, String FileName) in E:\EXTENAL_CODE\Project_live\External Project_new\External Project\DataAnalyzer\Support\FileManager.cs:line 1102

--------------------------------------------------------------------------------------------------------
07-24-2026 14:00:34
'.', hexadecimal value 0x00, is an invalid character. Line 38069, position 8.
   at System.Xml.XmlTextReaderImpl.Throw(Exception e)
   at System.Xml.XmlTextReaderImpl.Throw(String res, String[] args)
   at System.Xml.XmlTextReaderImpl.ParseText(Int32& startPos, Int32& endPos, Int32& outOrChars)
   at System.Xml.XmlTextReaderImpl.ParseText()
   at System.Xml.XmlTextReaderImpl.ParseElementContent()
   at System.Xml.XmlTextReaderImpl.Read()
   at System.Xml.XmlLoader.LoadNode(Boolean skipOverWhitespace)
   at System.Xml.XmlLoader.LoadDocSequence(XmlDocument parentDoc)
   at System.Xml.XmlLoader.Load(XmlDocument doc, XmlReader reader, Boolean preserveWhitespace)
   at System.Xml.XmlDocument.Load(XmlReader reader)
   at System.Xml.XmlDocument.Load(String filename)
   at DataAnalyzer.Support.FileManager.WriteInputMessage(InputMessages Message, String FileName) in E:\EXTENAL_CODE\Project_live\External Project_new\External Project\DataAnalyzer\Support\FileManager.cs:line 1102

--------------------------------------------------------------------------------------------------------
07-24-2026 14:00:37
'.', hexadecimal value 0x00, is an invalid character. Line 38069, position 8.
   at System.Xml.XmlTextReaderImpl.Throw(Exception e)
   at System.Xml.XmlTextReaderImpl.Throw(String res, String[] args)
   at System.Xml.XmlTextReaderImpl.ParseText(Int32& startPos, Int32& endPos, Int32& outOrChars)
   at System.Xml.XmlTextReaderImpl.ParseText()
   at System.Xml.XmlTextReaderImpl.ParseElementContent()
   at System.Xml.XmlTextReaderImpl.Read()
   at System.Xml.XmlLoader.LoadNode(Boolean skipOverWhitespace)
   at System.Xml.XmlLoader.LoadDocSequence(XmlDocument parentDoc)
   at System.Xml.XmlLoader.Load(XmlDocument doc, XmlReader reader, Boolean preserveWhitespace)
   at System.Xml.XmlDocument.Load(XmlReader reader)
   at System.Xml.XmlDocument.Load(String filename)
   at DataAnalyzer.Support.FileManager.WriteInputMessage(InputMessages Message, String FileName) in E:\EXTENAL_CODE\Project_live\External Project_new\External Project\DataAnalyzer\Support\FileManager.cs:line 1102

--------------------------------------------------------------------------------------------------------
07-24-2026 14:23:38
'.', hexadecimal value 0x00, is an invalid character. Line 38069, position 8.
   at System.Xml.XmlTextReaderImpl.Throw(Exception e)
   at System.Xml.XmlTextReaderImpl.Throw(String res, String[] args)
   at System.Xml.XmlTextReaderImpl.ParseText(Int32& startPos, Int32& endPos, Int32& outOrChars)
   at System.Xml.XmlTextReaderImpl.ParseText()
   at System.Xml.XmlTextReaderImpl.ParseElementContent()
   at System.Xml.XmlTextReaderImpl.Read()
   at System.Xml.XmlLoader.LoadNode(Boolean skipOverWhitespace)
   at System.Xml.XmlLoader.LoadDocSequence(XmlDocument parentDoc)
   at System.Xml.XmlLoader.Load(XmlDocument doc, XmlReader reader, Boolean preserveWhitespace)
   at System.Xml.XmlDocument.Load(XmlReader reader)
   at System.Xml.XmlDocument.Load(String filename)
   at DataAnalyzer.Support.FileManager.WriteInputMessage(InputMessages Message, String FileName) in E:\EXTENAL_CODE\Project_live\External Project_new\External Project\DataAnalyzer\Support\FileManager.cs:line 1102

--------------------------------------------------------------------------------------------------------
07-24-2026 14:25:04
'.', hexadecimal value 0x00, is an invalid character. Line 38069, position 8.
   at System.Xml.XmlTextReaderImpl.Throw(Exception e)
   at System.Xml.XmlTextReaderImpl.Throw(String res, String[] args)
   at System.Xml.XmlTextReaderImpl.ParseText(Int32& startPos, Int32& endPos, Int32& outOrChars)
   at System.Xml.XmlTextReaderImpl.ParseText()
   at System.Xml.XmlTextReaderImpl.ParseElementContent()
   at System.Xml.XmlTextReaderImpl.Read()
   at System.Xml.XmlLoader.LoadNode(Boolean skipOverWhitespace)
   at System.Xml.XmlLoader.LoadDocSequence(XmlDocument parentDoc)
   at System.Xml.XmlLoader.Load(XmlDocument doc, XmlReader reader, Boolean preserveWhitespace)
   at System.Xml.XmlDocument.Load(XmlReader reader)
   at System.Xml.XmlDocument.Load(String filename)
   at DataAnalyzer.Support.FileManager.WriteInputMessage(InputMessages Message, String FileName) in E:\EXTENAL_CODE\Project_live\External Project_new\External Project\DataAnalyzer\Support\FileManager.cs:line 1102

--------------------------------------------------------------------------------------------------------
07-24-2026 14:26:52
'.', hexadecimal value 0x00, is an invalid character. Line 38069, position 8.
   at System.Xml.XmlTextReaderImpl.Throw(Exception e)
   at System.Xml.XmlTextReaderImpl.Throw(String res, String[] args)
   at System.Xml.XmlTextReaderImpl.ParseText(Int32& startPos, Int32& endPos, Int32& outOrChars)
   at System.Xml.XmlTextReaderImpl.ParseText()
   at System.Xml.XmlTextReaderImpl.ParseElementContent()
   at System.Xml.XmlTextReaderImpl.Read()
   at System.Xml.XmlLoader.LoadNode(Boolean skipOverWhitespace)
   at System.Xml.XmlLoader.LoadDocSequence(XmlDocument parentDoc)
   at System.Xml.XmlLoader.Load(XmlDocument doc, XmlReader reader, Boolean preserveWhitespace)
   at System.Xml.XmlDocument.Load(XmlReader reader)
   at System.Xml.XmlDocument.Load(String filename)
   at DataAnalyzer.Support.FileManager.WriteInputMessage(InputMessages Message, String FileName) in E:\EXTENAL_CODE\Project_live\External Project_new\External Project\DataAnalyzer\Support\FileManager.cs:line 1102

--------------------------------------------------------------------------------------------------------
07-24-2026 14:28:18
'.', hexadecimal value 0x00, is an invalid character. Line 38069, position 8.
   at System.Xml.XmlTextReaderImpl.Throw(Exception e)
   at System.Xml.XmlTextReaderImpl.Throw(String res, String[] args)
   at System.Xml.XmlTextReaderImpl.ParseText(Int32& startPos, Int32& endPos, Int32& outOrChars)
   at System.Xml.XmlTextReaderImpl.ParseText()
   at System.Xml.XmlTextReaderImpl.ParseElementContent()
   at System.Xml.XmlTextReaderImpl.Read()
   at System.Xml.XmlLoader.LoadNode(Boolean skipOverWhitespace)
   at System.Xml.XmlLoader.LoadDocSequence(XmlDocument parentDoc)
   at System.Xml.XmlLoader.Load(XmlDocument doc, XmlReader reader, Boolean preserveWhitespace)
   at System.Xml.XmlDocument.Load(XmlReader reader)
   at System.Xml.XmlDocument.Load(String filename)
   at DataAnalyzer.Support.FileManager.WriteInputMessage(InputMessages Message, String FileName) in E:\EXTENAL_CODE\Project_live\External Project_new\External Project\DataAnalyzer\Support\FileManager.cs:line 1102

--------------------------------------------------------------------------------------------------------
07-24-2026 14:29:44
'.', hexadecimal value 0x00, is an invalid character. Line 38069, position 8.
   at System.Xml.XmlTextReaderImpl.Throw(Exception e)
   at System.Xml.XmlTextReaderImpl.Throw(String res, String[] args)
   at System.Xml.XmlTextReaderImpl.ParseText(Int32& startPos, Int32& endPos, Int32& outOrChars)
   at System.Xml.XmlTextReaderImpl.ParseText()
   at System.Xml.XmlTextReaderImpl.ParseElementContent()
   at System.Xml.XmlTextReaderImpl.Read()
   at System.Xml.XmlLoader.LoadNode(Boolean skipOverWhitespace)
   at System.Xml.XmlLoader.LoadDocSequence(XmlDocument parentDoc)
   at System.Xml.XmlLoader.Load(XmlDocument doc, XmlReader reader, Boolean preserveWhitespace)
   at System.Xml.XmlDocument.Load(XmlReader reader)
   at System.Xml.XmlDocument.Load(String filename)
   at DataAnalyzer.Support.FileManager.WriteInputMessage(InputMessages Message, String FileName) in E:\EXTENAL_CODE\Project_live\External Project_new\External Project\DataAnalyzer\Support\FileManager.cs:line 1102

--------------------------------------------------------------------------------------------------------
07-24-2026 14:31:10
'.', hexadecimal value 0x00, is an invalid character. Line 38069, position 8.
   at System.Xml.XmlTextReaderImpl.Throw(Exception e)
   at System.Xml.XmlTextReaderImpl.Throw(String res, String[] args)
   at System.Xml.XmlTextReaderImpl.ParseText(Int32& startPos, Int32& endPos, Int32& outOrChars)
   at System.Xml.XmlTextReaderImpl.ParseText()
   at System.Xml.XmlTextReaderImpl.ParseElementContent()
   at System.Xml.XmlTextReaderImpl.Read()
   at System.Xml.XmlLoader.LoadNode(Boolean skipOverWhitespace)
   at System.Xml.XmlLoader.LoadDocSequence(XmlDocument parentDoc)
   at System.Xml.XmlLoader.Load(XmlDocument doc, XmlReader reader, Boolean preserveWhitespace)
   at System.Xml.XmlDocument.Load(XmlReader reader)
   at System.Xml.XmlDocument.Load(String filename)
   at DataAnalyzer.Support.FileManager.WriteInputMessage(InputMessages Message, String FileName) in E:\EXTENAL_CODE\Project_live\External Project_new\External Project\DataAnalyzer\Support\FileManager.cs:line 1102

--------------------------------------------------------------------------------------------------------
07-24-2026 14:32:39
'.', hexadecimal value 0x00, is an invalid character. Line 38069, position 8.
   at System.Xml.XmlTextReaderImpl.Throw(Exception e)
   at System.Xml.XmlTextReaderImpl.Throw(String res, String[] args)
   at System.Xml.XmlTextReaderImpl.ParseText(Int32& startPos, Int32& endPos, Int32& outOrChars)
   at System.Xml.XmlTextReaderImpl.ParseText()
   at System.Xml.XmlTextReaderImpl.ParseElementContent()
   at System.Xml.XmlTextReaderImpl.Read()
   at System.Xml.XmlLoader.LoadNode(Boolean skipOverWhitespace)
   at System.Xml.XmlLoader.LoadDocSequence(XmlDocument parentDoc)
   at System.Xml.XmlLoader.Load(XmlDocument doc, XmlReader reader, Boolean preserveWhitespace)
   at System.Xml.XmlDocument.Load(XmlReader reader)
   at System.Xml.XmlDocument.Load(String filename)
   at DataAnalyzer.Support.FileManager.WriteInputMessage(InputMessages Message, String FileName) in E:\EXTENAL_CODE\Project_live\External Project_new\External Project\DataAnalyzer\Support\FileManager.cs:line 1102

--------------------------------------------------------------------------------------------------------
07-24-2026 14:33:08
'.', hexadecimal value 0x00, is an invalid character. Line 38069, position 8.
   at System.Xml.XmlTextReaderImpl.Throw(Exception e)
   at System.Xml.XmlTextReaderImpl.Throw(String res, String[] args)
   at System.Xml.XmlTextReaderImpl.ParseText(Int32& startPos, Int32& endPos, Int32& outOrChars)
   at System.Xml.XmlTextReaderImpl.ParseText()
   at System.Xml.XmlTextReaderImpl.ParseElementContent()
   at System.Xml.XmlTextReaderImpl.Read()
   at System.Xml.XmlLoader.LoadNode(Boolean skipOverWhitespace)
   at System.Xml.XmlLoader.LoadDocSequence(XmlDocument parentDoc)
   at System.Xml.XmlLoader.Load(XmlDocument doc, XmlReader reader, Boolean preserveWhitespace)
   at System.Xml.XmlDocument.Load(XmlReader reader)
   at System.Xml.XmlDocument.Load(String filename)
   at DataAnalyzer.Support.FileManager.WriteInputMessage(InputMessages Message, String FileName) in E:\EXTENAL_CODE\Project_live\External Project_new\External Project\DataAnalyzer\Support\FileManager.cs:line 1102

--------------------------------------------------------------------------------------------------------
07-24-2026 14:42:11
'.', hexadecimal value 0x00, is an invalid character. Line 38069, position 8.
   at System.Xml.XmlTextReaderImpl.Throw(Exception e)
   at System.Xml.XmlTextReaderImpl.Throw(String res, String[] args)
   at System.Xml.XmlTextReaderImpl.ParseText(Int32& startPos, Int32& endPos, Int32& outOrChars)
   at System.Xml.XmlTextReaderImpl.ParseText()
   at System.Xml.XmlTextReaderImpl.ParseElementContent()
   at System.Xml.XmlTextReaderImpl.Read()
   at System.Xml.XmlLoader.LoadNode(Boolean skipOverWhitespace)
   at System.Xml.XmlLoader.LoadDocSequence(XmlDocument parentDoc)
   at System.Xml.XmlLoader.Load(XmlDocument doc, XmlReader reader, Boolean preserveWhitespace)
   at System.Xml.XmlDocument.Load(XmlReader reader)
   at System.Xml.XmlDocument.Load(String filename)
   at DataAnalyzer.Support.FileManager.WriteInputMessage(InputMessages Message, String FileName) in E:\EXTENAL_CODE\Project_live\External Project_new\External Project\DataAnalyzer\Support\FileManager.cs:line 1102

--------------------------------------------------------------------------------------------------------
07-24-2026 14:42:56
'.', hexadecimal value 0x00, is an invalid character. Line 38069, position 8.
   at System.Xml.XmlTextReaderImpl.Throw(Exception e)
   at System.Xml.XmlTextReaderImpl.Throw(String res, String[] args)
   at System.Xml.XmlTextReaderImpl.ParseText(Int32& startPos, Int32& endPos, Int32& outOrChars)
   at System.Xml.XmlTextReaderImpl.ParseText()
   at System.Xml.XmlTextReaderImpl.ParseElementContent()
   at System.Xml.XmlTextReaderImpl.Read()
   at System.Xml.XmlLoader.LoadNode(Boolean skipOverWhitespace)
   at System.Xml.XmlLoader.LoadDocSequence(XmlDocument parentDoc)
   at System.Xml.XmlLoader.Load(XmlDocument doc, XmlReader reader, Boolean preserveWhitespace)
   at System.Xml.XmlDocument.Load(XmlReader reader)
   at System.Xml.XmlDocument.Load(String filename)
   at DataAnalyzer.Support.FileManager.WriteInputMessage(InputMessages Message, String FileName) in E:\EXTENAL_CODE\Project_live\External Project_new\External Project\DataAnalyzer\Support\FileManager.cs:line 1102

--------------------------------------------------------------------------------------------------------
07-24-2026 14:43:05
'.', hexadecimal value 0x00, is an invalid character. Line 38069, position 8.
   at System.Xml.XmlTextReaderImpl.Throw(Exception e)
   at System.Xml.XmlTextReaderImpl.Throw(String res, String[] args)
   at System.Xml.XmlTextReaderImpl.ParseText(Int32& startPos, Int32& endPos, Int32& outOrChars)
   at System.Xml.XmlTextReaderImpl.ParseText()
   at System.Xml.XmlTextReaderImpl.ParseElementContent()
   at System.Xml.XmlTextReaderImpl.Read()
   at System.Xml.XmlLoader.LoadNode(Boolean skipOverWhitespace)
   at System.Xml.XmlLoader.LoadDocSequence(XmlDocument parentDoc)
   at System.Xml.XmlLoader.Load(XmlDocument doc, XmlReader reader, Boolean preserveWhitespace)
   at System.Xml.XmlDocument.Load(XmlReader reader)
   at System.Xml.XmlDocument.Load(String filename)
   at DataAnalyzer.Support.FileManager.WriteInputMessage(InputMessages Message, String FileName) in E:\EXTENAL_CODE\Project_live\External Project_new\External Project\DataAnalyzer\Support\FileManager.cs:line 1102

--------------------------------------------------------------------------------------------------------
07-24-2026 14:44:31
'.', hexadecimal value 0x00, is an invalid character. Line 38069, position 8.
   at System.Xml.XmlTextReaderImpl.Throw(Exception e)
   at System.Xml.XmlTextReaderImpl.Throw(String res, String[] args)
   at System.Xml.XmlTextReaderImpl.ParseText(Int32& startPos, Int32& endPos, Int32& outOrChars)
   at System.Xml.XmlTextReaderImpl.ParseText()
   at System.Xml.XmlTextReaderImpl.ParseElementContent()
   at System.Xml.XmlTextReaderImpl.Read()
   at System.Xml.XmlLoader.LoadNode(Boolean skipOverWhitespace)
   at System.Xml.XmlLoader.LoadDocSequence(XmlDocument parentDoc)
   at System.Xml.XmlLoader.Load(XmlDocument doc, XmlReader reader, Boolean preserveWhitespace)
   at System.Xml.XmlDocument.Load(XmlReader reader)
   at System.Xml.XmlDocument.Load(String filename)
   at DataAnalyzer.Support.FileManager.WriteInputMessage(InputMessages Message, String FileName) in E:\EXTENAL_CODE\Project_live\External Project_new\External Project\DataAnalyzer\Support\FileManager.cs:line 1102

--------------------------------------------------------------------------------------------------------
07-24-2026 14:44:36
'.', hexadecimal value 0x00, is an invalid character. Line 38069, position 8.
   at System.Xml.XmlTextReaderImpl.Throw(Exception e)
   at System.Xml.XmlTextReaderImpl.Throw(String res, String[] args)
   at System.Xml.XmlTextReaderImpl.ParseText(Int32& startPos, Int32& endPos, Int32& outOrChars)
   at System.Xml.XmlTextReaderImpl.ParseText()
   at System.Xml.XmlTextReaderImpl.ParseElementContent()
   at System.Xml.XmlTextReaderImpl.Read()
   at System.Xml.XmlLoader.LoadNode(Boolean skipOverWhitespace)
   at System.Xml.XmlLoader.LoadDocSequence(XmlDocument parentDoc)
   at System.Xml.XmlLoader.Load(XmlDocument doc, XmlReader reader, Boolean preserveWhitespace)
   at System.Xml.XmlDocument.Load(XmlReader reader)
   at System.Xml.XmlDocument.Load(String filename)
   at DataAnalyzer.Support.FileManager.WriteInputMessage(InputMessages Message, String FileName) in E:\EXTENAL_CODE\Project_live\External Project_new\External Project\DataAnalyzer\Support\FileManager.cs:line 1102

--------------------------------------------------------------------------------------------------------
07-24-2026 14:44:41
'.', hexadecimal value 0x00, is an invalid character. Line 38069, position 8.
   at System.Xml.XmlTextReaderImpl.Throw(Exception e)
   at System.Xml.XmlTextReaderImpl.Throw(String res, String[] args)
   at System.Xml.XmlTextReaderImpl.ParseText(Int32& startPos, Int32& endPos, Int32& outOrChars)
   at System.Xml.XmlTextReaderImpl.ParseText()
   at System.Xml.XmlTextReaderImpl.ParseElementContent()
   at System.Xml.XmlTextReaderImpl.Read()
   at System.Xml.XmlLoader.LoadNode(Boolean skipOverWhitespace)
   at System.Xml.XmlLoader.LoadDocSequence(XmlDocument parentDoc)
   at System.Xml.XmlLoader.Load(XmlDocument doc, XmlReader reader, Boolean preserveWhitespace)
   at System.Xml.XmlDocument.Load(XmlReader reader)
   at System.Xml.XmlDocument.Load(String filename)
   at DataAnalyzer.Support.FileManager.WriteInputMessage(InputMessages Message, String FileName) in E:\EXTENAL_CODE\Project_live\External Project_new\External Project\DataAnalyzer\Support\FileManager.cs:line 1102

--------------------------------------------------------------------------------------------------------
07-24-2026 14:44:46
'.', hexadecimal value 0x00, is an invalid character. Line 38069, position 8.
   at System.Xml.XmlTextReaderImpl.Throw(Exception e)
   at System.Xml.XmlTextReaderImpl.Throw(String res, String[] args)
   at System.Xml.XmlTextReaderImpl.ParseText(Int32& startPos, Int32& endPos, Int32& outOrChars)
   at System.Xml.XmlTextReaderImpl.ParseText()
   at System.Xml.XmlTextReaderImpl.ParseElementContent()
   at System.Xml.XmlTextReaderImpl.Read()
   at System.Xml.XmlLoader.LoadNode(Boolean skipOverWhitespace)
   at System.Xml.XmlLoader.LoadDocSequence(XmlDocument parentDoc)
   at System.Xml.XmlLoader.Load(XmlDocument doc, XmlReader reader, Boolean preserveWhitespace)
   at System.Xml.XmlDocument.Load(XmlReader reader)
   at System.Xml.XmlDocument.Load(String filename)
   at DataAnalyzer.Support.FileManager.WriteInputMessage(InputMessages Message, String FileName) in E:\EXTENAL_CODE\Project_live\External Project_new\External Project\DataAnalyzer\Support\FileManager.cs:line 1102

--------------------------------------------------------------------------------------------------------
07-24-2026 14:56:08
'.', hexadecimal value 0x00, is an invalid character. Line 38069, position 8.
   at System.Xml.XmlTextReaderImpl.Throw(Exception e)
   at System.Xml.XmlTextReaderImpl.Throw(String res, String[] args)
   at System.Xml.XmlTextReaderImpl.ParseText(Int32& startPos, Int32& endPos, Int32& outOrChars)
   at System.Xml.XmlTextReaderImpl.ParseText()
   at System.Xml.XmlTextReaderImpl.ParseElementContent()
   at System.Xml.XmlTextReaderImpl.Read()
   at System.Xml.XmlLoader.LoadNode(Boolean skipOverWhitespace)
   at System.Xml.XmlLoader.LoadDocSequence(XmlDocument parentDoc)
   at System.Xml.XmlLoader.Load(XmlDocument doc, XmlReader reader, Boolean preserveWhitespace)
   at System.Xml.XmlDocument.Load(XmlReader reader)
   at System.Xml.XmlDocument.Load(String filename)
   at DataAnalyzer.Support.FileManager.WriteInputMessage(InputMessages Message, String FileName) in E:\EXTENAL_CODE\Project_live\External Project_new\External Project\DataAnalyzer\Support\FileManager.cs:line 1102

--------------------------------------------------------------------------------------------------------
07-24-2026 14:57:34
'.', hexadecimal value 0x00, is an invalid character. Line 38069, position 8.
   at System.Xml.XmlTextReaderImpl.Throw(Exception e)
   at System.Xml.XmlTextReaderImpl.Throw(String res, String[] args)
   at System.Xml.XmlTextReaderImpl.ParseText(Int32& startPos, Int32& endPos, Int32& outOrChars)
   at System.Xml.XmlTextReaderImpl.ParseText()
   at System.Xml.XmlTextReaderImpl.ParseElementContent()
   at System.Xml.XmlTextReaderImpl.Read()
   at System.Xml.XmlLoader.LoadNode(Boolean skipOverWhitespace)
   at System.Xml.XmlLoader.LoadDocSequence(XmlDocument parentDoc)
   at System.Xml.XmlLoader.Load(XmlDocument doc, XmlReader reader, Boolean preserveWhitespace)
   at System.Xml.XmlDocument.Load(XmlReader reader)
   at System.Xml.XmlDocument.Load(String filename)
   at DataAnalyzer.Support.FileManager.WriteInputMessage(InputMessages Message, String FileName) in E:\EXTENAL_CODE\Project_live\External Project_new\External Project\DataAnalyzer\Support\FileManager.cs:line 1102

--------------------------------------------------------------------------------------------------------
07-24-2026 14:57:44
'.', hexadecimal value 0x00, is an invalid character. Line 38069, position 8.
   at System.Xml.XmlTextReaderImpl.Throw(Exception e)
   at System.Xml.XmlTextReaderImpl.Throw(String res, String[] args)
   at System.Xml.XmlTextReaderImpl.ParseText(Int32& startPos, Int32& endPos, Int32& outOrChars)
   at System.Xml.XmlTextReaderImpl.ParseText()
   at System.Xml.XmlTextReaderImpl.ParseElementContent()
   at System.Xml.XmlTextReaderImpl.Read()
   at System.Xml.XmlLoader.LoadNode(Boolean skipOverWhitespace)
   at System.Xml.XmlLoader.LoadDocSequence(XmlDocument parentDoc)
   at System.Xml.XmlLoader.Load(XmlDocument doc, XmlReader reader, Boolean preserveWhitespace)
   at System.Xml.XmlDocument.Load(XmlReader reader)
   at System.Xml.XmlDocument.Load(String filename)
   at DataAnalyzer.Support.FileManager.WriteInputMessage(InputMessages Message, String FileName) in E:\EXTENAL_CODE\Project_live\External Project_new\External Project\DataAnalyzer\Support\FileManager.cs:line 1102

--------------------------------------------------------------------------------------------------------
07-24-2026 14:58:29
'.', hexadecimal value 0x00, is an invalid character. Line 38069, position 8.
   at System.Xml.XmlTextReaderImpl.Throw(Exception e)
   at System.Xml.XmlTextReaderImpl.Throw(String res, String[] args)
   at System.Xml.XmlTextReaderImpl.ParseText(Int32& startPos, Int32& endPos, Int32& outOrChars)
   at System.Xml.XmlTextReaderImpl.ParseText()
   at System.Xml.XmlTextReaderImpl.ParseElementContent()
   at System.Xml.XmlTextReaderImpl.Read()
   at System.Xml.XmlLoader.LoadNode(Boolean skipOverWhitespace)
   at System.Xml.XmlLoader.LoadDocSequence(XmlDocument parentDoc)
   at System.Xml.XmlLoader.Load(XmlDocument doc, XmlReader reader, Boolean preserveWhitespace)
   at System.Xml.XmlDocument.Load(XmlReader reader)
   at System.Xml.XmlDocument.Load(String filename)
   at DataAnalyzer.Support.FileManager.WriteInputMessage(InputMessages Message, String FileName) in E:\EXTENAL_CODE\Project_live\External Project_new\External Project\DataAnalyzer\Support\FileManager.cs:line 1102

--------------------------------------------------------------------------------------------------------
07-24-2026 15:01:12
'.', hexadecimal value 0x00, is an invalid character. Line 38069, position 8.
   at System.Xml.XmlTextReaderImpl.Throw(Exception e)
   at System.Xml.XmlTextReaderImpl.Throw(String res, String[] args)
   at System.Xml.XmlTextReaderImpl.ParseText(Int32& startPos, Int32& endPos, Int32& outOrChars)
   at System.Xml.XmlTextReaderImpl.ParseText()
   at System.Xml.XmlTextReaderImpl.ParseElementContent()
   at System.Xml.XmlTextReaderImpl.Read()
   at System.Xml.XmlLoader.LoadNode(Boolean skipOverWhitespace)
   at System.Xml.XmlLoader.LoadDocSequence(XmlDocument parentDoc)
   at System.Xml.XmlLoader.Load(XmlDocument doc, XmlReader reader, Boolean preserveWhitespace)
   at System.Xml.XmlDocument.Load(XmlReader reader)
   at System.Xml.XmlDocument.Load(String filename)
   at DataAnalyzer.Support.FileManager.WriteInputMessage(InputMessages Message, String FileName) in E:\EXTENAL_CODE\Project_live\External Project_new\External Project\DataAnalyzer\Support\FileManager.cs:line 1102

--------------------------------------------------------------------------------------------------------
07-24-2026 15:02:38
'.', hexadecimal value 0x00, is an invalid character. Line 38069, position 8.
   at System.Xml.XmlTextReaderImpl.Throw(Exception e)
   at System.Xml.XmlTextReaderImpl.Throw(String res, String[] args)
   at System.Xml.XmlTextReaderImpl.ParseText(Int32& startPos, Int32& endPos, Int32& outOrChars)
   at System.Xml.XmlTextReaderImpl.ParseText()
   at System.Xml.XmlTextReaderImpl.ParseElementContent()
   at System.Xml.XmlTextReaderImpl.Read()
   at System.Xml.XmlLoader.LoadNode(Boolean skipOverWhitespace)
   at System.Xml.XmlLoader.LoadDocSequence(XmlDocument parentDoc)
   at System.Xml.XmlLoader.Load(XmlDocument doc, XmlReader reader, Boolean preserveWhitespace)
   at System.Xml.XmlDocument.Load(XmlReader reader)
   at System.Xml.XmlDocument.Load(String filename)
   at DataAnalyzer.Support.FileManager.WriteInputMessage(InputMessages Message, String FileName) in E:\EXTENAL_CODE\Project_live\External Project_new\External Project\DataAnalyzer\Support\FileManager.cs:line 1102

--------------------------------------------------------------------------------------------------------
07-24-2026 15:16:17
'.', hexadecimal value 0x00, is an invalid character. Line 38069, position 8.
   at System.Xml.XmlTextReaderImpl.Throw(Exception e)
   at System.Xml.XmlTextReaderImpl.Throw(String res, String[] args)
   at System.Xml.XmlTextReaderImpl.ParseText(Int32& startPos, Int32& endPos, Int32& outOrChars)
   at System.Xml.XmlTextReaderImpl.ParseText()
   at System.Xml.XmlTextReaderImpl.ParseElementContent()
   at System.Xml.XmlTextReaderImpl.Read()
   at System.Xml.XmlLoader.LoadNode(Boolean skipOverWhitespace)
   at System.Xml.XmlLoader.LoadDocSequence(XmlDocument parentDoc)
   at System.Xml.XmlLoader.Load(XmlDocument doc, XmlReader reader, Boolean preserveWhitespace)
   at System.Xml.XmlDocument.Load(XmlReader reader)
   at System.Xml.XmlDocument.Load(String filename)
   at DataAnalyzer.Support.FileManager.WriteInputMessage(InputMessages Message, String FileName) in E:\EXTENAL_CODE\Project_live\External Project_new\External Project\DataAnalyzer\Support\FileManager.cs:line 1102

--------------------------------------------------------------------------------------------------------
07-24-2026 15:26:37
'.', hexadecimal value 0x00, is an invalid character. Line 38069, position 8.
   at System.Xml.XmlTextReaderImpl.Throw(Exception e)
   at System.Xml.XmlTextReaderImpl.Throw(String res, String[] args)
   at System.Xml.XmlTextReaderImpl.ParseText(Int32& startPos, Int32& endPos, Int32& outOrChars)
   at System.Xml.XmlTextReaderImpl.ParseText()
   at System.Xml.XmlTextReaderImpl.ParseElementContent()
   at System.Xml.XmlTextReaderImpl.Read()
   at System.Xml.XmlLoader.LoadNode(Boolean skipOverWhitespace)
   at System.Xml.XmlLoader.LoadDocSequence(XmlDocument parentDoc)
   at System.Xml.XmlLoader.Load(XmlDocument doc, XmlReader reader, Boolean preserveWhitespace)
   at System.Xml.XmlDocument.Load(XmlReader reader)
   at System.Xml.XmlDocument.Load(String filename)
   at DataAnalyzer.Support.FileManager.WriteInputMessage(InputMessages Message, String FileName) in E:\EXTENAL_CODE\Project_live\External Project_new\External Project\DataAnalyzer\Support\FileManager.cs:line 1102

--------------------------------------------------------------------------------------------------------
07-24-2026 15:26:46
'.', hexadecimal value 0x00, is an invalid character. Line 38069, position 8.
   at System.Xml.XmlTextReaderImpl.Throw(Exception e)
   at System.Xml.XmlTextReaderImpl.Throw(String res, String[] args)
   at System.Xml.XmlTextReaderImpl.ParseText(Int32& startPos, Int32& endPos, Int32& outOrChars)
   at System.Xml.XmlTextReaderImpl.ParseText()
   at System.Xml.XmlTextReaderImpl.ParseElementContent()
   at System.Xml.XmlTextReaderImpl.Read()
   at System.Xml.XmlLoader.LoadNode(Boolean skipOverWhitespace)
   at System.Xml.XmlLoader.LoadDocSequence(XmlDocument parentDoc)
   at System.Xml.XmlLoader.Load(XmlDocument doc, XmlReader reader, Boolean preserveWhitespace)
   at System.Xml.XmlDocument.Load(XmlReader reader)
   at System.Xml.XmlDocument.Load(String filename)
   at DataAnalyzer.Support.FileManager.WriteInputMessage(InputMessages Message, String FileName) in E:\EXTENAL_CODE\Project_live\External Project_new\External Project\DataAnalyzer\Support\FileManager.cs:line 1102

--------------------------------------------------------------------------------------------------------
07-24-2026 16:06:45
'.', hexadecimal value 0x00, is an invalid character. Line 38069, position 8.
   at System.Xml.XmlTextReaderImpl.Throw(Exception e)
   at System.Xml.XmlTextReaderImpl.Throw(String res, String[] args)
   at System.Xml.XmlTextReaderImpl.ParseText(Int32& startPos, Int32& endPos, Int32& outOrChars)
   at System.Xml.XmlTextReaderImpl.ParseText()
   at System.Xml.XmlTextReaderImpl.ParseElementContent()
   at System.Xml.XmlTextReaderImpl.Read()
   at System.Xml.XmlLoader.LoadNode(Boolean skipOverWhitespace)
   at System.Xml.XmlLoader.LoadDocSequence(XmlDocument parentDoc)
   at System.Xml.XmlLoader.Load(XmlDocument doc, XmlReader reader, Boolean preserveWhitespace)
   at System.Xml.XmlDocument.Load(XmlReader reader)
   at System.Xml.XmlDocument.Load(String filename)
   at DataAnalyzer.Support.FileManager.WriteInputMessage(InputMessages Message, String FileName) in E:\EXTENAL_CODE\Project_live\External Project_new\External Project\DataAnalyzer\Support\FileManager.cs:line 1102

--------------------------------------------------------------------------------------------------------
07-24-2026 16:31:21
'.', hexadecimal value 0x00, is an invalid character. Line 38069, position 8.
   at System.Xml.XmlTextReaderImpl.Throw(Exception e)
   at System.Xml.XmlTextReaderImpl.Throw(String res, String[] args)
   at System.Xml.XmlTextReaderImpl.ParseText(Int32& startPos, Int32& endPos, Int32& outOrChars)
   at System.Xml.XmlTextReaderImpl.ParseText()
   at System.Xml.XmlTextReaderImpl.ParseElementContent()
   at System.Xml.XmlTextReaderImpl.Read()
   at System.Xml.XmlLoader.LoadNode(Boolean skipOverWhitespace)
   at System.Xml.XmlLoader.LoadDocSequence(XmlDocument parentDoc)
   at System.Xml.XmlLoader.Load(XmlDocument doc, XmlReader reader, Boolean preserveWhitespace)
   at System.Xml.XmlDocument.Load(XmlReader reader)
   at System.Xml.XmlDocument.Load(String filename)
   at DataAnalyzer.Support.FileManager.WriteInputMessage(InputMessages Message, String FileName) in E:\EXTENAL_CODE\Project_live\External Project_new\External Project\DataAnalyzer\Support\FileManager.cs:line 1102

--------------------------------------------------------------------------------------------------------
07-24-2026 16:31:38
'.', hexadecimal value 0x00, is an invalid character. Line 38069, position 8.
   at System.Xml.XmlTextReaderImpl.Throw(Exception e)
   at System.Xml.XmlTextReaderImpl.Throw(String res, String[] args)
   at System.Xml.XmlTextReaderImpl.ParseText(Int32& startPos, Int32& endPos, Int32& outOrChars)
   at System.Xml.XmlTextReaderImpl.ParseText()
   at System.Xml.XmlTextReaderImpl.ParseElementContent()
   at System.Xml.XmlTextReaderImpl.Read()
   at System.Xml.XmlLoader.LoadNode(Boolean skipOverWhitespace)
   at System.Xml.XmlLoader.LoadDocSequence(XmlDocument parentDoc)
   at System.Xml.XmlLoader.Load(XmlDocument doc, XmlReader reader, Boolean preserveWhitespace)
   at System.Xml.XmlDocument.Load(XmlReader reader)
   at System.Xml.XmlDocument.Load(String filename)
   at DataAnalyzer.Support.FileManager.WriteInputMessage(InputMessages Message, String FileName) in E:\EXTENAL_CODE\Project_live\External Project_new\External Project\DataAnalyzer\Support\FileManager.cs:line 1102

--------------------------------------------------------------------------------------------------------
07-24-2026 16:40:32
'.', hexadecimal value 0x00, is an invalid character. Line 38069, position 8.
   at System.Xml.XmlTextReaderImpl.Throw(Exception e)
   at System.Xml.XmlTextReaderImpl.Throw(String res, String[] args)
   at System.Xml.XmlTextReaderImpl.ParseText(Int32& startPos, Int32& endPos, Int32& outOrChars)
   at System.Xml.XmlTextReaderImpl.ParseText()
   at System.Xml.XmlTextReaderImpl.ParseElementContent()
   at System.Xml.XmlTextReaderImpl.Read()
   at System.Xml.XmlLoader.LoadNode(Boolean skipOverWhitespace)
   at System.Xml.XmlLoader.LoadDocSequence(XmlDocument parentDoc)
   at System.Xml.XmlLoader.Load(XmlDocument doc, XmlReader reader, Boolean preserveWhitespace)
   at System.Xml.XmlDocument.Load(XmlReader reader)
   at System.Xml.XmlDocument.Load(String filename)
   at DataAnalyzer.Support.FileManager.WriteInputMessage(InputMessages Message, String FileName) in E:\EXTENAL_CODE\Project_live\External Project_new\External Project\DataAnalyzer\Support\FileManager.cs:line 1102

--------------------------------------------------------------------------------------------------------
07-24-2026 16:57:58
'.', hexadecimal value 0x00, is an invalid character. Line 38069, position 8.
   at System.Xml.XmlTextReaderImpl.Throw(Exception e)
   at System.Xml.XmlTextReaderImpl.Throw(String res, String[] args)
   at System.Xml.XmlTextReaderImpl.ParseText(Int32& startPos, Int32& endPos, Int32& outOrChars)
   at System.Xml.XmlTextReaderImpl.ParseText()
   at System.Xml.XmlTextReaderImpl.ParseElementContent()
   at System.Xml.XmlTextReaderImpl.Read()
   at System.Xml.XmlLoader.LoadNode(Boolean skipOverWhitespace)
   at System.Xml.XmlLoader.LoadDocSequence(XmlDocument parentDoc)
   at System.Xml.XmlLoader.Load(XmlDocument doc, XmlReader reader, Boolean preserveWhitespace)
   at System.Xml.XmlDocument.Load(XmlReader reader)
   at System.Xml.XmlDocument.Load(String filename)
   at DataAnalyzer.Support.FileManager.WriteInputMessage(InputMessages Message, String FileName) in E:\EXTENAL_CODE\Project_live\External Project_new\External Project\DataAnalyzer\Support\FileManager.cs:line 1102

--------------------------------------------------------------------------------------------------------
07-24-2026 16:58:02
'.', hexadecimal value 0x00, is an invalid character. Line 38069, position 8.
   at System.Xml.XmlTextReaderImpl.Throw(Exception e)
   at System.Xml.XmlTextReaderImpl.Throw(String res, String[] args)
   at System.Xml.XmlTextReaderImpl.ParseText(Int32& startPos, Int32& endPos, Int32& outOrChars)
   at System.Xml.XmlTextReaderImpl.ParseText()
   at System.Xml.XmlTextReaderImpl.ParseElementContent()
   at System.Xml.XmlTextReaderImpl.Read()
   at System.Xml.XmlLoader.LoadNode(Boolean skipOverWhitespace)
   at System.Xml.XmlLoader.LoadDocSequence(XmlDocument parentDoc)
   at System.Xml.XmlLoader.Load(XmlDocument doc, XmlReader reader, Boolean preserveWhitespace)
   at System.Xml.XmlDocument.Load(XmlReader reader)
   at System.Xml.XmlDocument.Load(String filename)
   at DataAnalyzer.Support.FileManager.WriteInputMessage(InputMessages Message, String FileName) in E:\EXTENAL_CODE\Project_live\External Project_new\External Project\DataAnalyzer\Support\FileManager.cs:line 1102

--------------------------------------------------------------------------------------------------------
07-24-2026 16:58:07
'.', hexadecimal value 0x00, is an invalid character. Line 38069, position 8.
   at System.Xml.XmlTextReaderImpl.Throw(Exception e)
   at System.Xml.XmlTextReaderImpl.Throw(String res, String[] args)
   at System.Xml.XmlTextReaderImpl.ParseText(Int32& startPos, Int32& endPos, Int32& outOrChars)
   at System.Xml.XmlTextReaderImpl.ParseText()
   at System.Xml.XmlTextReaderImpl.ParseElementContent()
   at System.Xml.XmlTextReaderImpl.Read()
   at System.Xml.XmlLoader.LoadNode(Boolean skipOverWhitespace)
   at System.Xml.XmlLoader.LoadDocSequence(XmlDocument parentDoc)
   at System.Xml.XmlLoader.Load(XmlDocument doc, XmlReader reader, Boolean preserveWhitespace)
   at System.Xml.XmlDocument.Load(XmlReader reader)
   at System.Xml.XmlDocument.Load(String filename)
   at DataAnalyzer.Support.FileManager.WriteInputMessage(InputMessages Message, String FileName) in E:\EXTENAL_CODE\Project_live\External Project_new\External Project\DataAnalyzer\Support\FileManager.cs:line 1102

--------------------------------------------------------------------------------------------------------
07-24-2026 16:58:11
'.', hexadecimal value 0x00, is an invalid character. Line 38069, position 8.
   at System.Xml.XmlTextReaderImpl.Throw(Exception e)
   at System.Xml.XmlTextReaderImpl.Throw(String res, String[] args)
   at System.Xml.XmlTextReaderImpl.ParseText(Int32& startPos, Int32& endPos, Int32& outOrChars)
   at System.Xml.XmlTextReaderImpl.ParseText()
   at System.Xml.XmlTextReaderImpl.ParseElementContent()
   at System.Xml.XmlTextReaderImpl.Read()
   at System.Xml.XmlLoader.LoadNode(Boolean skipOverWhitespace)
   at System.Xml.XmlLoader.LoadDocSequence(XmlDocument parentDoc)
   at System.Xml.XmlLoader.Load(XmlDocument doc, XmlReader reader, Boolean preserveWhitespace)
   at System.Xml.XmlDocument.Load(XmlReader reader)
   at System.Xml.XmlDocument.Load(String filename)
   at DataAnalyzer.Support.FileManager.WriteInputMessage(InputMessages Message, String FileName) in E:\EXTENAL_CODE\Project_live\External Project_new\External Project\DataAnalyzer\Support\FileManager.cs:line 1102

--------------------------------------------------------------------------------------------------------
07-24-2026 16:58:16
'.', hexadecimal value 0x00, is an invalid character. Line 38069, position 8.
   at System.Xml.XmlTextReaderImpl.Throw(Exception e)
   at System.Xml.XmlTextReaderImpl.Throw(String res, String[] args)
   at System.Xml.XmlTextReaderImpl.ParseText(Int32& startPos, Int32& endPos, Int32& outOrChars)
   at System.Xml.XmlTextReaderImpl.ParseText()
   at System.Xml.XmlTextReaderImpl.ParseElementContent()
   at System.Xml.XmlTextReaderImpl.Read()
   at System.Xml.XmlLoader.LoadNode(Boolean skipOverWhitespace)
   at System.Xml.XmlLoader.LoadDocSequence(XmlDocument parentDoc)
   at System.Xml.XmlLoader.Load(XmlDocument doc, XmlReader reader, Boolean preserveWhitespace)
   at System.Xml.XmlDocument.Load(XmlReader reader)
   at System.Xml.XmlDocument.Load(String filename)
   at DataAnalyzer.Support.FileManager.WriteInputMessage(InputMessages Message, String FileName) in E:\EXTENAL_CODE\Project_live\External Project_new\External Project\DataAnalyzer\Support\FileManager.cs:line 1102

--------------------------------------------------------------------------------------------------------
07-24-2026 16:58:20
'.', hexadecimal value 0x00, is an invalid character. Line 38069, position 8.
   at System.Xml.XmlTextReaderImpl.Throw(Exception e)
   at System.Xml.XmlTextReaderImpl.Throw(String res, String[] args)
   at System.Xml.XmlTextReaderImpl.ParseText(Int32& startPos, Int32& endPos, Int32& outOrChars)
   at System.Xml.XmlTextReaderImpl.ParseText()
   at System.Xml.XmlTextReaderImpl.ParseElementContent()
   at System.Xml.XmlTextReaderImpl.Read()
   at System.Xml.XmlLoader.LoadNode(Boolean skipOverWhitespace)
   at System.Xml.XmlLoader.LoadDocSequence(XmlDocument parentDoc)
   at System.Xml.XmlLoader.Load(XmlDocument doc, XmlReader reader, Boolean preserveWhitespace)
   at System.Xml.XmlDocument.Load(XmlReader reader)
   at System.Xml.XmlDocument.Load(String filename)
   at DataAnalyzer.Support.FileManager.WriteInputMessage(InputMessages Message, String FileName) in E:\EXTENAL_CODE\Project_live\External Project_new\External Project\DataAnalyzer\Support\FileManager.cs:line 1102

--------------------------------------------------------------------------------------------------------
07-24-2026 16:58:25
'.', hexadecimal value 0x00, is an invalid character. Line 38069, position 8.
   at System.Xml.XmlTextReaderImpl.Throw(Exception e)
   at System.Xml.XmlTextReaderImpl.Throw(String res, String[] args)
   at System.Xml.XmlTextReaderImpl.ParseText(Int32& startPos, Int32& endPos, Int32& outOrChars)
   at System.Xml.XmlTextReaderImpl.ParseText()
   at System.Xml.XmlTextReaderImpl.ParseElementContent()
   at System.Xml.XmlTextReaderImpl.Read()
   at System.Xml.XmlLoader.LoadNode(Boolean skipOverWhitespace)
   at System.Xml.XmlLoader.LoadDocSequence(XmlDocument parentDoc)
   at System.Xml.XmlLoader.Load(XmlDocument doc, XmlReader reader, Boolean preserveWhitespace)
   at System.Xml.XmlDocument.Load(XmlReader reader)
   at System.Xml.XmlDocument.Load(String filename)
   at DataAnalyzer.Support.FileManager.WriteInputMessage(InputMessages Message, String FileName) in E:\EXTENAL_CODE\Project_live\External Project_new\External Project\DataAnalyzer\Support\FileManager.cs:line 1102

--------------------------------------------------------------------------------------------------------
07-24-2026 16:58:29
'.', hexadecimal value 0x00, is an invalid character. Line 38069, position 8.
   at System.Xml.XmlTextReaderImpl.Throw(Exception e)
   at System.Xml.XmlTextReaderImpl.Throw(String res, String[] args)
   at System.Xml.XmlTextReaderImpl.ParseText(Int32& startPos, Int32& endPos, Int32& outOrChars)
   at System.Xml.XmlTextReaderImpl.ParseText()
   at System.Xml.XmlTextReaderImpl.ParseElementContent()
   at System.Xml.XmlTextReaderImpl.Read()
   at System.Xml.XmlLoader.LoadNode(Boolean skipOverWhitespace)
   at System.Xml.XmlLoader.LoadDocSequence(XmlDocument parentDoc)
   at System.Xml.XmlLoader.Load(XmlDocument doc, XmlReader reader, Boolean preserveWhitespace)
   at System.Xml.XmlDocument.Load(XmlReader reader)
   at System.Xml.XmlDocument.Load(String filename)
   at DataAnalyzer.Support.FileManager.WriteInputMessage(InputMessages Message, String FileName) in E:\EXTENAL_CODE\Project_live\External Project_new\External Project\DataAnalyzer\Support\FileManager.cs:line 1102

--------------------------------------------------------------------------------------------------------
07-24-2026 16:58:34
'.', hexadecimal value 0x00, is an invalid character. Line 38069, position 8.
   at System.Xml.XmlTextReaderImpl.Throw(Exception e)
   at System.Xml.XmlTextReaderImpl.Throw(String res, String[] args)
   at System.Xml.XmlTextReaderImpl.ParseText(Int32& startPos, Int32& endPos, Int32& outOrChars)
   at System.Xml.XmlTextReaderImpl.ParseText()
   at System.Xml.XmlTextReaderImpl.ParseElementContent()
   at System.Xml.XmlTextReaderImpl.Read()
   at System.Xml.XmlLoader.LoadNode(Boolean skipOverWhitespace)
   at System.Xml.XmlLoader.LoadDocSequence(XmlDocument parentDoc)
   at System.Xml.XmlLoader.Load(XmlDocument doc, XmlReader reader, Boolean preserveWhitespace)
   at System.Xml.XmlDocument.Load(XmlReader reader)
   at System.Xml.XmlDocument.Load(String filename)
   at DataAnalyzer.Support.FileManager.WriteInputMessage(InputMessages Message, String FileName) in E:\EXTENAL_CODE\Project_live\External Project_new\External Project\DataAnalyzer\Support\FileManager.cs:line 1102

--------------------------------------------------------------------------------------------------------
07-24-2026 16:58:39
'.', hexadecimal value 0x00, is an invalid character. Line 38069, position 8.
   at System.Xml.XmlTextReaderImpl.Throw(Exception e)
   at System.Xml.XmlTextReaderImpl.Throw(String res, String[] args)
   at System.Xml.XmlTextReaderImpl.ParseText(Int32& startPos, Int32& endPos, Int32& outOrChars)
   at System.Xml.XmlTextReaderImpl.ParseText()
   at System.Xml.XmlTextReaderImpl.ParseElementContent()
   at System.Xml.XmlTextReaderImpl.Read()
   at System.Xml.XmlLoader.LoadNode(Boolean skipOverWhitespace)
   at System.Xml.XmlLoader.LoadDocSequence(XmlDocument parentDoc)
   at System.Xml.XmlLoader.Load(XmlDocument doc, XmlReader reader, Boolean preserveWhitespace)
   at System.Xml.XmlDocument.Load(XmlReader reader)
   at System.Xml.XmlDocument.Load(String filename)
   at DataAnalyzer.Support.FileManager.WriteInputMessage(InputMessages Message, String FileName) in E:\EXTENAL_CODE\Project_live\External Project_new\External Project\DataAnalyzer\Support\FileManager.cs:line 1102

--------------------------------------------------------------------------------------------------------
07-24-2026 16:58:45
'.', hexadecimal value 0x00, is an invalid character. Line 38069, position 8.
   at System.Xml.XmlTextReaderImpl.Throw(Exception e)
   at System.Xml.XmlTextReaderImpl.Throw(String res, String[] args)
   at System.Xml.XmlTextReaderImpl.ParseText(Int32& startPos, Int32& endPos, Int32& outOrChars)
   at System.Xml.XmlTextReaderImpl.ParseText()
   at System.Xml.XmlTextReaderImpl.ParseElementContent()
   at System.Xml.XmlTextReaderImpl.Read()
   at System.Xml.XmlLoader.LoadNode(Boolean skipOverWhitespace)
   at System.Xml.XmlLoader.LoadDocSequence(XmlDocument parentDoc)
   at System.Xml.XmlLoader.Load(XmlDocument doc, XmlReader reader, Boolean preserveWhitespace)
   at System.Xml.XmlDocument.Load(XmlReader reader)
   at System.Xml.XmlDocument.Load(String filename)
   at DataAnalyzer.Support.FileManager.WriteInputMessage(InputMessages Message, String FileName) in E:\EXTENAL_CODE\Project_live\External Project_new\External Project\DataAnalyzer\Support\FileManager.cs:line 1102

--------------------------------------------------------------------------------------------------------
07-24-2026 16:58:51
'.', hexadecimal value 0x00, is an invalid character. Line 38069, position 8.
   at System.Xml.XmlTextReaderImpl.Throw(Exception e)
   at System.Xml.XmlTextReaderImpl.Throw(String res, String[] args)
   at System.Xml.XmlTextReaderImpl.ParseText(Int32& startPos, Int32& endPos, Int32& outOrChars)
   at System.Xml.XmlTextReaderImpl.ParseText()
   at System.Xml.XmlTextReaderImpl.ParseElementContent()
   at System.Xml.XmlTextReaderImpl.Read()
   at System.Xml.XmlLoader.LoadNode(Boolean skipOverWhitespace)
   at System.Xml.XmlLoader.LoadDocSequence(XmlDocument parentDoc)
   at System.Xml.XmlLoader.Load(XmlDocument doc, XmlReader reader, Boolean preserveWhitespace)
   at System.Xml.XmlDocument.Load(XmlReader reader)
   at System.Xml.XmlDocument.Load(String filename)
   at DataAnalyzer.Support.FileManager.WriteInputMessage(InputMessages Message, String FileName) in E:\EXTENAL_CODE\Project_live\External Project_new\External Project\DataAnalyzer\Support\FileManager.cs:line 1102

--------------------------------------------------------------------------------------------------------
07-24-2026 16:58:57
'.', hexadecimal value 0x00, is an invalid character. Line 38069, position 8.
   at System.Xml.XmlTextReaderImpl.Throw(Exception e)
   at System.Xml.XmlTextReaderImpl.Throw(String res, String[] args)
   at System.Xml.XmlTextReaderImpl.ParseText(Int32& startPos, Int32& endPos, Int32& outOrChars)
   at System.Xml.XmlTextReaderImpl.ParseText()
   at System.Xml.XmlTextReaderImpl.ParseElementContent()
   at System.Xml.XmlTextReaderImpl.Read()
   at System.Xml.XmlLoader.LoadNode(Boolean skipOverWhitespace)
   at System.Xml.XmlLoader.LoadDocSequence(XmlDocument parentDoc)
   at System.Xml.XmlLoader.Load(XmlDocument doc, XmlReader reader, Boolean preserveWhitespace)
   at System.Xml.XmlDocument.Load(XmlReader reader)
   at System.Xml.XmlDocument.Load(String filename)
   at DataAnalyzer.Support.FileManager.WriteInputMessage(InputMessages Message, String FileName) in E:\EXTENAL_CODE\Project_live\External Project_new\External Project\DataAnalyzer\Support\FileManager.cs:line 1102

--------------------------------------------------------------------------------------------------------
07-24-2026 16:59:03
'.', hexadecimal value 0x00, is an invalid character. Line 38069, position 8.
   at System.Xml.XmlTextReaderImpl.Throw(Exception e)
   at System.Xml.XmlTextReaderImpl.Throw(String res, String[] args)
   at System.Xml.XmlTextReaderImpl.ParseText(Int32& startPos, Int32& endPos, Int32& outOrChars)
   at System.Xml.XmlTextReaderImpl.ParseText()
   at System.Xml.XmlTextReaderImpl.ParseElementContent()
   at System.Xml.XmlTextReaderImpl.Read()
   at System.Xml.XmlLoader.LoadNode(Boolean skipOverWhitespace)
   at System.Xml.XmlLoader.LoadDocSequence(XmlDocument parentDoc)
   at System.Xml.XmlLoader.Load(XmlDocument doc, XmlReader reader, Boolean preserveWhitespace)
   at System.Xml.XmlDocument.Load(XmlReader reader)
   at System.Xml.XmlDocument.Load(String filename)
   at DataAnalyzer.Support.FileManager.WriteInputMessage(InputMessages Message, String FileName) in E:\EXTENAL_CODE\Project_live\External Project_new\External Project\DataAnalyzer\Support\FileManager.cs:line 1102

--------------------------------------------------------------------------------------------------------
07-24-2026 16:59:10
'.', hexadecimal value 0x00, is an invalid character. Line 38069, position 8.
   at System.Xml.XmlTextReaderImpl.Throw(Exception e)
   at System.Xml.XmlTextReaderImpl.Throw(String res, String[] args)
   at System.Xml.XmlTextReaderImpl.ParseText(Int32& startPos, Int32& endPos, Int32& outOrChars)
   at System.Xml.XmlTextReaderImpl.ParseText()
   at System.Xml.XmlTextReaderImpl.ParseElementContent()
   at System.Xml.XmlTextReaderImpl.Read()
   at System.Xml.XmlLoader.LoadNode(Boolean skipOverWhitespace)
   at System.Xml.XmlLoader.LoadDocSequence(XmlDocument parentDoc)
   at System.Xml.XmlLoader.Load(XmlDocument doc, XmlReader reader, Boolean preserveWhitespace)
   at System.Xml.XmlDocument.Load(XmlReader reader)
   at System.Xml.XmlDocument.Load(String filename)
   at DataAnalyzer.Support.FileManager.WriteInputMessage(InputMessages Message, String FileName) in E:\EXTENAL_CODE\Project_live\External Project_new\External Project\DataAnalyzer\Support\FileManager.cs:line 1102

--------------------------------------------------------------------------------------------------------
07-24-2026 16:59:16
'.', hexadecimal value 0x00, is an invalid character. Line 38069, position 8.
   at System.Xml.XmlTextReaderImpl.Throw(Exception e)
   at System.Xml.XmlTextReaderImpl.Throw(String res, String[] args)
   at System.Xml.XmlTextReaderImpl.ParseText(Int32& startPos, Int32& endPos, Int32& outOrChars)
   at System.Xml.XmlTextReaderImpl.ParseText()
   at System.Xml.XmlTextReaderImpl.ParseElementContent()
   at System.Xml.XmlTextReaderImpl.Read()
   at System.Xml.XmlLoader.LoadNode(Boolean skipOverWhitespace)
   at System.Xml.XmlLoader.LoadDocSequence(XmlDocument parentDoc)
   at System.Xml.XmlLoader.Load(XmlDocument doc, XmlReader reader, Boolean preserveWhitespace)
   at System.Xml.XmlDocument.Load(XmlReader reader)
   at System.Xml.XmlDocument.Load(String filename)
   at DataAnalyzer.Support.FileManager.WriteInputMessage(InputMessages Message, String FileName) in E:\EXTENAL_CODE\Project_live\External Project_new\External Project\DataAnalyzer\Support\FileManager.cs:line 1102

--------------------------------------------------------------------------------------------------------
07-24-2026 17:04:09
'.', hexadecimal value 0x00, is an invalid character. Line 38069, position 8.
   at System.Xml.XmlTextReaderImpl.Throw(Exception e)
   at System.Xml.XmlTextReaderImpl.Throw(String res, String[] args)
   at System.Xml.XmlTextReaderImpl.ParseText(Int32& startPos, Int32& endPos, Int32& outOrChars)
   at System.Xml.XmlTextReaderImpl.ParseText()
   at System.Xml.XmlTextReaderImpl.ParseElementContent()
   at System.Xml.XmlTextReaderImpl.Read()
   at System.Xml.XmlLoader.LoadNode(Boolean skipOverWhitespace)
   at System.Xml.XmlLoader.LoadDocSequence(XmlDocument parentDoc)
   at System.Xml.XmlLoader.Load(XmlDocument doc, XmlReader reader, Boolean preserveWhitespace)
   at System.Xml.XmlDocument.Load(XmlReader reader)
   at System.Xml.XmlDocument.Load(String filename)
   at DataAnalyzer.Support.FileManager.WriteInputMessage(InputMessages Message, String FileName) in E:\EXTENAL_CODE\Project_live\External Project_new\External Project\DataAnalyzer\Support\FileManager.cs:line 1102

--------------------------------------------------------------------------------------------------------
07-24-2026 17:05:35
'.', hexadecimal value 0x00, is an invalid character. Line 38069, position 8.
   at System.Xml.XmlTextReaderImpl.Throw(Exception e)
   at System.Xml.XmlTextReaderImpl.Throw(String res, String[] args)
   at System.Xml.XmlTextReaderImpl.ParseText(Int32& startPos, Int32& endPos, Int32& outOrChars)
   at System.Xml.XmlTextReaderImpl.ParseText()
   at System.Xml.XmlTextReaderImpl.ParseElementContent()
   at System.Xml.XmlTextReaderImpl.Read()
   at System.Xml.XmlLoader.LoadNode(Boolean skipOverWhitespace)
   at System.Xml.XmlLoader.LoadDocSequence(XmlDocument parentDoc)
   at System.Xml.XmlLoader.Load(XmlDocument doc, XmlReader reader, Boolean preserveWhitespace)
   at System.Xml.XmlDocument.Load(XmlReader reader)
   at System.Xml.XmlDocument.Load(String filename)
   at DataAnalyzer.Support.FileManager.WriteInputMessage(InputMessages Message, String FileName) in E:\EXTENAL_CODE\Project_live\External Project_new\External Project\DataAnalyzer\Support\FileManager.cs:line 1102

--------------------------------------------------------------------------------------------------------
07-24-2026 17:06:52
'.', hexadecimal value 0x00, is an invalid character. Line 38069, position 8.
   at System.Xml.XmlTextReaderImpl.Throw(Exception e)
   at System.Xml.XmlTextReaderImpl.Throw(String res, String[] args)
   at System.Xml.XmlTextReaderImpl.ParseText(Int32& startPos, Int32& endPos, Int32& outOrChars)
   at System.Xml.XmlTextReaderImpl.ParseText()
   at System.Xml.XmlTextReaderImpl.ParseElementContent()
   at System.Xml.XmlTextReaderImpl.Read()
   at System.Xml.XmlLoader.LoadNode(Boolean skipOverWhitespace)
   at System.Xml.XmlLoader.LoadDocSequence(XmlDocument parentDoc)
   at System.Xml.XmlLoader.Load(XmlDocument doc, XmlReader reader, Boolean preserveWhitespace)
   at System.Xml.XmlDocument.Load(XmlReader reader)
   at System.Xml.XmlDocument.Load(String filename)
   at DataAnalyzer.Support.FileManager.WriteInputMessage(InputMessages Message, String FileName) in E:\EXTENAL_CODE\Project_live\External Project_new\External Project\DataAnalyzer\Support\FileManager.cs:line 1102

--------------------------------------------------------------------------------------------------------
07-24-2026 17:08:18
'.', hexadecimal value 0x00, is an invalid character. Line 38069, position 8.
   at System.Xml.XmlTextReaderImpl.Throw(Exception e)
   at System.Xml.XmlTextReaderImpl.Throw(String res, String[] args)
   at System.Xml.XmlTextReaderImpl.ParseText(Int32& startPos, Int32& endPos, Int32& outOrChars)
   at System.Xml.XmlTextReaderImpl.ParseText()
   at System.Xml.XmlTextReaderImpl.ParseElementContent()
   at System.Xml.XmlTextReaderImpl.Read()
   at System.Xml.XmlLoader.LoadNode(Boolean skipOverWhitespace)
   at System.Xml.XmlLoader.LoadDocSequence(XmlDocument parentDoc)
   at System.Xml.XmlLoader.Load(XmlDocument doc, XmlReader reader, Boolean preserveWhitespace)
   at System.Xml.XmlDocument.Load(XmlReader reader)
   at System.Xml.XmlDocument.Load(String filename)
   at DataAnalyzer.Support.FileManager.WriteInputMessage(InputMessages Message, String FileName) in E:\EXTENAL_CODE\Project_live\External Project_new\External Project\DataAnalyzer\Support\FileManager.cs:line 1102

--------------------------------------------------------------------------------------------------------
07-24-2026 17:09:44
'.', hexadecimal value 0x00, is an invalid character. Line 38069, position 8.
   at System.Xml.XmlTextReaderImpl.Throw(Exception e)
   at System.Xml.XmlTextReaderImpl.Throw(String res, String[] args)
   at System.Xml.XmlTextReaderImpl.ParseText(Int32& startPos, Int32& endPos, Int32& outOrChars)
   at System.Xml.XmlTextReaderImpl.ParseText()
   at System.Xml.XmlTextReaderImpl.ParseElementContent()
   at System.Xml.XmlTextReaderImpl.Read()
   at System.Xml.XmlLoader.LoadNode(Boolean skipOverWhitespace)
   at System.Xml.XmlLoader.LoadDocSequence(XmlDocument parentDoc)
   at System.Xml.XmlLoader.Load(XmlDocument doc, XmlReader reader, Boolean preserveWhitespace)
   at System.Xml.XmlDocument.Load(XmlReader reader)
   at System.Xml.XmlDocument.Load(String filename)
   at DataAnalyzer.Support.FileManager.WriteInputMessage(InputMessages Message, String FileName) in E:\EXTENAL_CODE\Project_live\External Project_new\External Project\DataAnalyzer\Support\FileManager.cs:line 1102

--------------------------------------------------------------------------------------------------------
07-24-2026 17:11:10
'.', hexadecimal value 0x00, is an invalid character. Line 38069, position 8.
   at System.Xml.XmlTextReaderImpl.Throw(Exception e)
   at System.Xml.XmlTextReaderImpl.Throw(String res, String[] args)
   at System.Xml.XmlTextReaderImpl.ParseText(Int32& startPos, Int32& endPos, Int32& outOrChars)
   at System.Xml.XmlTextReaderImpl.ParseText()
   at System.Xml.XmlTextReaderImpl.ParseElementContent()
   at System.Xml.XmlTextReaderImpl.Read()
   at System.Xml.XmlLoader.LoadNode(Boolean skipOverWhitespace)
   at System.Xml.XmlLoader.LoadDocSequence(XmlDocument parentDoc)
   at System.Xml.XmlLoader.Load(XmlDocument doc, XmlReader reader, Boolean preserveWhitespace)
   at System.Xml.XmlDocument.Load(XmlReader reader)
   at System.Xml.XmlDocument.Load(String filename)
   at DataAnalyzer.Support.FileManager.WriteInputMessage(InputMessages Message, String FileName) in E:\EXTENAL_CODE\Project_live\External Project_new\External Project\DataAnalyzer\Support\FileManager.cs:line 1102

--------------------------------------------------------------------------------------------------------
07-24-2026 17:27:46
'.', hexadecimal value 0x00, is an invalid character. Line 38069, position 8.
   at System.Xml.XmlTextReaderImpl.Throw(Exception e)
   at System.Xml.XmlTextReaderImpl.Throw(String res, String[] args)
   at System.Xml.XmlTextReaderImpl.ParseText(Int32& startPos, Int32& endPos, Int32& outOrChars)
   at System.Xml.XmlTextReaderImpl.ParseText()
   at System.Xml.XmlTextReaderImpl.ParseElementContent()
   at System.Xml.XmlTextReaderImpl.Read()
   at System.Xml.XmlLoader.LoadNode(Boolean skipOverWhitespace)
   at System.Xml.XmlLoader.LoadDocSequence(XmlDocument parentDoc)
   at System.Xml.XmlLoader.Load(XmlDocument doc, XmlReader reader, Boolean preserveWhitespace)
   at System.Xml.XmlDocument.Load(XmlReader reader)
   at System.Xml.XmlDocument.Load(String filename)
   at DataAnalyzer.Support.FileManager.WriteInputMessage(InputMessages Message, String FileName) in E:\EXTENAL_CODE\Project_live\External Project_new\External Project\DataAnalyzer\Support\FileManager.cs:line 1102

--------------------------------------------------------------------------------------------------------
07-24-2026 17:29:12
'.', hexadecimal value 0x00, is an invalid character. Line 38069, position 8.
   at System.Xml.XmlTextReaderImpl.Throw(Exception e)
   at System.Xml.XmlTextReaderImpl.Throw(String res, String[] args)
   at System.Xml.XmlTextReaderImpl.ParseText(Int32& startPos, Int32& endPos, Int32& outOrChars)
   at System.Xml.XmlTextReaderImpl.ParseText()
   at System.Xml.XmlTextReaderImpl.ParseElementContent()
   at System.Xml.XmlTextReaderImpl.Read()
   at System.Xml.XmlLoader.LoadNode(Boolean skipOverWhitespace)
   at System.Xml.XmlLoader.LoadDocSequence(XmlDocument parentDoc)
   at System.Xml.XmlLoader.Load(XmlDocument doc, XmlReader reader, Boolean preserveWhitespace)
   at System.Xml.XmlDocument.Load(XmlReader reader)
   at System.Xml.XmlDocument.Load(String filename)
   at DataAnalyzer.Support.FileManager.WriteInputMessage(InputMessages Message, String FileName) in E:\EXTENAL_CODE\Project_live\External Project_new\External Project\DataAnalyzer\Support\FileManager.cs:line 1102

--------------------------------------------------------------------------------------------------------
07-24-2026 17:30:29
'.', hexadecimal value 0x00, is an invalid character. Line 38069, position 8.
   at System.Xml.XmlTextReaderImpl.Throw(Exception e)
   at System.Xml.XmlTextReaderImpl.Throw(String res, String[] args)
   at System.Xml.XmlTextReaderImpl.ParseText(Int32& startPos, Int32& endPos, Int32& outOrChars)
   at System.Xml.XmlTextReaderImpl.ParseText()
   at System.Xml.XmlTextReaderImpl.ParseElementContent()
   at System.Xml.XmlTextReaderImpl.Read()
   at System.Xml.XmlLoader.LoadNode(Boolean skipOverWhitespace)
   at System.Xml.XmlLoader.LoadDocSequence(XmlDocument parentDoc)
   at System.Xml.XmlLoader.Load(XmlDocument doc, XmlReader reader, Boolean preserveWhitespace)
   at System.Xml.XmlDocument.Load(XmlReader reader)
   at System.Xml.XmlDocument.Load(String filename)
   at DataAnalyzer.Support.FileManager.WriteInputMessage(InputMessages Message, String FileName) in E:\EXTENAL_CODE\Project_live\External Project_new\External Project\DataAnalyzer\Support\FileManager.cs:line 1102

--------------------------------------------------------------------------------------------------------
07-24-2026 17:31:46
'.', hexadecimal value 0x00, is an invalid character. Line 38069, position 8.
   at System.Xml.XmlTextReaderImpl.Throw(Exception e)
   at System.Xml.XmlTextReaderImpl.Throw(String res, String[] args)
   at System.Xml.XmlTextReaderImpl.ParseText(Int32& startPos, Int32& endPos, Int32& outOrChars)
   at System.Xml.XmlTextReaderImpl.ParseText()
   at System.Xml.XmlTextReaderImpl.ParseElementContent()
   at System.Xml.XmlTextReaderImpl.Read()
   at System.Xml.XmlLoader.LoadNode(Boolean skipOverWhitespace)
   at System.Xml.XmlLoader.LoadDocSequence(XmlDocument parentDoc)
   at System.Xml.XmlLoader.Load(XmlDocument doc, XmlReader reader, Boolean preserveWhitespace)
   at System.Xml.XmlDocument.Load(XmlReader reader)
   at System.Xml.XmlDocument.Load(String filename)
   at DataAnalyzer.Support.FileManager.WriteInputMessage(InputMessages Message, String FileName) in E:\EXTENAL_CODE\Project_live\External Project_new\External Project\DataAnalyzer\Support\FileManager.cs:line 1102

--------------------------------------------------------------------------------------------------------
07-24-2026 17:33:05
'.', hexadecimal value 0x00, is an invalid character. Line 38069, position 8.
   at System.Xml.XmlTextReaderImpl.Throw(Exception e)
   at System.Xml.XmlTextReaderImpl.Throw(String res, String[] args)
   at System.Xml.XmlTextReaderImpl.ParseText(Int32& startPos, Int32& endPos, Int32& outOrChars)
   at System.Xml.XmlTextReaderImpl.ParseText()
   at System.Xml.XmlTextReaderImpl.ParseElementContent()
   at System.Xml.XmlTextReaderImpl.Read()
   at System.Xml.XmlLoader.LoadNode(Boolean skipOverWhitespace)
   at System.Xml.XmlLoader.LoadDocSequence(XmlDocument parentDoc)
   at System.Xml.XmlLoader.Load(XmlDocument doc, XmlReader reader, Boolean preserveWhitespace)
   at System.Xml.XmlDocument.Load(XmlReader reader)
   at System.Xml.XmlDocument.Load(String filename)
   at DataAnalyzer.Support.FileManager.WriteInputMessage(InputMessages Message, String FileName) in E:\EXTENAL_CODE\Project_live\External Project_new\External Project\DataAnalyzer\Support\FileManager.cs:line 1102

--------------------------------------------------------------------------------------------------------
07-24-2026 17:33:09
'.', hexadecimal value 0x00, is an invalid character. Line 38069, position 8.
   at System.Xml.XmlTextReaderImpl.Throw(Exception e)
   at System.Xml.XmlTextReaderImpl.Throw(String res, String[] args)
   at System.Xml.XmlTextReaderImpl.ParseText(Int32& startPos, Int32& endPos, Int32& outOrChars)
   at System.Xml.XmlTextReaderImpl.ParseText()
   at System.Xml.XmlTextReaderImpl.ParseElementContent()
   at System.Xml.XmlTextReaderImpl.Read()
   at System.Xml.XmlLoader.LoadNode(Boolean skipOverWhitespace)
   at System.Xml.XmlLoader.LoadDocSequence(XmlDocument parentDoc)
   at System.Xml.XmlLoader.Load(XmlDocument doc, XmlReader reader, Boolean preserveWhitespace)
   at System.Xml.XmlDocument.Load(XmlReader reader)
   at System.Xml.XmlDocument.Load(String filename)
   at DataAnalyzer.Support.FileManager.WriteInputMessage(InputMessages Message, String FileName) in E:\EXTENAL_CODE\Project_live\External Project_new\External Project\DataAnalyzer\Support\FileManager.cs:line 1102

--------------------------------------------------------------------------------------------------------
07-24-2026 17:33:14
'.', hexadecimal value 0x00, is an invalid character. Line 38069, position 8.
   at System.Xml.XmlTextReaderImpl.Throw(Exception e)
   at System.Xml.XmlTextReaderImpl.Throw(String res, String[] args)
   at System.Xml.XmlTextReaderImpl.ParseText(Int32& startPos, Int32& endPos, Int32& outOrChars)
   at System.Xml.XmlTextReaderImpl.ParseText()
   at System.Xml.XmlTextReaderImpl.ParseElementContent()
   at System.Xml.XmlTextReaderImpl.Read()
   at System.Xml.XmlLoader.LoadNode(Boolean skipOverWhitespace)
   at System.Xml.XmlLoader.LoadDocSequence(XmlDocument parentDoc)
   at System.Xml.XmlLoader.Load(XmlDocument doc, XmlReader reader, Boolean preserveWhitespace)
   at System.Xml.XmlDocument.Load(XmlReader reader)
   at System.Xml.XmlDocument.Load(String filename)
   at DataAnalyzer.Support.FileManager.WriteInputMessage(InputMessages Message, String FileName) in E:\EXTENAL_CODE\Project_live\External Project_new\External Project\DataAnalyzer\Support\FileManager.cs:line 1102

--------------------------------------------------------------------------------------------------------
07-24-2026 17:34:38
'.', hexadecimal value 0x00, is an invalid character. Line 38069, position 8.
   at System.Xml.XmlTextReaderImpl.Throw(Exception e)
   at System.Xml.XmlTextReaderImpl.Throw(String res, String[] args)
   at System.Xml.XmlTextReaderImpl.ParseText(Int32& startPos, Int32& endPos, Int32& outOrChars)
   at System.Xml.XmlTextReaderImpl.ParseText()
   at System.Xml.XmlTextReaderImpl.ParseElementContent()
   at System.Xml.XmlTextReaderImpl.Read()
   at System.Xml.XmlLoader.LoadNode(Boolean skipOverWhitespace)
   at System.Xml.XmlLoader.LoadDocSequence(XmlDocument parentDoc)
   at System.Xml.XmlLoader.Load(XmlDocument doc, XmlReader reader, Boolean preserveWhitespace)
   at System.Xml.XmlDocument.Load(XmlReader reader)
   at System.Xml.XmlDocument.Load(String filename)
   at DataAnalyzer.Support.FileManager.WriteInputMessage(InputMessages Message, String FileName) in E:\EXTENAL_CODE\Project_live\External Project_new\External Project\DataAnalyzer\Support\FileManager.cs:line 1102

--------------------------------------------------------------------------------------------------------
07-24-2026 17:35:00
'.', hexadecimal value 0x00, is an invalid character. Line 38069, position 8.
   at System.Xml.XmlTextReaderImpl.Throw(Exception e)
   at System.Xml.XmlTextReaderImpl.Throw(String res, String[] args)
   at System.Xml.XmlTextReaderImpl.ParseText(Int32& startPos, Int32& endPos, Int32& outOrChars)
   at System.Xml.XmlTextReaderImpl.ParseText()
   at System.Xml.XmlTextReaderImpl.ParseElementContent()
   at System.Xml.XmlTextReaderImpl.Read()
   at System.Xml.XmlLoader.LoadNode(Boolean skipOverWhitespace)
   at System.Xml.XmlLoader.LoadDocSequence(XmlDocument parentDoc)
   at System.Xml.XmlLoader.Load(XmlDocument doc, XmlReader reader, Boolean preserveWhitespace)
   at System.Xml.XmlDocument.Load(XmlReader reader)
   at System.Xml.XmlDocument.Load(String filename)
   at DataAnalyzer.Support.FileManager.WriteInputMessage(InputMessages Message, String FileName) in E:\EXTENAL_CODE\Project_live\External Project_new\External Project\DataAnalyzer\Support\FileManager.cs:line 1102

--------------------------------------------------------------------------------------------------------
07-24-2026 17:36:13
'.', hexadecimal value 0x00, is an invalid character. Line 38069, position 8.
   at System.Xml.XmlTextReaderImpl.Throw(Exception e)
   at System.Xml.XmlTextReaderImpl.Throw(String res, String[] args)
   at System.Xml.XmlTextReaderImpl.ParseText(Int32& startPos, Int32& endPos, Int32& outOrChars)
   at System.Xml.XmlTextReaderImpl.ParseText()
   at System.Xml.XmlTextReaderImpl.ParseElementContent()
   at System.Xml.XmlTextReaderImpl.Read()
   at System.Xml.XmlLoader.LoadNode(Boolean skipOverWhitespace)
   at System.Xml.XmlLoader.LoadDocSequence(XmlDocument parentDoc)
   at System.Xml.XmlLoader.Load(XmlDocument doc, XmlReader reader, Boolean preserveWhitespace)
   at System.Xml.XmlDocument.Load(XmlReader reader)
   at System.Xml.XmlDocument.Load(String filename)
   at DataAnalyzer.Support.FileManager.WriteInputMessage(InputMessages Message, String FileName) in E:\EXTENAL_CODE\Project_live\External Project_new\External Project\DataAnalyzer\Support\FileManager.cs:line 1102

--------------------------------------------------------------------------------------------------------
07-24-2026 17:36:23
'.', hexadecimal value 0x00, is an invalid character. Line 38069, position 8.
   at System.Xml.XmlTextReaderImpl.Throw(Exception e)
   at System.Xml.XmlTextReaderImpl.Throw(String res, String[] args)
   at System.Xml.XmlTextReaderImpl.ParseText(Int32& startPos, Int32& endPos, Int32& outOrChars)
   at System.Xml.XmlTextReaderImpl.ParseText()
   at System.Xml.XmlTextReaderImpl.ParseElementContent()
   at System.Xml.XmlTextReaderImpl.Read()
   at System.Xml.XmlLoader.LoadNode(Boolean skipOverWhitespace)
   at System.Xml.XmlLoader.LoadDocSequence(XmlDocument parentDoc)
   at System.Xml.XmlLoader.Load(XmlDocument doc, XmlReader reader, Boolean preserveWhitespace)
   at System.Xml.XmlDocument.Load(XmlReader reader)
   at System.Xml.XmlDocument.Load(String filename)
   at DataAnalyzer.Support.FileManager.WriteInputMessage(InputMessages Message, String FileName) in E:\EXTENAL_CODE\Project_live\External Project_new\External Project\DataAnalyzer\Support\FileManager.cs:line 1102

--------------------------------------------------------------------------------------------------------
07-24-2026 17:36:31
'.', hexadecimal value 0x00, is an invalid character. Line 38069, position 8.
   at System.Xml.XmlTextReaderImpl.Throw(Exception e)
   at System.Xml.XmlTextReaderImpl.Throw(String res, String[] args)
   at System.Xml.XmlTextReaderImpl.ParseText(Int32& startPos, Int32& endPos, Int32& outOrChars)
   at System.Xml.XmlTextReaderImpl.ParseText()
   at System.Xml.XmlTextReaderImpl.ParseElementContent()
   at System.Xml.XmlTextReaderImpl.Read()
   at System.Xml.XmlLoader.LoadNode(Boolean skipOverWhitespace)
   at System.Xml.XmlLoader.LoadDocSequence(XmlDocument parentDoc)
   at System.Xml.XmlLoader.Load(XmlDocument doc, XmlReader reader, Boolean preserveWhitespace)
   at System.Xml.XmlDocument.Load(XmlReader reader)
   at System.Xml.XmlDocument.Load(String filename)
   at DataAnalyzer.Support.FileManager.WriteInputMessage(InputMessages Message, String FileName) in E:\EXTENAL_CODE\Project_live\External Project_new\External Project\DataAnalyzer\Support\FileManager.cs:line 1102

--------------------------------------------------------------------------------------------------------
07-24-2026 17:36:53
'.', hexadecimal value 0x00, is an invalid character. Line 38069, position 8.
   at System.Xml.XmlTextReaderImpl.Throw(Exception e)
   at System.Xml.XmlTextReaderImpl.Throw(String res, String[] args)
   at System.Xml.XmlTextReaderImpl.ParseText(Int32& startPos, Int32& endPos, Int32& outOrChars)
   at System.Xml.XmlTextReaderImpl.ParseText()
   at System.Xml.XmlTextReaderImpl.ParseElementContent()
   at System.Xml.XmlTextReaderImpl.Read()
   at System.Xml.XmlLoader.LoadNode(Boolean skipOverWhitespace)
   at System.Xml.XmlLoader.LoadDocSequence(XmlDocument parentDoc)
   at System.Xml.XmlLoader.Load(XmlDocument doc, XmlReader reader, Boolean preserveWhitespace)
   at System.Xml.XmlDocument.Load(XmlReader reader)
   at System.Xml.XmlDocument.Load(String filename)
   at DataAnalyzer.Support.FileManager.WriteInputMessage(InputMessages Message, String FileName) in E:\EXTENAL_CODE\Project_live\External Project_new\External Project\DataAnalyzer\Support\FileManager.cs:line 1102

--------------------------------------------------------------------------------------------------------
07-24-2026 17:36:58
'.', hexadecimal value 0x00, is an invalid character. Line 38069, position 8.
   at System.Xml.XmlTextReaderImpl.Throw(Exception e)
   at System.Xml.XmlTextReaderImpl.Throw(String res, String[] args)
   at System.Xml.XmlTextReaderImpl.ParseText(Int32& startPos, Int32& endPos, Int32& outOrChars)
   at System.Xml.XmlTextReaderImpl.ParseText()
   at System.Xml.XmlTextReaderImpl.ParseElementContent()
   at System.Xml.XmlTextReaderImpl.Read()
   at System.Xml.XmlLoader.LoadNode(Boolean skipOverWhitespace)
   at System.Xml.XmlLoader.LoadDocSequence(XmlDocument parentDoc)
   at System.Xml.XmlLoader.Load(XmlDocument doc, XmlReader reader, Boolean preserveWhitespace)
   at System.Xml.XmlDocument.Load(XmlReader reader)
   at System.Xml.XmlDocument.Load(String filename)
   at DataAnalyzer.Support.FileManager.WriteInputMessage(InputMessages Message, String FileName) in E:\EXTENAL_CODE\Project_live\External Project_new\External Project\DataAnalyzer\Support\FileManager.cs:line 1102

--------------------------------------------------------------------------------------------------------
07-24-2026 17:37:11
'.', hexadecimal value 0x00, is an invalid character. Line 38069, position 8.
   at System.Xml.XmlTextReaderImpl.Throw(Exception e)
   at System.Xml.XmlTextReaderImpl.Throw(String res, String[] args)
   at System.Xml.XmlTextReaderImpl.ParseText(Int32& startPos, Int32& endPos, Int32& outOrChars)
   at System.Xml.XmlTextReaderImpl.ParseText()
   at System.Xml.XmlTextReaderImpl.ParseElementContent()
   at System.Xml.XmlTextReaderImpl.Read()
   at System.Xml.XmlLoader.LoadNode(Boolean skipOverWhitespace)
   at System.Xml.XmlLoader.LoadDocSequence(XmlDocument parentDoc)
   at System.Xml.XmlLoader.Load(XmlDocument doc, XmlReader reader, Boolean preserveWhitespace)
   at System.Xml.XmlDocument.Load(XmlReader reader)
   at System.Xml.XmlDocument.Load(String filename)
   at DataAnalyzer.Support.FileManager.WriteInputMessage(InputMessages Message, String FileName) in E:\EXTENAL_CODE\Project_live\External Project_new\External Project\DataAnalyzer\Support\FileManager.cs:line 1102

--------------------------------------------------------------------------------------------------------
07-24-2026 17:37:20
'.', hexadecimal value 0x00, is an invalid character. Line 38069, position 8.
   at System.Xml.XmlTextReaderImpl.Throw(Exception e)
   at System.Xml.XmlTextReaderImpl.Throw(String res, String[] args)
   at System.Xml.XmlTextReaderImpl.ParseText(Int32& startPos, Int32& endPos, Int32& outOrChars)
   at System.Xml.XmlTextReaderImpl.ParseText()
   at System.Xml.XmlTextReaderImpl.ParseElementContent()
   at System.Xml.XmlTextReaderImpl.Read()
   at System.Xml.XmlLoader.LoadNode(Boolean skipOverWhitespace)
   at System.Xml.XmlLoader.LoadDocSequence(XmlDocument parentDoc)
   at System.Xml.XmlLoader.Load(XmlDocument doc, XmlReader reader, Boolean preserveWhitespace)
   at System.Xml.XmlDocument.Load(XmlReader reader)
   at System.Xml.XmlDocument.Load(String filename)
   at DataAnalyzer.Support.FileManager.WriteInputMessage(InputMessages Message, String FileName) in E:\EXTENAL_CODE\Project_live\External Project_new\External Project\DataAnalyzer\Support\FileManager.cs:line 1102

--------------------------------------------------------------------------------------------------------
07-24-2026 17:37:25
'.', hexadecimal value 0x00, is an invalid character. Line 38069, position 8.
   at System.Xml.XmlTextReaderImpl.Throw(Exception e)
   at System.Xml.XmlTextReaderImpl.Throw(String res, String[] args)
   at System.Xml.XmlTextReaderImpl.ParseText(Int32& startPos, Int32& endPos, Int32& outOrChars)
   at System.Xml.XmlTextReaderImpl.ParseText()
   at System.Xml.XmlTextReaderImpl.ParseElementContent()
   at System.Xml.XmlTextReaderImpl.Read()
   at System.Xml.XmlLoader.LoadNode(Boolean skipOverWhitespace)
   at System.Xml.XmlLoader.LoadDocSequence(XmlDocument parentDoc)
   at System.Xml.XmlLoader.Load(XmlDocument doc, XmlReader reader, Boolean preserveWhitespace)
   at System.Xml.XmlDocument.Load(XmlReader reader)
   at System.Xml.XmlDocument.Load(String filename)
   at DataAnalyzer.Support.FileManager.WriteInputMessage(InputMessages Message, String FileName) in E:\EXTENAL_CODE\Project_live\External Project_new\External Project\DataAnalyzer\Support\FileManager.cs:line 1102

--------------------------------------------------------------------------------------------------------
07-24-2026 17:37:34
'.', hexadecimal value 0x00, is an invalid character. Line 38069, position 8.
   at System.Xml.XmlTextReaderImpl.Throw(Exception e)
   at System.Xml.XmlTextReaderImpl.Throw(String res, String[] args)
   at System.Xml.XmlTextReaderImpl.ParseText(Int32& startPos, Int32& endPos, Int32& outOrChars)
   at System.Xml.XmlTextReaderImpl.ParseText()
   at System.Xml.XmlTextReaderImpl.ParseElementContent()
   at System.Xml.XmlTextReaderImpl.Read()
   at System.Xml.XmlLoader.LoadNode(Boolean skipOverWhitespace)
   at System.Xml.XmlLoader.LoadDocSequence(XmlDocument parentDoc)
   at System.Xml.XmlLoader.Load(XmlDocument doc, XmlReader reader, Boolean preserveWhitespace)
   at System.Xml.XmlDocument.Load(XmlReader reader)
   at System.Xml.XmlDocument.Load(String filename)
   at DataAnalyzer.Support.FileManager.WriteInputMessage(InputMessages Message, String FileName) in E:\EXTENAL_CODE\Project_live\External Project_new\External Project\DataAnalyzer\Support\FileManager.cs:line 1102

--------------------------------------------------------------------------------------------------------
07-24-2026 17:42:33
'.', hexadecimal value 0x00, is an invalid character. Line 38069, position 8.
   at System.Xml.XmlTextReaderImpl.Throw(Exception e)
   at System.Xml.XmlTextReaderImpl.Throw(String res, String[] args)
   at System.Xml.XmlTextReaderImpl.ParseText(Int32& startPos, Int32& endPos, Int32& outOrChars)
   at System.Xml.XmlTextReaderImpl.ParseText()
   at System.Xml.XmlTextReaderImpl.ParseElementContent()
   at System.Xml.XmlTextReaderImpl.Read()
   at System.Xml.XmlLoader.LoadNode(Boolean skipOverWhitespace)
   at System.Xml.XmlLoader.LoadDocSequence(XmlDocument parentDoc)
   at System.Xml.XmlLoader.Load(XmlDocument doc, XmlReader reader, Boolean preserveWhitespace)
   at System.Xml.XmlDocument.Load(XmlReader reader)
   at System.Xml.XmlDocument.Load(String filename)
   at DataAnalyzer.Support.FileManager.WriteInputMessage(InputMessages Message, String FileName) in E:\EXTENAL_CODE\Project_live\External Project_new\External Project\DataAnalyzer\Support\FileManager.cs:line 1102

--------------------------------------------------------------------------------------------------------
07-24-2026 17:42:42
'.', hexadecimal value 0x00, is an invalid character. Line 38069, position 8.
   at System.Xml.XmlTextReaderImpl.Throw(Exception e)
   at System.Xml.XmlTextReaderImpl.Throw(String res, String[] args)
   at System.Xml.XmlTextReaderImpl.ParseText(Int32& startPos, Int32& endPos, Int32& outOrChars)
   at System.Xml.XmlTextReaderImpl.ParseText()
   at System.Xml.XmlTextReaderImpl.ParseElementContent()
   at System.Xml.XmlTextReaderImpl.Read()
   at System.Xml.XmlLoader.LoadNode(Boolean skipOverWhitespace)
   at System.Xml.XmlLoader.LoadDocSequence(XmlDocument parentDoc)
   at System.Xml.XmlLoader.Load(XmlDocument doc, XmlReader reader, Boolean preserveWhitespace)
   at System.Xml.XmlDocument.Load(XmlReader reader)
   at System.Xml.XmlDocument.Load(String filename)
   at DataAnalyzer.Support.FileManager.WriteInputMessage(InputMessages Message, String FileName) in E:\EXTENAL_CODE\Project_live\External Project_new\External Project\DataAnalyzer\Support\FileManager.cs:line 1102

--------------------------------------------------------------------------------------------------------
07-24-2026 17:43:00
'.', hexadecimal value 0x00, is an invalid character. Line 38069, position 8.
   at System.Xml.XmlTextReaderImpl.Throw(Exception e)
   at System.Xml.XmlTextReaderImpl.Throw(String res, String[] args)
   at System.Xml.XmlTextReaderImpl.ParseText(Int32& startPos, Int32& endPos, Int32& outOrChars)
   at System.Xml.XmlTextReaderImpl.ParseText()
   at System.Xml.XmlTextReaderImpl.ParseElementContent()
   at System.Xml.XmlTextReaderImpl.Read()
   at System.Xml.XmlLoader.LoadNode(Boolean skipOverWhitespace)
   at System.Xml.XmlLoader.LoadDocSequence(XmlDocument parentDoc)
   at System.Xml.XmlLoader.Load(XmlDocument doc, XmlReader reader, Boolean preserveWhitespace)
   at System.Xml.XmlDocument.Load(XmlReader reader)
   at System.Xml.XmlDocument.Load(String filename)
   at DataAnalyzer.Support.FileManager.WriteInputMessage(InputMessages Message, String FileName) in E:\EXTENAL_CODE\Project_live\External Project_new\External Project\DataAnalyzer\Support\FileManager.cs:line 1102

--------------------------------------------------------------------------------------------------------
07-24-2026 17:44:26
'.', hexadecimal value 0x00, is an invalid character. Line 38069, position 8.
   at System.Xml.XmlTextReaderImpl.Throw(Exception e)
   at System.Xml.XmlTextReaderImpl.Throw(String res, String[] args)
   at System.Xml.XmlTextReaderImpl.ParseText(Int32& startPos, Int32& endPos, Int32& outOrChars)
   at System.Xml.XmlTextReaderImpl.ParseText()
   at System.Xml.XmlTextReaderImpl.ParseElementContent()
   at System.Xml.XmlTextReaderImpl.Read()
   at System.Xml.XmlLoader.LoadNode(Boolean skipOverWhitespace)
   at System.Xml.XmlLoader.LoadDocSequence(XmlDocument parentDoc)
   at System.Xml.XmlLoader.Load(XmlDocument doc, XmlReader reader, Boolean preserveWhitespace)
   at System.Xml.XmlDocument.Load(XmlReader reader)
   at System.Xml.XmlDocument.Load(String filename)
   at DataAnalyzer.Support.FileManager.WriteInputMessage(InputMessages Message, String FileName) in E:\EXTENAL_CODE\Project_live\External Project_new\External Project\DataAnalyzer\Support\FileManager.cs:line 1102

--------------------------------------------------------------------------------------------------------
07-24-2026 17:45:43
'.', hexadecimal value 0x00, is an invalid character. Line 38069, position 8.
   at System.Xml.XmlTextReaderImpl.Throw(Exception e)
   at System.Xml.XmlTextReaderImpl.Throw(String res, String[] args)
   at System.Xml.XmlTextReaderImpl.ParseText(Int32& startPos, Int32& endPos, Int32& outOrChars)
   at System.Xml.XmlTextReaderImpl.ParseText()
   at System.Xml.XmlTextReaderImpl.ParseElementContent()
   at System.Xml.XmlTextReaderImpl.Read()
   at System.Xml.XmlLoader.LoadNode(Boolean skipOverWhitespace)
   at System.Xml.XmlLoader.LoadDocSequence(XmlDocument parentDoc)
   at System.Xml.XmlLoader.Load(XmlDocument doc, XmlReader reader, Boolean preserveWhitespace)
   at System.Xml.XmlDocument.Load(XmlReader reader)
   at System.Xml.XmlDocument.Load(String filename)
   at DataAnalyzer.Support.FileManager.WriteInputMessage(InputMessages Message, String FileName) in E:\EXTENAL_CODE\Project_live\External Project_new\External Project\DataAnalyzer\Support\FileManager.cs:line 1102

--------------------------------------------------------------------------------------------------------
07-24-2026 17:47:09
'.', hexadecimal value 0x00, is an invalid character. Line 38069, position 8.
   at System.Xml.XmlTextReaderImpl.Throw(Exception e)
   at System.Xml.XmlTextReaderImpl.Throw(String res, String[] args)
   at System.Xml.XmlTextReaderImpl.ParseText(Int32& startPos, Int32& endPos, Int32& outOrChars)
   at System.Xml.XmlTextReaderImpl.ParseText()
   at System.Xml.XmlTextReaderImpl.ParseElementContent()
   at System.Xml.XmlTextReaderImpl.Read()
   at System.Xml.XmlLoader.LoadNode(Boolean skipOverWhitespace)
   at System.Xml.XmlLoader.LoadDocSequence(XmlDocument parentDoc)
   at System.Xml.XmlLoader.Load(XmlDocument doc, XmlReader reader, Boolean preserveWhitespace)
   at System.Xml.XmlDocument.Load(XmlReader reader)
   at System.Xml.XmlDocument.Load(String filename)
   at DataAnalyzer.Support.FileManager.WriteInputMessage(InputMessages Message, String FileName) in E:\EXTENAL_CODE\Project_live\External Project_new\External Project\DataAnalyzer\Support\FileManager.cs:line 1102

--------------------------------------------------------------------------------------------------------
07-24-2026 17:48:35
'.', hexadecimal value 0x00, is an invalid character. Line 38069, position 8.
   at System.Xml.XmlTextReaderImpl.Throw(Exception e)
   at System.Xml.XmlTextReaderImpl.Throw(String res, String[] args)
   at System.Xml.XmlTextReaderImpl.ParseText(Int32& startPos, Int32& endPos, Int32& outOrChars)
   at System.Xml.XmlTextReaderImpl.ParseText()
   at System.Xml.XmlTextReaderImpl.ParseElementContent()
   at System.Xml.XmlTextReaderImpl.Read()
   at System.Xml.XmlLoader.LoadNode(Boolean skipOverWhitespace)
   at System.Xml.XmlLoader.LoadDocSequence(XmlDocument parentDoc)
   at System.Xml.XmlLoader.Load(XmlDocument doc, XmlReader reader, Boolean preserveWhitespace)
   at System.Xml.XmlDocument.Load(XmlReader reader)
   at System.Xml.XmlDocument.Load(String filename)
   at DataAnalyzer.Support.FileManager.WriteInputMessage(InputMessages Message, String FileName) in E:\EXTENAL_CODE\Project_live\External Project_new\External Project\DataAnalyzer\Support\FileManager.cs:line 1102

--------------------------------------------------------------------------------------------------------
07-24-2026 17:50:24
'.', hexadecimal value 0x00, is an invalid character. Line 38069, position 8.
   at System.Xml.XmlTextReaderImpl.Throw(Exception e)
   at System.Xml.XmlTextReaderImpl.Throw(String res, String[] args)
   at System.Xml.XmlTextReaderImpl.ParseText(Int32& startPos, Int32& endPos, Int32& outOrChars)
   at System.Xml.XmlTextReaderImpl.ParseText()
   at System.Xml.XmlTextReaderImpl.ParseElementContent()
   at System.Xml.XmlTextReaderImpl.Read()
   at System.Xml.XmlLoader.LoadNode(Boolean skipOverWhitespace)
   at System.Xml.XmlLoader.LoadDocSequence(XmlDocument parentDoc)
   at System.Xml.XmlLoader.Load(XmlDocument doc, XmlReader reader, Boolean preserveWhitespace)
   at System.Xml.XmlDocument.Load(XmlReader reader)
   at System.Xml.XmlDocument.Load(String filename)
   at DataAnalyzer.Support.FileManager.WriteInputMessage(InputMessages Message, String FileName) in E:\EXTENAL_CODE\Project_live\External Project_new\External Project\DataAnalyzer\Support\FileManager.cs:line 1102

--------------------------------------------------------------------------------------------------------
07-24-2026 17:51:50
'.', hexadecimal value 0x00, is an invalid character. Line 38069, position 8.
   at System.Xml.XmlTextReaderImpl.Throw(Exception e)
   at System.Xml.XmlTextReaderImpl.Throw(String res, String[] args)
   at System.Xml.XmlTextReaderImpl.ParseText(Int32& startPos, Int32& endPos, Int32& outOrChars)
   at System.Xml.XmlTextReaderImpl.ParseText()
   at System.Xml.XmlTextReaderImpl.ParseElementContent()
   at System.Xml.XmlTextReaderImpl.Read()
   at System.Xml.XmlLoader.LoadNode(Boolean skipOverWhitespace)
   at System.Xml.XmlLoader.LoadDocSequence(XmlDocument parentDoc)
   at System.Xml.XmlLoader.Load(XmlDocument doc, XmlReader reader, Boolean preserveWhitespace)
   at System.Xml.XmlDocument.Load(XmlReader reader)
   at System.Xml.XmlDocument.Load(String filename)
   at DataAnalyzer.Support.FileManager.WriteInputMessage(InputMessages Message, String FileName) in E:\EXTENAL_CODE\Project_live\External Project_new\External Project\DataAnalyzer\Support\FileManager.cs:line 1102

--------------------------------------------------------------------------------------------------------
07-24-2026 17:53:16
'.', hexadecimal value 0x00, is an invalid character. Line 38069, position 8.
   at System.Xml.XmlTextReaderImpl.Throw(Exception e)
   at System.Xml.XmlTextReaderImpl.Throw(String res, String[] args)
   at System.Xml.XmlTextReaderImpl.ParseText(Int32& startPos, Int32& endPos, Int32& outOrChars)
   at System.Xml.XmlTextReaderImpl.ParseText()
   at System.Xml.XmlTextReaderImpl.ParseElementContent()
   at System.Xml.XmlTextReaderImpl.Read()
   at System.Xml.XmlLoader.LoadNode(Boolean skipOverWhitespace)
   at System.Xml.XmlLoader.LoadDocSequence(XmlDocument parentDoc)
   at System.Xml.XmlLoader.Load(XmlDocument doc, XmlReader reader, Boolean preserveWhitespace)
   at System.Xml.XmlDocument.Load(XmlReader reader)
   at System.Xml.XmlDocument.Load(String filename)
   at DataAnalyzer.Support.FileManager.WriteInputMessage(InputMessages Message, String FileName) in E:\EXTENAL_CODE\Project_live\External Project_new\External Project\DataAnalyzer\Support\FileManager.cs:line 1102

--------------------------------------------------------------------------------------------------------
07-24-2026 17:54:42
'.', hexadecimal value 0x00, is an invalid character. Line 38069, position 8.
   at System.Xml.XmlTextReaderImpl.Throw(Exception e)
   at System.Xml.XmlTextReaderImpl.Throw(String res, String[] args)
   at System.Xml.XmlTextReaderImpl.ParseText(Int32& startPos, Int32& endPos, Int32& outOrChars)
   at System.Xml.XmlTextReaderImpl.ParseText()
   at System.Xml.XmlTextReaderImpl.ParseElementContent()
   at System.Xml.XmlTextReaderImpl.Read()
   at System.Xml.XmlLoader.LoadNode(Boolean skipOverWhitespace)
   at System.Xml.XmlLoader.LoadDocSequence(XmlDocument parentDoc)
   at System.Xml.XmlLoader.Load(XmlDocument doc, XmlReader reader, Boolean preserveWhitespace)
   at System.Xml.XmlDocument.Load(XmlReader reader)
   at System.Xml.XmlDocument.Load(String filename)
   at DataAnalyzer.Support.FileManager.WriteInputMessage(InputMessages Message, String FileName) in E:\EXTENAL_CODE\Project_live\External Project_new\External Project\DataAnalyzer\Support\FileManager.cs:line 1102

--------------------------------------------------------------------------------------------------------
07-24-2026 17:56:08
'.', hexadecimal value 0x00, is an invalid character. Line 38069, position 8.
   at System.Xml.XmlTextReaderImpl.Throw(Exception e)
   at System.Xml.XmlTextReaderImpl.Throw(String res, String[] args)
   at System.Xml.XmlTextReaderImpl.ParseText(Int32& startPos, Int32& endPos, Int32& outOrChars)
   at System.Xml.XmlTextReaderImpl.ParseText()
   at System.Xml.XmlTextReaderImpl.ParseElementContent()
   at System.Xml.XmlTextReaderImpl.Read()
   at System.Xml.XmlLoader.LoadNode(Boolean skipOverWhitespace)
   at System.Xml.XmlLoader.LoadDocSequence(XmlDocument parentDoc)
   at System.Xml.XmlLoader.Load(XmlDocument doc, XmlReader reader, Boolean preserveWhitespace)
   at System.Xml.XmlDocument.Load(XmlReader reader)
   at System.Xml.XmlDocument.Load(String filename)
   at DataAnalyzer.Support.FileManager.WriteInputMessage(InputMessages Message, String FileName) in E:\EXTENAL_CODE\Project_live\External Project_new\External Project\DataAnalyzer\Support\FileManager.cs:line 1102

--------------------------------------------------------------------------------------------------------
07-24-2026 17:56:12
'.', hexadecimal value 0x00, is an invalid character. Line 38069, position 8.
   at System.Xml.XmlTextReaderImpl.Throw(Exception e)
   at System.Xml.XmlTextReaderImpl.Throw(String res, String[] args)
   at System.Xml.XmlTextReaderImpl.ParseText(Int32& startPos, Int32& endPos, Int32& outOrChars)
   at System.Xml.XmlTextReaderImpl.ParseText()
   at System.Xml.XmlTextReaderImpl.ParseElementContent()
   at System.Xml.XmlTextReaderImpl.Read()
   at System.Xml.XmlLoader.LoadNode(Boolean skipOverWhitespace)
   at System.Xml.XmlLoader.LoadDocSequence(XmlDocument parentDoc)
   at System.Xml.XmlLoader.Load(XmlDocument doc, XmlReader reader, Boolean preserveWhitespace)
   at System.Xml.XmlDocument.Load(XmlReader reader)
   at System.Xml.XmlDocument.Load(String filename)
   at DataAnalyzer.Support.FileManager.WriteInputMessage(InputMessages Message, String FileName) in E:\EXTENAL_CODE\Project_live\External Project_new\External Project\DataAnalyzer\Support\FileManager.cs:line 1102

--------------------------------------------------------------------------------------------------------
07-24-2026 17:57:38
'.', hexadecimal value 0x00, is an invalid character. Line 38069, position 8.
   at System.Xml.XmlTextReaderImpl.Throw(Exception e)
   at System.Xml.XmlTextReaderImpl.Throw(String res, String[] args)
   at System.Xml.XmlTextReaderImpl.ParseText(Int32& startPos, Int32& endPos, Int32& outOrChars)
   at System.Xml.XmlTextReaderImpl.ParseText()
   at System.Xml.XmlTextReaderImpl.ParseElementContent()
   at System.Xml.XmlTextReaderImpl.Read()
   at System.Xml.XmlLoader.LoadNode(Boolean skipOverWhitespace)
   at System.Xml.XmlLoader.LoadDocSequence(XmlDocument parentDoc)
   at System.Xml.XmlLoader.Load(XmlDocument doc, XmlReader reader, Boolean preserveWhitespace)
   at System.Xml.XmlDocument.Load(XmlReader reader)
   at System.Xml.XmlDocument.Load(String filename)
   at DataAnalyzer.Support.FileManager.WriteInputMessage(InputMessages Message, String FileName) in E:\EXTENAL_CODE\Project_live\External Project_new\External Project\DataAnalyzer\Support\FileManager.cs:line 1102

--------------------------------------------------------------------------------------------------------
07-24-2026 17:59:00
'.', hexadecimal value 0x00, is an invalid character. Line 38069, position 8.
   at System.Xml.XmlTextReaderImpl.Throw(Exception e)
   at System.Xml.XmlTextReaderImpl.Throw(String res, String[] args)
   at System.Xml.XmlTextReaderImpl.ParseText(Int32& startPos, Int32& endPos, Int32& outOrChars)
   at System.Xml.XmlTextReaderImpl.ParseText()
   at System.Xml.XmlTextReaderImpl.ParseElementContent()
   at System.Xml.XmlTextReaderImpl.Read()
   at System.Xml.XmlLoader.LoadNode(Boolean skipOverWhitespace)
   at System.Xml.XmlLoader.LoadDocSequence(XmlDocument parentDoc)
   at System.Xml.XmlLoader.Load(XmlDocument doc, XmlReader reader, Boolean preserveWhitespace)
   at System.Xml.XmlDocument.Load(XmlReader reader)
   at System.Xml.XmlDocument.Load(String filename)
   at DataAnalyzer.Support.FileManager.WriteInputMessage(InputMessages Message, String FileName) in E:\EXTENAL_CODE\Project_live\External Project_new\External Project\DataAnalyzer\Support\FileManager.cs:line 1102

--------------------------------------------------------------------------------------------------------
07-24-2026 18:00:26
'.', hexadecimal value 0x00, is an invalid character. Line 38069, position 8.
   at System.Xml.XmlTextReaderImpl.Throw(Exception e)
   at System.Xml.XmlTextReaderImpl.Throw(String res, String[] args)
   at System.Xml.XmlTextReaderImpl.ParseText(Int32& startPos, Int32& endPos, Int32& outOrChars)
   at System.Xml.XmlTextReaderImpl.ParseText()
   at System.Xml.XmlTextReaderImpl.ParseElementContent()
   at System.Xml.XmlTextReaderImpl.Read()
   at System.Xml.XmlLoader.LoadNode(Boolean skipOverWhitespace)
   at System.Xml.XmlLoader.LoadDocSequence(XmlDocument parentDoc)
   at System.Xml.XmlLoader.Load(XmlDocument doc, XmlReader reader, Boolean preserveWhitespace)
   at System.Xml.XmlDocument.Load(XmlReader reader)
   at System.Xml.XmlDocument.Load(String filename)
   at DataAnalyzer.Support.FileManager.WriteInputMessage(InputMessages Message, String FileName) in E:\EXTENAL_CODE\Project_live\External Project_new\External Project\DataAnalyzer\Support\FileManager.cs:line 1102

--------------------------------------------------------------------------------------------------------
07-24-2026 18:01:52
'.', hexadecimal value 0x00, is an invalid character. Line 38069, position 8.
   at System.Xml.XmlTextReaderImpl.Throw(Exception e)
   at System.Xml.XmlTextReaderImpl.Throw(String res, String[] args)
   at System.Xml.XmlTextReaderImpl.ParseText(Int32& startPos, Int32& endPos, Int32& outOrChars)
   at System.Xml.XmlTextReaderImpl.ParseText()
   at System.Xml.XmlTextReaderImpl.ParseElementContent()
   at System.Xml.XmlTextReaderImpl.Read()
   at System.Xml.XmlLoader.LoadNode(Boolean skipOverWhitespace)
   at System.Xml.XmlLoader.LoadDocSequence(XmlDocument parentDoc)
   at System.Xml.XmlLoader.Load(XmlDocument doc, XmlReader reader, Boolean preserveWhitespace)
   at System.Xml.XmlDocument.Load(XmlReader reader)
   at System.Xml.XmlDocument.Load(String filename)
   at DataAnalyzer.Support.FileManager.WriteInputMessage(InputMessages Message, String FileName) in E:\EXTENAL_CODE\Project_live\External Project_new\External Project\DataAnalyzer\Support\FileManager.cs:line 1102

--------------------------------------------------------------------------------------------------------
07-24-2026 18:03:18
'.', hexadecimal value 0x00, is an invalid character. Line 38069, position 8.
   at System.Xml.XmlTextReaderImpl.Throw(Exception e)
   at System.Xml.XmlTextReaderImpl.Throw(String res, String[] args)
   at System.Xml.XmlTextReaderImpl.ParseText(Int32& startPos, Int32& endPos, Int32& outOrChars)
   at System.Xml.XmlTextReaderImpl.ParseText()
   at System.Xml.XmlTextReaderImpl.ParseElementContent()
   at System.Xml.XmlTextReaderImpl.Read()
   at System.Xml.XmlLoader.LoadNode(Boolean skipOverWhitespace)
   at System.Xml.XmlLoader.LoadDocSequence(XmlDocument parentDoc)
   at System.Xml.XmlLoader.Load(XmlDocument doc, XmlReader reader, Boolean preserveWhitespace)
   at System.Xml.XmlDocument.Load(XmlReader reader)
   at System.Xml.XmlDocument.Load(String filename)
   at DataAnalyzer.Support.FileManager.WriteInputMessage(InputMessages Message, String FileName) in E:\EXTENAL_CODE\Project_live\External Project_new\External Project\DataAnalyzer\Support\FileManager.cs:line 1102

--------------------------------------------------------------------------------------------------------
07-24-2026 19:02:22
'.', hexadecimal value 0x00, is an invalid character. Line 38069, position 8.
   at System.Xml.XmlTextReaderImpl.Throw(Exception e)
   at System.Xml.XmlTextReaderImpl.Throw(String res, String[] args)
   at System.Xml.XmlTextReaderImpl.ParseText(Int32& startPos, Int32& endPos, Int32& outOrChars)
   at System.Xml.XmlTextReaderImpl.ParseText()
   at System.Xml.XmlTextReaderImpl.ParseElementContent()
   at System.Xml.XmlTextReaderImpl.Read()
   at System.Xml.XmlLoader.LoadNode(Boolean skipOverWhitespace)
   at System.Xml.XmlLoader.LoadDocSequence(XmlDocument parentDoc)
   at System.Xml.XmlLoader.Load(XmlDocument doc, XmlReader reader, Boolean preserveWhitespace)
   at System.Xml.XmlDocument.Load(XmlReader reader)
   at System.Xml.XmlDocument.Load(String filename)
   at DataAnalyzer.Support.FileManager.WriteInputMessage(InputMessages Message, String FileName) in E:\EXTENAL_CODE\Project_live\External Project_new\External Project\DataAnalyzer\Support\FileManager.cs:line 1102

--------------------------------------------------------------------------------------------------------
07-24-2026 20:03:50
'.', hexadecimal value 0x00, is an invalid character. Line 38069, position 8.
   at System.Xml.XmlTextReaderImpl.Throw(Exception e)
   at System.Xml.XmlTextReaderImpl.Throw(String res, String[] args)
   at System.Xml.XmlTextReaderImpl.ParseText(Int32& startPos, Int32& endPos, Int32& outOrChars)
   at System.Xml.XmlTextReaderImpl.ParseText()
   at System.Xml.XmlTextReaderImpl.ParseElementContent()
   at System.Xml.XmlTextReaderImpl.Read()
   at System.Xml.XmlLoader.LoadNode(Boolean skipOverWhitespace)
   at System.Xml.XmlLoader.LoadDocSequence(XmlDocument parentDoc)
   at System.Xml.XmlLoader.Load(XmlDocument doc, XmlReader reader, Boolean preserveWhitespace)
   at System.Xml.XmlDocument.Load(XmlReader reader)
   at System.Xml.XmlDocument.Load(String filename)
   at DataAnalyzer.Support.FileManager.WriteInputMessage(InputMessages Message, String FileName) in E:\EXTENAL_CODE\Project_live\External Project_new\External Project\DataAnalyzer\Support\FileManager.cs:line 1102

--------------------------------------------------------------------------------------------------------
07-24-2026 20:03:55
'.', hexadecimal value 0x00, is an invalid character. Line 38069, position 8.
   at System.Xml.XmlTextReaderImpl.Throw(Exception e)
   at System.Xml.XmlTextReaderImpl.Throw(String res, String[] args)
   at System.Xml.XmlTextReaderImpl.ParseText(Int32& startPos, Int32& endPos, Int32& outOrChars)
   at System.Xml.XmlTextReaderImpl.ParseText()
   at System.Xml.XmlTextReaderImpl.ParseElementContent()
   at System.Xml.XmlTextReaderImpl.Read()
   at System.Xml.XmlLoader.LoadNode(Boolean skipOverWhitespace)
   at System.Xml.XmlLoader.LoadDocSequence(XmlDocument parentDoc)
   at System.Xml.XmlLoader.Load(XmlDocument doc, XmlReader reader, Boolean preserveWhitespace)
   at System.Xml.XmlDocument.Load(XmlReader reader)
   at System.Xml.XmlDocument.Load(String filename)
   at DataAnalyzer.Support.FileManager.WriteInputMessage(InputMessages Message, String FileName) in E:\EXTENAL_CODE\Project_live\External Project_new\External Project\DataAnalyzer\Support\FileManager.cs:line 1102

--------------------------------------------------------------------------------------------------------
07-24-2026 20:21:47
'.', hexadecimal value 0x00, is an invalid character. Line 38069, position 8.
   at System.Xml.XmlTextReaderImpl.Throw(Exception e)
   at System.Xml.XmlTextReaderImpl.Throw(String res, String[] args)
   at System.Xml.XmlTextReaderImpl.ParseText(Int32& startPos, Int32& endPos, Int32& outOrChars)
   at System.Xml.XmlTextReaderImpl.ParseText()
   at System.Xml.XmlTextReaderImpl.ParseElementContent()
   at System.Xml.XmlTextReaderImpl.Read()
   at System.Xml.XmlLoader.LoadNode(Boolean skipOverWhitespace)
   at System.Xml.XmlLoader.LoadDocSequence(XmlDocument parentDoc)
   at System.Xml.XmlLoader.Load(XmlDocument doc, XmlReader reader, Boolean preserveWhitespace)
   at System.Xml.XmlDocument.Load(XmlReader reader)
   at System.Xml.XmlDocument.Load(String filename)
   at DataAnalyzer.Support.FileManager.WriteInputMessage(InputMessages Message, String FileName) in E:\EXTENAL_CODE\Project_live\External Project_new\External Project\DataAnalyzer\Support\FileManager.cs:line 1102

--------------------------------------------------------------------------------------------------------
07-24-2026 20:23:09
'.', hexadecimal value 0x00, is an invalid character. Line 38069, position 8.
   at System.Xml.XmlTextReaderImpl.Throw(Exception e)
   at System.Xml.XmlTextReaderImpl.Throw(String res, String[] args)
   at System.Xml.XmlTextReaderImpl.ParseText(Int32& startPos, Int32& endPos, Int32& outOrChars)
   at System.Xml.XmlTextReaderImpl.ParseText()
   at System.Xml.XmlTextReaderImpl.ParseElementContent()
   at System.Xml.XmlTextReaderImpl.Read()
   at System.Xml.XmlLoader.LoadNode(Boolean skipOverWhitespace)
   at System.Xml.XmlLoader.LoadDocSequence(XmlDocument parentDoc)
   at System.Xml.XmlLoader.Load(XmlDocument doc, XmlReader reader, Boolean preserveWhitespace)
   at System.Xml.XmlDocument.Load(XmlReader reader)
   at System.Xml.XmlDocument.Load(String filename)
   at DataAnalyzer.Support.FileManager.WriteInputMessage(InputMessages Message, String FileName) in E:\EXTENAL_CODE\Project_live\External Project_new\External Project\DataAnalyzer\Support\FileManager.cs:line 1102

--------------------------------------------------------------------------------------------------------
07-24-2026 20:50:23
'.', hexadecimal value 0x00, is an invalid character. Line 38069, position 8.
   at System.Xml.XmlTextReaderImpl.Throw(Exception e)
   at System.Xml.XmlTextReaderImpl.Throw(String res, String[] args)
   at System.Xml.XmlTextReaderImpl.ParseText(Int32& startPos, Int32& endPos, Int32& outOrChars)
   at System.Xml.XmlTextReaderImpl.ParseText()
   at System.Xml.XmlTextReaderImpl.ParseElementContent()
   at System.Xml.XmlTextReaderImpl.Read()
   at System.Xml.XmlLoader.LoadNode(Boolean skipOverWhitespace)
   at System.Xml.XmlLoader.LoadDocSequence(XmlDocument parentDoc)
   at System.Xml.XmlLoader.Load(XmlDocument doc, XmlReader reader, Boolean preserveWhitespace)
   at System.Xml.XmlDocument.Load(XmlReader reader)
   at System.Xml.XmlDocument.Load(String filename)
   at DataAnalyzer.Support.FileManager.WriteInputMessage(InputMessages Message, String FileName) in E:\EXTENAL_CODE\Project_live\External Project_new\External Project\DataAnalyzer\Support\FileManager.cs:line 1102

--------------------------------------------------------------------------------------------------------
07-24-2026 20:56:25
'.', hexadecimal value 0x00, is an invalid character. Line 38069, position 8.
   at System.Xml.XmlTextReaderImpl.Throw(Exception e)
   at System.Xml.XmlTextReaderImpl.Throw(String res, String[] args)
   at System.Xml.XmlTextReaderImpl.ParseText(Int32& startPos, Int32& endPos, Int32& outOrChars)
   at System.Xml.XmlTextReaderImpl.ParseText()
   at System.Xml.XmlTextReaderImpl.ParseElementContent()
   at System.Xml.XmlTextReaderImpl.Read()
   at System.Xml.XmlLoader.LoadNode(Boolean skipOverWhitespace)
   at System.Xml.XmlLoader.LoadDocSequence(XmlDocument parentDoc)
   at System.Xml.XmlLoader.Load(XmlDocument doc, XmlReader reader, Boolean preserveWhitespace)
   at System.Xml.XmlDocument.Load(XmlReader reader)
   at System.Xml.XmlDocument.Load(String filename)
   at DataAnalyzer.Support.FileManager.WriteInputMessage(InputMessages Message, String FileName) in E:\EXTENAL_CODE\Project_live\External Project_new\External Project\DataAnalyzer\Support\FileManager.cs:line 1102

--------------------------------------------------------------------------------------------------------
07-24-2026 21:54:25
'.', hexadecimal value 0x00, is an invalid character. Line 38069, position 8.
   at System.Xml.XmlTextReaderImpl.Throw(Exception e)
   at System.Xml.XmlTextReaderImpl.Throw(String res, String[] args)
   at System.Xml.XmlTextReaderImpl.ParseText(Int32& startPos, Int32& endPos, Int32& outOrChars)
   at System.Xml.XmlTextReaderImpl.ParseText()
   at System.Xml.XmlTextReaderImpl.ParseElementContent()
   at System.Xml.XmlTextReaderImpl.Read()
   at System.Xml.XmlLoader.LoadNode(Boolean skipOverWhitespace)
   at System.Xml.XmlLoader.LoadDocSequence(XmlDocument parentDoc)
   at System.Xml.XmlLoader.Load(XmlDocument doc, XmlReader reader, Boolean preserveWhitespace)
   at System.Xml.XmlDocument.Load(XmlReader reader)
   at System.Xml.XmlDocument.Load(String filename)
   at DataAnalyzer.Support.FileManager.WriteInputMessage(InputMessages Message, String FileName) in E:\EXTENAL_CODE\Project_live\External Project_new\External Project\DataAnalyzer\Support\FileManager.cs:line 1102

--------------------------------------------------------------------------------------------------------
07-24-2026 21:59:13
'.', hexadecimal value 0x00, is an invalid character. Line 38069, position 8.
   at System.Xml.XmlTextReaderImpl.Throw(Exception e)
   at System.Xml.XmlTextReaderImpl.Throw(String res, String[] args)
   at System.Xml.XmlTextReaderImpl.ParseText(Int32& startPos, Int32& endPos, Int32& outOrChars)
   at System.Xml.XmlTextReaderImpl.ParseText()
   at System.Xml.XmlTextReaderImpl.ParseElementContent()
   at System.Xml.XmlTextReaderImpl.Read()
   at System.Xml.XmlLoader.LoadNode(Boolean skipOverWhitespace)
   at System.Xml.XmlLoader.LoadDocSequence(XmlDocument parentDoc)
   at System.Xml.XmlLoader.Load(XmlDocument doc, XmlReader reader, Boolean preserveWhitespace)
   at System.Xml.XmlDocument.Load(XmlReader reader)
   at System.Xml.XmlDocument.Load(String filename)
   at DataAnalyzer.Support.FileManager.WriteInputMessage(InputMessages Message, String FileName) in E:\EXTENAL_CODE\Project_live\External Project_new\External Project\DataAnalyzer\Support\FileManager.cs:line 1102

--------------------------------------------------------------------------------------------------------
07-24-2026 21:59:15
'.', hexadecimal value 0x00, is an invalid character. Line 38069, position 8.
   at System.Xml.XmlTextReaderImpl.Throw(Exception e)
   at System.Xml.XmlTextReaderImpl.Throw(String res, String[] args)
   at System.Xml.XmlTextReaderImpl.ParseText(Int32& startPos, Int32& endPos, Int32& outOrChars)
   at System.Xml.XmlTextReaderImpl.ParseText()
   at System.Xml.XmlTextReaderImpl.ParseElementContent()
   at System.Xml.XmlTextReaderImpl.Read()
   at System.Xml.XmlLoader.LoadNode(Boolean skipOverWhitespace)
   at System.Xml.XmlLoader.LoadDocSequence(XmlDocument parentDoc)
   at System.Xml.XmlLoader.Load(XmlDocument doc, XmlReader reader, Boolean preserveWhitespace)
   at System.Xml.XmlDocument.Load(XmlReader reader)
   at System.Xml.XmlDocument.Load(String filename)
   at DataAnalyzer.Support.FileManager.WriteInputMessage(InputMessages Message, String FileName) in E:\EXTENAL_CODE\Project_live\External Project_new\External Project\DataAnalyzer\Support\FileManager.cs:line 1102

--------------------------------------------------------------------------------------------------------
07-24-2026 21:59:19
'.', hexadecimal value 0x00, is an invalid character. Line 38069, position 8.
   at System.Xml.XmlTextReaderImpl.Throw(Exception e)
   at System.Xml.XmlTextReaderImpl.Throw(String res, String[] args)
   at System.Xml.XmlTextReaderImpl.ParseText(Int32& startPos, Int32& endPos, Int32& outOrChars)
   at System.Xml.XmlTextReaderImpl.ParseText()
   at System.Xml.XmlTextReaderImpl.ParseElementContent()
   at System.Xml.XmlTextReaderImpl.Read()
   at System.Xml.XmlLoader.LoadNode(Boolean skipOverWhitespace)
   at System.Xml.XmlLoader.LoadDocSequence(XmlDocument parentDoc)
   at System.Xml.XmlLoader.Load(XmlDocument doc, XmlReader reader, Boolean preserveWhitespace)
   at System.Xml.XmlDocument.Load(XmlReader reader)
   at System.Xml.XmlDocument.Load(String filename)
   at DataAnalyzer.Support.FileManager.WriteInputMessage(InputMessages Message, String FileName) in E:\EXTENAL_CODE\Project_live\External Project_new\External Project\DataAnalyzer\Support\FileManager.cs:line 1102

--------------------------------------------------------------------------------------------------------
07-24-2026 21:59:24
'.', hexadecimal value 0x00, is an invalid character. Line 38069, position 8.
   at System.Xml.XmlTextReaderImpl.Throw(Exception e)
   at System.Xml.XmlTextReaderImpl.Throw(String res, String[] args)
   at System.Xml.XmlTextReaderImpl.ParseText(Int32& startPos, Int32& endPos, Int32& outOrChars)
   at System.Xml.XmlTextReaderImpl.ParseText()
   at System.Xml.XmlTextReaderImpl.ParseElementContent()
   at System.Xml.XmlTextReaderImpl.Read()
   at System.Xml.XmlLoader.LoadNode(Boolean skipOverWhitespace)
   at System.Xml.XmlLoader.LoadDocSequence(XmlDocument parentDoc)
   at System.Xml.XmlLoader.Load(XmlDocument doc, XmlReader reader, Boolean preserveWhitespace)
   at System.Xml.XmlDocument.Load(XmlReader reader)
   at System.Xml.XmlDocument.Load(String filename)
   at DataAnalyzer.Support.FileManager.WriteInputMessage(InputMessages Message, String FileName) in E:\EXTENAL_CODE\Project_live\External Project_new\External Project\DataAnalyzer\Support\FileManager.cs:line 1102

--------------------------------------------------------------------------------------------------------
07-24-2026 21:59:28
'.', hexadecimal value 0x00, is an invalid character. Line 38069, position 8.
   at System.Xml.XmlTextReaderImpl.Throw(Exception e)
   at System.Xml.XmlTextReaderImpl.Throw(String res, String[] args)
   at System.Xml.XmlTextReaderImpl.ParseText(Int32& startPos, Int32& endPos, Int32& outOrChars)
   at System.Xml.XmlTextReaderImpl.ParseText()
   at System.Xml.XmlTextReaderImpl.ParseElementContent()
   at System.Xml.XmlTextReaderImpl.Read()
   at System.Xml.XmlLoader.LoadNode(Boolean skipOverWhitespace)
   at System.Xml.XmlLoader.LoadDocSequence(XmlDocument parentDoc)
   at System.Xml.XmlLoader.Load(XmlDocument doc, XmlReader reader, Boolean preserveWhitespace)
   at System.Xml.XmlDocument.Load(XmlReader reader)
   at System.Xml.XmlDocument.Load(String filename)
   at DataAnalyzer.Support.FileManager.WriteInputMessage(InputMessages Message, String FileName) in E:\EXTENAL_CODE\Project_live\External Project_new\External Project\DataAnalyzer\Support\FileManager.cs:line 1102

--------------------------------------------------------------------------------------------------------
07-24-2026 21:59:33
'.', hexadecimal value 0x00, is an invalid character. Line 38069, position 8.
   at System.Xml.XmlTextReaderImpl.Throw(Exception e)
   at System.Xml.XmlTextReaderImpl.Throw(String res, String[] args)
   at System.Xml.XmlTextReaderImpl.ParseText(Int32& startPos, Int32& endPos, Int32& outOrChars)
   at System.Xml.XmlTextReaderImpl.ParseText()
   at System.Xml.XmlTextReaderImpl.ParseElementContent()
   at System.Xml.XmlTextReaderImpl.Read()
   at System.Xml.XmlLoader.LoadNode(Boolean skipOverWhitespace)
   at System.Xml.XmlLoader.LoadDocSequence(XmlDocument parentDoc)
   at System.Xml.XmlLoader.Load(XmlDocument doc, XmlReader reader, Boolean preserveWhitespace)
   at System.Xml.XmlDocument.Load(XmlReader reader)
   at System.Xml.XmlDocument.Load(String filename)
   at DataAnalyzer.Support.FileManager.WriteInputMessage(InputMessages Message, String FileName) in E:\EXTENAL_CODE\Project_live\External Project_new\External Project\DataAnalyzer\Support\FileManager.cs:line 1102

--------------------------------------------------------------------------------------------------------
07-24-2026 21:59:37
'.', hexadecimal value 0x00, is an invalid character. Line 38069, position 8.
   at System.Xml.XmlTextReaderImpl.Throw(Exception e)
   at System.Xml.XmlTextReaderImpl.Throw(String res, String[] args)
   at System.Xml.XmlTextReaderImpl.ParseText(Int32& startPos, Int32& endPos, Int32& outOrChars)
   at System.Xml.XmlTextReaderImpl.ParseText()
   at System.Xml.XmlTextReaderImpl.ParseElementContent()
   at System.Xml.XmlTextReaderImpl.Read()
   at System.Xml.XmlLoader.LoadNode(Boolean skipOverWhitespace)
   at System.Xml.XmlLoader.LoadDocSequence(XmlDocument parentDoc)
   at System.Xml.XmlLoader.Load(XmlDocument doc, XmlReader reader, Boolean preserveWhitespace)
   at System.Xml.XmlDocument.Load(XmlReader reader)
   at System.Xml.XmlDocument.Load(String filename)
   at DataAnalyzer.Support.FileManager.WriteInputMessage(InputMessages Message, String FileName) in E:\EXTENAL_CODE\Project_live\External Project_new\External Project\DataAnalyzer\Support\FileManager.cs:line 1102

--------------------------------------------------------------------------------------------------------
07-24-2026 21:59:42
'.', hexadecimal value 0x00, is an invalid character. Line 38069, position 8.
   at System.Xml.XmlTextReaderImpl.Throw(Exception e)
   at System.Xml.XmlTextReaderImpl.Throw(String res, String[] args)
   at System.Xml.XmlTextReaderImpl.ParseText(Int32& startPos, Int32& endPos, Int32& outOrChars)
   at System.Xml.XmlTextReaderImpl.ParseText()
   at System.Xml.XmlTextReaderImpl.ParseElementContent()
   at System.Xml.XmlTextReaderImpl.Read()
   at System.Xml.XmlLoader.LoadNode(Boolean skipOverWhitespace)
   at System.Xml.XmlLoader.LoadDocSequence(XmlDocument parentDoc)
   at System.Xml.XmlLoader.Load(XmlDocument doc, XmlReader reader, Boolean preserveWhitespace)
   at System.Xml.XmlDocument.Load(XmlReader reader)
   at System.Xml.XmlDocument.Load(String filename)
   at DataAnalyzer.Support.FileManager.WriteInputMessage(InputMessages Message, String FileName) in E:\EXTENAL_CODE\Project_live\External Project_new\External Project\DataAnalyzer\Support\FileManager.cs:line 1102

--------------------------------------------------------------------------------------------------------
07-24-2026 21:59:46
'.', hexadecimal value 0x00, is an invalid character. Line 38069, position 8.
   at System.Xml.XmlTextReaderImpl.Throw(Exception e)
   at System.Xml.XmlTextReaderImpl.Throw(String res, String[] args)
   at System.Xml.XmlTextReaderImpl.ParseText(Int32& startPos, Int32& endPos, Int32& outOrChars)
   at System.Xml.XmlTextReaderImpl.ParseText()
   at System.Xml.XmlTextReaderImpl.ParseElementContent()
   at System.Xml.XmlTextReaderImpl.Read()
   at System.Xml.XmlLoader.LoadNode(Boolean skipOverWhitespace)
   at System.Xml.XmlLoader.LoadDocSequence(XmlDocument parentDoc)
   at System.Xml.XmlLoader.Load(XmlDocument doc, XmlReader reader, Boolean preserveWhitespace)
   at System.Xml.XmlDocument.Load(XmlReader reader)
   at System.Xml.XmlDocument.Load(String filename)
   at DataAnalyzer.Support.FileManager.WriteInputMessage(InputMessages Message, String FileName) in E:\EXTENAL_CODE\Project_live\External Project_new\External Project\DataAnalyzer\Support\FileManager.cs:line 1102

--------------------------------------------------------------------------------------------------------
07-24-2026 22:00:32
'.', hexadecimal value 0x00, is an invalid character. Line 38069, position 8.
   at System.Xml.XmlTextReaderImpl.Throw(Exception e)
   at System.Xml.XmlTextReaderImpl.Throw(String res, String[] args)
   at System.Xml.XmlTextReaderImpl.ParseText(Int32& startPos, Int32& endPos, Int32& outOrChars)
   at System.Xml.XmlTextReaderImpl.ParseText()
   at System.Xml.XmlTextReaderImpl.ParseElementContent()
   at System.Xml.XmlTextReaderImpl.Read()
   at System.Xml.XmlLoader.LoadNode(Boolean skipOverWhitespace)
   at System.Xml.XmlLoader.LoadDocSequence(XmlDocument parentDoc)
   at System.Xml.XmlLoader.Load(XmlDocument doc, XmlReader reader, Boolean preserveWhitespace)
   at System.Xml.XmlDocument.Load(XmlReader reader)
   at System.Xml.XmlDocument.Load(String filename)
   at DataAnalyzer.Support.FileManager.WriteInputMessage(InputMessages Message, String FileName) in E:\EXTENAL_CODE\Project_live\External Project_new\External Project\DataAnalyzer\Support\FileManager.cs:line 1102

--------------------------------------------------------------------------------------------------------
07-24-2026 22:00:45
'.', hexadecimal value 0x00, is an invalid character. Line 38069, position 8.
   at System.Xml.XmlTextReaderImpl.Throw(Exception e)
   at System.Xml.XmlTextReaderImpl.Throw(String res, String[] args)
   at System.Xml.XmlTextReaderImpl.ParseText(Int32& startPos, Int32& endPos, Int32& outOrChars)
   at System.Xml.XmlTextReaderImpl.ParseText()
   at System.Xml.XmlTextReaderImpl.ParseElementContent()
   at System.Xml.XmlTextReaderImpl.Read()
   at System.Xml.XmlLoader.LoadNode(Boolean skipOverWhitespace)
   at System.Xml.XmlLoader.LoadDocSequence(XmlDocument parentDoc)
   at System.Xml.XmlLoader.Load(XmlDocument doc, XmlReader reader, Boolean preserveWhitespace)
   at System.Xml.XmlDocument.Load(XmlReader reader)
   at System.Xml.XmlDocument.Load(String filename)
   at DataAnalyzer.Support.FileManager.WriteInputMessage(InputMessages Message, String FileName) in E:\EXTENAL_CODE\Project_live\External Project_new\External Project\DataAnalyzer\Support\FileManager.cs:line 1102

--------------------------------------------------------------------------------------------------------
07-24-2026 22:01:58
'.', hexadecimal value 0x00, is an invalid character. Line 38069, position 8.
   at System.Xml.XmlTextReaderImpl.Throw(Exception e)
   at System.Xml.XmlTextReaderImpl.Throw(String res, String[] args)
   at System.Xml.XmlTextReaderImpl.ParseText(Int32& startPos, Int32& endPos, Int32& outOrChars)
   at System.Xml.XmlTextReaderImpl.ParseText()
   at System.Xml.XmlTextReaderImpl.ParseElementContent()
   at System.Xml.XmlTextReaderImpl.Read()
   at System.Xml.XmlLoader.LoadNode(Boolean skipOverWhitespace)
   at System.Xml.XmlLoader.LoadDocSequence(XmlDocument parentDoc)
   at System.Xml.XmlLoader.Load(XmlDocument doc, XmlReader reader, Boolean preserveWhitespace)
   at System.Xml.XmlDocument.Load(XmlReader reader)
   at System.Xml.XmlDocument.Load(String filename)
   at DataAnalyzer.Support.FileManager.WriteInputMessage(InputMessages Message, String FileName) in E:\EXTENAL_CODE\Project_live\External Project_new\External Project\DataAnalyzer\Support\FileManager.cs:line 1102

--------------------------------------------------------------------------------------------------------
07-24-2026 22:03:24
'.', hexadecimal value 0x00, is an invalid character. Line 38069, position 8.
   at System.Xml.XmlTextReaderImpl.Throw(Exception e)
   at System.Xml.XmlTextReaderImpl.Throw(String res, String[] args)
   at System.Xml.XmlTextReaderImpl.ParseText(Int32& startPos, Int32& endPos, Int32& outOrChars)
   at System.Xml.XmlTextReaderImpl.ParseText()
   at System.Xml.XmlTextReaderImpl.ParseElementContent()
   at System.Xml.XmlTextReaderImpl.Read()
   at System.Xml.XmlLoader.LoadNode(Boolean skipOverWhitespace)
   at System.Xml.XmlLoader.LoadDocSequence(XmlDocument parentDoc)
   at System.Xml.XmlLoader.Load(XmlDocument doc, XmlReader reader, Boolean preserveWhitespace)
   at System.Xml.XmlDocument.Load(XmlReader reader)
   at System.Xml.XmlDocument.Load(String filename)
   at DataAnalyzer.Support.FileManager.WriteInputMessage(InputMessages Message, String FileName) in E:\EXTENAL_CODE\Project_live\External Project_new\External Project\DataAnalyzer\Support\FileManager.cs:line 1102

--------------------------------------------------------------------------------------------------------
07-24-2026 22:04:50
'.', hexadecimal value 0x00, is an invalid character. Line 38069, position 8.
   at System.Xml.XmlTextReaderImpl.Throw(Exception e)
   at System.Xml.XmlTextReaderImpl.Throw(String res, String[] args)
   at System.Xml.XmlTextReaderImpl.ParseText(Int32& startPos, Int32& endPos, Int32& outOrChars)
   at System.Xml.XmlTextReaderImpl.ParseText()
   at System.Xml.XmlTextReaderImpl.ParseElementContent()
   at System.Xml.XmlTextReaderImpl.Read()
   at System.Xml.XmlLoader.LoadNode(Boolean skipOverWhitespace)
   at System.Xml.XmlLoader.LoadDocSequence(XmlDocument parentDoc)
   at System.Xml.XmlLoader.Load(XmlDocument doc, XmlReader reader, Boolean preserveWhitespace)
   at System.Xml.XmlDocument.Load(XmlReader reader)
   at System.Xml.XmlDocument.Load(String filename)
   at DataAnalyzer.Support.FileManager.WriteInputMessage(InputMessages Message, String FileName) in E:\EXTENAL_CODE\Project_live\External Project_new\External Project\DataAnalyzer\Support\FileManager.cs:line 1102

--------------------------------------------------------------------------------------------------------
07-24-2026 22:06:16
'.', hexadecimal value 0x00, is an invalid character. Line 38069, position 8.
   at System.Xml.XmlTextReaderImpl.Throw(Exception e)
   at System.Xml.XmlTextReaderImpl.Throw(String res, String[] args)
   at System.Xml.XmlTextReaderImpl.ParseText(Int32& startPos, Int32& endPos, Int32& outOrChars)
   at System.Xml.XmlTextReaderImpl.ParseText()
   at System.Xml.XmlTextReaderImpl.ParseElementContent()
   at System.Xml.XmlTextReaderImpl.Read()
   at System.Xml.XmlLoader.LoadNode(Boolean skipOverWhitespace)
   at System.Xml.XmlLoader.LoadDocSequence(XmlDocument parentDoc)
   at System.Xml.XmlLoader.Load(XmlDocument doc, XmlReader reader, Boolean preserveWhitespace)
   at System.Xml.XmlDocument.Load(XmlReader reader)
   at System.Xml.XmlDocument.Load(String filename)
   at DataAnalyzer.Support.FileManager.WriteInputMessage(InputMessages Message, String FileName) in E:\EXTENAL_CODE\Project_live\External Project_new\External Project\DataAnalyzer\Support\FileManager.cs:line 1102

--------------------------------------------------------------------------------------------------------
07-24-2026 22:07:42
'.', hexadecimal value 0x00, is an invalid character. Line 38069, position 8.
   at System.Xml.XmlTextReaderImpl.Throw(Exception e)
   at System.Xml.XmlTextReaderImpl.Throw(String res, String[] args)
   at System.Xml.XmlTextReaderImpl.ParseText(Int32& startPos, Int32& endPos, Int32& outOrChars)
   at System.Xml.XmlTextReaderImpl.ParseText()
   at System.Xml.XmlTextReaderImpl.ParseElementContent()
   at System.Xml.XmlTextReaderImpl.Read()
   at System.Xml.XmlLoader.LoadNode(Boolean skipOverWhitespace)
   at System.Xml.XmlLoader.LoadDocSequence(XmlDocument parentDoc)
   at System.Xml.XmlLoader.Load(XmlDocument doc, XmlReader reader, Boolean preserveWhitespace)
   at System.Xml.XmlDocument.Load(XmlReader reader)
   at System.Xml.XmlDocument.Load(String filename)
   at DataAnalyzer.Support.FileManager.WriteInputMessage(InputMessages Message, String FileName) in E:\EXTENAL_CODE\Project_live\External Project_new\External Project\DataAnalyzer\Support\FileManager.cs:line 1102

--------------------------------------------------------------------------------------------------------
07-24-2026 22:09:08
'.', hexadecimal value 0x00, is an invalid character. Line 38069, position 8.
   at System.Xml.XmlTextReaderImpl.Throw(Exception e)
   at System.Xml.XmlTextReaderImpl.Throw(String res, String[] args)
   at System.Xml.XmlTextReaderImpl.ParseText(Int32& startPos, Int32& endPos, Int32& outOrChars)
   at System.Xml.XmlTextReaderImpl.ParseText()
   at System.Xml.XmlTextReaderImpl.ParseElementContent()
   at System.Xml.XmlTextReaderImpl.Read()
   at System.Xml.XmlLoader.LoadNode(Boolean skipOverWhitespace)
   at System.Xml.XmlLoader.LoadDocSequence(XmlDocument parentDoc)
   at System.Xml.XmlLoader.Load(XmlDocument doc, XmlReader reader, Boolean preserveWhitespace)
   at System.Xml.XmlDocument.Load(XmlReader reader)
   at System.Xml.XmlDocument.Load(String filename)
   at DataAnalyzer.Support.FileManager.WriteInputMessage(InputMessages Message, String FileName) in E:\EXTENAL_CODE\Project_live\External Project_new\External Project\DataAnalyzer\Support\FileManager.cs:line 1102

--------------------------------------------------------------------------------------------------------
07-24-2026 22:09:53
'.', hexadecimal value 0x00, is an invalid character. Line 38069, position 8.
   at System.Xml.XmlTextReaderImpl.Throw(Exception e)
   at System.Xml.XmlTextReaderImpl.Throw(String res, String[] args)
   at System.Xml.XmlTextReaderImpl.ParseText(Int32& startPos, Int32& endPos, Int32& outOrChars)
   at System.Xml.XmlTextReaderImpl.ParseText()
   at System.Xml.XmlTextReaderImpl.ParseElementContent()
   at System.Xml.XmlTextReaderImpl.Read()
   at System.Xml.XmlLoader.LoadNode(Boolean skipOverWhitespace)
   at System.Xml.XmlLoader.LoadDocSequence(XmlDocument parentDoc)
   at System.Xml.XmlLoader.Load(XmlDocument doc, XmlReader reader, Boolean preserveWhitespace)
   at System.Xml.XmlDocument.Load(XmlReader reader)
   at System.Xml.XmlDocument.Load(String filename)
   at DataAnalyzer.Support.FileManager.WriteInputMessage(InputMessages Message, String FileName) in E:\EXTENAL_CODE\Project_live\External Project_new\External Project\DataAnalyzer\Support\FileManager.cs:line 1102

--------------------------------------------------------------------------------------------------------
07-24-2026 22:11:19
'.', hexadecimal value 0x00, is an invalid character. Line 38069, position 8.
   at System.Xml.XmlTextReaderImpl.Throw(Exception e)
   at System.Xml.XmlTextReaderImpl.Throw(String res, String[] args)
   at System.Xml.XmlTextReaderImpl.ParseText(Int32& startPos, Int32& endPos, Int32& outOrChars)
   at System.Xml.XmlTextReaderImpl.ParseText()
   at System.Xml.XmlTextReaderImpl.ParseElementContent()
   at System.Xml.XmlTextReaderImpl.Read()
   at System.Xml.XmlLoader.LoadNode(Boolean skipOverWhitespace)
   at System.Xml.XmlLoader.LoadDocSequence(XmlDocument parentDoc)
   at System.Xml.XmlLoader.Load(XmlDocument doc, XmlReader reader, Boolean preserveWhitespace)
   at System.Xml.XmlDocument.Load(XmlReader reader)
   at System.Xml.XmlDocument.Load(String filename)
   at DataAnalyzer.Support.FileManager.WriteInputMessage(InputMessages Message, String FileName) in E:\EXTENAL_CODE\Project_live\External Project_new\External Project\DataAnalyzer\Support\FileManager.cs:line 1102

--------------------------------------------------------------------------------------------------------
07-24-2026 22:13:08
'.', hexadecimal value 0x00, is an invalid character. Line 38069, position 8.
   at System.Xml.XmlTextReaderImpl.Throw(Exception e)
   at System.Xml.XmlTextReaderImpl.Throw(String res, String[] args)
   at System.Xml.XmlTextReaderImpl.ParseText(Int32& startPos, Int32& endPos, Int32& outOrChars)
   at System.Xml.XmlTextReaderImpl.ParseText()
   at System.Xml.XmlTextReaderImpl.ParseElementContent()
   at System.Xml.XmlTextReaderImpl.Read()
   at System.Xml.XmlLoader.LoadNode(Boolean skipOverWhitespace)
   at System.Xml.XmlLoader.LoadDocSequence(XmlDocument parentDoc)
   at System.Xml.XmlLoader.Load(XmlDocument doc, XmlReader reader, Boolean preserveWhitespace)
   at System.Xml.XmlDocument.Load(XmlReader reader)
   at System.Xml.XmlDocument.Load(String filename)
   at DataAnalyzer.Support.FileManager.WriteInputMessage(InputMessages Message, String FileName) in E:\EXTENAL_CODE\Project_live\External Project_new\External Project\DataAnalyzer\Support\FileManager.cs:line 1102

--------------------------------------------------------------------------------------------------------
07-24-2026 22:14:34
'.', hexadecimal value 0x00, is an invalid character. Line 38069, position 8.
   at System.Xml.XmlTextReaderImpl.Throw(Exception e)
   at System.Xml.XmlTextReaderImpl.Throw(String res, String[] args)
   at System.Xml.XmlTextReaderImpl.ParseText(Int32& startPos, Int32& endPos, Int32& outOrChars)
   at System.Xml.XmlTextReaderImpl.ParseText()
   at System.Xml.XmlTextReaderImpl.ParseElementContent()
   at System.Xml.XmlTextReaderImpl.Read()
   at System.Xml.XmlLoader.LoadNode(Boolean skipOverWhitespace)
   at System.Xml.XmlLoader.LoadDocSequence(XmlDocument parentDoc)
   at System.Xml.XmlLoader.Load(XmlDocument doc, XmlReader reader, Boolean preserveWhitespace)
   at System.Xml.XmlDocument.Load(XmlReader reader)
   at System.Xml.XmlDocument.Load(String filename)
   at DataAnalyzer.Support.FileManager.WriteInputMessage(InputMessages Message, String FileName) in E:\EXTENAL_CODE\Project_live\External Project_new\External Project\DataAnalyzer\Support\FileManager.cs:line 1102

--------------------------------------------------------------------------------------------------------
07-24-2026 22:16:00
'.', hexadecimal value 0x00, is an invalid character. Line 38069, position 8.
   at System.Xml.XmlTextReaderImpl.Throw(Exception e)
   at System.Xml.XmlTextReaderImpl.Throw(String res, String[] args)
   at System.Xml.XmlTextReaderImpl.ParseText(Int32& startPos, Int32& endPos, Int32& outOrChars)
   at System.Xml.XmlTextReaderImpl.ParseText()
   at System.Xml.XmlTextReaderImpl.ParseElementContent()
   at System.Xml.XmlTextReaderImpl.Read()
   at System.Xml.XmlLoader.LoadNode(Boolean skipOverWhitespace)
   at System.Xml.XmlLoader.LoadDocSequence(XmlDocument parentDoc)
   at System.Xml.XmlLoader.Load(XmlDocument doc, XmlReader reader, Boolean preserveWhitespace)
   at System.Xml.XmlDocument.Load(XmlReader reader)
   at System.Xml.XmlDocument.Load(String filename)
   at DataAnalyzer.Support.FileManager.WriteInputMessage(InputMessages Message, String FileName) in E:\EXTENAL_CODE\Project_live\External Project_new\External Project\DataAnalyzer\Support\FileManager.cs:line 1102

--------------------------------------------------------------------------------------------------------
07-24-2026 22:17:26
'.', hexadecimal value 0x00, is an invalid character. Line 38069, position 8.
   at System.Xml.XmlTextReaderImpl.Throw(Exception e)
   at System.Xml.XmlTextReaderImpl.Throw(String res, String[] args)
   at System.Xml.XmlTextReaderImpl.ParseText(Int32& startPos, Int32& endPos, Int32& outOrChars)
   at System.Xml.XmlTextReaderImpl.ParseText()
   at System.Xml.XmlTextReaderImpl.ParseElementContent()
   at System.Xml.XmlTextReaderImpl.Read()
   at System.Xml.XmlLoader.LoadNode(Boolean skipOverWhitespace)
   at System.Xml.XmlLoader.LoadDocSequence(XmlDocument parentDoc)
   at System.Xml.XmlLoader.Load(XmlDocument doc, XmlReader reader, Boolean preserveWhitespace)
   at System.Xml.XmlDocument.Load(XmlReader reader)
   at System.Xml.XmlDocument.Load(String filename)
   at DataAnalyzer.Support.FileManager.WriteInputMessage(InputMessages Message, String FileName) in E:\EXTENAL_CODE\Project_live\External Project_new\External Project\DataAnalyzer\Support\FileManager.cs:line 1102

--------------------------------------------------------------------------------------------------------
07-24-2026 22:19:14
'.', hexadecimal value 0x00, is an invalid character. Line 38069, position 8.
   at System.Xml.XmlTextReaderImpl.Throw(Exception e)
   at System.Xml.XmlTextReaderImpl.Throw(String res, String[] args)
   at System.Xml.XmlTextReaderImpl.ParseText(Int32& startPos, Int32& endPos, Int32& outOrChars)
   at System.Xml.XmlTextReaderImpl.ParseText()
   at System.Xml.XmlTextReaderImpl.ParseElementContent()
   at System.Xml.XmlTextReaderImpl.Read()
   at System.Xml.XmlLoader.LoadNode(Boolean skipOverWhitespace)
   at System.Xml.XmlLoader.LoadDocSequence(XmlDocument parentDoc)
   at System.Xml.XmlLoader.Load(XmlDocument doc, XmlReader reader, Boolean preserveWhitespace)
   at System.Xml.XmlDocument.Load(XmlReader reader)
   at System.Xml.XmlDocument.Load(String filename)
   at DataAnalyzer.Support.FileManager.WriteInputMessage(InputMessages Message, String FileName) in E:\EXTENAL_CODE\Project_live\External Project_new\External Project\DataAnalyzer\Support\FileManager.cs:line 1102

--------------------------------------------------------------------------------------------------------
07-24-2026 22:20:40
'.', hexadecimal value 0x00, is an invalid character. Line 38069, position 8.
   at System.Xml.XmlTextReaderImpl.Throw(Exception e)
   at System.Xml.XmlTextReaderImpl.Throw(String res, String[] args)
   at System.Xml.XmlTextReaderImpl.ParseText(Int32& startPos, Int32& endPos, Int32& outOrChars)
   at System.Xml.XmlTextReaderImpl.ParseText()
   at System.Xml.XmlTextReaderImpl.ParseElementContent()
   at System.Xml.XmlTextReaderImpl.Read()
   at System.Xml.XmlLoader.LoadNode(Boolean skipOverWhitespace)
   at System.Xml.XmlLoader.LoadDocSequence(XmlDocument parentDoc)
   at System.Xml.XmlLoader.Load(XmlDocument doc, XmlReader reader, Boolean preserveWhitespace)
   at System.Xml.XmlDocument.Load(XmlReader reader)
   at System.Xml.XmlDocument.Load(String filename)
   at DataAnalyzer.Support.FileManager.WriteInputMessage(InputMessages Message, String FileName) in E:\EXTENAL_CODE\Project_live\External Project_new\External Project\DataAnalyzer\Support\FileManager.cs:line 1102

--------------------------------------------------------------------------------------------------------
07-24-2026 22:22:06
'.', hexadecimal value 0x00, is an invalid character. Line 38069, position 8.
   at System.Xml.XmlTextReaderImpl.Throw(Exception e)
   at System.Xml.XmlTextReaderImpl.Throw(String res, String[] args)
   at System.Xml.XmlTextReaderImpl.ParseText(Int32& startPos, Int32& endPos, Int32& outOrChars)
   at System.Xml.XmlTextReaderImpl.ParseText()
   at System.Xml.XmlTextReaderImpl.ParseElementContent()
   at System.Xml.XmlTextReaderImpl.Read()
   at System.Xml.XmlLoader.LoadNode(Boolean skipOverWhitespace)
   at System.Xml.XmlLoader.LoadDocSequence(XmlDocument parentDoc)
   at System.Xml.XmlLoader.Load(XmlDocument doc, XmlReader reader, Boolean preserveWhitespace)
   at System.Xml.XmlDocument.Load(XmlReader reader)
   at System.Xml.XmlDocument.Load(String filename)
   at DataAnalyzer.Support.FileManager.WriteInputMessage(InputMessages Message, String FileName) in E:\EXTENAL_CODE\Project_live\External Project_new\External Project\DataAnalyzer\Support\FileManager.cs:line 1102

--------------------------------------------------------------------------------------------------------
07-24-2026 22:23:32
'.', hexadecimal value 0x00, is an invalid character. Line 38069, position 8.
   at System.Xml.XmlTextReaderImpl.Throw(Exception e)
   at System.Xml.XmlTextReaderImpl.Throw(String res, String[] args)
   at System.Xml.XmlTextReaderImpl.ParseText(Int32& startPos, Int32& endPos, Int32& outOrChars)
   at System.Xml.XmlTextReaderImpl.ParseText()
   at System.Xml.XmlTextReaderImpl.ParseElementContent()
   at System.Xml.XmlTextReaderImpl.Read()
   at System.Xml.XmlLoader.LoadNode(Boolean skipOverWhitespace)
   at System.Xml.XmlLoader.LoadDocSequence(XmlDocument parentDoc)
   at System.Xml.XmlLoader.Load(XmlDocument doc, XmlReader reader, Boolean preserveWhitespace)
   at System.Xml.XmlDocument.Load(XmlReader reader)
   at System.Xml.XmlDocument.Load(String filename)
   at DataAnalyzer.Support.FileManager.WriteInputMessage(InputMessages Message, String FileName) in E:\EXTENAL_CODE\Project_live\External Project_new\External Project\DataAnalyzer\Support\FileManager.cs:line 1102

--------------------------------------------------------------------------------------------------------
07-24-2026 22:24:49
'.', hexadecimal value 0x00, is an invalid character. Line 38069, position 8.
   at System.Xml.XmlTextReaderImpl.Throw(Exception e)
   at System.Xml.XmlTextReaderImpl.Throw(String res, String[] args)
   at System.Xml.XmlTextReaderImpl.ParseText(Int32& startPos, Int32& endPos, Int32& outOrChars)
   at System.Xml.XmlTextReaderImpl.ParseText()
   at System.Xml.XmlTextReaderImpl.ParseElementContent()
   at System.Xml.XmlTextReaderImpl.Read()
   at System.Xml.XmlLoader.LoadNode(Boolean skipOverWhitespace)
   at System.Xml.XmlLoader.LoadDocSequence(XmlDocument parentDoc)
   at System.Xml.XmlLoader.Load(XmlDocument doc, XmlReader reader, Boolean preserveWhitespace)
   at System.Xml.XmlDocument.Load(XmlReader reader)
   at System.Xml.XmlDocument.Load(String filename)
   at DataAnalyzer.Support.FileManager.WriteInputMessage(InputMessages Message, String FileName) in E:\EXTENAL_CODE\Project_live\External Project_new\External Project\DataAnalyzer\Support\FileManager.cs:line 1102

--------------------------------------------------------------------------------------------------------
07-24-2026 22:24:54
'.', hexadecimal value 0x00, is an invalid character. Line 38069, position 8.
   at System.Xml.XmlTextReaderImpl.Throw(Exception e)
   at System.Xml.XmlTextReaderImpl.Throw(String res, String[] args)
   at System.Xml.XmlTextReaderImpl.ParseText(Int32& startPos, Int32& endPos, Int32& outOrChars)
   at System.Xml.XmlTextReaderImpl.ParseText()
   at System.Xml.XmlTextReaderImpl.ParseElementContent()
   at System.Xml.XmlTextReaderImpl.Read()
   at System.Xml.XmlLoader.LoadNode(Boolean skipOverWhitespace)
   at System.Xml.XmlLoader.LoadDocSequence(XmlDocument parentDoc)
   at System.Xml.XmlLoader.Load(XmlDocument doc, XmlReader reader, Boolean preserveWhitespace)
   at System.Xml.XmlDocument.Load(XmlReader reader)
   at System.Xml.XmlDocument.Load(String filename)
   at DataAnalyzer.Support.FileManager.WriteInputMessage(InputMessages Message, String FileName) in E:\EXTENAL_CODE\Project_live\External Project_new\External Project\DataAnalyzer\Support\FileManager.cs:line 1102

--------------------------------------------------------------------------------------------------------
07-24-2026 22:25:39
'.', hexadecimal value 0x00, is an invalid character. Line 38069, position 8.
   at System.Xml.XmlTextReaderImpl.Throw(Exception e)
   at System.Xml.XmlTextReaderImpl.Throw(String res, String[] args)
   at System.Xml.XmlTextReaderImpl.ParseText(Int32& startPos, Int32& endPos, Int32& outOrChars)
   at System.Xml.XmlTextReaderImpl.ParseText()
   at System.Xml.XmlTextReaderImpl.ParseElementContent()
   at System.Xml.XmlTextReaderImpl.Read()
   at System.Xml.XmlLoader.LoadNode(Boolean skipOverWhitespace)
   at System.Xml.XmlLoader.LoadDocSequence(XmlDocument parentDoc)
   at System.Xml.XmlLoader.Load(XmlDocument doc, XmlReader reader, Boolean preserveWhitespace)
   at System.Xml.XmlDocument.Load(XmlReader reader)
   at System.Xml.XmlDocument.Load(String filename)
   at DataAnalyzer.Support.FileManager.WriteInputMessage(InputMessages Message, String FileName) in E:\EXTENAL_CODE\Project_live\External Project_new\External Project\DataAnalyzer\Support\FileManager.cs:line 1102

--------------------------------------------------------------------------------------------------------
07-24-2026 22:26:24
'.', hexadecimal value 0x00, is an invalid character. Line 38069, position 8.
   at System.Xml.XmlTextReaderImpl.Throw(Exception e)
   at System.Xml.XmlTextReaderImpl.Throw(String res, String[] args)
   at System.Xml.XmlTextReaderImpl.ParseText(Int32& startPos, Int32& endPos, Int32& outOrChars)
   at System.Xml.XmlTextReaderImpl.ParseText()
   at System.Xml.XmlTextReaderImpl.ParseElementContent()
   at System.Xml.XmlTextReaderImpl.Read()
   at System.Xml.XmlLoader.LoadNode(Boolean skipOverWhitespace)
   at System.Xml.XmlLoader.LoadDocSequence(XmlDocument parentDoc)
   at System.Xml.XmlLoader.Load(XmlDocument doc, XmlReader reader, Boolean preserveWhitespace)
   at System.Xml.XmlDocument.Load(XmlReader reader)
   at System.Xml.XmlDocument.Load(String filename)
   at DataAnalyzer.Support.FileManager.WriteInputMessage(InputMessages Message, String FileName) in E:\EXTENAL_CODE\Project_live\External Project_new\External Project\DataAnalyzer\Support\FileManager.cs:line 1102

--------------------------------------------------------------------------------------------------------
07-24-2026 22:28:13
'.', hexadecimal value 0x00, is an invalid character. Line 38069, position 8.
   at System.Xml.XmlTextReaderImpl.Throw(Exception e)
   at System.Xml.XmlTextReaderImpl.Throw(String res, String[] args)
   at System.Xml.XmlTextReaderImpl.ParseText(Int32& startPos, Int32& endPos, Int32& outOrChars)
   at System.Xml.XmlTextReaderImpl.ParseText()
   at System.Xml.XmlTextReaderImpl.ParseElementContent()
   at System.Xml.XmlTextReaderImpl.Read()
   at System.Xml.XmlLoader.LoadNode(Boolean skipOverWhitespace)
   at System.Xml.XmlLoader.LoadDocSequence(XmlDocument parentDoc)
   at System.Xml.XmlLoader.Load(XmlDocument doc, XmlReader reader, Boolean preserveWhitespace)
   at System.Xml.XmlDocument.Load(XmlReader reader)
   at System.Xml.XmlDocument.Load(String filename)
   at DataAnalyzer.Support.FileManager.WriteInputMessage(InputMessages Message, String FileName) in E:\EXTENAL_CODE\Project_live\External Project_new\External Project\DataAnalyzer\Support\FileManager.cs:line 1102

--------------------------------------------------------------------------------------------------------
07-24-2026 22:29:39
'.', hexadecimal value 0x00, is an invalid character. Line 38069, position 8.
   at System.Xml.XmlTextReaderImpl.Throw(Exception e)
   at System.Xml.XmlTextReaderImpl.Throw(String res, String[] args)
   at System.Xml.XmlTextReaderImpl.ParseText(Int32& startPos, Int32& endPos, Int32& outOrChars)
   at System.Xml.XmlTextReaderImpl.ParseText()
   at System.Xml.XmlTextReaderImpl.ParseElementContent()
   at System.Xml.XmlTextReaderImpl.Read()
   at System.Xml.XmlLoader.LoadNode(Boolean skipOverWhitespace)
   at System.Xml.XmlLoader.LoadDocSequence(XmlDocument parentDoc)
   at System.Xml.XmlLoader.Load(XmlDocument doc, XmlReader reader, Boolean preserveWhitespace)
   at System.Xml.XmlDocument.Load(XmlReader reader)
   at System.Xml.XmlDocument.Load(String filename)
   at DataAnalyzer.Support.FileManager.WriteInputMessage(InputMessages Message, String FileName) in E:\EXTENAL_CODE\Project_live\External Project_new\External Project\DataAnalyzer\Support\FileManager.cs:line 1102

--------------------------------------------------------------------------------------------------------
07-24-2026 22:31:05
'.', hexadecimal value 0x00, is an invalid character. Line 38069, position 8.
   at System.Xml.XmlTextReaderImpl.Throw(Exception e)
   at System.Xml.XmlTextReaderImpl.Throw(String res, String[] args)
   at System.Xml.XmlTextReaderImpl.ParseText(Int32& startPos, Int32& endPos, Int32& outOrChars)
   at System.Xml.XmlTextReaderImpl.ParseText()
   at System.Xml.XmlTextReaderImpl.ParseElementContent()
   at System.Xml.XmlTextReaderImpl.Read()
   at System.Xml.XmlLoader.LoadNode(Boolean skipOverWhitespace)
   at System.Xml.XmlLoader.LoadDocSequence(XmlDocument parentDoc)
   at System.Xml.XmlLoader.Load(XmlDocument doc, XmlReader reader, Boolean preserveWhitespace)
   at System.Xml.XmlDocument.Load(XmlReader reader)
   at System.Xml.XmlDocument.Load(String filename)
   at DataAnalyzer.Support.FileManager.WriteInputMessage(InputMessages Message, String FileName) in E:\EXTENAL_CODE\Project_live\External Project_new\External Project\DataAnalyzer\Support\FileManager.cs:line 1102

--------------------------------------------------------------------------------------------------------
07-24-2026 22:32:22
'.', hexadecimal value 0x00, is an invalid character. Line 38069, position 8.
   at System.Xml.XmlTextReaderImpl.Throw(Exception e)
   at System.Xml.XmlTextReaderImpl.Throw(String res, String[] args)
   at System.Xml.XmlTextReaderImpl.ParseText(Int32& startPos, Int32& endPos, Int32& outOrChars)
   at System.Xml.XmlTextReaderImpl.ParseText()
   at System.Xml.XmlTextReaderImpl.ParseElementContent()
   at System.Xml.XmlTextReaderImpl.Read()
   at System.Xml.XmlLoader.LoadNode(Boolean skipOverWhitespace)
   at System.Xml.XmlLoader.LoadDocSequence(XmlDocument parentDoc)
   at System.Xml.XmlLoader.Load(XmlDocument doc, XmlReader reader, Boolean preserveWhitespace)
   at System.Xml.XmlDocument.Load(XmlReader reader)
   at System.Xml.XmlDocument.Load(String filename)
   at DataAnalyzer.Support.FileManager.WriteInputMessage(InputMessages Message, String FileName) in E:\EXTENAL_CODE\Project_live\External Project_new\External Project\DataAnalyzer\Support\FileManager.cs:line 1102

--------------------------------------------------------------------------------------------------------
07-24-2026 22:45:56
'.', hexadecimal value 0x00, is an invalid character. Line 38069, position 8.
   at System.Xml.XmlTextReaderImpl.Throw(Exception e)
   at System.Xml.XmlTextReaderImpl.Throw(String res, String[] args)
   at System.Xml.XmlTextReaderImpl.ParseText(Int32& startPos, Int32& endPos, Int32& outOrChars)
   at System.Xml.XmlTextReaderImpl.ParseText()
   at System.Xml.XmlTextReaderImpl.ParseElementContent()
   at System.Xml.XmlTextReaderImpl.Read()
   at System.Xml.XmlLoader.LoadNode(Boolean skipOverWhitespace)
   at System.Xml.XmlLoader.LoadDocSequence(XmlDocument parentDoc)
   at System.Xml.XmlLoader.Load(XmlDocument doc, XmlReader reader, Boolean preserveWhitespace)
   at System.Xml.XmlDocument.Load(XmlReader reader)
   at System.Xml.XmlDocument.Load(String filename)
   at DataAnalyzer.Support.FileManager.WriteInputMessage(InputMessages Message, String FileName) in E:\EXTENAL_CODE\Project_live\External Project_new\External Project\DataAnalyzer\Support\FileManager.cs:line 1102

--------------------------------------------------------------------------------------------------------
07-24-2026 22:46:01
'.', hexadecimal value 0x00, is an invalid character. Line 38069, position 8.
   at System.Xml.XmlTextReaderImpl.Throw(Exception e)
   at System.Xml.XmlTextReaderImpl.Throw(String res, String[] args)
   at System.Xml.XmlTextReaderImpl.ParseText(Int32& startPos, Int32& endPos, Int32& outOrChars)
   at System.Xml.XmlTextReaderImpl.ParseText()
   at System.Xml.XmlTextReaderImpl.ParseElementContent()
   at System.Xml.XmlTextReaderImpl.Read()
   at System.Xml.XmlLoader.LoadNode(Boolean skipOverWhitespace)
   at System.Xml.XmlLoader.LoadDocSequence(XmlDocument parentDoc)
   at System.Xml.XmlLoader.Load(XmlDocument doc, XmlReader reader, Boolean preserveWhitespace)
   at System.Xml.XmlDocument.Load(XmlReader reader)
   at System.Xml.XmlDocument.Load(String filename)
   at DataAnalyzer.Support.FileManager.WriteInputMessage(InputMessages Message, String FileName) in E:\EXTENAL_CODE\Project_live\External Project_new\External Project\DataAnalyzer\Support\FileManager.cs:line 1102

--------------------------------------------------------------------------------------------------------
07-24-2026 22:46:05
'.', hexadecimal value 0x00, is an invalid character. Line 38069, position 8.
   at System.Xml.XmlTextReaderImpl.Throw(Exception e)
   at System.Xml.XmlTextReaderImpl.Throw(String res, String[] args)
   at System.Xml.XmlTextReaderImpl.ParseText(Int32& startPos, Int32& endPos, Int32& outOrChars)
   at System.Xml.XmlTextReaderImpl.ParseText()
   at System.Xml.XmlTextReaderImpl.ParseElementContent()
   at System.Xml.XmlTextReaderImpl.Read()
   at System.Xml.XmlLoader.LoadNode(Boolean skipOverWhitespace)
   at System.Xml.XmlLoader.LoadDocSequence(XmlDocument parentDoc)
   at System.Xml.XmlLoader.Load(XmlDocument doc, XmlReader reader, Boolean preserveWhitespace)
   at System.Xml.XmlDocument.Load(XmlReader reader)
   at System.Xml.XmlDocument.Load(String filename)
   at DataAnalyzer.Support.FileManager.WriteInputMessage(InputMessages Message, String FileName) in E:\EXTENAL_CODE\Project_live\External Project_new\External Project\DataAnalyzer\Support\FileManager.cs:line 1102

--------------------------------------------------------------------------------------------------------
07-24-2026 22:46:10
'.', hexadecimal value 0x00, is an invalid character. Line 38069, position 8.
   at System.Xml.XmlTextReaderImpl.Throw(Exception e)
   at System.Xml.XmlTextReaderImpl.Throw(String res, String[] args)
   at System.Xml.XmlTextReaderImpl.ParseText(Int32& startPos, Int32& endPos, Int32& outOrChars)
   at System.Xml.XmlTextReaderImpl.ParseText()
   at System.Xml.XmlTextReaderImpl.ParseElementContent()
   at System.Xml.XmlTextReaderImpl.Read()
   at System.Xml.XmlLoader.LoadNode(Boolean skipOverWhitespace)
   at System.Xml.XmlLoader.LoadDocSequence(XmlDocument parentDoc)
   at System.Xml.XmlLoader.Load(XmlDocument doc, XmlReader reader, Boolean preserveWhitespace)
   at System.Xml.XmlDocument.Load(XmlReader reader)
   at System.Xml.XmlDocument.Load(String filename)
   at DataAnalyzer.Support.FileManager.WriteInputMessage(InputMessages Message, String FileName) in E:\EXTENAL_CODE\Project_live\External Project_new\External Project\DataAnalyzer\Support\FileManager.cs:line 1102

--------------------------------------------------------------------------------------------------------
07-24-2026 22:46:14
'.', hexadecimal value 0x00, is an invalid character. Line 38069, position 8.
   at System.Xml.XmlTextReaderImpl.Throw(Exception e)
   at System.Xml.XmlTextReaderImpl.Throw(String res, String[] args)
   at System.Xml.XmlTextReaderImpl.ParseText(Int32& startPos, Int32& endPos, Int32& outOrChars)
   at System.Xml.XmlTextReaderImpl.ParseText()
   at System.Xml.XmlTextReaderImpl.ParseElementContent()
   at System.Xml.XmlTextReaderImpl.Read()
   at System.Xml.XmlLoader.LoadNode(Boolean skipOverWhitespace)
   at System.Xml.XmlLoader.LoadDocSequence(XmlDocument parentDoc)
   at System.Xml.XmlLoader.Load(XmlDocument doc, XmlReader reader, Boolean preserveWhitespace)
   at System.Xml.XmlDocument.Load(XmlReader reader)
   at System.Xml.XmlDocument.Load(String filename)
   at DataAnalyzer.Support.FileManager.WriteInputMessage(InputMessages Message, String FileName) in E:\EXTENAL_CODE\Project_live\External Project_new\External Project\DataAnalyzer\Support\FileManager.cs:line 1102

--------------------------------------------------------------------------------------------------------
07-24-2026 22:46:19
'.', hexadecimal value 0x00, is an invalid character. Line 38069, position 8.
   at System.Xml.XmlTextReaderImpl.Throw(Exception e)
   at System.Xml.XmlTextReaderImpl.Throw(String res, String[] args)
   at System.Xml.XmlTextReaderImpl.ParseText(Int32& startPos, Int32& endPos, Int32& outOrChars)
   at System.Xml.XmlTextReaderImpl.ParseText()
   at System.Xml.XmlTextReaderImpl.ParseElementContent()
   at System.Xml.XmlTextReaderImpl.Read()
   at System.Xml.XmlLoader.LoadNode(Boolean skipOverWhitespace)
   at System.Xml.XmlLoader.LoadDocSequence(XmlDocument parentDoc)
   at System.Xml.XmlLoader.Load(XmlDocument doc, XmlReader reader, Boolean preserveWhitespace)
   at System.Xml.XmlDocument.Load(XmlReader reader)
   at System.Xml.XmlDocument.Load(String filename)
   at DataAnalyzer.Support.FileManager.WriteInputMessage(InputMessages Message, String FileName) in E:\EXTENAL_CODE\Project_live\External Project_new\External Project\DataAnalyzer\Support\FileManager.cs:line 1102

--------------------------------------------------------------------------------------------------------
07-24-2026 22:46:23
'.', hexadecimal value 0x00, is an invalid character. Line 38069, position 8.
   at System.Xml.XmlTextReaderImpl.Throw(Exception e)
   at System.Xml.XmlTextReaderImpl.Throw(String res, String[] args)
   at System.Xml.XmlTextReaderImpl.ParseText(Int32& startPos, Int32& endPos, Int32& outOrChars)
   at System.Xml.XmlTextReaderImpl.ParseText()
   at System.Xml.XmlTextReaderImpl.ParseElementContent()
   at System.Xml.XmlTextReaderImpl.Read()
   at System.Xml.XmlLoader.LoadNode(Boolean skipOverWhitespace)
   at System.Xml.XmlLoader.LoadDocSequence(XmlDocument parentDoc)
   at System.Xml.XmlLoader.Load(XmlDocument doc, XmlReader reader, Boolean preserveWhitespace)
   at System.Xml.XmlDocument.Load(XmlReader reader)
   at System.Xml.XmlDocument.Load(String filename)
   at DataAnalyzer.Support.FileManager.WriteInputMessage(InputMessages Message, String FileName) in E:\EXTENAL_CODE\Project_live\External Project_new\External Project\DataAnalyzer\Support\FileManager.cs:line 1102

--------------------------------------------------------------------------------------------------------
07-24-2026 22:46:28
'.', hexadecimal value 0x00, is an invalid character. Line 38069, position 8.
   at System.Xml.XmlTextReaderImpl.Throw(Exception e)
   at System.Xml.XmlTextReaderImpl.Throw(String res, String[] args)
   at System.Xml.XmlTextReaderImpl.ParseText(Int32& startPos, Int32& endPos, Int32& outOrChars)
   at System.Xml.XmlTextReaderImpl.ParseText()
   at System.Xml.XmlTextReaderImpl.ParseElementContent()
   at System.Xml.XmlTextReaderImpl.Read()
   at System.Xml.XmlLoader.LoadNode(Boolean skipOverWhitespace)
   at System.Xml.XmlLoader.LoadDocSequence(XmlDocument parentDoc)
   at System.Xml.XmlLoader.Load(XmlDocument doc, XmlReader reader, Boolean preserveWhitespace)
   at System.Xml.XmlDocument.Load(XmlReader reader)
   at System.Xml.XmlDocument.Load(String filename)
   at DataAnalyzer.Support.FileManager.WriteInputMessage(InputMessages Message, String FileName) in E:\EXTENAL_CODE\Project_live\External Project_new\External Project\DataAnalyzer\Support\FileManager.cs:line 1102

--------------------------------------------------------------------------------------------------------
07-24-2026 22:47:04
'.', hexadecimal value 0x00, is an invalid character. Line 38069, position 8.
   at System.Xml.XmlTextReaderImpl.Throw(Exception e)
   at System.Xml.XmlTextReaderImpl.Throw(String res, String[] args)
   at System.Xml.XmlTextReaderImpl.ParseText(Int32& startPos, Int32& endPos, Int32& outOrChars)
   at System.Xml.XmlTextReaderImpl.ParseText()
   at System.Xml.XmlTextReaderImpl.ParseElementContent()
   at System.Xml.XmlTextReaderImpl.Read()
   at System.Xml.XmlLoader.LoadNode(Boolean skipOverWhitespace)
   at System.Xml.XmlLoader.LoadDocSequence(XmlDocument parentDoc)
   at System.Xml.XmlLoader.Load(XmlDocument doc, XmlReader reader, Boolean preserveWhitespace)
   at System.Xml.XmlDocument.Load(XmlReader reader)
   at System.Xml.XmlDocument.Load(String filename)
   at DataAnalyzer.Support.FileManager.WriteInputMessage(InputMessages Message, String FileName) in E:\EXTENAL_CODE\Project_live\External Project_new\External Project\DataAnalyzer\Support\FileManager.cs:line 1102

--------------------------------------------------------------------------------------------------------
07-24-2026 23:44:38
'.', hexadecimal value 0x00, is an invalid character. Line 38069, position 8.
   at System.Xml.XmlTextReaderImpl.Throw(Exception e)
   at System.Xml.XmlTextReaderImpl.Throw(String res, String[] args)
   at System.Xml.XmlTextReaderImpl.ParseText(Int32& startPos, Int32& endPos, Int32& outOrChars)
   at System.Xml.XmlTextReaderImpl.ParseText()
   at System.Xml.XmlTextReaderImpl.ParseElementContent()
   at System.Xml.XmlTextReaderImpl.Read()
   at System.Xml.XmlLoader.LoadNode(Boolean skipOverWhitespace)
   at System.Xml.XmlLoader.LoadDocSequence(XmlDocument parentDoc)
   at System.Xml.XmlLoader.Load(XmlDocument doc, XmlReader reader, Boolean preserveWhitespace)
   at System.Xml.XmlDocument.Load(XmlReader reader)
   at System.Xml.XmlDocument.Load(String filename)
   at DataAnalyzer.Support.FileManager.WriteInputMessage(InputMessages Message, String FileName) in E:\EXTENAL_CODE\Project_live\External Project_new\External Project\DataAnalyzer\Support\FileManager.cs:line 1102

--------------------------------------------------------------------------------------------------------
07-24-2026 23:44:42
'.', hexadecimal value 0x00, is an invalid character. Line 38069, position 8.
   at System.Xml.XmlTextReaderImpl.Throw(Exception e)
   at System.Xml.XmlTextReaderImpl.Throw(String res, String[] args)
   at System.Xml.XmlTextReaderImpl.ParseText(Int32& startPos, Int32& endPos, Int32& outOrChars)
   at System.Xml.XmlTextReaderImpl.ParseText()
   at System.Xml.XmlTextReaderImpl.ParseElementContent()
   at System.Xml.XmlTextReaderImpl.Read()
   at System.Xml.XmlLoader.LoadNode(Boolean skipOverWhitespace)
   at System.Xml.XmlLoader.LoadDocSequence(XmlDocument parentDoc)
   at System.Xml.XmlLoader.Load(XmlDocument doc, XmlReader reader, Boolean preserveWhitespace)
   at System.Xml.XmlDocument.Load(XmlReader reader)
   at System.Xml.XmlDocument.Load(String filename)
   at DataAnalyzer.Support.FileManager.WriteInputMessage(InputMessages Message, String FileName) in E:\EXTENAL_CODE\Project_live\External Project_new\External Project\DataAnalyzer\Support\FileManager.cs:line 1102

--------------------------------------------------------------------------------------------------------
07-24-2026 23:44:47
'.', hexadecimal value 0x00, is an invalid character. Line 38069, position 8.
   at System.Xml.XmlTextReaderImpl.Throw(Exception e)
   at System.Xml.XmlTextReaderImpl.Throw(String res, String[] args)
   at System.Xml.XmlTextReaderImpl.ParseText(Int32& startPos, Int32& endPos, Int32& outOrChars)
   at System.Xml.XmlTextReaderImpl.ParseText()
   at System.Xml.XmlTextReaderImpl.ParseElementContent()
   at System.Xml.XmlTextReaderImpl.Read()
   at System.Xml.XmlLoader.LoadNode(Boolean skipOverWhitespace)
   at System.Xml.XmlLoader.LoadDocSequence(XmlDocument parentDoc)
   at System.Xml.XmlLoader.Load(XmlDocument doc, XmlReader reader, Boolean preserveWhitespace)
   at System.Xml.XmlDocument.Load(XmlReader reader)
   at System.Xml.XmlDocument.Load(String filename)
   at DataAnalyzer.Support.FileManager.WriteInputMessage(InputMessages Message, String FileName) in E:\EXTENAL_CODE\Project_live\External Project_new\External Project\DataAnalyzer\Support\FileManager.cs:line 1102

--------------------------------------------------------------------------------------------------------
07-24-2026 23:44:51
'.', hexadecimal value 0x00, is an invalid character. Line 38069, position 8.
   at System.Xml.XmlTextReaderImpl.Throw(Exception e)
   at System.Xml.XmlTextReaderImpl.Throw(String res, String[] args)
   at System.Xml.XmlTextReaderImpl.ParseText(Int32& startPos, Int32& endPos, Int32& outOrChars)
   at System.Xml.XmlTextReaderImpl.ParseText()
   at System.Xml.XmlTextReaderImpl.ParseElementContent()
   at System.Xml.XmlTextReaderImpl.Read()
   at System.Xml.XmlLoader.LoadNode(Boolean skipOverWhitespace)
   at System.Xml.XmlLoader.LoadDocSequence(XmlDocument parentDoc)
   at System.Xml.XmlLoader.Load(XmlDocument doc, XmlReader reader, Boolean preserveWhitespace)
   at System.Xml.XmlDocument.Load(XmlReader reader)
   at System.Xml.XmlDocument.Load(String filename)
   at DataAnalyzer.Support.FileManager.WriteInputMessage(InputMessages Message, String FileName) in E:\EXTENAL_CODE\Project_live\External Project_new\External Project\DataAnalyzer\Support\FileManager.cs:line 1102

--------------------------------------------------------------------------------------------------------
07-24-2026 23:44:56
'.', hexadecimal value 0x00, is an invalid character. Line 38069, position 8.
   at System.Xml.XmlTextReaderImpl.Throw(Exception e)
   at System.Xml.XmlTextReaderImpl.Throw(String res, String[] args)
   at System.Xml.XmlTextReaderImpl.ParseText(Int32& startPos, Int32& endPos, Int32& outOrChars)
   at System.Xml.XmlTextReaderImpl.ParseText()
   at System.Xml.XmlTextReaderImpl.ParseElementContent()
   at System.Xml.XmlTextReaderImpl.Read()
   at System.Xml.XmlLoader.LoadNode(Boolean skipOverWhitespace)
   at System.Xml.XmlLoader.LoadDocSequence(XmlDocument parentDoc)
   at System.Xml.XmlLoader.Load(XmlDocument doc, XmlReader reader, Boolean preserveWhitespace)
   at System.Xml.XmlDocument.Load(XmlReader reader)
   at System.Xml.XmlDocument.Load(String filename)
   at DataAnalyzer.Support.FileManager.WriteInputMessage(InputMessages Message, String FileName) in E:\EXTENAL_CODE\Project_live\External Project_new\External Project\DataAnalyzer\Support\FileManager.cs:line 1102

