23-07-2026 00:03:10 - [STX]R 000101N0195                   8806436[ETX]
23-07-2026 00:03:10 - --Send Message To Machine --[STX]S 000101 0195                   8806436    E007009013001025026028029005012024006[ETX]
23-07-2026 00:03:11 - [ACK]
23-07-2026 00:14:06 - [STX]D 000101 0195                   8806436    E20260723000909001  4.52  009 1.072  026  50.5  025  7.75  028 21.39  012 0.095  005
23-07-2026 00:14:06 -   29.7  013  21.3  029   4.3  006  9.31  007 195.8  024 0.619  [ETX]
23-07-2026 00:14:07 - [STX]Rh000101 0195                   8806436[ETX]
23-07-2026 00:14:07 - --Send Message To Machine --[STX]S 000101 0195                   8806436    E007013001025026028029005012024006[ETX]
23-07-2026 00:14:08 - [ACK]
23-07-2026 00:15:59 - [STX]D     02 P015                   9300010    E20260723001103017 38.00  [ETX]
23-07-2026 00:16:03 - [STX]D     04 P016                   9285407    E20260723001107017 30.45  [ETX]
23-07-2026 00:16:08 - [STX]D     05 P017                   9141812    E20260723001112017143.60  [ETX]
23-07-2026 00:16:12 - [STX]D     06 P018                   9299216    E20260723001116017 11.81  [ETX]
23-07-2026 00:20:57 - [STX]R 001001N0196                   9152947[ETX]
23-07-2026 00:20:58 - --Send Message To Machine --[STX]S 001001 0196                   9152947    E014[ETX]
23-07-2026 00:20:58 - [ACK]
23-07-2026 00:21:02 - [STX]R 001002N0197                   9152951[ETX]
23-07-2026 00:21:02 - --Send Message To Machine --[STX]S 001002 0197                   9152951    E014[ETX]
23-07-2026 00:21:03 - [ACK]
23-07-2026 00:21:06 - [STX]R 001003N0198                   9285417[ETX]
23-07-2026 00:21:07 - --Send Message To Machine --[STX]S 001003 0198                   9285417    E014[ETX]
23-07-2026 00:21:07 - [ACK]
23-07-2026 00:21:11 - [STX]R 001004N0199                   9152943[ETX]
23-07-2026 00:21:11 - --Send Message To Machine --[STX]S 001004 0199                   9152943    E014[ETX]
23-07-2026 00:21:12 - [ACK]
23-07-2026 00:21:15 - [STX]R 001005N0200                   9152234[ETX]
23-07-2026 00:21:16 - --Send Message To Machine --[STX]S 001005 0200                   9152234    E014[ETX]
23-07-2026 00:21:16 - [ACK]
23-07-2026 00:21:20 - [STX]R 001006N0201                   9152250[ETX]
23-07-2026 00:21:20 - --Send Message To Machine --[STX]S 001006 0201                   9152250    E014[ETX]
23-07-2026 00:21:21 - [ACK]
23-07-2026 00:21:25 - [STX]R 001007N0202                   9152939[ETX]
23-07-2026 00:21:25 - --Send Message To Machine --[STX]S 001007 0202                   9152939    E014[ETX]
23-07-2026 00:21:25 - [ACK]
23-07-2026 00:21:29 - [STX]R 001008N0203                   9144415[ETX]
23-07-2026 00:21:29 - --Send Message To Machine --[STX]S 001008 0203                   9144415    E014[ETX]
23-07-2026 00:21:30 - [ACK]
23-07-2026 00:21:34 - [STX]R 001009N0204                   9151782[ETX]
23-07-2026 00:21:34 - --Send Message To Machine --[STX]S 001009 0204                   9151782    E014[ETX]
23-07-2026 00:21:34 - [ACK]
23-07-2026 00:21:38 - [STX]R 001010N0205                   9144411[ETX]
23-07-2026 00:21:38 - --Send Message To Machine --[STX]S 001010 0205                   9144411    E014[ETX]
23-07-2026 00:21:39 - [ACK]
23-07-2026 00:21:43 - [STX]R 000501N0206                   9144401[ETX]
23-07-2026 00:21:43 - --Send Message To Machine --[STX]S 000501 0206                   9144401    E014[ETX]
23-07-2026 00:21:43 - [ACK]
23-07-2026 00:21:47 - [STX]R 000502N0207                   9152247[ETX]
23-07-2026 00:21:47 - --Send Message To Machine --[STX]S 000502 0207                   9152247    E014[ETX]
23-07-2026 00:21:48 - [ACK]
23-07-2026 00:21:52 - [STX]R 000503N0208                   9143946[ETX]
23-07-2026 00:21:52 - --Send Message To Machine --[STX]S 000503 0208                   9143946    E014[ETX]
23-07-2026 00:21:52 - [ACK]
23-07-2026 00:30:19 - [STX]R 000901N0209                   9152948[ETX]
23-07-2026 00:30:19 - --Send Message To Machine --[STX]S 000901 0209                   9152948    E099007009013097001025026028029002098003005012024006[ETX]
23-07-2026 00:30:19 - [ACK]
23-07-2026 00:30:23 - [STX]R 000902N0210                   9152940[ETX]
23-07-2026 00:30:23 - --Send Message To Machine --[STX]S 000902 0210                   9152940    E099007009013097001025026028029002098003005012024006[ETX]
23-07-2026 00:30:24 - [ACK]
23-07-2026 00:30:28 - [STX]R 000903N0211                  19802761[ETX]
23-07-2026 00:30:28 - --Send Message To Machine --[STX]S 000903 0211                  19802761    E099007009013097001025026028029002098003005012024006[ETX]
23-07-2026 00:30:28 - [ACK]
23-07-2026 00:30:32 - [STX]R 000904N0212                   9152251[ETX]
23-07-2026 00:30:32 - --Send Message To Machine --[STX]S 000904 0212                   9152251    E099007009013097001025026028029002098003005012024006[ETX]
23-07-2026 00:30:33 - [ACK]
23-07-2026 00:30:37 - [STX]R 000905N0213                   9152944[ETX]
23-07-2026 00:30:37 - --Send Message To Machine --[STX]S 000905 0213                   9152944    E099007009013097001025026028029002098003005012024006[ETX]
23-07-2026 00:30:37 - [ACK]
23-07-2026 00:30:41 - [STX]R 000906N0214                   9285415[ETX]
23-07-2026 00:30:41 - --Send Message To Machine --[STX]S 000906 0214                   9285415    E099007009013097001025026028029002098003005012024006[ETX]
23-07-2026 00:30:42 - [ACK]
23-07-2026 00:30:46 - [STX]R 000907N0215                   8876461[ETX]
23-07-2026 00:30:46 - --Send Message To Machine --[STX]S 000907 0215                   8876461    E099007010009013097001025026028029002098003005012024006[ETX]
23-07-2026 00:30:47 - [ACK]
23-07-2026 00:30:48 - [STX]D 001001 0196                   9152947    E20260723002550014  76.7  [ETX]
23-07-2026 00:30:50 - [STX]R 000908N0216                   8876463[ETX]
23-07-2026 00:30:50 - --Send Message To Machine --[STX]S 000908 0216                   8876463    E099007010009013097001025026028029002098003005012024006[ETX]
23-07-2026 00:30:51 - [ACK]
23-07-2026 00:30:53 - [STX]D 001002 0197                   9152951    E20260723002554014  47.3  [ETX]
23-07-2026 00:30:55 - [STX]R 000909N0217                   9144402[ETX]
23-07-2026 00:30:55 - --Send Message To Machine --[STX]S 000909 0217                   9144402    E099007009013097001025026028029002098003005012024006[ETX]
23-07-2026 00:30:56 - [ACK]
23-07-2026 00:30:57 - [STX]D 001003 0198                   9285417    E20260723002559014  61.9  [ETX]
23-07-2026 00:30:59 - [STX]R 000910N0218                   9152960[ETX]
23-07-2026 00:31:00 - --Send Message To Machine --[STX]S 000910 0218                   9152960    E099007009013097001025026028029022002098003005012024006[ETX]
23-07-2026 00:31:00 - [ACK]
23-07-2026 00:31:02 - [STX]D 001004 0199                   9152943    E20260723002603014      %?[ETX]
23-07-2026 00:31:04 - [STX]R 000301N0219                   9143941[ETX]
23-07-2026 00:31:04 - --Send Message To Machine --[STX]S 000301 0219                   9143941    E099007009013097001025026028029002098003005012024006[ETX]
23-07-2026 00:31:05 - [ACK]
23-07-2026 00:31:06 - [STX]D 001005 0200                   9152234    E20260723002608014 128.2  [ETX]
23-07-2026 00:31:08 - [STX]R 000302N0220                   9152253[ETX]
23-07-2026 00:31:09 - --Send Message To Machine --[STX]S 000302 0220                   9152253    E099007009013097001025026028029002098003005012024006[ETX]
23-07-2026 00:31:09 - [ACK]
23-07-2026 00:31:11 - [STX]D 001006 0201                   9152250    E20260723002612014 455.9  [ETX]
23-07-2026 00:31:13 - [STX]R 000303N0221                   9144419[ETX]
23-07-2026 00:31:13 - --Send Message To Machine --[STX]S 000303 0221                   9144419    E014[ETX]
23-07-2026 00:31:14 - [ACK]
23-07-2026 00:31:15 - [STX]D 001007 0202                   9152939    E20260723002617014  76.5  [ETX]
23-07-2026 00:31:18 - [STX]D 001008 0203                   9144415    E20260723002621014 163.2  [ETX]
23-07-2026 00:31:22 - [STX]D 001009 0204                   9151782    E20260723002626014  82.0  [ETX]
23-07-2026 00:31:27 - [STX]D 001010 0205                   9144411    E20260723002630014  83.1  [ETX]
23-07-2026 00:31:28 - [STX]Rh001001 0196                   9152947[ETX]
23-07-2026 00:31:31 - [NAK]
23-07-2026 00:31:33 - [STX]D 000501 0206                   9144401    E20260723002635014  85.7  [ETX]
23-07-2026 00:31:34 - [STX]Rh001002 0197                   9152951[ETX]
23-07-2026 00:31:37 - [NAK]
23-07-2026 00:31:39 - [STX]D 000502 0207                   9152247    E20260723002640014  77.5  [ETX]
23-07-2026 00:31:41 - [STX]Rh001003 0198                   9285417[ETX]
23-07-2026 00:31:44 - [NAK]
23-07-2026 00:31:45 - [STX]D 000503 0208                   9143946    E20260723002644014  69.1  [ETX]
23-07-2026 00:31:47 - [STX]Rh001005 0200                   9152234[ETX]
23-07-2026 00:31:50 - [NAK]
23-07-2026 00:31:51 - [STX]Rh001006 0201                   9152250[ETX]
23-07-2026 00:31:55 - [NAK]
23-07-2026 00:31:56 - [STX]Rh001007 0202                   9152939[ETX]
23-07-2026 00:31:59 - [NAK]
23-07-2026 00:32:01 - [STX]Rh001008 0203                   9144415[ETX]
23-07-2026 00:32:04 - [NAK]
23-07-2026 00:32:05 - [STX]Rh001009 0204                   9151782[ETX]
23-07-2026 00:32:08 - [NAK]
23-07-2026 00:32:10 - [STX]Rh001010 0205                   9144411[ETX]
23-07-2026 00:32:13 - [NAK]
23-07-2026 00:32:15 - [STX]Rh000501 0206                   9144401[ETX]
23-07-2026 00:32:18 - [NAK]
23-07-2026 00:32:19 - [STX]Rh000502 0207                   9152247[ETX]
23-07-2026 00:32:22 - [NAK]
23-07-2026 00:32:24 - [STX]Rh000503 0208                   9143946[ETX]
23-07-2026 00:32:27 - [NAK]
23-07-2026 00:41:15 - [STX]D 000901 0209                   9152948    E20260723003619001  4.67  009 1.139  026 270.0  025  8.47  002  97.4  003  18.2  028
23-07-2026 00:41:15 -  18.37  012 0.117  005  25.7  013  31.4  029   6.0  006  9.75  007 168.0  024 0.802  097 141.3  098 4.130  099 105.0  [ETX]
23-07-2026 00:41:56 - [STX]R 000701N0222                   9143943[ETX]
23-07-2026 00:41:56 - --Send Message To Machine --[STX]S 000701 0222                   9143943    E099007009013017097001025026028029022027002098003005012024006[ETX]
23-07-2026 00:41:56 - [ACK]
23-07-2026 00:42:00 - [STX]R 000702N0223                   9152956[ETX]
23-07-2026 00:42:00 - --Send Message To Machine --[STX]S 000702 0223                   9152956    E099007009013017097001025026028029027002098003005012024006[ETX]
23-07-2026 00:42:01 - [ACK]
23-07-2026 00:42:05 - [STX]R 000703N0224                   9150018[ETX]
23-07-2026 00:42:05 - --Send Message To Machine --[STX]S 000703 0224                   9150018    E099007009013017097001025026028029027002098003005012024006[ETX]
23-07-2026 00:42:05 - [ACK]
23-07-2026 00:42:18 - [STX]R 000704N0225                   9144416[ETX]
23-07-2026 00:42:18 - --Send Message To Machine --[STX]S 000704 0225                   9144416    E099007009013017097001025026028029027002098003005012024006[ETX]
23-07-2026 00:42:19 - [ACK]
23-07-2026 00:42:32 - [STX]D 000902 0210                   9152940    E20260723003736001  4.25  009 0.869  026 121.7  025  7.40  002  50.7  003  30.8  028
23-07-2026 00:42:32 -  30.55  012 0.100  005  35.8  013  46.0  029   6.6  006  9.55  007 236.8  024 0.667  097 144.2  098 3.706  099 106.9  [ETX]
23-07-2026 00:43:35 - [STX]R 000705N0226                   9144412[ETX]
23-07-2026 00:43:35 - --Send Message To Machine --[STX]S 000705 0226                   9144412    E099007009013017097001025026028029027002098003005012024006[ETX]
23-07-2026 00:43:36 - [ACK]
23-07-2026 00:43:49 - [STX]D 000903 0211                  19802761    E20260723003853001  4.02  009 0.861  026 140.5  025  6.96  002  77.0  003  19.4  028
23-07-2026 00:43:49 -  32.09  012 0.100  005  16.5  013  31.2  029   5.6  006  8.92  007 174.6  024 0.619  097 141.4  098 4.828  099 109.7  [ETX]
23-07-2026 00:45:01 - [STX]R 000706N0227                   9285420[ETX]
23-07-2026 00:45:01 - --Send Message To Machine --[STX]S 000706 0227                   9285420    E099007009013017097001025026028029027002098003005012024006[ETX]
23-07-2026 00:45:02 - [ACK]
23-07-2026 00:45:06 - [STX]D 000904 0212                   9152251    E20260723004010001  4.06  009 0.658  026 268.4  025  7.64  002 110.9  003  16.6  028
23-07-2026 00:45:06 -  16.08  012 0.078  005  15.1  013   9.2  029   3.1  006  9.40  007 203.0  024 0.597  097 135.0  098 3.967  099 102.5  [ETX]
23-07-2026 00:46:18 - [STX]R 000707N0228                   9152237[ETX]
23-07-2026 00:46:18 - --Send Message To Machine --[STX]S 000707 0228                   9152237    E099007009013017097001025026028029027002098003005012024006[ETX]
23-07-2026 00:46:19 - [ACK]
23-07-2026 00:46:23 - [STX]D 000905 0213                   9152944    E20260723004127001  3.81  009 1.117  026 210.6  025  7.76  002  78.2  003  17.8  028
23-07-2026 00:46:23 -  17.22  012 0.084  005  19.0  013  20.2  029   3.2  006  9.50  007 204.6  024 0.580  097 133.3  098 4.667  099  94.3  [ETX]
23-07-2026 00:47:35 - [STX]R 000708N0229                   9152248[ETX]
23-07-2026 00:47:35 - --Send Message To Machine --[STX]S 000708 0229                   9152248    E099007009013017097001025026028029027002098003005012024006[ETX]
23-07-2026 00:47:36 - [ACK]
23-07-2026 00:47:40 - [STX]R 000709N0230                   9144404[ETX]
23-07-2026 00:47:40 - --Send Message To Machine --[STX]S 000709 0230                   9144404    E022[ETX]
23-07-2026 00:47:40 - [ACK]
23-07-2026 00:47:42 - [STX]D 000906 0214                   9285415    E20260723004244001  3.86  009 0.741  026  66.9  025  7.17  002  57.2  003  21.8  028
23-07-2026 00:47:42 -  14.24  012 0.203  005  27.2  013   9.6  029   3.1  006  8.73  007 145.4  024 1.021  097 141.5  098 4.650  099 106.3  [ETX]
23-07-2026 00:49:15 - [STX]D 000907 0215                   8876461    E20260723004419001  4.07  009 0.726  026 111.4  025  7.16  010  4.78  002  84.5  003
23-07-2026 00:49:15 -   25.9  028 21.31  012 0.046  005  21.9  013  33.8  029   3.3  006  9.55  007 179.9  024 0.317  097 140.8  098 5.006  099 109.9 
23-07-2026 00:49:15 -  [ETX]
23-07-2026 00:50:50 - [STX]D 000908 0216                   8876463    E20260723004554001  3.99  009 0.944  026 169.9  025  7.40  010 10.40  002 103.6  003
23-07-2026 00:50:50 -   22.5  028 30.19  012 0.046  005  19.9  013  19.7  029   5.5  006  9.45  007 262.4  024 0.391  097 140.9  098 4.214  099 108.1 
23-07-2026 00:50:50 -  [ETX]
23-07-2026 00:52:07 - [STX]D 000909 0217                   9144402    E20260723004711001  4.53  009 0.560  026 111.7  025  8.05  002 242.5  003  36.9  028
23-07-2026 00:52:07 -  14.63  012 0.089  005  37.6  013  23.0  029   3.4  006  9.89  007 154.9  024 0.649  097 142.4  098 4.859  099 104.5  [ETX]
23-07-2026 00:52:52 - [STX]D     07 P019                   9300019    E20260723004756022   0.3G [ETX]
23-07-2026 00:53:33 - [STX]D 000910 0218                   9152960    E20260723004837001  3.45  009 0.756  026  86.4  025  7.32  002  72.0  003  13.6  028
23-07-2026 00:53:33 -  23.52  012 0.127  005  22.4  013  20.7  029   3.7  022 133.6F 006  9.65  007 110.7  024 0.562  097 141.9  098 4.693  099 101.8 
23-07-2026 00:53:33 -  [ETX]
23-07-2026 00:53:35 - [STX]Rh000901 0209                   9152948[ETX]
23-07-2026 00:53:35 - --Send Message To Machine --[STX]S 000901 0209                   9152948    E001025012024[ETX]
23-07-2026 00:53:35 - [ACK]
23-07-2026 00:53:37 - [STX]Rh000902 0210                   9152940[ETX]
23-07-2026 00:53:37 - --Send Message To Machine --[STX]S 000902 0210                   9152940    E001025012024[ETX]
23-07-2026 00:53:38 - [ACK]
23-07-2026 00:53:39 - [STX]Rh000903 0211                  19802761[ETX]
23-07-2026 00:53:39 - --Send Message To Machine --[STX]S 000903 0211                  19802761    E001025012024[ETX]
23-07-2026 00:53:40 - [ACK]
23-07-2026 00:53:41 - [STX]Rh000904 0212                   9152251[ETX]
23-07-2026 00:53:42 - --Send Message To Machine --[STX]S 000904 0212                   9152251    E001025012024[ETX]
23-07-2026 00:53:42 - [ACK]
23-07-2026 00:53:44 - [STX]Rh000905 0213                   9152944[ETX]
23-07-2026 00:53:44 - --Send Message To Machine --[STX]S 000905 0213                   9152944    E001025012024[ETX]
23-07-2026 00:53:44 - [ACK]
23-07-2026 00:53:46 - [STX]Rh000906 0214                   9285415[ETX]
23-07-2026 00:53:46 - --Send Message To Machine --[STX]S 000906 0214                   9285415    E001025012024[ETX]
23-07-2026 00:53:47 - [ACK]
23-07-2026 00:53:48 - [STX]Rh000907 0215                   8876461[ETX]
23-07-2026 00:53:48 - --Send Message To Machine --[STX]S 000907 0215                   8876461    E001025012024[ETX]
23-07-2026 00:53:49 - [ACK]
23-07-2026 00:53:51 - [STX]Rh000908 0216                   8876463[ETX]
23-07-2026 00:53:51 - --Send Message To Machine --[STX]S 000908 0216                   8876463    E001025012024[ETX]
23-07-2026 00:53:51 - [ACK]
23-07-2026 00:53:53 - [STX]Rh000909 0217                   9144402[ETX]
23-07-2026 00:53:53 - --Send Message To Machine --[STX]S 000909 0217                   9144402    E001025012024[ETX]
23-07-2026 00:53:54 - [ACK]
23-07-2026 00:53:55 - [STX]Rh000910 0218                   9152960[ETX]
23-07-2026 00:53:55 - --Send Message To Machine --[STX]S 000910 0218                   9152960    E001025012024[ETX]
23-07-2026 00:53:56 - [ACK]
23-07-2026 00:54:50 - [STX]D 000301 0219                   9143941    E20260723004954001  4.26  009 0.741  026  99.1  025  7.99  002  80.0  003  17.3  028
23-07-2026 00:54:50 -  18.85  012 0.100  005  27.0  013  18.9  029   4.5  006  9.73  007 124.2  024 0.535  097 137.5  098 5.023  099 107.8  [ETX]
23-07-2026 00:56:07 - [STX]D 000302 0220                   9152253    E20260723005110001  4.15  009 0.733  026 213.2  025  7.48  002 107.1  003  56.8  028
23-07-2026 00:56:07 -  15.82  012 0.078  005  58.5  013  30.2  029   4.8  006  9.39  007 168.1  024 0.461  097 137.3  098 3.611  099 105.8  [ETX]
23-07-2026 00:56:11 - [STX]D 000303 0221                   9144419    E20260723005115014  77.4  [ETX]
23-07-2026 00:56:13 - [STX]Rh000301 0219                   9143941[ETX]
23-07-2026 00:56:13 - --Send Message To Machine --[STX]S 000301 0219                   9143941    E001025012024[ETX]
23-07-2026 00:56:13 - [ACK]
23-07-2026 00:56:15 - [STX]Rh000302 0220                   9152253[ETX]
23-07-2026 00:56:15 - --Send Message To Machine --[STX]S 000302 0220                   9152253    E099007097001025026028029098003005012024[ETX]
23-07-2026 00:56:16 - [ACK]
23-07-2026 00:56:17 - [STX]Rh000303 0221                   9144419[ETX]
23-07-2026 00:56:20 - [NAK]
23-07-2026 00:58:13 - [STX]D 000701 0222                   9143943    E20260723005317001  3.95  009 0.899  017 24.85  026 161.5  025  7.39  002  82.5  003
23-07-2026 00:58:14 -   19.3  027 455.4  028 29.96  012 0.089  005  20.2  013  14.4  029   8.6  022  46.6  006  9.46  007 122.8  024 0.645  097 140.2 
23-07-2026 00:58:14 -  098 4.585  099 104.1  [ETX]
23-07-2026 00:59:39 - [STX]D 000702 0223                   9152956    E20260723005443001  4.71  009 1.026  017113.01  026 400.7  025  7.89  002  86.5  003
23-07-2026 00:59:40 -   62.4  027 176.9  028 24.27  012 0.062  005  43.3  013  33.0  029   5.9  006  9.42  007 220.7  024 0.592  097 140.8  098 4.387 
23-07-2026 00:59:40 -  099 105.6  [ETX]
23-07-2026 01:01:05 - [STX]D 000703 0224                   9150018    E20260723005609001  4.35  009 0.793  017 43.85  026 175.0  025  7.83  002  70.5  003
23-07-2026 01:01:06 -   27.7  027 320.0  028 28.38  012 0.187  005  28.9  013  13.1  029   4.8  006  9.62  007 202.2  024 1.288  097 144.4  098 3.758 
23-07-2026 01:01:06 -  099 108.1  [ETX]
23-07-2026 01:02:31 - [STX]D 000704 0225                   9144416    E20260723005735001  4.19  009 1.132  017211.11  026  57.0  025  7.69  002  67.2  003
23-07-2026 01:02:32 -   31.0  027 201.4  028 29.04  012 0.187  005  32.3  013  23.7  029   4.5  006  9.87  007 177.9  024 1.131  097 140.7  098 5.231 
23-07-2026 01:02:32 -  099 101.8  [ETX]
23-07-2026 01:03:57 - [STX]D 000705 0226                   9144412    E20260723005901001  4.05  009 0.936  017 48.59  026 256.9  025  7.96  002  90.8  003
23-07-2026 01:03:58 -   21.1  027 372.3  028 23.35  012 0.095  005  23.4  013  24.5  029   4.3  006  9.02  007 210.8  024 0.724  097 137.4  098 4.788 
23-07-2026 01:03:58 -  099 101.5  [ETX]
23-07-2026 01:05:23 - [STX]D 000706 0227                   9285420    E20260723010027001  4.64  009 1.192  017 75.27  026 105.2  025  7.55  002  81.5  003
23-07-2026 01:05:24 -   77.3  027 330.2  028 17.72  012 0.176  005  45.7  013  36.0  029   4.7  006  9.80  007 193.6  024 0.973  097 143.4  098 3.959 
23-07-2026 01:05:24 -  099 102.6  [ETX]
23-07-2026 01:06:49 - [STX]D 000707 0228                   9152237    E20260723010153001  4.72  009 1.057  017205.25  026 298.9  025  7.55  002  84.7  003
23-07-2026 01:06:50 -   22.1  027 366.2  028 23.05  012 0.063  005  27.0  013  27.6  029   6.4  006  9.52  007 215.3  024 0.815  097 137.9  098 5.976 
23-07-2026 01:06:50 -  099 105.7  [ETX]
23-07-2026 01:08:16 - [STX]D 000708 0229                   9152248    E20260723010319001  4.49  009 0.703  017 42.90  026 116.7  025  7.29  002 104.8  003
23-07-2026 01:08:16 -   32.8  027 266.7  028 33.08  012 0.236  005  27.9  013   8.6  029   4.0  006  9.63  007 187.5  024 1.891  097 141.5  098 4.957 
23-07-2026 01:08:16 -  099 104.7  [ETX]
23-07-2026 01:08:20 - [STX]D 000709 0230                   9144404    E20260723010324022  45.1  [ETX]
23-07-2026 01:08:21 - [STX]Rh000701 0222                   9143943[ETX]
23-07-2026 01:08:22 - --Send Message To Machine --[STX]S 000701 0222                   9143943    E001025012024[ETX]
23-07-2026 01:08:22 - [ACK]
23-07-2026 01:08:24 - [STX]Rh000702 0223                   9152956[ETX]
23-07-2026 01:08:24 - --Send Message To Machine --[STX]S 000702 0223                   9152956    E001025012024[ETX]
23-07-2026 01:08:25 - [ACK]
23-07-2026 01:08:26 - [STX]Rh000703 0224                   9150018[ETX]
23-07-2026 01:08:26 - --Send Message To Machine --[STX]S 000703 0224                   9150018    E001025012024[ETX]
23-07-2026 01:08:27 - [ACK]
23-07-2026 01:08:28 - [STX]Rh000704 0225                   9144416[ETX]
23-07-2026 01:08:29 - --Send Message To Machine --[STX]S 000704 0225                   9144416    E001025012024[ETX]
23-07-2026 01:08:29 - [ACK]
23-07-2026 01:08:31 - [STX]Rh000705 0226                   9144412[ETX]
23-07-2026 01:08:31 - --Send Message To Machine --[STX]S 000705 0226                   9144412    E001025012024[ETX]
23-07-2026 01:08:31 - [ACK]
23-07-2026 01:08:33 - [STX]Rh000706 0227                   9285420[ETX]
23-07-2026 01:08:33 - --Send Message To Machine --[STX]S 000706 0227                   9285420    E001025012024[ETX]
23-07-2026 01:08:34 - [ACK]
23-07-2026 01:08:35 - [STX]Rh000707 0228                   9152237[ETX]
23-07-2026 01:08:35 - --Send Message To Machine --[STX]S 000707 0228                   9152237    E001025012024[ETX]
23-07-2026 01:08:36 - [ACK]
23-07-2026 01:08:38 - [STX]Rh000708 0229                   9152248[ETX]
23-07-2026 01:08:38 - --Send Message To Machine --[STX]S 000708 0229                   9152248    E001025012024[ETX]
23-07-2026 01:08:38 - [ACK]
23-07-2026 01:08:40 - [STX]Rh000709 0230                   9144404[ETX]
23-07-2026 01:08:43 - [NAK]
23-07-2026 01:22:09 - [STX]RE[ETX]
23-07-2026 01:22:11 - [STX]DE[ETX]
23-07-2026 01:40:20 - [STX]RB[ETX]
23-07-2026 01:40:22 - [STX]DB[ETX]
23-07-2026 01:46:45 - [STX]RE[ETX]
23-07-2026 01:46:47 - [STX]DE[ETX]
23-07-2026 02:53:18 - [STX]RB[ETX]
23-07-2026 02:53:20 - [STX]DB[ETX]
23-07-2026 02:53:29 - [STX]R 000201N0231                   9144420[ETX]
23-07-2026 02:53:29 - --Send Message To Machine --[STX]S 000201 0231                   9144420    E099007009013017097001025026028029027002098003005012024006[ETX]
23-07-2026 02:53:30 - [ACK]
23-07-2026 02:53:33 - [STX]R 000202N0232                   9152954[ETX]
23-07-2026 02:53:34 - --Send Message To Machine --[STX]S 000202 0232                   9152954    E099007009013017097001025026028029027002098003005012024006[ETX]
23-07-2026 02:53:34 - [ACK]
23-07-2026 02:53:38 - [STX]R 000203N0233                   9152244[ETX]
23-07-2026 02:53:38 - --Send Message To Machine --[STX]S 000203 0233                   9152244    E099007009013017097001025026028029027002098003005012024006[ETX]
23-07-2026 02:53:39 - [ACK]
23-07-2026 02:53:43 - [STX]R 000204N0234                   9152952[ETX]
23-07-2026 02:53:43 - --Send Message To Machine --[STX]S 000204 0234                   9152952    E099007009013017097001025026028029027002098003005012024006[ETX]
23-07-2026 02:53:43 - [ACK]
23-07-2026 02:53:47 - [STX]R 000205N0235                   9144409[ETX]
23-07-2026 02:53:47 - --Send Message To Machine --[STX]S 000205 0235                   9144409    E099007009013017097001025026028029027002098003005012024006[ETX]
23-07-2026 02:53:48 - [ACK]
23-07-2026 02:53:52 - [STX]R 000206N0236                   9152958[ETX]
23-07-2026 02:53:52 - --Send Message To Machine --[STX]S 000206 0236                   9152958    E099007009013017097001025026028029027002098003005012024006[ETX]
23-07-2026 02:53:52 - [ACK]
23-07-2026 02:53:56 - [STX]R 000207N0237                   9143945[ETX]
23-07-2026 02:53:56 - --Send Message To Machine --[STX]S 000207 0237                   9143945    E099007010009013017097001025026028029022027002098003005012024006[ETX]
23-07-2026 02:53:57 - [ACK]
23-07-2026 02:54:01 - [STX]R 000208N0238                   9152235[ETX]
23-07-2026 02:54:01 - --Send Message To Machine --[STX]S 000208 0238                   9152235    E099007009013017097001025026028029027002098003005012024006[ETX]
23-07-2026 02:54:01 - [ACK]
23-07-2026 03:07:04 - [STX]D 000201 0231                   9144420    E20260723030208001  4.46  009 0.681  017 74.06  026 104.8  025  7.70  002  95.0  003
23-07-2026 03:07:04 -   14.3  027 299.2  028 28.93  012 0.117  005  25.6  013  11.0  029   3.3  006  9.60  007 184.3  024 0.702  097 143.7  098 4.790 
23-07-2026 03:07:04 -  099 104.2  [ETX]
23-07-2026 03:08:30 - [STX]D 000202 0232                   9152954    E20260723030334001  4.25  009 0.838  017181.97  026 134.8  025  7.53  002  73.7  003
23-07-2026 03:08:30 -   13.4  027 311.8  028 21.21  012 0.100  005  25.2  013   8.9  029   4.7  006 10.78  007 148.0  024 0.663  097 143.3  098 4.986 
23-07-2026 03:08:30 -  099 106.6  [ETX]
23-07-2026 03:09:56 - [STX]D 000203 0233                   9152244    E20260723030500001  4.75  009 1.169  017121.51  026 561.5  025  7.88  002 110.6  003
23-07-2026 03:09:56 -   82.5  027 329.7  028 19.36  012 0.138  005  83.5  013 155.6  029   5.8  006  9.83  007 204.1  024 0.881  097 145.6  098 4.772 
23-07-2026 03:09:56 -  099 103.2  [ETX]
23-07-2026 03:11:22 - [STX]D 000204 0234                   9152952    E20260723030626001  3.94  009 0.929  017 83.39  026  96.6  025  7.14  002 117.3  003
23-07-2026 03:11:22 -   12.8  027 326.2  028 25.38  012 0.090  005  28.5  013  20.0  029   3.5  006  9.52  007 188.1  024 0.583  097 144.2  098 4.745 
23-07-2026 03:11:22 -  099 104.4  [ETX]
23-07-2026 03:12:48 - [STX]D 000205 0235                   9144409    E20260723030752001  4.40  009 0.899  017217.52  026  73.6  025  7.81  002 148.9  003
23-07-2026 03:12:48 -   32.5  027 291.5  028 12.04  012 0.220  005  39.1  013  34.4  029   5.3  006  9.62  007 163.2  024 0.825  097 142.8  098 4.271 
23-07-2026 03:12:48 -  099 106.6  [ETX]
23-07-2026 03:14:14 - [STX]D 000206 0236                   9152958    E20260723030918001  4.62  009 0.921  017 89.73  026  85.7  025  7.97  002  50.5  003
23-07-2026 03:14:14 -   16.3  027 328.7  028 25.63  012 0.095  005  33.9  013  12.5  029   3.4  006  9.55  007 173.9  024 0.654  097 142.4  098 4.831 
23-07-2026 03:14:14 -  099 105.2  [ETX]
23-07-2026 03:16:02 - [STX]D 000207 0237                   9143945    E20260723031106001  4.61  009 1.139  017236.50  026  90.8  025  8.02  010  0.31  002
23-07-2026 03:16:03 -   77.9  003  18.0  027 206.2  028 29.82  012 0.215  005  26.3  013   8.9  029   5.7  022-  0.7Gp006  9.87  007 173.1  024 1.476 
23-07-2026 03:16:03 -  097 142.9  098 5.300  099 103.5  [ETX]
23-07-2026 03:17:28 - [STX]D 000208 0238                   9152235    E20260723031232001  4.47  009 1.222  017 53.18  026  90.6  025  8.18  002  61.2  003
23-07-2026 03:17:29 -   21.4  027 459.2  028 18.96  012 0.149  005  31.2  013  20.1  029   5.9  006  9.40  007 172.7  024 0.825  097 141.5  098 4.487 
23-07-2026 03:17:29 -  099 102.6  [ETX]
23-07-2026 03:17:30 - [STX]Rh000201 0231                   9144420[ETX]
23-07-2026 03:17:30 - --Send Message To Machine --[STX]S 000201 0231                   9144420    E001025012024[ETX]
23-07-2026 03:17:31 - [ACK]
23-07-2026 03:17:32 - [STX]Rh000202 0232                   9152954[ETX]
23-07-2026 03:17:33 - --Send Message To Machine --[STX]S 000202 0232                   9152954    E001025012024[ETX]
23-07-2026 03:17:33 - [ACK]
23-07-2026 03:17:35 - [STX]Rh000203 0233                   9152244[ETX]
23-07-2026 03:17:35 - --Send Message To Machine --[STX]S 000203 0233                   9152244    E001025012024[ETX]
23-07-2026 03:17:36 - [ACK]
23-07-2026 03:17:37 - [STX]Rh000204 0234                   9152952[ETX]
23-07-2026 03:17:37 - --Send Message To Machine --[STX]S 000204 0234                   9152952    E001025012024[ETX]
23-07-2026 03:17:38 - [ACK]
23-07-2026 03:17:39 - [STX]Rh000205 0235                   9144409[ETX]
23-07-2026 03:17:40 - --Send Message To Machine --[STX]S 000205 0235                   9144409    E001025012024[ETX]
23-07-2026 03:17:40 - [ACK]
23-07-2026 03:17:42 - [STX]Rh000206 0236                   9152958[ETX]
23-07-2026 03:17:42 - --Send Message To Machine --[STX]S 000206 0236                   9152958    E001025012024[ETX]
23-07-2026 03:17:43 - [ACK]
23-07-2026 03:17:44 - [STX]Rh000207 0237                   9143945[ETX]
23-07-2026 03:17:44 - --Send Message To Machine --[STX]S 000207 0237                   9143945    E001025012024[ETX]
23-07-2026 03:17:45 - [ACK]
23-07-2026 03:17:46 - [STX]Rh000208 0238                   9152235[ETX]
23-07-2026 03:17:47 - --Send Message To Machine --[STX]S 000208 0238                   9152235    E099001025012024[ETX]
23-07-2026 03:17:47 - [ACK]
23-07-2026 03:31:18 - [STX]RE[ETX]
23-07-2026 03:31:20 - [STX]DE[ETX]
23-07-2026 03:56:44 - [STX]RB[ETX]
23-07-2026 03:56:46 - [STX]DB[ETX]
23-07-2026 04:09:09 - [STX]D     08 P020                   9143945    E20260723040413022-  4.0Gp[ETX]
23-07-2026 04:20:34 - [STX]RE[ETX]
23-07-2026 04:20:36 - [STX]DE[ETX]
23-07-2026 04:35:52 - [STX]RB[ETX]
23-07-2026 04:35:53 - [STX]DB[ETX]
23-07-2026 04:48:18 - [STX]DH    08 P020                   9143945P020E20260723044322022-  1.0Gp[ETX]
23-07-2026 04:59:42 - [STX]RE[ETX]
23-07-2026 04:59:44 - [STX]DE[ETX]
23-07-2026 07:43:18 - [STX]RB[ETX]
23-07-2026 07:43:19 - [STX]DB[ETX]
23-07-2026 07:55:41 - [STX]DH    08 P020                   9143945P020E20260723075044022   0.5G [ETX]
23-07-2026 08:00:23 - [STX]RE[ETX]
23-07-2026 08:00:24 - [STX]DE[ETX]
23-07-2026 10:45:51 - [STX]RB[ETX]
23-07-2026 10:45:53 - [STX]DB[ETX]
23-07-2026 10:46:00 - [STX]R 000101N0001                   9285376[ETX]
23-07-2026 10:46:00 - --Send Message To Machine --[STX]S 000101 0001                   9285376    E014[ETX]
23-07-2026 10:46:01 - [ACK]
23-07-2026 10:46:04 - [STX]R 000102N0002                   9130144[ETX]
23-07-2026 10:46:05 - --Send Message To Machine --[STX]S 000102 0002                   9130144    E014[ETX]
23-07-2026 10:46:05 - [ACK]
23-07-2026 10:47:03 - [STX]R 000801N0003                   9285381[ETX]
23-07-2026 10:47:03 - --Send Message To Machine --[STX]S 000801 0003                   9285381    E099007009013097001025026028029002098003005012024006[ETX]
23-07-2026 10:47:04 - [ACK]
23-07-2026 10:58:14 - [STX]D 000101 0001                   9285376    E20260723105317014  89.6  [ETX]
23-07-2026 10:58:18 - [STX]D 000102 0002                   9130144    E20260723105322014  85.1  [ETX]
23-07-2026 10:58:19 - [STX]Rh000101 0001                   9285376[ETX]
23-07-2026 10:58:22 - [NAK]
23-07-2026 10:58:24 - [STX]Rh000102 0002                   9130144[ETX]
23-07-2026 10:58:27 - [NAK]
23-07-2026 11:00:11 - [STX]D 000801 0003                   9285381    E20260723105515001  2.55  009 1.718  026  48.9  025  6.24  002  85.3  003  17.3  028
23-07-2026 11:00:11 -  68.90  012 0.149  005  29.9  013  37.5  029   7.3  006  8.18  007  85.9  024 0.693  097 136.5  098 4.375  099 110.0  [ETX]
23-07-2026 11:00:13 - [STX]Rh000801 0003                   9285381[ETX]
23-07-2026 11:00:13 - --Send Message To Machine --[STX]S 000801 0003                   9285381    E099007013097001025026028029098003005012024006[ETX]
23-07-2026 11:00:14 - [ACK]
23-07-2026 11:13:44 - [STX]RE[ETX]
23-07-2026 11:13:45 - [STX]DE[ETX]
23-07-2026 12:17:56 - [STX]RB[ETX]
23-07-2026 12:17:57 - [STX]DB[ETX]
23-07-2026 12:18:06 - [STX]R 000801N0004                   9285358[ETX]
23-07-2026 12:18:07 - --Send Message To Machine --[STX]S 000801 0004                   9285358    E010013001025002003005012024[ETX]
23-07-2026 12:18:07 - [ACK]
23-07-2026 12:18:11 - [STX]R 000802N0005                   9285371[ETX]
23-07-2026 12:18:11 - --Send Message To Machine --[STX]S 000802 0005                   9285371    E013001025002003005012024[ETX]
23-07-2026 12:18:11 - [ACK]
23-07-2026 12:18:15 - [STX]R 000803N0006                   9285347[ETX]
23-07-2026 12:18:15 - --Send Message To Machine --[STX]S 000803 0006                   9285347    E010[ETX]
23-07-2026 12:18:16 - [ACK]
23-07-2026 12:18:20 - [STX]R 000804N0007                   9285353[ETX]
23-07-2026 12:18:20 - --Send Message To Machine --[STX]S 000804 0007                   9285353    E014[ETX]
23-07-2026 12:18:21 - [ACK]
23-07-2026 12:31:00 - [STX]R 000101N0008                   9285344[ETX]
23-07-2026 12:31:00 - --Send Message To Machine --[STX]S 000101 0008                   9285344    E099007010009013097001025026028029002098003005012024006[ETX]
23-07-2026 12:31:01 - [ACK]
23-07-2026 12:31:05 - [STX]R 000102N0009                   9285351[ETX]
23-07-2026 12:31:05 - --Send Message To Machine --[STX]S 000102 0009                   9285351    E099007010009013017097001025026028029022027002098003005012024006[ETX]
23-07-2026 12:31:05 - [ACK]
23-07-2026 12:31:09 - [STX]R 000103N0010                   9285377[ETX]
23-07-2026 12:31:09 - --Send Message To Machine --[STX]S 000103 0010                   9285377    E099007009013017097001025026028029027002098003005012024006[ETX]
23-07-2026 12:31:10 - [ACK]
23-07-2026 12:31:19 - [STX]D 000801 0004                   9285358    E20260723122623001  4.87  025  7.89  010  0.63  002 116.6  003  91.2  012 0.227  005
23-07-2026 12:31:19 -   55.5  013  63.5  024 1.454  [ETX]
23-07-2026 12:32:04 - [STX]D 000802 0005                   9285371    E20260723122708001  4.75  025  7.94  002 110.8  003  28.7  012 0.078  005  24.6  013
23-07-2026 12:32:04 -   13.7  024 0.531  [ETX]
23-07-2026 12:32:22 - [STX]D 000803 0006                   9285347    E20260723122726010  3.62  [ETX]
23-07-2026 12:32:26 - [STX]D 000804 0007                   9285353    E20260723122730014  79.7  [ETX]
23-07-2026 12:32:28 - [STX]Rh000801 0004                   9285358[ETX]
23-07-2026 12:32:28 - --Send Message To Machine --[STX]S 000801 0004                   9285358    E001025012024[ETX]
23-07-2026 12:32:29 - [ACK]
23-07-2026 12:32:30 - [STX]Rh000802 0005                   9285371[ETX]
23-07-2026 12:32:31 - --Send Message To Machine --[STX]S 000802 0005                   9285371    E001025012024[ETX]
23-07-2026 12:32:31 - [ACK]
23-07-2026 12:32:33 - [STX]Rh000803 0006                   9285347[ETX]
23-07-2026 12:32:36 - [NAK]
23-07-2026 12:32:37 - [STX]Rh000804 0007                   9285353[ETX]
23-07-2026 12:32:40 - [NAK]
23-07-2026 12:42:15 - [STX]D 000101 0008                   9285344    E20260723123719001  4.69  009 0.899  026 115.3  025  8.15  010 22.10  002 112.3  003
23-07-2026 12:42:15 -   42.9  028 17.09  012 0.106  005  71.0  013  13.8  029   2.7  006  9.64  007 117.3  024 0.575  097 140.7  098 5.025  099  98.3 
23-07-2026 12:42:15 -  [ETX]
23-07-2026 12:44:03 - [STX]D 000102 0009                   9285351    E20260723123907001  3.45  009 0.838  017 15.34  026  77.7  025  7.76  010313.02  002
23-07-2026 12:44:03 -  172.6  003  50.3  027 234.5  028 22.54  012 0.133  005  46.4  013 164.8  029   2.5  022  15.0  006  9.56  007 124.6  024 0.452 
23-07-2026 12:44:03 -  097 137.5  098 5.168  099 102.7  [ETX]
23-07-2026 12:45:29 - [STX]D 000103 0010                   9285377    E20260723124033001  4.25  009 0.974  017173.77  026 125.6  025  7.47  002 105.1  003
23-07-2026 12:45:29 -   19.8  027 357.8  028 37.67  012 0.089  005  36.8  013  33.2  029   5.3  006  9.39  007 152.1  024 0.457  097 133.6  098 3.506 
23-07-2026 12:45:30 -  099  96.7  [ETX]
23-07-2026 12:45:31 - [STX]Rh000101 0008                   9285344[ETX]
23-07-2026 12:45:31 - --Send Message To Machine --[STX]S 000101 0008                   9285344    E001025012024[ETX]
23-07-2026 12:45:32 - [ACK]
23-07-2026 12:45:33 - [STX]Rh000102 0009                   9285351[ETX]
23-07-2026 12:45:34 - --Send Message To Machine --[STX]S 000102 0009                   9285351    E001025012024[ETX]
23-07-2026 12:45:34 - [ACK]
23-07-2026 12:45:36 - [STX]Rh000103 0010                   9285377[ETX]
23-07-2026 12:45:36 - --Send Message To Machine --[STX]S 000103 0010                   9285377    E099007013097001025026028029027098003005012024006[ETX]
23-07-2026 12:45:36 - [ACK]
23-07-2026 12:46:23 - [STX]R 000801N0011                   9130156[ETX]
23-07-2026 12:46:24 - --Send Message To Machine --[STX]S 000801 0011                   9130156    E014[ETX]
23-07-2026 12:46:24 - [ACK]
23-07-2026 12:46:28 - [STX]R 000802N0012                   9130148[ETX]
23-07-2026 12:46:31 - [NAK]
23-07-2026 12:46:33 - [STX]R 000803N0012                   9130152[ETX]
23-07-2026 12:46:33 - --Send Message To Machine --[STX]S 000803 0012                   9130152    E099009013097001025028029002098003005012024006[ETX]
23-07-2026 12:46:33 - [ACK]
23-07-2026 12:46:37 - [STX]R 000804N0013                   9130147[ETX]
23-07-2026 12:46:37 - --Send Message To Machine --[STX]S 000804 0013                   9130147    E007026[ETX]
23-07-2026 12:46:38 - [ACK]
23-07-2026 12:56:17 - [STX]D 000801 0011                   9130156    E20260723125121014  86.6  [ETX]
23-07-2026 12:57:29 - [STX]D 000803 0012                   9130152    E20260723125233001  4.23  009 0.944  025  6.75  002 103.3  003  68.0  028 11.98  012
23-07-2026 12:57:29 -  0.117  005  41.9  013  70.7  029   7.1  006  9.14  024 0.903  097 140.0  098 3.728  099 110.2  [ETX]
23-07-2026 12:57:38 - [STX]D 000804 0013                   9130147    E20260723125242026 293.8  007 121.7  [ETX]
23-07-2026 12:57:40 - [STX]Rh000801 0011                   9130156[ETX]
23-07-2026 12:57:43 - [NAK]
23-07-2026 12:57:44 - [STX]Rh000803 0012                   9130152[ETX]
23-07-2026 12:57:44 - --Send Message To Machine --[STX]S 000803 0012                   9130152    E099013097001025028029098003005012024006[ETX]
23-07-2026 12:57:45 - [ACK]
23-07-2026 12:57:47 - [STX]Rh000804 0013                   9130147[ETX]
23-07-2026 12:57:50 - [NAK]
23-07-2026 13:09:10 - [STX]R 000801N0014                   9285362[ETX]
23-07-2026 13:09:11 - --Send Message To Machine --[STX]S 000801 0014                   9285362    E014[ETX]
23-07-2026 13:09:11 - [ACK]
23-07-2026 13:09:15 - [STX]R 000802N0015                   9285365[ETX]
23-07-2026 13:09:15 - --Send Message To Machine --[STX]S 000802 0015                   9285365    E099007009013097001025026028029002098003005012024006[ETX]
23-07-2026 13:09:16 - [ACK]
23-07-2026 13:09:19 - [STX]R 000803N0016                   9130162[ETX]
23-07-2026 13:09:20 - --Send Message To Machine --[STX]S 000803 0016                   9130162    E099007009013017097001025026028029027002098003005012024006[ETX]
23-07-2026 13:09:20 - [ACK]
23-07-2026 13:09:24 - [STX]R 000804N0017                   9130164[ETX]
23-07-2026 13:09:24 - --Send Message To Machine --[STX]S 000804 0017                   9130164    E099007009013017097001025026028029027002098003005012024006[ETX]
23-07-2026 13:09:25 - [ACK]
23-07-2026 13:09:28 - [STX]R 000805N0018                   9130154[ETX]
23-07-2026 13:09:29 - --Send Message To Machine --[STX]S 000805 0018                   9130154    E099007010009013017097001025026028029022027002098003005012024006[ETX]
23-07-2026 13:09:29 - [ACK]
23-07-2026 13:09:33 - [STX]R 000806N0019                   9130166[ETX]
23-07-2026 13:09:33 - --Send Message To Machine --[STX]S 000806 0019                   9130166    E099007009013017097001025026028029027002098003005012024006[ETX]
23-07-2026 13:09:34 - [ACK]
23-07-2026 13:21:19 - [STX]D 000801 0014                   9285362    E20260723131623014  82.2  [ETX]
23-07-2026 13:22:36 - [STX]D 000802 0015                   9285365    E20260723131740001  4.32  009 0.884  026 147.9  025  7.79  002  58.7  003  51.0  028
23-07-2026 13:22:36 -  12.38  012 0.047  005  46.5  013  80.8  029   7.7  006  9.23  007 230.8  024 0.278  097 137.5  098 3.977  099 103.4  [ETX]
23-07-2026 13:24:02 - [STX]D 000803 0016                   9130162    E20260723131906001  4.18  009 0.733  017154.14  026  81.8  025  6.98  002 117.4  003
23-07-2026 13:24:02 -   27.6  027 273.5  028 26.29  012 0.160  005  29.9  013  18.3  029   5.6  006  9.56  007 161.9  024 0.824  097 142.7  098 4.107 
23-07-2026 13:24:02 -  099 105.7  [ETX]
23-07-2026 13:25:28 - [STX]D 000804 0017                   9130164    E20260723132032001  4.24  009 0.711  017 77.18  026  53.1  025  6.85  002  71.4  003
23-07-2026 13:25:28 -   29.1  027 255.5  028 21.86  012 0.176  005  35.3  013  11.4  029   3.3  006  9.57  007 155.4  024 0.846  097 139.2  098 4.306 
23-07-2026 13:25:28 -  099 106.4  [ETX]
23-07-2026 13:27:17 - [STX]D 000805 0018                   9130154    E20260723132221001  4.37  009 0.726  017106.77  026  93.1  025  8.40  010  0.91  002
23-07-2026 13:27:17 -   57.4  003  12.7  027 420.3  028 16.95  012 0.062  005  21.1  013  12.1  029   3.1  022   1.3G 006  9.90  007 164.1  024 0.456 
23-07-2026 13:27:17 -  097 137.0  098 4.592  099 105.2  [ETX]
23-07-2026 13:28:43 - [STX]D 000806 0019                   9130166    E20260723132347001  3.94  009 0.929  017 85.14  026  81.2  025  7.69  002  67.5  003
23-07-2026 13:28:43 -   14.4  027 226.8  028 25.75  012 0.062  005  28.1  013  14.4  029   4.3  006  9.39  007 139.5  024 0.439  097 136.6  098 4.423 
23-07-2026 13:28:43 -  099 103.8  [ETX]
23-07-2026 13:28:44 - [STX]Rh000801 0014                   9285362[ETX]
23-07-2026 13:28:47 - [NAK]
23-07-2026 13:28:49 - [STX]Rh000802 0015                   9285365[ETX]
23-07-2026 13:28:49 - --Send Message To Machine --[STX]S 000802 0015                   9285365    E001025012024[ETX]
23-07-2026 13:28:50 - [ACK]
23-07-2026 13:28:51 - [STX]Rh000803 0016                   9130162[ETX]
23-07-2026 13:28:52 - --Send Message To Machine --[STX]S 000803 0016                   9130162    E001025012024[ETX]
23-07-2026 13:28:52 - [ACK]
23-07-2026 13:28:54 - [STX]Rh000804 0017                   9130164[ETX]
23-07-2026 13:28:54 - --Send Message To Machine --[STX]S 000804 0017                   9130164    E001025012024[ETX]
23-07-2026 13:28:54 - [ACK]
23-07-2026 13:28:56 - [STX]Rh000805 0018                   9130154[ETX]
23-07-2026 13:28:56 - --Send Message To Machine --[STX]S 000805 0018                   9130154    E001025012024[ETX]
23-07-2026 13:28:57 - [ACK]
23-07-2026 13:28:58 - [STX]Rh000806 0019                   9130166[ETX]
23-07-2026 13:28:59 - --Send Message To Machine --[STX]S 000806 0019                   9130166    E099097001025027098012024[ETX]
23-07-2026 13:28:59 - [ACK]
23-07-2026 13:36:56 - [STX]R 000101N0020                   9130176[ETX]
23-07-2026 13:36:56 - --Send Message To Machine --[STX]S 000101 0020                   9130176    E099007009097026028029098006[ETX]
23-07-2026 13:36:57 - [ACK]
23-07-2026 13:47:16 - [STX]D 000101 0020                   9130176    E20260723134220009 0.778  026 118.0  028 15.41  029   4.2  006  9.35  007 139.2  097
23-07-2026 13:47:16 -  139.3  098 4.072  099 109.6  [ETX]
23-07-2026 13:47:18 - [STX]Rh000101 0020                   9130176[ETX]
23-07-2026 13:47:18 - --Send Message To Machine --[STX]S 000101 0020                   9130176    E099007097026028029098[ETX]
23-07-2026 13:47:18 - [ACK]
23-07-2026 13:50:03 - [STX]R 000801N0021                   9130169[ETX]
23-07-2026 13:50:04 - --Send Message To Machine --[STX]S 000801 0021                   9130169    E017027[ETX]
23-07-2026 13:50:04 - [ACK]
23-07-2026 14:00:01 - [STX]D 000801 0021                   9130169    E20260723135505017 52.84  027 214.4  [ETX]
23-07-2026 14:00:03 - [STX]Rh000801 0021                   9130169[ETX]
23-07-2026 14:00:06 - [NAK]
23-07-2026 14:02:21 - [STX]R 000101N0022                   8859150[ETX]
23-07-2026 14:02:21 - --Send Message To Machine --[STX]S 000101 0022                   8859150    E099009013097001025028029002098003005012024006[ETX]
23-07-2026 14:02:22 - [ACK]
23-07-2026 14:02:26 - [STX]R 000102N0023                   9297448[ETX]
23-07-2026 14:02:26 - --Send Message To Machine --[STX]S 000102 0023                   9297448    E029022[ETX]
23-07-2026 14:02:26 - [ACK]
23-07-2026 14:02:30 - [STX]R 000103N0024                   9297449[ETX]
23-07-2026 14:02:30 - --Send Message To Machine --[STX]S 000103 0024                   9297449    E007026[ETX]
23-07-2026 14:02:31 - [ACK]
23-07-2026 14:02:35 - [STX]R 000104N0025                   9297451[ETX]
23-07-2026 14:02:35 - --Send Message To Machine --[STX]S 000104 0025                   9297451    E099009097028029098006[ETX]
23-07-2026 14:02:36 - [ACK]
23-07-2026 14:03:47 - [STX]R 000801N0026                   9130171[ETX]
23-07-2026 14:03:47 - --Send Message To Machine --[STX]S 000801 0026                   9130171    E099007009013017097001025026028029027002098003005012024006[ETX]
23-07-2026 14:03:48 - [ACK]
23-07-2026 14:03:52 - [STX]R 000802N0027                   9130177[ETX]
23-07-2026 14:03:52 - --Send Message To Machine --[STX]S 000802 0027                   9130177    E099007009013017097001025026028029027002098003005012024006[ETX]
23-07-2026 14:03:53 - [ACK]
23-07-2026 14:03:56 - [STX]R 000803N0028                   9130173[ETX]
23-07-2026 14:03:56 - --Send Message To Machine --[STX]S 000803 0028                   9130173    E099007009013017097001025026028029027002098003005012024006[ETX]
23-07-2026 14:03:57 - [ACK]
23-07-2026 14:10:21 - [STX]R 001001N0029                   9297452[ETX]
23-07-2026 14:10:21 - --Send Message To Machine --[STX]S 001001 0029                   9297452    E099009013097001025028029002098003005012024006[ETX]
23-07-2026 14:10:22 - [ACK]
23-07-2026 14:13:18 - [STX]D 000101 0022                   8859150    E20260723140822001  3.84  009 0.989  025  7.66  002  68.4  003  14.0  028 22.09  012
23-07-2026 14:13:18 -  0.111  005  20.9  013   8.7  029   4.8  006 10.52  024 0.850  097 136.9  098 3.749  099 102.2  [ETX]
23-07-2026 14:13:27 - [STX]D 000102 0023                   9297448    E20260723140831029   3.7  022   3.9G [ETX]
23-07-2026 14:13:36 - [STX]D 000103 0024                   9297449    E20260723140840026 259.8  007 208.1  [ETX]
23-07-2026 14:13:58 - [STX]D 000104 0025                   9297451    E20260723140903009 1.395  028 40.31  029   6.0  006  9.38  097 140.5  098 4.589  099
23-07-2026 14:13:58 -  112.7  [ETX]
23-07-2026 14:14:00 - [STX]Rh000101 0022                   8859150[ETX]
23-07-2026 14:14:00 - --Send Message To Machine --[STX]S 000101 0022                   8859150    E001025012024[ETX]
23-07-2026 14:14:01 - [ACK]
23-07-2026 14:14:02 - [STX]Rh000102 0023                   9297448[ETX]
23-07-2026 14:14:05 - [NAK]
23-07-2026 14:14:07 - [STX]Rh000103 0024                   9297449[ETX]
23-07-2026 14:14:10 - [NAK]
23-07-2026 14:14:11 - [STX]Rh000104 0025                   9297451[ETX]
23-07-2026 14:14:15 - [NAK]
23-07-2026 14:15:52 - [STX]D 000801 0026                   9130171    E20260723141056001  4.11  009 0.771  017 75.37  026 424.6  025  7.66  002  63.4  003
23-07-2026 14:15:52 -   19.4  027 252.0  028 20.57  012 0.084  005  22.4  013  17.2  029   4.8  006  9.29  007 224.6  024 0.702  097 138.1  098 4.093 
23-07-2026 14:15:52 -  099 104.6  [ETX]
23-07-2026 14:17:18 - [STX]D 000802 0027                   9130177    E20260723141222001  3.93  009 0.959  017 74.58  026  85.0  025  7.13  002  66.0  003
23-07-2026 14:17:18 -  101.4  027 285.8  028 29.66  012 0.241  005  53.9  013  74.3  029   4.2  006  8.84  007 144.0  024 0.877  097 137.6  098 3.604 
23-07-2026 14:17:18 -  099  99.6  [ETX]
23-07-2026 14:18:44 - [STX]D 000803 0028                   9130173    E20260723141348001  4.63  009 0.876  017155.74  026 154.9  025  7.79  002  68.6  003
23-07-2026 14:18:44 -   15.0  027 418.6  028 30.60  012 0.117  005  21.0  013  11.8  029   5.2  006 10.36  007 173.6  024 0.706  097 142.2  098 4.127 
23-07-2026 14:18:44 -  099 105.9  [ETX]
23-07-2026 14:18:45 - [STX]Rh000801 0026                   9130171[ETX]
23-07-2026 14:18:45 - --Send Message To Machine --[STX]S 000801 0026                   9130171    E001025012024[ETX]
23-07-2026 14:18:46 - [ACK]
23-07-2026 14:18:48 - [STX]Rh000802 0027                   9130177[ETX]
23-07-2026 14:18:48 - --Send Message To Machine --[STX]S 000802 0027                   9130177    E001025012024[ETX]
23-07-2026 14:18:48 - [ACK]
23-07-2026 14:18:50 - [STX]Rh000803 0028                   9130173[ETX]
23-07-2026 14:18:50 - --Send Message To Machine --[STX]S 000803 0028                   9130173    E099007013097001025026028029027098003005012024006[ETX]
23-07-2026 14:18:51 - [ACK]
23-07-2026 14:21:08 - [STX]D 001001 0029                   9297452    E20260723141613001  4.45  009 0.944  025  7.50  002  58.5  003  45.2  028 17.68  012
23-07-2026 14:21:08 -  0.089  005  28.4  013  25.9  029   5.7  006 10.01  024 0.689  097 142.2  098 3.978  099 106.0  [ETX]
23-07-2026 14:21:10 - [STX]Rh001001 0029                   9297452[ETX]
23-07-2026 14:21:10 - --Send Message To Machine --[STX]S 001001 0029                   9297452    E099013097001025028029098003005012024006[ETX]
23-07-2026 14:21:11 - [ACK]
23-07-2026 14:27:28 - [STX]R 001001N0030                   9297450[ETX]
23-07-2026 14:27:29 - --Send Message To Machine --[STX]S 001001 0030                   9297450    E006[ETX]
23-07-2026 14:27:29 - [ACK]
23-07-2026 14:27:33 - [STX]R 001002N0031                   9297440[ETX]
23-07-2026 14:27:33 - --Send Message To Machine --[STX]S 001002 0031                   9297440    E007026029[ETX]
23-07-2026 14:27:34 - [ACK]
23-07-2026 14:27:37 - [STX]R 001003N0032                   9297444[ETX]
23-07-2026 14:27:38 - --Send Message To Machine --[STX]S 001003 0032                   9297444    E013001025002003005012024[ETX]
23-07-2026 14:27:38 - [ACK]
23-07-2026 14:27:42 - [STX]R 001004N0033                   8876468[ETX]
23-07-2026 14:27:42 - --Send Message To Machine --[STX]S 001004 0033                   8876468    E007026[ETX]
23-07-2026 14:27:43 - [ACK]
23-07-2026 14:27:46 - [STX]R 001005N0034                   9297454[ETX]
23-07-2026 14:27:47 - --Send Message To Machine --[STX]S 001005 0034                   9297454    E007026[ETX]
23-07-2026 14:27:47 - [ACK]
23-07-2026 14:27:51 - [STX]R 001006N0035                   9297441[ETX]
23-07-2026 14:27:51 - --Send Message To Machine --[STX]S 001006 0035                   9297441    E013001025002003005012024[ETX]
23-07-2026 14:27:52 - [ACK]
23-07-2026 14:27:55 - [STX]R 001007N0036                   9297447[ETX]
23-07-2026 14:27:56 - --Send Message To Machine --[STX]S 001007 0036                   9297447    E013001025002003005012024[ETX]
23-07-2026 14:27:56 - [ACK]
23-07-2026 14:28:00 - [STX]R 001008N0037                   8876466[ETX]
23-07-2026 14:28:00 - --Send Message To Machine --[STX]S 001008 0037                   8876466    E099007009013097001025026028029002098003005012024006[ETX]
23-07-2026 14:28:01 - [ACK]
23-07-2026 14:33:12 - [STX]R 000701N0038                   9130148[ETX]
23-07-2026 14:33:13 - --Send Message To Machine --[STX]S 000701 0038                   9130148    E007026[ETX]
23-07-2026 14:33:13 - [ACK]
23-07-2026 14:37:23 - [STX]D 001001 0030                   9297450    E20260723143226006  9.28  [ETX]
23-07-2026 14:37:36 - [STX]D 001002 0031                   9297440    E20260723143239026 129.4  029   5.8  007 211.8  [ETX]
23-07-2026 14:38:22 - [STX]D 001003 0032                   9297444    E20260723143324001  4.79  025  8.27  002  65.8  003  12.3  012 0.073  005  23.4  013
23-07-2026 14:38:22 -   12.3  024 0.645  [ETX]
23-07-2026 14:38:31 - [STX]D 001004 0033                   8876468    E20260723143334026 249.8  007 148.4  [ETX]
23-07-2026 14:38:40 - [STX]D 001005 0034                   9297454    E20260723143343026 237.0  007 231.3  [ETX]
23-07-2026 14:39:25 - [STX]D 001006 0035                   9297441    E20260723143428001  3.71  025  6.65  002  54.7  003  17.7  012 0.084  005  24.5  013
23-07-2026 14:39:25 -   13.4  024 0.575  [ETX]
23-07-2026 14:40:10 - [STX]D 001007 0036                   9297447    E20260723143513001  4.47  025  7.79  002 108.1  003  26.9  012 0.046  005  35.9  013
23-07-2026 14:40:10 -   18.0  024 0.392  [ETX]
23-07-2026 14:41:27 - [STX]D 001008 0037                   8876466    E20260723143630001  4.15  009 0.658  026  73.0  025  7.58  002  89.8  003  16.0  028
23-07-2026 14:41:27 -  13.29  012 0.155  005  23.1  013  26.7  029   5.6  006  8.90  007 106.6  024 0.846  097 139.5  098 4.093  099 107.0  [ETX]
23-07-2026 14:41:29 - [STX]Rh001001 0030                   9297450[ETX]
23-07-2026 14:41:32 - [NAK]
23-07-2026 14:41:34 - [STX]Rh001002 0031                   9297440[ETX]
23-07-2026 14:41:37 - [NAK]
23-07-2026 14:41:38 - [STX]Rh001003 0032                   9297444[ETX]
23-07-2026 14:41:38 - --Send Message To Machine --[STX]S 001003 0032                   9297444    E001025012024[ETX]
23-07-2026 14:41:39 - [ACK]
23-07-2026 14:41:41 - [STX]Rh001004 0033                   8876468[ETX]
23-07-2026 14:41:44 - [NAK]
23-07-2026 14:41:45 - [STX]Rh001005 0034                   9297454[ETX]
23-07-2026 14:41:48 - [NAK]
23-07-2026 14:41:50 - [STX]Rh001006 0035                   9297441[ETX]
23-07-2026 14:41:50 - --Send Message To Machine --[STX]S 001006 0035                   9297441    E001025012024[ETX]
23-07-2026 14:41:50 - [ACK]
23-07-2026 14:41:52 - [STX]Rh001007 0036                   9297447[ETX]
23-07-2026 14:41:52 - --Send Message To Machine --[STX]S 001007 0036                   9297447    E001025012024[ETX]
23-07-2026 14:41:53 - [ACK]
23-07-2026 14:41:54 - [STX]Rh001008 0037                   8876466[ETX]
23-07-2026 14:41:55 - --Send Message To Machine --[STX]S 001008 0037                   8876466    E001025012024[ETX]
23-07-2026 14:41:55 - [ACK]
23-07-2026 14:43:02 - [STX]D 000701 0038                   9130148    E20260723143805026 234.4  007 261.3  [ETX]
23-07-2026 14:43:04 - [STX]Rh000701 0038                   9130148[ETX]
23-07-2026 14:43:07 - [NAK]
23-07-2026 14:56:34 - [STX]RE[ETX]
23-07-2026 14:56:35 - [STX]DE[ETX]
23-07-2026 15:04:52 - [STX]RB[ETX]
23-07-2026 15:04:53 - [STX]DB[ETX]
23-07-2026 15:05:04 - [STX]R 001001N0039                   9285307[ETX]
23-07-2026 15:05:04 - --Send Message To Machine --[STX]S 001001 0039                   9285307    E007[ETX]
23-07-2026 15:05:05 - [ACK]
23-07-2026 15:05:08 - [STX]R 001002N0040                   8408315[ETX]
23-07-2026 15:05:08 - --Send Message To Machine --[STX]S 001002 0040                   8408315    E014[ETX]
23-07-2026 15:05:09 - [ACK]
23-07-2026 15:05:13 - [STX]R 001003N0041                   8408308[ETX]
23-07-2026 15:05:13 - --Send Message To Machine --[STX]S 001003 0041                   8408308    E014[ETX]
23-07-2026 15:05:13 - [ACK]
23-07-2026 15:05:17 - [STX]R 001004N0042                   8408318[ETX]
23-07-2026 15:05:17 - --Send Message To Machine --[STX]S 001004 0042                   8408318    E014[ETX]
23-07-2026 15:05:18 - [ACK]
23-07-2026 15:05:22 - [STX]R 001005N0043                   8408290[ETX]
23-07-2026 15:05:22 - --Send Message To Machine --[STX]S 001005 0043                   8408290    E099007009013097001025026028029002098003005012024006[ETX]
23-07-2026 15:05:23 - [ACK]
23-07-2026 15:05:26 - [STX]R 001006N0044                   8408291[ETX]
23-07-2026 15:05:27 - --Send Message To Machine --[STX]S 001006 0044                   8408291    E014[ETX]
23-07-2026 15:05:27 - [ACK]
23-07-2026 15:05:31 - [STX]R 001007N0045                   8408320[ETX]
23-07-2026 15:05:31 - --Send Message To Machine --[STX]S 001007 0045                   8408320    E013001025002003005012024[ETX]
23-07-2026 15:05:32 - [ACK]
23-07-2026 15:17:17 - [STX]D 001001 0039                   9285307    E20260723151220007 186.5  [ETX]
23-07-2026 15:17:22 - [STX]D 001002 0040                   8408315    E20260723151224014 114.7  [ETX]
23-07-2026 15:17:26 - [STX]D 001003 0041                   8408308    E20260723151229014 104.9  [ETX]
23-07-2026 15:17:31 - [STX]D 001004 0042                   8408318    E20260723151233014  81.1  [ETX]
23-07-2026 15:18:43 - [STX]D 001005 0043                   8408290    E20260723151346001  3.68  009 0.620  026 178.1  025  7.13  002  75.9  003  25.9  028
23-07-2026 15:18:43 -  20.21  012 0.035  013  13.2  029   4.1  006  9.02  007 211.8  024 0.304  097 139.1  098 4.063  099 101.4  [ETX]
23-07-2026 15:18:48 - [STX]D 001006 0044                   8408291    E20260723151350014 192.4  [ETX]
23-07-2026 15:19:28 - [STX]D 001007 0045                   8408320    E20260723151431001  4.46  025  7.77  002 102.9  003  52.0  012 0.095  013  71.7  024
23-07-2026 15:19:28 -  0.549  [ETX]
23-07-2026 15:19:30 - [STX]Rh001001 0039                   9285307[ETX]
23-07-2026 15:19:33 - [NAK]
23-07-2026 15:19:34 - [STX]Rh001002 0040                   8408315[ETX]
23-07-2026 15:19:38 - [NAK]
23-07-2026 15:19:39 - [STX]Rh001003 0041                   8408308[ETX]
23-07-2026 15:19:42 - [NAK]
23-07-2026 15:19:44 - [STX]Rh001004 0042                   8408318[ETX]
23-07-2026 15:19:47 - [NAK]
23-07-2026 15:19:48 - [STX]Rh001005 0043                   8408290[ETX]
23-07-2026 15:19:49 - --Send Message To Machine --[STX]S 001005 0043                   8408290    E001025005012024[ETX]
23-07-2026 15:19:49 - [ACK]
23-07-2026 15:19:51 - [STX]Rh001006 0044                   8408291[ETX]
23-07-2026 15:19:54 - [NAK]
23-07-2026 15:19:55 - [STX]Rh001007 0045                   8408320[ETX]
23-07-2026 15:19:55 - --Send Message To Machine --[STX]S 001007 0045                   8408320    E001025005012024[ETX]
23-07-2026 15:19:56 - [ACK]
23-07-2026 15:28:24 - [STX]RE[ETX]
23-07-2026 15:28:26 - [STX]DE[ETX]
23-07-2026 15:43:23 - [STX]RB[ETX]
23-07-2026 15:43:24 - [STX]DB[ETX]
23-07-2026 16:02:01 - [STX]R 000101N0046                   8874328[ETX]
23-07-2026 16:02:01 - --Send Message To Machine --[STX]S 000101 0046                   8874328    E099007009013097001025026028029002098003005012024006[ETX]
23-07-2026 16:02:02 - [ACK]
23-07-2026 16:02:05 - [STX]R 000102N0047                   9285305[ETX]
23-07-2026 16:02:06 - --Send Message To Machine --[STX]S 000102 0047                   9285305    E099007009013097001025026028029002098003005012024006[ETX]
23-07-2026 16:02:06 - [ACK]
23-07-2026 16:02:10 - [STX]R 000103N0048                   9133687[ETX]
23-07-2026 16:02:10 - --Send Message To Machine --[STX]S 000103 0048                   9133687    E014[ETX]
23-07-2026 16:02:11 - [ACK]
23-07-2026 16:02:14 - [STX]R 000104N0049                   9133691[ETX]
23-07-2026 16:02:15 - --Send Message To Machine --[STX]S 000104 0049                   9133691    E014[ETX]
23-07-2026 16:02:15 - [ACK]
23-07-2026 16:02:19 - [STX]R 000105N0050                   8408309[ETX]
23-07-2026 16:02:19 - --Send Message To Machine --[STX]S 000105 0050                   8408309    E099007009013017097001025026028029027002098003005012024006[ETX]
23-07-2026 16:02:20 - [ACK]
23-07-2026 16:02:23 - [STX]R 000106N0051                   8408316[ETX]
23-07-2026 16:02:24 - --Send Message To Machine --[STX]S 000106 0051                   8408316    E099007009013017097001025026028029027002098003005012024006[ETX]
23-07-2026 16:02:24 - [ACK]
23-07-2026 16:02:28 - [STX]R 000107N0052                   9285308[ETX]
23-07-2026 16:02:28 - --Send Message To Machine --[STX]S 000107 0052                   9285308    E099007009013017097001025026028029027002098003005012024006[ETX]
23-07-2026 16:02:29 - [ACK]
23-07-2026 16:02:32 - [STX]R 000108N0053                   8408290[ETX]
23-07-2026 16:02:33 - --Send Message To Machine --[STX]S 000108 0053                   8408290    E001025005012024[ETX]
23-07-2026 16:02:33 - [ACK]
23-07-2026 16:02:37 - [STX]R 000109N0054                   9133685[ETX]
23-07-2026 16:02:37 - --Send Message To Machine --[STX]S 000109 0054                   9133685    E007009013017097001025026028029027002098003005012024006[ETX]
23-07-2026 16:02:38 - [ACK]
23-07-2026 16:02:42 - [STX]R 000110N0055                   9133689[ETX]
23-07-2026 16:02:42 - --Send Message To Machine --[STX]S 000110 0055                   9133689    E007009013017097001025026028029027002098003005012024006[ETX]
23-07-2026 16:02:42 - [ACK]
23-07-2026 16:02:46 - [STX]R 001001N0056                   9133698[ETX]
23-07-2026 16:02:46 - --Send Message To Machine --[STX]S 001001 0056                   9133698    E099009013097001025028029002098003005012024006[ETX]
23-07-2026 16:02:47 - [ACK]
23-07-2026 16:02:51 - [STX]R 001002N0057                   8408320[ETX]
23-07-2026 16:02:51 - --Send Message To Machine --[STX]S 001002 0057                   8408320    E001025005012024[ETX]
23-07-2026 16:02:51 - [ACK]
23-07-2026 16:02:55 - [STX]R 001003N0058                   9285316[ETX]
23-07-2026 16:02:55 - --Send Message To Machine --[STX]S 001003 0058                   9285316    E010022[ETX]
23-07-2026 16:02:56 - [ACK]
23-07-2026 16:03:00 - [STX]R 001004N0059                   9285312[ETX]
23-07-2026 16:03:00 - --Send Message To Machine --[STX]S 001004 0059                   9285312    E014[ETX]
23-07-2026 16:03:00 - [ACK]
23-07-2026 16:08:12 - [STX]R 000801N0060                   9297465[ETX]
23-07-2026 16:08:12 - --Send Message To Machine --[STX]S 000801 0060                   9297465    E014[ETX]
23-07-2026 16:08:13 - [ACK]
23-07-2026 16:08:48 - [STX]R 000802N0061                   9297470[ETX]
23-07-2026 16:08:48 - --Send Message To Machine --[STX]S 000802 0061                   9297470    E099009097028029098006[ETX]
23-07-2026 16:08:49 - [ACK]
23-07-2026 16:10:14 - [STX]R 000803N0062                   9297463[ETX]
23-07-2026 16:10:14 - --Send Message To Machine --[STX]S 000803 0062                   9297463    E017027[ETX]
23-07-2026 16:10:15 - [ACK]
23-07-2026 16:13:02 - [STX]D 000101 0046                   8874328    E20260723160805001  2.74  009 0.816  026 224.1  025  5.62  002  60.4  003  10.6  028
23-07-2026 16:13:02 -  25.85  012 0.182  005  15.8  013  26.3  029   3.5  006  8.19  007  85.7  024 0.628  097 136.0  098 4.147  099  99.2  [ETX]
23-07-2026 16:14:19 - [STX]D 000102 0047                   9285305    E20260723160922001  4.63  009 1.072  026 166.3  025  7.93  002  80.7  003  56.0  028
23-07-2026 16:14:19 -  14.60  012 0.204  005  41.0  013  21.9  029   6.5  006 10.00  007 237.8  024 0.758  097 142.2  098 3.580  099 102.8  [ETX]
23-07-2026 16:14:23 - [STX]D 000103 0048                   9133687    E20260723160926014  75.8  [ETX]
23-07-2026 16:14:28 - [STX]D 000104 0049                   9133691    E20260723160931014  89.0  [ETX]
23-07-2026 16:15:54 - [STX]D 000105 0050                   8408309    E20260723161057001  3.84  009 0.823  017125.72  026 117.4  025  7.71  002  84.8  003
23-07-2026 16:15:54 -   53.1  027 231.3  028 17.79  012 0.128  005  30.5  013  60.7  029   3.7  006  9.33  007 175.5  024 0.614  097 138.4  098 4.706 
23-07-2026 16:15:54 -  099 104.1  [ETX]
23-07-2026 16:17:20 - [STX]D 000106 0051                   8408316    E20260723161223001  4.23  009 0.696  017 92.42  026  85.9  025  7.38  002  74.1  003
23-07-2026 16:17:20 -   16.9  027 261.1  028 18.89  012 0.095  005  20.7  013  12.4  029   4.1  006  9.63  007 137.2  024 0.571  097 142.3  098 4.076 
23-07-2026 16:17:20 -  099 107.3  [ETX]
23-07-2026 16:18:46 - [STX]D 000107 0052                   9285308    E20260723161349001  4.75  009 1.094  017241.67  026 283.6  025  7.72  002  52.6  003
23-07-2026 16:18:46 -   53.5  027 257.5  028 20.85  012 0.133  005  37.1  013  31.1  029   7.4  006  9.61  007 248.1  024 0.969  097 139.5  098 3.875 
23-07-2026 16:18:46 -  099 102.0  [ETX]
23-07-2026 16:19:17 - [STX]D 000108 0053                   8408290    E20260723161420001  3.72  025  7.21  012 0.035  005  18.0  024 0.304  [ETX]
23-07-2026 16:20:43 - [STX]D 000109 0054                   9133685    E20260723161546001  4.52  009 1.169  017137.61  026 140.6  025  7.66  002  69.1  003
23-07-2026 16:20:44 -   59.3  027 194.6  028 22.39  012 0.252  005  34.2  013  82.0  029   6.1  006  9.67  007 179.2  024 2.289  097 136.7  098 4.021 
23-07-2026 16:20:44 -  [ETX]
23-07-2026 16:22:09 - [STX]D 000110 0055                   9133689    E20260723161712001  3.78  009 5.350  017132.28  026 120.9  025  7.91  002 133.1  003
23-07-2026 16:22:10 -   10.1  027 227.6  028 91.84  012 0.051  005  16.0  013  15.5  029   6.0  006  9.07  007 210.6  024 0.474  097 135.5  098 5.661 
23-07-2026 16:22:10 -  [ETX]
23-07-2026 16:22:11 - [STX]Rh000101 0046                   8874328[ETX]
23-07-2026 16:22:11 - --Send Message To Machine --[STX]S 000101 0046                   8874328    E001025012024[ETX]
23-07-2026 16:22:12 - [ACK]
23-07-2026 16:22:13 - [STX]Rh000102 0047                   9285305[ETX]
23-07-2026 16:22:14 - --Send Message To Machine --[STX]S 000102 0047                   9285305    E001025012024[ETX]
23-07-2026 16:22:14 - [ACK]
23-07-2026 16:22:16 - [STX]Rh000103 0048                   9133687[ETX]
23-07-2026 16:22:19 - [NAK]
23-07-2026 16:22:20 - [STX]Rh000104 0049                   9133691[ETX]
23-07-2026 16:22:23 - [NAK]
23-07-2026 16:22:25 - [STX]Rh000105 0050                   8408309[ETX]
23-07-2026 16:22:28 - [NAK]
23-07-2026 16:22:30 - [STX]Rh000106 0051                   8408316[ETX]
23-07-2026 16:22:30 - --Send Message To Machine --[STX]S 000106 0051                   8408316    E001025012024[ETX]
23-07-2026 16:22:30 - [ACK]
23-07-2026 16:22:32 - [STX]Rh000107 0052                   9285308[ETX]
23-07-2026 16:22:32 - --Send Message To Machine --[STX]S 000107 0052                   9285308    E001025012024[ETX]
23-07-2026 16:22:33 - [ACK]
23-07-2026 16:22:34 - [STX]Rh000108 0053                   8408290[ETX]
23-07-2026 16:22:35 - --Send Message To Machine --[STX]S 000108 0053                   8408290    E001025012024[ETX]
23-07-2026 16:22:35 - [ACK]
23-07-2026 16:22:37 - [STX]Rh000109 0054                   9133685[ETX]
23-07-2026 16:22:37 - --Send Message To Machine --[STX]S 000109 0054                   9133685    E001025012024[ETX]
23-07-2026 16:22:37 - [ACK]
23-07-2026 16:22:39 - [STX]Rh000110 0055                   9133689[ETX]
23-07-2026 16:22:39 - --Send Message To Machine --[STX]S 000110 0055                   9133689    E001025012024[ETX]
23-07-2026 16:22:40 - [ACK]
23-07-2026 16:23:17 - [STX]D 001001 0056                   9133698    E20260723161820001  4.20  009 0.711  025  7.20  002  75.3  003  23.8  028 22.47  012
23-07-2026 16:23:17 -  0.128  005  19.4  013  33.7  029   3.2  006  9.94  024 1.348  097 136.2  098 4.501  099 102.7  [ETX]
23-07-2026 16:23:49 - [STX]D 001002 0057                   8408320    E20260723161852001  4.50  025  7.77  012 0.095  005  33.4  024 0.557  [ETX]
23-07-2026 16:24:12 - [STX]D 001003 0058                   9285316    E20260723161915010  2.26  022   8.3G [ETX]
23-07-2026 16:24:16 - [STX]D 001004 0059                   9285312    E20260723161919014 104.7  [ETX]
23-07-2026 16:24:18 - [STX]Rh001001 0056                   9133698[ETX]
23-07-2026 16:24:18 - --Send Message To Machine --[STX]S 001001 0056                   9133698    E001025012024[ETX]
23-07-2026 16:24:18 - [ACK]
23-07-2026 16:24:20 - [STX]Rh001002 0057                   8408320[ETX]
23-07-2026 16:24:20 - --Send Message To Machine --[STX]S 001002 0057                   8408320    E001025012024[ETX]
23-07-2026 16:24:21 - [ACK]
23-07-2026 16:24:22 - [STX]Rh001003 0058                   9285316[ETX]
23-07-2026 16:24:23 - --Send Message To Machine --[STX]S 001003 0058                   9285316    E010022[ETX]
23-07-2026 16:24:23 - [ACK]
23-07-2026 16:24:25 - [STX]Rh001004 0059                   9285312[ETX]
23-07-2026 16:24:25 - --Send Message To Machine --[STX]S 001004 0059                   9285312    E014[ETX]
23-07-2026 16:24:25 - [ACK]
23-07-2026 16:24:48 - [STX]D 000801 0060                   9297465    E20260723161951014  72.3  [ETX]
23-07-2026 16:25:10 - [STX]D 000802 0061                   9297470    E20260723162013009 8.065  028 78.73  029   6.2  006  8.81  097 136.4  098 5.211  099
23-07-2026 16:25:10 -  104.6  [ETX]
23-07-2026 16:25:19 - [STX]D 000803 0062                   9297463    E20260723162022017 72.69  027 290.0  [ETX]
23-07-2026 16:25:21 - [STX]Rh000801 0060                   9297465[ETX]
23-07-2026 16:25:24 - [NAK]
23-07-2026 16:25:26 - [STX]Rh000802 0061                   9297470[ETX]
23-07-2026 16:25:29 - [NAK]
23-07-2026 16:25:30 - [STX]Rh000803 0062                   9297463[ETX]
23-07-2026 16:25:33 - [NAK]
23-07-2026 16:28:16 - [STX]R 000801N0063                   9285297[ETX]
23-07-2026 16:28:16 - --Send Message To Machine --[STX]S 000801 0063                   9285297    E010[ETX]
23-07-2026 16:28:17 - [ACK]
23-07-2026 16:28:20 - [STX]R 000802N0064                   9285311[ETX]
23-07-2026 16:28:21 - --Send Message To Machine --[STX]S 000802 0064                   9285311    E099007009013097001025026028029002098003005012024006[ETX]
23-07-2026 16:28:21 - [ACK]
23-07-2026 16:28:25 - [STX]R 000803N0065                   9297461[ETX]
23-07-2026 16:28:25 - --Send Message To Machine --[STX]S 000803 0065                   9297461    E099007009013097001025026028029002098003005012024006[ETX]
23-07-2026 16:28:26 - [ACK]
23-07-2026 16:28:29 - [STX]R 000804N0066                   9297466[ETX]
23-07-2026 16:28:30 - --Send Message To Machine --[STX]S 000804 0066                   9297466    E099007010009013017097001025026028029027002098003005012024006[ETX]
23-07-2026 16:28:30 - [ACK]
23-07-2026 16:28:34 - [STX]R 000805N0067                   9297459[ETX]
23-07-2026 16:28:34 - --Send Message To Machine --[STX]S 000805 0067                   9297459    E099007009013017097001025026028029027002098003005012024006[ETX]
23-07-2026 16:28:35 - [ACK]
23-07-2026 16:28:38 - [STX]R 000806N0068                   9297457[ETX]
23-07-2026 16:28:39 - --Send Message To Machine --[STX]S 000806 0068                   9297457    E099007009013017097001025026028029027002098003005012024006[ETX]
23-07-2026 16:28:39 - [ACK]
23-07-2026 16:38:24 - [STX]D 000801 0063                   9285297    E20260723163325010  5.11  [ETX]
23-07-2026 16:39:39 - [STX]D 000802 0064                   9285311    E20260723163442001  4.03  009 0.703  026 192.0  025  6.97  002 109.5  003  16.7  028
23-07-2026 16:39:40 -  24.62  012 0.144  005  21.0  013  14.2  029   3.9  006  9.58  007 188.0  024 1.065  097 142.1  098 4.044  099 109.8  [ETX]
23-07-2026 16:40:56 - [STX]D 000803 0065                   9297461    E20260723163559001  4.36  009 0.861  026 384.7  025  7.42  002  63.6  003 125.6  028
23-07-2026 16:40:57 -  19.39  012 0.057  005  59.4  013  32.3  029   3.4  006  8.79  007 210.2  024 0.542  097 136.5  098 5.362  099 102.4  [ETX]
23-07-2026 16:42:41 - [STX]D 000804 0066                   9297466    E20260723163743001  4.07  009 0.786  017141.77  026  88.1  025  8.05  010  9.41  002
23-07-2026 16:42:41 -   76.7  003  12.1  027 339.9  028 24.14  012 0.079  005  18.8  013  11.8  029   5.2  006  9.53  007 152.0  024 0.413  097 140.2 
23-07-2026 16:42:41 -  098 3.631  099 103.1  [ETX]
23-07-2026 16:42:45 - [STX]D     01 P001                   8804426    E20260723163748012 0.323  024 2.512  [ETX]
23-07-2026 16:44:07 - [STX]D 000805 0067                   9297459    E20260723163909001  4.84  009 0.628  017123.82  026  95.0  025  7.80  002  81.8  003
23-07-2026 16:44:07 -   18.1  027 343.0  028 13.62  012 0.100  005  24.2  013   9.3  029   4.3  006 10.18  007 174.0  024 0.662  097 138.2  098 4.832 
23-07-2026 16:44:07 -  099 103.8  [ETX]
23-07-2026 16:45:32 - [STX]R 000701N0069                   9145967[ETX]
23-07-2026 16:45:33 - --Send Message To Machine --[STX]S 000701 0069                   9145967    E014[ETX]
23-07-2026 16:45:33 - [ACK]
23-07-2026 16:45:35 - [STX]D 000806 0068                   9297457    E20260723164035001  4.48  009 0.861  017 93.17  026 277.1  025  7.72  002  56.4  003
23-07-2026 16:45:35 -   36.3  027 316.3  028 19.14  012 0.051  005  33.7  013  21.9  029   5.6  006  9.76  007 218.8  024 0.435  097 137.2  098 4.278 
23-07-2026 16:45:35 -  099 101.2  [ETX]
23-07-2026 16:45:36 - [STX]Rh000801 0063                   9285297[ETX]
23-07-2026 16:45:39 - [NAK]
23-07-2026 16:45:41 - [STX]R 000702N0070                   9145970[ETX]
23-07-2026 16:45:41 - --Send Message To Machine --[STX]S 000702 0070                   9145970    E099007009013017097001025026028029002098003005012024006[ETX]
23-07-2026 16:45:42 - [ACK]
23-07-2026 16:45:43 - [STX]Rh000802 0064                   9285311[ETX]
23-07-2026 16:45:44 - --Send Message To Machine --[STX]S 000802 0064                   9285311    E001025012024[ETX]
23-07-2026 16:45:44 - [ACK]
23-07-2026 16:45:46 - [STX]R 000703N0071                   9130183[ETX]
23-07-2026 16:45:46 - --Send Message To Machine --[STX]S 000703 0071                   9130183    E099007009013017097001025026028029027002098003005012024006[ETX]
23-07-2026 16:45:47 - [ACK]
23-07-2026 16:45:48 - [STX]Rh000803 0065                   9297461[ETX]
23-07-2026 16:45:48 - --Send Message To Machine --[STX]S 000803 0065                   9297461    E001025012024[ETX]
23-07-2026 16:45:49 - [ACK]
23-07-2026 16:45:50 - [STX]R 000704N0072                   9130181[ETX]
23-07-2026 16:45:51 - --Send Message To Machine --[STX]S 000704 0072                   9130181    E099007009013017097001025026028029027002098003005012024006[ETX]
23-07-2026 16:45:51 - [ACK]
23-07-2026 16:45:53 - [STX]Rh000804 0066                   9297466[ETX]
23-07-2026 16:45:53 - --Send Message To Machine --[STX]S 000804 0066                   9297466    E001025012024[ETX]
23-07-2026 16:45:54 - [ACK]
23-07-2026 16:45:55 - [STX]Rh000805 0067                   9297459[ETX]
23-07-2026 16:45:55 - --Send Message To Machine --[STX]S 000805 0067                   9297459    E001025012024[ETX]
23-07-2026 16:45:56 - [ACK]
23-07-2026 16:45:57 - [STX]Rh000806 0068                   9297457[ETX]
23-07-2026 16:45:58 - --Send Message To Machine --[STX]S 000806 0068                   9297457    E001025012024[ETX]
23-07-2026 16:45:58 - [ACK]
23-07-2026 16:55:21 - [STX]D 000701 0069                   9145967    E20260723165024014  75.8  [ETX]
23-07-2026 16:56:42 - [STX]D 000702 0070                   9145970    E20260723165145001  4.86  009 0.666  017 83.68  026  73.0  025  8.32  002 131.8  003
23-07-2026 16:56:42 -   12.8  028 26.22  012 0.209  005  21.2  013  13.7  029   4.3  006 10.46  007 157.0  024 1.336  097 139.8  098 4.726  099 105.3 
23-07-2026 16:56:42 -  [ETX]
23-07-2026 16:58:08 - [STX]D 000703 0071                   9130183    E20260723165311001  4.53  009 0.854  017 45.71  026 201.2  025  8.03  002 106.0  003
23-07-2026 16:58:08 -   20.5  027 374.8  028 15.01  012 0.068  005  27.7  013  52.6  029   5.8  006 10.37  007 211.2  024 0.352  097 138.3  098 5.942 
23-07-2026 16:58:08 -  099 100.1  [ETX]
23-07-2026 16:59:34 - [STX]D 000704 0072                   9130181    E20260723165437001  4.53  009 0.786  017173.33  026 158.8  025  7.78  002  88.5  003
23-07-2026 16:59:34 -   50.0  027 456.8  028 19.14  012 0.122  005  47.2  013  68.5  029   5.9  006 10.01  007 233.7  024 0.706  097 139.8  098 4.116 
23-07-2026 16:59:34 -  099 107.8  [ETX]
23-07-2026 16:59:36 - [STX]Rh000701 0069                   9145967[ETX]
23-07-2026 16:59:39 - [NAK]
23-07-2026 16:59:41 - [STX]Rh000702 0070                   9145970[ETX]
23-07-2026 16:59:41 - --Send Message To Machine --[STX]S 000702 0070                   9145970    E001025012024[ETX]
23-07-2026 16:59:41 - [ACK]
23-07-2026 16:59:43 - [STX]Rh000703 0071                   9130183[ETX]
23-07-2026 16:59:43 - --Send Message To Machine --[STX]S 000703 0071                   9130183    E001025012024[ETX]
23-07-2026 16:59:44 - [ACK]
23-07-2026 16:59:45 - [STX]Rh000704 0072                   9130181[ETX]
23-07-2026 16:59:46 - --Send Message To Machine --[STX]S 000704 0072                   9130181    E099007097001025026028029027098003012024[ETX]
23-07-2026 16:59:46 - [ACK]
23-07-2026 17:04:19 - [STX]R 000701N0073                   9155757[ETX]
23-07-2026 17:04:20 - --Send Message To Machine --[STX]S 000701 0073                   9155757    E099007009013097001025026028029002098003005012024006[ETX]
23-07-2026 17:04:20 - [ACK]
23-07-2026 17:08:33 - [STX]R 000801N0074                   9285289[ETX]
23-07-2026 17:08:33 - --Send Message To Machine --[STX]S 000801 0074                   9285289    E016[ETX]
23-07-2026 17:08:34 - [ACK]
23-07-2026 17:15:25 - [STX]D 000701 0073                   9155757    E20260723171028001  4.23  009 0.891  026 174.1  025  6.60  002  87.7  003  18.3  028
23-07-2026 17:15:25 -  16.37  012 0.144  005  23.0  013  16.3  029   5.4  006  9.32  007 196.0  024 0.815  097 139.3  098 3.830  099 107.3  [ETX]
23-07-2026 17:15:27 - [STX]Rh000701 0073                   9155757[ETX]
23-07-2026 17:15:27 - --Send Message To Machine --[STX]S 000701 0073                   9155757    E099007009013097001025026028029098003005012024006[ETX]
23-07-2026 17:15:27 - [ACK]
23-07-2026 17:17:36 - [STX]R 000101N0075                   9131656[ETX]
23-07-2026 17:17:36 - --Send Message To Machine --[STX]S 000101 0075                   9131656    E007026[ETX]
23-07-2026 17:17:37 - [ACK]
23-07-2026 17:17:40 - [STX]R 000102N0076                   9141800[ETX]
23-07-2026 17:17:41 - --Send Message To Machine --[STX]S 000102 0076                   9141800    E007026[ETX]
23-07-2026 17:17:41 - [ACK]
23-07-2026 17:17:45 - [STX]R 000103N0077                   9141801[ETX]
23-07-2026 17:17:45 - --Send Message To Machine --[STX]S 000103 0077                   9141801    E007026[ETX]
23-07-2026 17:17:46 - [ACK]
23-07-2026 17:18:17 - [STX]D 000801 0074                   9285289    E20260723171320016  4.12  [ETX]
23-07-2026 17:18:18 - [STX]Rh000801 0074                   9285289[ETX]
23-07-2026 17:18:21 - [NAK]
23-07-2026 17:27:25 - [STX]D 000101 0075                   9131656    E20260723172227026 339.7  007 230.6  [ETX]
23-07-2026 17:27:33 - [STX]D 000102 0076                   9141800    E20260723172236026 221.6  007 125.2  [ETX]
23-07-2026 17:27:43 - [STX]D 000103 0077                   9141801    E20260723172245026 138.6  007 148.2  [ETX]
23-07-2026 17:27:44 - [STX]Rh000101 0075                   9131656[ETX]
23-07-2026 17:27:47 - [NAK]
23-07-2026 17:27:49 - [STX]Rh000102 0076                   9141800[ETX]
23-07-2026 17:27:52 - [NAK]
23-07-2026 17:27:53 - [STX]Rh000103 0077                   9141801[ETX]
23-07-2026 17:27:56 - [NAK]
23-07-2026 17:28:32 - [STX]R 000701N0078                   9150011[ETX]
23-07-2026 17:28:32 - --Send Message To Machine --[STX]S 000701 0078                   9150011    E007026[ETX]
23-07-2026 17:28:33 - [ACK]
23-07-2026 17:28:37 - [STX]R 000702N0079                   9150272[ETX]
23-07-2026 17:28:37 - --Send Message To Machine --[STX]S 000702 0079                   9150272    E099007009013097001025026028029002098003005012024006[ETX]
23-07-2026 17:28:37 - [ACK]
23-07-2026 17:28:41 - [STX]R 000703N0080                   9148732[ETX]
23-07-2026 17:28:41 - --Send Message To Machine --[STX]S 000703 0080                   9148732    E099007009013097001025026028029002098003005012024006[ETX]
23-07-2026 17:28:42 - [ACK]
23-07-2026 17:28:46 - [STX]R 000704N0081                   9131649[ETX]
23-07-2026 17:28:46 - --Send Message To Machine --[STX]S 000704 0081                   9131649    E099007009013017097001025026028029027002098003005012024006[ETX]
23-07-2026 17:28:46 - [ACK]
23-07-2026 17:28:50 - [STX]R 000705N0082                   9150006[ETX]
23-07-2026 17:28:50 - --Send Message To Machine --[STX]S 000705 0082                   9150006    E099007010009013017097001025026028029022027002098003005012024006[ETX]
23-07-2026 17:28:51 - [ACK]
23-07-2026 17:28:55 - [STX]R 000706N0083                   9131658[ETX]
23-07-2026 17:28:55 - --Send Message To Machine --[STX]S 000706 0083                   9131658    E099007010009013017097001025026028029022027002098003005012024006[ETX]
23-07-2026 17:28:55 - [ACK]
23-07-2026 17:28:59 - [STX]R 000707N0084                   9131639[ETX]
23-07-2026 17:28:59 - --Send Message To Machine --[STX]S 000707 0084                   9131639    E099007009013097001025026028029002098003005012024006[ETX]
23-07-2026 17:29:00 - [ACK]
23-07-2026 17:29:04 - [STX]R 000708N0085                   9149030[ETX]
23-07-2026 17:29:04 - --Send Message To Machine --[STX]S 000708 0085                   9149030    E007026[ETX]
23-07-2026 17:29:04 - [ACK]
23-07-2026 17:29:08 - [STX]R 000709N0086                   9131638[ETX]
23-07-2026 17:29:08 - --Send Message To Machine --[STX]S 000709 0086                   9131638    E013001025002003005012024[ETX]
23-07-2026 17:29:09 - [ACK]
23-07-2026 17:29:13 - [STX]R 000710N0087                   9131654[ETX]
23-07-2026 17:29:13 - --Send Message To Machine --[STX]S 000710 0087                   9131654    E007026[ETX]
23-07-2026 17:29:14 - [ACK]
23-07-2026 17:31:42 - [STX]R 000101N0088                   9131661[ETX]
23-07-2026 17:31:42 - --Send Message To Machine --[STX]S 000101 0088                   9131661    E099007009013017097001025026028029027002098003005012024006[ETX]
23-07-2026 17:31:43 - [ACK]
23-07-2026 17:31:47 - [STX]R 000102N0089                   9148733[ETX]
23-07-2026 17:31:47 - --Send Message To Machine --[STX]S 000102 0089                   9148733    E014[ETX]
23-07-2026 17:31:47 - [ACK]
23-07-2026 17:31:51 - [STX]R 000103N0090                   9131641[ETX]
23-07-2026 17:31:51 - --Send Message To Machine --[STX]S 000103 0090                   9131641    E014[ETX]
23-07-2026 17:31:52 - [ACK]
23-07-2026 17:31:56 - [STX]R 000104N0091                   9150014[ETX]
23-07-2026 17:31:56 - --Send Message To Machine --[STX]S 000104 0091                   9150014    E014[ETX]
23-07-2026 17:31:56 - [ACK]
23-07-2026 17:32:00 - [STX]R 000105N0092                   9155756[ETX]
23-07-2026 17:32:00 - --Send Message To Machine --[STX]S 000105 0092                   9155756    E014[ETX]
23-07-2026 17:32:01 - [ACK]
23-07-2026 17:32:05 - [STX]R 000106N0093                   9150282[ETX]
23-07-2026 17:32:05 - --Send Message To Machine --[STX]S 000106 0093                   9150282    E014[ETX]
23-07-2026 17:32:05 - [ACK]
23-07-2026 17:32:09 - [STX]R 000107N0094                   9138911[ETX]
23-07-2026 17:32:09 - --Send Message To Machine --[STX]S 000107 0094                   9138911    E014[ETX]
23-07-2026 17:32:10 - [ACK]
23-07-2026 17:32:14 - [STX]R 000108N0095                   9150032[ETX]
23-07-2026 17:32:14 - --Send Message To Machine --[STX]S 000108 0095                   9150032    E010009028[ETX]
23-07-2026 17:32:15 - [ACK]
23-07-2026 17:38:30 - [STX]D 000701 0078                   9150011    E20260723173333026 181.2  007 161.7  [ETX]
23-07-2026 17:39:47 - [STX]D 000702 0079                   9150272    E20260723173450001  4.47  009 1.034  026 174.9  025  7.47  002  46.0  003  22.6  028
23-07-2026 17:39:47 -  15.95  012 0.122  005  20.9  013  38.1  029   6.2  006  9.43  007 289.5  024 1.139  097 140.3  098 3.797  099 101.8  [ETX]
23-07-2026 17:41:04 - [STX]D 000703 0080                   9148732    E20260723173607001  4.29  009 0.703  026 121.3  025  8.35  002 107.1  003  41.4  028
23-07-2026 17:41:04 -  15.62  012 0.067  005  39.2  013  15.1  029   3.5  006  9.72  007 181.5  024 0.448  097 139.0  098 4.392  099  97.9  [ETX]
23-07-2026 17:42:30 - [STX]D 000704 0081                   9131649    E20260723173733001  3.76  009 0.688  017 24.79  026 244.2  025  7.14  002  71.5  003
23-07-2026 17:42:30 -   13.3  027 386.2  028 16.54  012 0.062  005  21.8  013  10.8  029   3.0  006 10.14  007 266.3  024 0.365  097 141.6  098 5.099 
23-07-2026 17:42:30 -  099 104.2  [ETX]
23-07-2026 17:44:18 - [STX]D 000705 0082                   9150006    E20260723173921001  4.35  009 0.635  017185.51  026 264.2  025  7.40  010  2.49  002
23-07-2026 17:44:18 -  159.5  003  51.3  027 213.0  028 19.69  012 0.106  005  40.4  013 231.3  029   6.3  022-  5.8Gp006  9.51  007 177.2  024 0.811 
23-07-2026 17:44:18 -  097 138.7  098 4.779  099 105.7  [ETX]
23-07-2026 17:46:07 - [STX]D 000706 0083                   9131658    E20260723174110001  4.76  009 0.944  017162.50  026 207.9  025  8.30  010 17.87  002
23-07-2026 17:46:07 -   90.7  003  99.7  027 226.8  028 21.30  012 0.122  005  67.6  013  29.7  029   7.9  022-  3.0Gp006  9.91  007 186.1  024 0.816 
23-07-2026 17:46:07 -  097 139.6  098 4.127  099  98.8  [ETX]
23-07-2026 17:47:24 - [STX]D 000707 0084                   9131639    E20260723174227001  4.79  009 0.628  026  64.8  025  8.03  002  95.4  003  24.6  028
23-07-2026 17:47:24 -  15.46  012 0.166  005  20.7  013  11.7  029   4.1  006 10.33  007 134.3  024 0.916  097 142.2  098 4.314  099 107.2  [ETX]
23-07-2026 17:47:33 - [STX]D 000708 0085                   9149030    E20260723174236026 392.6  007 193.0  [ETX]
23-07-2026 17:47:46 - [STX]R 000801N0096                   9141806[ETX]
23-07-2026 17:47:46 - --Send Message To Machine --[STX]S 000801 0096                   9141806    E099007009013017097001025026028029027002098003005012024006[ETX]
23-07-2026 17:47:47 - [ACK]
23-07-2026 17:47:51 - [STX]R 000802N0097                   9138914[ETX]
23-07-2026 17:47:51 - --Send Message To Machine --[STX]S 000802 0097                   9138914    E099007009013017097001025026028029027002098003005012024006[ETX]
23-07-2026 17:47:52 - [ACK]
23-07-2026 17:47:55 - [STX]R 000803N0098                   9150008[ETX]
23-07-2026 17:47:55 - --Send Message To Machine --[STX]S 000803 0098                   9150008    E014[ETX]
23-07-2026 17:47:56 - [ACK]
23-07-2026 17:48:00 - [STX]R 000804N0099                   9150034[ETX]
23-07-2026 17:48:00 - --Send Message To Machine --[STX]S 000804 0099                   9150034    E099007009013017097001025026028029002098003005012024006[ETX]
23-07-2026 17:48:01 - [ACK]
23-07-2026 17:48:04 - [STX]R 000805N0100                   9149031[ETX]
23-07-2026 17:48:04 - --Send Message To Machine --[STX]S 000805 0100                   9149031    E099007009013017097001025026028029027002098003005012024006[ETX]
23-07-2026 17:48:05 - [ACK]
23-07-2026 17:48:09 - [STX]R 000806N0101                   9155778[ETX]
23-07-2026 17:48:09 - --Send Message To Machine --[STX]S 000806 0101                   9155778    E099007009013097001025026028029002098003005012024006[ETX]
23-07-2026 17:48:10 - [ACK]
23-07-2026 17:48:13 - [STX]R 000807N0102                   9131518[ETX]
23-07-2026 17:48:14 - --Send Message To Machine --[STX]S 000807 0102                   9131518    E099007009013017097001025026028029027002098003005012024006[ETX]
23-07-2026 17:48:14 - [ACK]
23-07-2026 17:48:18 - [STX]R 000808N0103                   8802412[ETX]
23-07-2026 17:48:18 - --Send Message To Machine --[STX]S 000808 0103                   8802412    E099007009013017097001025026028029027002098003005012024006[ETX]
23-07-2026 17:48:19 - [ACK]
23-07-2026 17:48:20 - [STX]D 000709 0086                   9131638    E20260723174321001  4.54  025  7.94  002  91.3  003 105.7  012 0.089  005  94.3  013
23-07-2026 17:48:20 -  112.8  024 0.632  [ETX]
23-07-2026 17:48:22 - [STX]R 000809N0104                   9141804[ETX]
23-07-2026 17:48:23 - --Send Message To Machine --[STX]S 000809 0104                   9141804    E099007009013017097001025026028029027002098003005012024006[ETX]
23-07-2026 17:48:23 - [ACK]
23-07-2026 17:48:27 - [STX]R 000810N0105                   9150012[ETX]
23-07-2026 17:48:27 - --Send Message To Machine --[STX]S 000810 0105                   9150012    E099007009013017097001025026028029027002098003005012024006[ETX]
23-07-2026 17:48:28 - [ACK]
23-07-2026 17:48:29 - [STX]D 000710 0087                   9131654    E20260723174330026  98.6  007 146.1  [ETX]
23-07-2026 17:48:31 - [STX]Rh000701 0078                   9150011[ETX]
23-07-2026 17:48:34 - [NAK]
23-07-2026 17:48:36 - [STX]R 001001N0106                   9149032[ETX]
23-07-2026 17:48:36 - --Send Message To Machine --[STX]S 001001 0106                   9149032    E014[ETX]
23-07-2026 17:48:36 - [ACK]
23-07-2026 17:48:38 - [STX]Rh000702 0079                   9150272[ETX]
23-07-2026 17:48:38 - --Send Message To Machine --[STX]S 000702 0079                   9150272    E001025012024[ETX]
23-07-2026 17:48:38 - [ACK]
23-07-2026 17:48:40 - [STX]R 001002N0107                   8802413[ETX]
23-07-2026 17:48:40 - --Send Message To Machine --[STX]S 001002 0107                   8802413    E014[ETX]
23-07-2026 17:48:41 - [ACK]
23-07-2026 17:48:42 - [STX]Rh000703 0080                   9148732[ETX]
23-07-2026 17:48:42 - --Send Message To Machine --[STX]S 000703 0080                   9148732    E001025012024[ETX]
23-07-2026 17:48:43 - [ACK]
23-07-2026 17:48:44 - [STX]Rh000704 0081                   9131649[ETX]
23-07-2026 17:48:44 - --Send Message To Machine --[STX]S 000704 0081                   9131649    E001025012024[ETX]
23-07-2026 17:48:45 - [ACK]
23-07-2026 17:48:47 - [STX]Rh000705 0082                   9150006[ETX]
23-07-2026 17:48:47 - --Send Message To Machine --[STX]S 000705 0082                   9150006    E001025012024[ETX]
23-07-2026 17:48:47 - [ACK]
23-07-2026 17:48:49 - [STX]Rh000706 0083                   9131658[ETX]
23-07-2026 17:48:49 - --Send Message To Machine --[STX]S 000706 0083                   9131658    E001025012024[ETX]
23-07-2026 17:48:49 - [ACK]
23-07-2026 17:48:51 - [STX]Rh000707 0084                   9131639[ETX]
23-07-2026 17:48:51 - --Send Message To Machine --[STX]S 000707 0084                   9131639    E001025012024[ETX]
23-07-2026 17:48:52 - [ACK]
23-07-2026 17:48:53 - [STX]Rh000708 0085                   9149030[ETX]
23-07-2026 17:48:56 - [NAK]
23-07-2026 17:48:58 - [STX]Rh000709 0086                   9131638[ETX]
23-07-2026 17:48:58 - --Send Message To Machine --[STX]S 000709 0086                   9131638    E001025012024[ETX]
23-07-2026 17:48:59 - [ACK]
23-07-2026 17:49:00 - [STX]Rh000710 0087                   9131654[ETX]
23-07-2026 17:49:03 - [NAK]
23-07-2026 17:49:53 - [STX]D 000101 0088                   9131661    E20260723174456001  4.27  009 1.929  017131.10  026  49.0  025  8.23  002  88.7  003
23-07-2026 17:49:53 -   26.0  027 263.1  028 65.48  012 0.100  005  31.7  013  13.2  029   7.7  006  9.53  007  78.1  024 0.382  097 140.2  098 4.269 
23-07-2026 17:49:53 -  099 103.3  [ETX]
23-07-2026 17:49:58 - [STX]D 000102 0089                   9148733    E20260723174501014  74.7  [ETX]
23-07-2026 17:50:02 - [STX]D 000103 0090                   9131641    E20260723174505014 103.9  [ETX]
23-07-2026 17:50:07 - [STX]D 000104 0091                   9150014    E20260723174510014  80.3  [ETX]
23-07-2026 17:50:11 - [STX]D 000105 0092                   9155756    E20260723174514014 117.3  [ETX]
23-07-2026 17:50:16 - [STX]D 000106 0093                   9150282    E20260723174519014  88.3  [ETX]
23-07-2026 17:50:20 - [STX]D 000107 0094                   9138911    E20260723174523014  97.4  [ETX]
23-07-2026 17:50:48 - [STX]D 000108 0095                   9150032    E20260723174550009 0.688  010  3.96  028 18.52  [ETX]
23-07-2026 17:50:49 - [STX]Rh000101 0088                   9131661[ETX]
23-07-2026 17:50:49 - --Send Message To Machine --[STX]S 000101 0088                   9131661    E001025012024[ETX]
23-07-2026 17:50:50 - [ACK]
23-07-2026 17:50:51 - [STX]Rh000102 0089                   9148733[ETX]
23-07-2026 17:50:54 - [NAK]
23-07-2026 17:50:56 - [STX]Rh000103 0090                   9131641[ETX]
23-07-2026 17:50:59 - [NAK]
23-07-2026 17:51:01 - [STX]Rh000104 0091                   9150014[ETX]
23-07-2026 17:51:04 - [NAK]
23-07-2026 17:51:05 - [STX]Rh000105 0092                   9155756[ETX]
23-07-2026 17:51:08 - [NAK]
23-07-2026 17:51:10 - [STX]Rh000106 0093                   9150282[ETX]
23-07-2026 17:51:13 - [NAK]
23-07-2026 17:51:14 - [STX]Rh000107 0094                   9138911[ETX]
23-07-2026 17:51:17 - [NAK]
23-07-2026 17:51:19 - [STX]Rh000108 0095                   9150032[ETX]
23-07-2026 17:51:22 - [NAK]
23-07-2026 17:51:33 - [STX]D     02 P002                  09140804    E20260723174636014  87.5  [ETX]
23-07-2026 17:58:52 - [STX]D 000801 0096                   9141806    E20260723175355001  3.61  009 0.793  017 47.56  026  84.9  025  6.99  002 105.1  003
23-07-2026 17:58:52 -   11.7  027 281.4  028 23.94  012 0.024  005  20.6  013  19.0  029   2.4  006  9.09  007 140.5  024 0.273  097 136.5  098 4.363 
23-07-2026 17:58:52 -  099 101.7  [ETX]
23-07-2026 18:00:18 - [STX]D 000802 0097                   9138914    E20260723175521001  4.26  009 0.696  017243.97  026 216.4  025  7.34  002  61.2  003
23-07-2026 18:00:18 -   22.7  027 275.9  028 15.25  012 0.100  005  24.1  013  28.3  029   3.8  006  9.63  007 232.7  024 0.711  097 140.2  098 3.874 
23-07-2026 18:00:18 -  099 102.6  [ETX]
23-07-2026 18:00:22 - [STX]D 000803 0098                   9150008    E20260723175525014  86.1  [ETX]
23-07-2026 18:01:44 - [STX]D 000804 0099                   9150034    E20260723175647001  4.38  009 0.733  017115.14  026 201.3  025  7.24  002  81.7  003
23-07-2026 18:01:44 -  107.2  028 14.79  012 0.187  005  74.1  013  45.1  029   4.8  006  9.14  007 173.6  024 1.161  097 138.6  098 3.937  099 103.1 
23-07-2026 18:01:44 -  [ETX]
23-07-2026 18:03:10 - [STX]D 000805 0100                   9149031    E20260723175813001  4.44  009 1.004  017 86.26  026  81.6  025  8.46  002  96.8  003
23-07-2026 18:03:10 -   30.4  027 316.6  028 19.85  012 0.111  005  31.4  013  17.3  029   5.3  006  9.61  007 131.9  024 0.636  097 138.8  098 3.881 
23-07-2026 18:03:10 -  099 102.3  [ETX]
23-07-2026 18:04:27 - [STX]D 000806 0101                   9155778    E20260723175930001  4.50  009 0.568  026  62.0  025  7.39  002 100.0  003  13.6  028
23-07-2026 18:04:27 -  12.87  012 0.106  005  19.6  013  13.3  029   2.6  006  9.68  007 143.4  024 0.628  097 139.3  098 4.305  099 103.3  [ETX]
23-07-2026 18:05:53 - [STX]D 000807 0102                   9131518    E20260723180056001  4.41  009 1.034  017 80.92  026 151.5  025  7.69  002  70.0  003
23-07-2026 18:05:53 -   17.8  027 258.8  028 24.52  012 0.100  005  23.2  013  13.9  029   4.7  006  9.64  007 149.2  024 0.606  097 138.4  098 3.350 
23-07-2026 18:05:53 -  099 101.5  [ETX]
23-07-2026 18:07:19 - [STX]D 000808 0103                   8802412    E20260723180222001  4.58  009 0.869  017190.85  026 123.1  025  7.65  002  97.5  003
23-07-2026 18:07:19 -   28.0  027 363.3  028 22.76  012 0.187  005  30.0  013  21.8  029   5.3  006  9.57  007 174.1  024 1.293  097 139.9  098 4.259 
23-07-2026 18:07:19 -  099 101.1  [ETX]
23-07-2026 18:08:45 - [STX]D 000809 0104                   9141804    E20260723180348001  4.40  009 0.838  017 35.35  026  70.8  025  7.82  002 103.7  003
23-07-2026 18:08:45 -   15.2  027 332.4  028 39.67  012 0.073  005  19.5  013  11.6  029   4.5  006  9.74  007 194.8  024 0.540  097 138.6  098 4.698 
23-07-2026 18:08:45 -  099 106.6  [ETX]
23-07-2026 18:10:11 - [STX]D 000810 0105                   9150012    E20260723180514001  4.37  009 4.598  017 80.73  026 144.4  025  7.48  002 119.7  003
23-07-2026 18:10:11 -   33.2  027 214.2  028100.54  012 0.100  005  29.2  013  14.8  029   9.7  006  8.12  007 113.9  024 0.689  097 137.6  098 3.730 
23-07-2026 18:10:11 -  099 104.8  [ETX]
23-07-2026 18:10:12 - [STX]Rh000801 0096                   9141806[ETX]
23-07-2026 18:10:12 - --Send Message To Machine --[STX]S 000801 0096                   9141806    E001025012024[ETX]
23-07-2026 18:10:13 - [ACK]
23-07-2026 18:10:15 - [STX]Rh000802 0097                   9138914[ETX]
23-07-2026 18:10:15 - --Send Message To Machine --[STX]S 000802 0097                   9138914    E009017001025002012024[ETX]
23-07-2026 18:10:15 - [ACK]
23-07-2026 18:10:17 - [STX]D 001001 0106                   9149032    E20260723180518014  74.1  [ETX]
23-07-2026 18:10:18 - [STX]Rh000803 0098                   9150008[ETX]
23-07-2026 18:10:21 - [NAK]
23-07-2026 18:10:23 - [STX]D 001002 0107                   8802413    E20260723180523014  83.6  [ETX]
23-07-2026 18:10:25 - [STX]Rh000804 0099                   9150034[ETX]
23-07-2026 18:10:25 - --Send Message To Machine --[STX]S 000804 0099                   9150034    E001025012024[ETX]
23-07-2026 18:10:25 - [ACK]
23-07-2026 18:10:27 - [STX]Rh000805 0100                   9149031[ETX]
23-07-2026 18:10:27 - --Send Message To Machine --[STX]S 000805 0100                   9149031    E001025012024[ETX]
23-07-2026 18:10:27 - [ACK]
23-07-2026 18:10:29 - [STX]Rh000806 0101                   9155778[ETX]
23-07-2026 18:10:29 - --Send Message To Machine --[STX]S 000806 0101                   9155778    E001025012024[ETX]
23-07-2026 18:10:30 - [ACK]
23-07-2026 18:10:31 - [STX]Rh000807 0102                   9131518[ETX]
23-07-2026 18:10:31 - --Send Message To Machine --[STX]S 000807 0102                   9131518    E001025012024[ETX]
23-07-2026 18:10:32 - [ACK]
23-07-2026 18:10:33 - [STX]Rh000808 0103                   8802412[ETX]
23-07-2026 18:10:34 - --Send Message To Machine --[STX]S 000808 0103                   8802412    E001025012024[ETX]
23-07-2026 18:10:34 - [ACK]
23-07-2026 18:10:36 - [STX]Rh000809 0104                   9141804[ETX]
23-07-2026 18:10:36 - --Send Message To Machine --[STX]S 000809 0104                   9141804    E001025012024[ETX]
23-07-2026 18:10:36 - [ACK]
23-07-2026 18:10:38 - [STX]Rh000810 0105                   9150012[ETX]
23-07-2026 18:10:38 - --Send Message To Machine --[STX]S 000810 0105                   9150012    E001025012024[ETX]
23-07-2026 18:10:39 - [ACK]
23-07-2026 18:10:40 - [STX]Rh001001 0106                   9149032[ETX]
23-07-2026 18:10:43 - [NAK]
23-07-2026 18:10:45 - [STX]Rh001002 0107                   8802413[ETX]
23-07-2026 18:10:48 - [NAK]
23-07-2026 18:34:48 - [STX]RE[ETX]
23-07-2026 18:34:50 - [STX]DE[ETX]
23-07-2026 18:54:12 - [STX]RB[ETX]
23-07-2026 18:54:13 - [STX]DB[ETX]
23-07-2026 19:09:06 - [STX]D     05 P003                   9131658    E20260723190408022-  1.1Gp[ETX]
23-07-2026 19:09:10 - [STX]D     06 P004                   9150006    E20260723190413022   6.6G [ETX]
23-07-2026 19:24:11 - [STX]DH    05 P003                   9131658P003E20260723191914022   3.7G [ETX]
23-07-2026 19:35:36 - [STX]RE[ETX]
23-07-2026 19:35:37 - [STX]DE[ETX]
23-07-2026 19:43:14 - [STX]RB[ETX]
23-07-2026 19:43:15 - [STX]DB[ETX]
23-07-2026 19:43:25 - [STX]R 000801N0108                   8804448[ETX]
23-07-2026 19:43:25 - --Send Message To Machine --[STX]S 000801 0108                   8804448    E099007009013017097001025026028029027002098003005012024006[ETX]
23-07-2026 19:43:26 - [ACK]
23-07-2026 19:43:29 - [STX]R 000802N0109                   8804444[ETX]
23-07-2026 19:43:29 - --Send Message To Machine --[STX]S 000802 0109                   8804444    E099007009013017097001025026028029027002098003005012024006[ETX]
23-07-2026 19:43:30 - [ACK]
23-07-2026 19:43:34 - [STX]R 000803N0110                   8804440[ETX]
23-07-2026 19:43:34 - --Send Message To Machine --[STX]S 000803 0110                   8804440    E099007009013017097001025026028029027002098003005012024006[ETX]
23-07-2026 19:43:34 - [ACK]
23-07-2026 19:43:38 - [STX]R 000804N0111                   8804435[ETX]
23-07-2026 19:43:38 - --Send Message To Machine --[STX]S 000804 0111                   8804435    E099007010009013097001025026028029002098003005012024006[ETX]
23-07-2026 19:43:39 - [ACK]
23-07-2026 19:43:43 - [STX]R 000805N0112                   8804439[ETX]
23-07-2026 19:43:46 - [NAK]
23-07-2026 19:43:47 - [STX]R 000806N0112                   8806414[ETX]
23-07-2026 19:43:47 - --Send Message To Machine --[STX]S 000806 0112                   8806414    E099007009013097001025026028029002098003005012024006[ETX]
23-07-2026 19:43:48 - [ACK]
23-07-2026 19:43:52 - [STX]R 000807N0113                   8806419[ETX]
23-07-2026 19:43:52 - --Send Message To Machine --[STX]S 000807 0113                   8806419    E099007009013097001025026028029002098003005012024006[ETX]
23-07-2026 19:43:53 - [ACK]
23-07-2026 19:43:56 - [STX]R 000808N0114                   8804437[ETX]
23-07-2026 19:43:56 - --Send Message To Machine --[STX]S 000808 0114                   8804437    E013001025002003005012024[ETX]
23-07-2026 19:43:57 - [ACK]
23-07-2026 19:44:01 - [STX]R 000809N0115                   8804434[ETX]
23-07-2026 19:44:01 - --Send Message To Machine --[STX]S 000809 0115                   8804434    E014[ETX]
23-07-2026 19:44:02 - [ACK]
23-07-2026 19:44:05 - [STX]R 000810N0116                   8806421[ETX]
23-07-2026 19:44:05 - --Send Message To Machine --[STX]S 000810 0116                   8806421    E099007009013017097001025026028029027002098003005012024006[ETX]
23-07-2026 19:44:06 - [ACK]
23-07-2026 19:44:10 - [STX]R 000101N0117                   8804446[ETX]
23-07-2026 19:44:10 - --Send Message To Machine --[STX]S 000101 0117                   8804446    E014[ETX]
23-07-2026 19:44:11 - [ACK]
23-07-2026 19:44:14 - [STX]R 000102N0118                   8804450[ETX]
23-07-2026 19:44:15 - --Send Message To Machine --[STX]S 000102 0118                   8804450    E014[ETX]
23-07-2026 19:44:15 - [ACK]
23-07-2026 19:44:19 - [STX]R 000103N0119                   8804442[ETX]
23-07-2026 19:44:19 - --Send Message To Machine --[STX]S 000103 0119                   8804442    E014[ETX]
23-07-2026 19:44:20 - [ACK]
23-07-2026 19:57:00 - [STX]D 000801 0108                   8804448    E20260723195203001  4.63  009 0.545  017-20.06G 026  84.7  025  7.90  002  74.2  003
23-07-2026 19:57:00 -   22.2  027 483.6  028 17.03  012 0.073  005  19.6  013   9.4  029   1.6  006  9.79  007 296.2  024 0.514  097 136.3  098 4.755 
23-07-2026 19:57:00 -  099 103.5  [ETX]
23-07-2026 19:58:26 - [STX]D 000802 0109                   8804444    E20260723195329001  4.99  009 0.899  017103.62  026  99.6  025  8.64  002 102.3  003
23-07-2026 19:58:26 -   15.8  027 452.7  028 27.41  012 0.122  005  22.3  013  20.4  029   5.7  006 10.33  007 183.8  024 0.684  097 138.9  098 4.162 
23-07-2026 19:58:26 -  099 103.4  [ETX]
23-07-2026 19:59:52 - [STX]D 000803 0110                   8804440    E20260723195455001  4.28  009 0.816  017 37.35  026 274.9  025  7.38  002  44.8  003
23-07-2026 19:59:52 -   22.8  027 227.7  028 21.68  012 0.149  005  29.4  013  23.8  029   5.5  006  9.35  007 171.8  024 0.947  097 137.2  098 4.138 
23-07-2026 19:59:52 -  099 103.0  [ETX]
23-07-2026 20:01:27 - [STX]D 000804 0111                   8804435    E20260723195630001  2.91  009 1.117  026  69.8  025  6.22  010197.90  002 107.2  003
23-07-2026 20:01:27 -   20.2  028 39.32  012 0.160  005  24.9  013  21.8  029   5.5  006  8.54  007 152.4  024 0.846  097 131.2  098 3.467  099  92.0 
23-07-2026 20:01:27 -  [ETX]
23-07-2026 20:02:48 - [STX]D 000806 0112                   8806414    E20260723195751001  4.12  009 0.696  026 106.7  025  6.52  002  44.4  003  11.8  028
23-07-2026 20:02:48 -  41.97  012 0.111  005  26.4  013  14.9  029   3.5  006  8.81  007 227.5  024 0.842  097 138.8  098 4.990  099  98.6  [ETX]
23-07-2026 20:04:05 - [STX]D 000807 0113                   8806419    E20260723195908001  4.91  009 0.974  026 269.9  025  7.88  002 126.1  003  27.0  028
23-07-2026 20:04:05 -  23.49  012 0.133  005  28.7  013  17.7  029   4.9  006 10.15  007 165.3  024 0.930  097 142.7  098 4.155  099  98.9  [ETX]
23-07-2026 20:04:50 - [STX]D 000808 0114                   8804437    E20260723195953001  3.93  025  6.61  002  65.5  003  30.2  012 0.090  005  31.6  013
23-07-2026 20:04:50 -   23.7  024 0.829  [ETX]
23-07-2026 20:04:55 - [STX]D 000809 0115                   8804434    E20260723195958014 125.2  [ETX]
23-07-2026 20:06:21 - [STX]D 000810 0116                   8806421    E20260723200124001  3.94  009 0.688  017101.64  026  70.1  025  8.20  002 111.7  003
23-07-2026 20:06:21 -   12.7  027 308.3  028 33.17  012 0.073  005  23.6  013   9.2  029   3.8  006  9.35  007 190.2  024 0.553  097 141.4  098 4.468 
23-07-2026 20:06:21 -  099 103.7  [ETX]
23-07-2026 20:06:23 - [STX]Rh000801 0108                   8804448[ETX]
23-07-2026 20:06:23 - --Send Message To Machine --[STX]S 000801 0108                   8804448    E001025012024[ETX]
23-07-2026 20:06:23 - [ACK]
23-07-2026 20:06:25 - [STX]Rh000802 0109                   8804444[ETX]
23-07-2026 20:06:25 - --Send Message To Machine --[STX]S 000802 0109                   8804444    E001025012024[ETX]
23-07-2026 20:06:25 - [ACK]
23-07-2026 20:06:27 - [STX]D 000101 0117                   8804446    E20260723200128014  77.0  [ETX]
23-07-2026 20:06:29 - [STX]Rh000803 0110                   8804440[ETX]
23-07-2026 20:06:29 - --Send Message To Machine --[STX]S 000803 0110                   8804440    E001025012024[ETX]
23-07-2026 20:06:29 - [ACK]
23-07-2026 20:06:31 - [STX]D 000102 0118                   8804450    E20260723200133014  72.6  [ETX]
23-07-2026 20:06:32 - [STX]Rh000804 0111                   8804435[ETX]
23-07-2026 20:06:33 - --Send Message To Machine --[STX]S 000804 0111                   8804435    E001025012024[ETX]
23-07-2026 20:06:33 - [ACK]
23-07-2026 20:06:35 - [STX]Rh000806 0112                   8806414[ETX]
23-07-2026 20:06:35 - --Send Message To Machine --[STX]S 000806 0112                   8806414    E001025012024[ETX]
23-07-2026 20:06:35 - [ACK]
23-07-2026 20:06:37 - [STX]D 000103 0119                   8804442    E20260723200137014  80.7  [ETX]
23-07-2026 20:06:38 - [STX]Rh000807 0113                   8806419[ETX]
23-07-2026 20:06:39 - --Send Message To Machine --[STX]S 000807 0113                   8806419    E001025012024[ETX]
23-07-2026 20:06:39 - [ACK]
23-07-2026 20:06:41 - [STX]Rh000808 0114                   8804437[ETX]
23-07-2026 20:06:41 - --Send Message To Machine --[STX]S 000808 0114                   8804437    E001025012024[ETX]
23-07-2026 20:06:41 - [ACK]
23-07-2026 20:06:43 - [STX]Rh000809 0115                   8804434[ETX]
23-07-2026 20:06:46 - [NAK]
23-07-2026 20:06:48 - [STX]Rh000810 0116                   8806421[ETX]
23-07-2026 20:06:48 - --Send Message To Machine --[STX]S 000810 0116                   8806421    E001025012024[ETX]
23-07-2026 20:06:48 - [ACK]
23-07-2026 20:06:50 - [STX]Rh000101 0117                   8804446[ETX]
23-07-2026 20:06:53 - [NAK]
23-07-2026 20:06:54 - [STX]Rh000102 0118                   8804450[ETX]
23-07-2026 20:06:57 - [NAK]
23-07-2026 20:06:59 - [STX]Rh000103 0119                   8804442[ETX]
23-07-2026 20:07:02 - [NAK]
23-07-2026 20:20:29 - [STX]RE[ETX]
23-07-2026 20:20:30 - [STX]DE[ETX]
23-07-2026 21:21:10 - [STX]RB[ETX]
23-07-2026 21:21:12 - [STX]DB[ETX]
23-07-2026 21:21:20 - [STX]R 000901N0120                   9131681[ETX]
23-07-2026 21:21:20 - --Send Message To Machine --[STX]S 000901 0120                   9131681    E006[ETX]
23-07-2026 21:21:21 - [ACK]
23-07-2026 21:21:24 - [STX]R 000902N0121                   9299255[ETX]
23-07-2026 21:21:24 - --Send Message To Machine --[STX]S 000902 0121                   9299255    E013001025002003005012024[ETX]
23-07-2026 21:21:25 - [ACK]
23-07-2026 21:21:28 - [STX]R 000903N0122                   9300022[ETX]
23-07-2026 21:21:29 - --Send Message To Machine --[STX]S 000903 0122                   9300022    E014[ETX]
23-07-2026 21:21:29 - [ACK]
23-07-2026 21:21:33 - [STX]R 000904N0123                   9140968[ETX]
23-07-2026 21:21:33 - --Send Message To Machine --[STX]S 000904 0123                   9140968    E014[ETX]
23-07-2026 21:21:34 - [ACK]
23-07-2026 21:21:38 - [STX]R 000905N0124                   9285290[ETX]
23-07-2026 21:21:38 - --Send Message To Machine --[STX]S 000905 0124                   9285290    E014[ETX]
23-07-2026 21:21:38 - [ACK]
23-07-2026 21:21:42 - [STX]R 000906N0125                   9299253[ETX]
23-07-2026 21:21:42 - --Send Message To Machine --[STX]S 000906 0125                   9299253    E014[ETX]
23-07-2026 21:21:43 - [ACK]
23-07-2026 21:21:47 - [STX]R 000907N0126                   9300029[ETX]
23-07-2026 21:21:47 - --Send Message To Machine --[STX]S 000907 0126                   9300029    E014[ETX]
23-07-2026 21:21:47 - [ACK]
23-07-2026 21:21:51 - [STX]R 000908N0127                   9131675[ETX]
23-07-2026 21:21:51 - --Send Message To Machine --[STX]S 000908 0127                   9131675    E014[ETX]
23-07-2026 21:21:52 - [ACK]
23-07-2026 21:21:56 - [STX]R 000909N0128                   9131011[ETX]
23-07-2026 21:21:56 - --Send Message To Machine --[STX]S 000909 0128                   9131011    E014[ETX]
23-07-2026 21:21:56 - [ACK]
23-07-2026 21:22:00 - [STX]R 000910N0129                   9131678[ETX]
23-07-2026 21:22:00 - --Send Message To Machine --[STX]S 000910 0129                   9131678    E014[ETX]
23-07-2026 21:22:01 - [ACK]
23-07-2026 21:22:05 - [STX]R 000101N0130                   9145991[ETX]
23-07-2026 21:22:05 - --Send Message To Machine --[STX]S 000101 0130                   9145991    E014[ETX]
23-07-2026 21:22:05 - [ACK]
23-07-2026 21:22:09 - [STX]R 000102N0131                   9155319[ETX]
23-07-2026 21:22:09 - --Send Message To Machine --[STX]S 000102 0131                   9155319    E014[ETX]
23-07-2026 21:22:10 - [ACK]
23-07-2026 21:22:14 - [STX]R 000103N0132                   9299264[ETX]
23-07-2026 21:22:14 - --Send Message To Machine --[STX]S 000103 0132                   9299264    E010[ETX]
23-07-2026 21:22:14 - [ACK]
23-07-2026 21:33:33 - [STX]D 000901 0120                   9131681    E20260723212836006 10.35  [ETX]
23-07-2026 21:34:18 - [STX]D 000902 0121                   9299255    E20260723212921001  4.83  025  8.02  002  61.3  003  28.0  012 0.106  005  33.6  013
23-07-2026 21:34:18 -   24.7  024 0.924  [ETX]
23-07-2026 21:34:23 - [STX]D 000903 0122                   9300022    E20260723212926014  80.9  [ETX]
23-07-2026 21:34:27 - [STX]D 000904 0123                   9140968    E20260723212930014 117.7  [ETX]
23-07-2026 21:34:32 - [STX]D 000905 0124                   9285290    E20260723212935014 136.7  [ETX]
23-07-2026 21:34:36 - [STX]D 000906 0125                   9299253    E20260723212939014  86.2  [ETX]
23-07-2026 21:34:41 - [STX]D 000907 0126                   9300029    E20260723212944014  71.1  [ETX]
23-07-2026 21:34:45 - [STX]D 000908 0127                   9131675    E20260723212948014  82.6  [ETX]
23-07-2026 21:34:50 - [STX]D 000909 0128                   9131011    E20260723212953014      %?[ETX]
23-07-2026 21:34:54 - [STX]D 000910 0129                   9131678    E20260723212957014  95.7  [ETX]
23-07-2026 21:34:56 - [STX]Rh000901 0120                   9131681[ETX]
23-07-2026 21:34:59 - [NAK]
23-07-2026 21:35:00 - [STX]D 000101 0130                   9145991    E20260723213002014  82.5  [ETX]
23-07-2026 21:35:02 - [STX]Rh000902 0121                   9299255[ETX]
23-07-2026 21:35:02 - --Send Message To Machine --[STX]S 000902 0121                   9299255    E001025012024[ETX]
23-07-2026 21:35:03 - [ACK]
23-07-2026 21:35:04 - [STX]D 000102 0131                   9155319    E20260723213006014 204.8  [ETX]
23-07-2026 21:35:06 - [STX]Rh000903 0122                   9300022[ETX]
23-07-2026 21:35:09 - [NAK]
23-07-2026 21:35:11 - [STX]Rh000904 0123                   9140968[ETX]
23-07-2026 21:35:14 - [NAK]
23-07-2026 21:35:15 - [STX]Rh000905 0124                   9285290[ETX]
23-07-2026 21:35:18 - [NAK]
23-07-2026 21:35:20 - [STX]Rh000906 0125                   9299253[ETX]
23-07-2026 21:35:23 - [NAK]
23-07-2026 21:35:24 - [STX]D 000103 0132                   9299264    E20260723213024010 12.49  [ETX]
23-07-2026 21:35:26 - [STX]Rh000907 0126                   9300029[ETX]
23-07-2026 21:35:29 - [NAK]
23-07-2026 21:35:31 - [STX]Rh000908 0127                   9131675[ETX]
23-07-2026 21:35:34 - [NAK]
23-07-2026 21:35:35 - [STX]Rh000910 0129                   9131678[ETX]
23-07-2026 21:35:38 - [NAK]
23-07-2026 21:35:40 - [STX]Rh000101 0130                   9145991[ETX]
23-07-2026 21:35:43 - [NAK]
23-07-2026 21:35:44 - [STX]Rh000102 0131                   9155319[ETX]
23-07-2026 21:35:48 - [NAK]
23-07-2026 21:35:49 - [STX]Rh000103 0132                   9299264[ETX]
23-07-2026 21:35:52 - [NAK]
23-07-2026 21:49:20 - [STX]RE[ETX]
23-07-2026 21:49:22 - [STX]DE[ETX]
23-07-2026 22:08:48 - [STX]RB[ETX]
23-07-2026 22:08:50 - [STX]DB[ETX]
23-07-2026 22:09:00 - [STX]R 000801N0133                   9131011[ETX]
23-07-2026 22:09:00 - --Send Message To Machine --[STX]S 000801 0133                   9131011    E014[ETX]
23-07-2026 22:09:01 - [ACK]
23-07-2026 22:09:04 - [STX]R 000802N0134                   9299261[ETX]
23-07-2026 22:09:05 - --Send Message To Machine --[STX]S 000802 0134                   9299261    E099007009013097001025026028029002098003005012024006[ETX]
23-07-2026 22:09:05 - [ACK]
23-07-2026 22:09:09 - [STX]R 000803N0135                   9131010[ETX]
23-07-2026 22:09:09 - --Send Message To Machine --[STX]S 000803 0135                   9131010    E099007009013097001025026028029002098003005012024006[ETX]
23-07-2026 22:09:10 - [ACK]
23-07-2026 22:09:13 - [STX]R 000804N0136                   9299251[ETX]
23-07-2026 22:09:14 - --Send Message To Machine --[STX]S 000804 0136                   9299251    E099007009013097001025026028029002098003005012024006[ETX]
23-07-2026 22:09:14 - [ACK]
23-07-2026 22:09:18 - [STX]R 000805N0137                   9145992[ETX]
23-07-2026 22:09:18 - --Send Message To Machine --[STX]S 000805 0137                   9145992    E099007009013097001025026028029002098003005012024006[ETX]
23-07-2026 22:09:19 - [ACK]
23-07-2026 22:09:23 - [STX]R 000806N0138                   9300030[ETX]
23-07-2026 22:09:23 - --Send Message To Machine --[STX]S 000806 0138                   9300030    E099007009013097001025026028029002098003005012024006[ETX]
23-07-2026 22:09:23 - [ACK]
23-07-2026 22:09:27 - [STX]R 000807N0139                  19802771[ETX]
23-07-2026 22:09:27 - --Send Message To Machine --[STX]S 000807 0139                  19802771    E010022[ETX]
23-07-2026 22:09:28 - [ACK]
23-07-2026 22:16:42 - [STX]R 000101N0140                   9131673[ETX]
23-07-2026 22:16:42 - --Send Message To Machine --[STX]S 000101 0140                   9131673    E099007009013017097001025026028029027002098003005012024006[ETX]
23-07-2026 22:16:42 - [ACK]
23-07-2026 22:16:46 - [STX]R 000102N0141                   9299248[ETX]
23-07-2026 22:16:46 - --Send Message To Machine --[STX]S 000102 0141                   9299248    E099007009013017097001025026028029027002098003005012024006[ETX]
23-07-2026 22:16:47 - [ACK]
23-07-2026 22:16:51 - [STX]R 000103N0142                   9285266[ETX]
23-07-2026 22:16:51 - --Send Message To Machine --[STX]S 000103 0142                   9285266    E099007009013017097001025026028029027002098003005012024006[ETX]
23-07-2026 22:16:51 - [ACK]
23-07-2026 22:16:55 - [STX]R 000104N0143                   9131679[ETX]
23-07-2026 22:16:55 - --Send Message To Machine --[STX]S 000104 0143                   9131679    E099007009013017097001025026028029027002098003005012024006[ETX]
23-07-2026 22:16:56 - [ACK]
23-07-2026 22:17:00 - [STX]R 000105N0144                   9131676[ETX]
23-07-2026 22:17:00 - --Send Message To Machine --[STX]S 000105 0144                   9131676    E099007009013017097001025026028029027002098003005012024006[ETX]
23-07-2026 22:17:00 - [ACK]
23-07-2026 22:17:04 - [STX]R 000106N0145                   9131014[ETX]
23-07-2026 22:17:04 - --Send Message To Machine --[STX]S 000106 0145                   9131014    E099007009013017097001025026028029027002098003005012024006[ETX]
23-07-2026 22:17:05 - [ACK]
23-07-2026 22:17:09 - [STX]R 000107N0146                   9300023[ETX]
23-07-2026 22:17:09 - --Send Message To Machine --[STX]S 000107 0146                   9300023    E007009013017097001025026028029027002098003005012024006[ETX]
23-07-2026 22:17:09 - [ACK]
23-07-2026 22:17:13 - [STX]R 000108N0147                   9131647[ETX]
23-07-2026 22:17:13 - --Send Message To Machine --[STX]S 000108 0147                   9131647    E099007009013017097001025026028029027002098003005012024006[ETX]
23-07-2026 22:17:14 - [ACK]
23-07-2026 22:21:14 - [STX]D 000801 0133                   9131011    E20260723221616014  84.5  [ETX]
23-07-2026 22:22:26 - [STX]R 000901N0148                   9285285[ETX]
23-07-2026 22:22:29 - [NAK]
23-07-2026 22:22:30 - [STX]R 000902N0148                   9299254[ETX]
23-07-2026 22:22:33 - [NAK]
23-07-2026 22:22:35 - [STX]D 000802 0134                   9299261    E20260723221733001  4.34  009 1.064  026 166.9  025  7.15  002 109.0  003  76.4  028
23-07-2026 22:22:35 -  17.74  012 0.133  005  33.5  013  27.9  029   5.7  006  9.38  007 150.6  024 0.711  097 139.6  098 5.234  099  97.8  [ETX]
23-07-2026 22:22:37 - [STX]R 000903N0148                   9131522[ETX]
23-07-2026 22:22:37 - --Send Message To Machine --[STX]S 000903 0148                   9131522    E099007009013017097001025026028029027002098003005012024006[ETX]
23-07-2026 22:22:37 - [ACK]
23-07-2026 22:22:39 - [STX]R 000904N0149                   9131685[ETX]
23-07-2026 22:22:39 - --Send Message To Machine --[STX]S 000904 0149                   9131685    E099007009013017097001025026028029027002098003005012024006[ETX]
23-07-2026 22:22:40 - [ACK]
23-07-2026 22:22:44 - [STX]R 000905N0150                   9131016[ETX]
23-07-2026 22:22:44 - --Send Message To Machine --[STX]S 000905 0150                   9131016    E099007010009013017097001025026028029022027002098003005012024006[ETX]
23-07-2026 22:22:44 - [ACK]
23-07-2026 22:22:48 - [STX]R 000906N0151                   9285292[ETX]
23-07-2026 22:22:48 - --Send Message To Machine --[STX]S 000906 0151                   9285292    E099007009013017097001025026028029027002098003005012024006[ETX]
23-07-2026 22:22:49 - [ACK]
23-07-2026 22:22:53 - [STX]R 000907N0152                   9131524[ETX]
23-07-2026 22:22:53 - --Send Message To Machine --[STX]S 000907 0152                   9131524    E099007009013017097001025026028029027002098003005012024006[ETX]
23-07-2026 22:22:53 - [ACK]
23-07-2026 22:22:57 - [STX]R 000908N0153                   9140966[ETX]
23-07-2026 22:22:57 - --Send Message To Machine --[STX]S 000908 0153                   9140966    E099007009013017097001025026028029027002098003005012024006[ETX]
23-07-2026 22:22:58 - [ACK]
23-07-2026 22:23:47 - [STX]D 000803 0135                   9131010    E20260723221850001  3.98  009 1.418  026 126.5  025  7.24  002  69.9  003  13.1  028
23-07-2026 22:23:47 -  43.90  012 0.083  005  18.9  013  11.7  029   4.5  006  9.40  007  95.3  024 0.391  097 139.9  098 4.795  099 102.3  [ETX]
23-07-2026 22:24:05 - [STX]R 000909N0154                   9131526[ETX]
23-07-2026 22:24:05 - --Send Message To Machine --[STX]S 000909 0154                   9131526    E099007009013017097001025026028029027002098003005012024006[ETX]
23-07-2026 22:24:06 - [ACK]
23-07-2026 22:25:04 - [STX]D 000804 0136                   9299251    E20260723222007001  4.06  009 0.733  026 118.0  025  7.02  002  56.1  003   8.9  028
23-07-2026 22:25:04 -  27.59  012 0.100  005  21.1  013   9.8  029   3.4  006  8.60  007 156.0  024 0.544  097 140.3  098 4.276  099 104.2  [ETX]
23-07-2026 22:26:21 - [STX]D 000805 0137                   9145992    E20260723222124001  4.25  009 0.726  026 297.8  025  7.89  002 113.5  003  18.7  028
23-07-2026 22:26:21 -  18.48  012 0.046  005  21.3  013  13.6  029   3.1  006  9.81  007 187.3  024 0.409  097 137.9  098 4.273  099 105.4  [ETX]
23-07-2026 22:27:38 - [STX]D 000806 0138                   9300030    E20260723222241001  4.16  009 0.681  026  54.7  025  7.53  002  78.4  003  11.4  028
23-07-2026 22:27:38 -  20.50  012 0.084  005  26.7  013   9.9  029   3.6  006  9.95  007 181.7  024 0.679  097 137.0  098 4.663  099 101.6  [ETX]
23-07-2026 22:28:01 - [STX]D 000807 0139                  19802771    E20260723222304010  9.42  022   6.0G [ETX]
23-07-2026 22:28:02 - [STX]Rh000801 0133                   9131011[ETX]
23-07-2026 22:28:05 - [NAK]
23-07-2026 22:28:07 - [STX]Rh000802 0134                   9299261[ETX]
23-07-2026 22:28:07 - --Send Message To Machine --[STX]S 000802 0134                   9299261    E001025012024[ETX]
23-07-2026 22:28:08 - [ACK]
23-07-2026 22:28:09 - [STX]Rh000803 0135                   9131010[ETX]
23-07-2026 22:28:09 - --Send Message To Machine --[STX]S 000803 0135                   9131010    E001025012024[ETX]
23-07-2026 22:28:10 - [ACK]
23-07-2026 22:28:11 - [STX]Rh000804 0136                   9299251[ETX]
23-07-2026 22:28:11 - --Send Message To Machine --[STX]S 000804 0136                   9299251    E001025012024[ETX]
23-07-2026 22:28:12 - [ACK]
23-07-2026 22:28:14 - [STX]Rh000805 0137                   9145992[ETX]
23-07-2026 22:28:14 - --Send Message To Machine --[STX]S 000805 0137                   9145992    E001025012024[ETX]
23-07-2026 22:28:14 - [ACK]
23-07-2026 22:28:16 - [STX]Rh000806 0138                   9300030[ETX]
23-07-2026 22:28:16 - --Send Message To Machine --[STX]S 000806 0138                   9300030    E001025012024[ETX]
23-07-2026 22:28:17 - [ACK]
23-07-2026 22:28:18 - [STX]Rh000807 0139                  19802771[ETX]
23-07-2026 22:28:21 - [NAK]
23-07-2026 22:29:40 - [STX]D 000101 0140                   9131673    E20260723222443001  4.44  009 0.921  017 44.52  026 190.5  025  7.75  002  67.5  003
23-07-2026 22:29:40 -   63.6  027 251.6  028 23.05  012 0.084  005  38.8  013  34.6  029   5.4  006  9.62  007 179.0  024 0.610  097 138.9  098 5.047 
23-07-2026 22:29:40 -  099 103.7  [ETX]
23-07-2026 22:30:16 - [STX]D     07 P005                   1234567    E20260723222519022   5.9G [ETX]
23-07-2026 22:31:11 - [STX]D 000102 0141                   9299248    E20260723222614001  4.46  009 0.628  017130.32  026 280.2  025  7.73  002  89.7  003
23-07-2026 22:31:11 -   74.2  027 269.6  028 22.01  012 0.073  005  35.7  013  14.7  029   4.3  006  9.63  007 205.0  024 0.540  097 140.2  098 4.295 
23-07-2026 22:31:11 -  099 102.7  [ETX]
23-07-2026 22:32:37 - [STX]D 000103 0142                   9285266    E20260723222740001  4.28  009 0.891  017100.03  026 157.9  025  7.39  002  82.8  003
23-07-2026 22:32:37 -   67.1  027 176.4  028 17.61  012 0.100  005  41.9  013  21.9  029   6.3  006  9.83  007 181.4  024 0.715  097 144.0  098 4.235 
23-07-2026 22:32:37 -  099 106.0  [ETX]
23-07-2026 22:33:31 - [STX]R 000501N0155                   9285293[ETX]
23-07-2026 22:33:31 - --Send Message To Machine --[STX]S 000501 0155                   9285293    E099007009013017097001025026028029027002098003005012024006[ETX]
23-07-2026 22:33:32 - [ACK]
23-07-2026 22:34:03 - [STX]D 000104 0143                   9131679    E20260723222906001  4.12  009 0.786  017 17.21  026 126.8  025  7.75  002  80.1  003
23-07-2026 22:34:03 -   25.8  027 298.8  028 23.21  012 0.095  005  23.7  013  17.3  029   5.3  006  9.08  007 116.9  024 0.732  097 140.7  098 3.973 
23-07-2026 22:34:03 -  099 105.8  [ETX]
23-07-2026 22:35:29 - [STX]D 000105 0144                   9131676    E20260723223032001  4.54  009 0.628  017108.65  026 227.9  025  7.80  002  83.9  003
23-07-2026 22:35:29 -   45.7  027 508.1  028 15.98  012 0.078  005  37.1  013  31.6  029   5.1  006  9.34  007 223.6  024 0.637  097 138.2  098 4.871 
23-07-2026 22:35:29 -  099 102.2  [ETX]
23-07-2026 22:36:55 - [STX]D 000106 0145                   9131014    E20260723223158001  4.56  009 1.072  017 75.04  026 298.0  025  7.90  002  70.0  003
23-07-2026 22:36:55 -   45.4  027 280.1  028 22.14  012 0.057  005  30.2  013  29.9  029   6.3  006  9.98  007 219.4  024 0.427  097 140.9  098 4.131 
23-07-2026 22:36:55 -  099 105.6  [ETX]
23-07-2026 22:38:21 - [STX]D 000107 0146                   9300023    E20260723223324001  4.53  009 0.786  017 12.60  026 218.0  025  7.70  002  81.2  003
23-07-2026 22:38:21 -   26.3  027 343.7  028 34.99  012 0.090  005  28.2  013  12.7  029   4.2  006  9.73  007 159.3  024 0.654  097 141.5  098 4.155 
23-07-2026 22:38:21 -  [ETX]
23-07-2026 22:39:47 - [STX]D 000108 0147                   9131647    E20260723223450001  4.20  009 0.628  017133.21  026 201.1  025  7.34  002  83.5  003
23-07-2026 22:39:47 -   23.4  027 307.1  028 26.06  012 0.073  005  27.3  013  23.8  029   5.5  006 10.24  007 238.7  024 0.366  097 138.3  098 4.601 
23-07-2026 22:39:47 -  099 105.2  [ETX]
23-07-2026 22:39:48 - [STX]Rh000101 0140                   9131673[ETX]
23-07-2026 22:39:49 - --Send Message To Machine --[STX]S 000101 0140                   9131673    E001025012024[ETX]
23-07-2026 22:39:49 - [ACK]
23-07-2026 22:39:51 - [STX]Rh000102 0141                   9299248[ETX]
23-07-2026 22:39:51 - --Send Message To Machine --[STX]S 000102 0141                   9299248    E001025012024[ETX]
23-07-2026 22:39:51 - [ACK]
23-07-2026 22:39:53 - [STX]Rh000103 0142                   9285266[ETX]
23-07-2026 22:39:53 - --Send Message To Machine --[STX]S 000103 0142                   9285266    E001025012024[ETX]
23-07-2026 22:39:54 - [ACK]
23-07-2026 22:39:55 - [STX]Rh000104 0143                   9131679[ETX]
23-07-2026 22:39:55 - --Send Message To Machine --[STX]S 000104 0143                   9131679    E001025012024[ETX]
23-07-2026 22:39:56 - [ACK]
23-07-2026 22:39:57 - [STX]Rh000105 0144                   9131676[ETX]
23-07-2026 22:39:57 - --Send Message To Machine --[STX]S 000105 0144                   9131676    E001025012024[ETX]
23-07-2026 22:39:58 - [ACK]
23-07-2026 22:40:00 - [STX]Rh000106 0145                   9131014[ETX]
23-07-2026 22:40:00 - --Send Message To Machine --[STX]S 000106 0145                   9131014    E001025012024[ETX]
23-07-2026 22:40:00 - [ACK]
23-07-2026 22:40:02 - [STX]Rh000107 0146                   9300023[ETX]
23-07-2026 22:40:02 - --Send Message To Machine --[STX]S 000107 0146                   9300023    E001025012024[ETX]
23-07-2026 22:40:02 - [ACK]
23-07-2026 22:40:04 - [STX]Rh000108 0147                   9131647[ETX]
23-07-2026 22:40:04 - --Send Message To Machine --[STX]S 000108 0147                   9131647    E099001025012024[ETX]
23-07-2026 22:40:05 - [ACK]
23-07-2026 22:41:31 - [STX]D 000903 0148                   9131522    E20260723223634001  3.78  009 1.034  017- 0.81G 026 116.0  025  6.94  002  66.5  003
23-07-2026 22:41:31 -   10.1  027 415.4  028 38.26  012 0.089  005  18.5  013   8.4  029   4.2  006  9.06  007 172.9  024 0.570  097 136.9  098 4.158 
23-07-2026 22:41:31 -  099 105.8  [ETX]
23-07-2026 22:42:57 - [STX]D 000904 0149                   9131685    E20260723223800001  4.15  009 0.823  017112.80  026 176.5  025  7.05  002  90.8  003
23-07-2026 22:42:57 -   63.2  027 254.2  028 30.53  012 0.149  005  42.7  013  39.5  029   5.5  006  9.23  007 161.3  024 0.899  097 139.9  098 4.817 
23-07-2026 22:42:57 -  099 105.4  [ETX]
23-07-2026 22:44:45 - [STX]D 000905 0150                   9131016    E20260723223948001  4.47  009 0.658  017 36.52  026  89.9  025  7.59  010  4.86  002
23-07-2026 22:44:45 -   89.2  003  36.7  027 293.5  028 21.68  012 0.106  005  30.6  013  20.1  029   2.4  022   3.0G 006  9.21  007 150.1  024 0.623 
23-07-2026 22:44:46 -  097 139.0  098 3.600  099 106.0  [ETX]
23-07-2026 22:46:11 - [STX]D 000906 0151                   9285292    E20260723224114001  5.01  009 0.808  017  5.59G 026  35.2  025  8.06  002 213.6  003
23-07-2026 22:46:12 -   10.4  027 351.1  028 16.50  012 0.198  005  18.3  013  17.8  029   3.4  006 10.07  007 137.1  024 0.877  097 142.2  098 3.324 
23-07-2026 22:46:12 -  099 102.2  [ETX]
23-07-2026 22:47:37 - [STX]D 000907 0152                   9131524    E20260723224240001  4.25  009 0.854  017 28.77  026 177.2  025  7.50  002 109.2  003
23-07-2026 22:47:38 -   21.3  027 396.7  028 19.61  012 0.073  005  26.1  013  35.7  029   3.7  006  9.80  007 182.8  024 0.557  097 138.2  098 3.788 
23-07-2026 22:47:38 -  099 101.7  [ETX]
23-07-2026 22:49:03 - [STX]D 000908 0153                   9140966    E20260723224406001  4.43  009 0.989  017138.78  026 145.8  025  7.70  002  68.6  003
23-07-2026 22:49:03 -   53.5  027 298.3  028 16.24  012 0.128  005  44.9  013  23.2  029   6.1  006  9.43  007 156.0  024 0.632  097 139.9  098 3.986 
23-07-2026 22:49:04 -  099 102.9  [ETX]
23-07-2026 22:50:29 - [STX]D 000909 0154                   9131526    E20260723224532001  4.21  009 0.823  017 17.20  026 243.8  025  7.78  002  98.9  003
23-07-2026 22:50:30 -   46.5  027 285.6  028 21.89  012 0.117  005  33.0  013 112.5  029   7.8  006  9.98  007 232.9  024 0.649  097 141.8  098 4.255 
23-07-2026 22:50:30 -  099 104.3  [ETX]
23-07-2026 22:50:31 - [STX]Rh000903 0148                   9131522[ETX]
23-07-2026 22:50:31 - --Send Message To Machine --[STX]S 000903 0148                   9131522    E001025012024[ETX]
23-07-2026 22:50:32 - [ACK]
23-07-2026 22:50:33 - [STX]Rh000904 0149                   9131685[ETX]
23-07-2026 22:50:33 - --Send Message To Machine --[STX]S 000904 0149                   9131685    E001025012024[ETX]
23-07-2026 22:50:34 - [ACK]
23-07-2026 22:50:36 - [STX]Rh000905 0150                   9131016[ETX]
23-07-2026 22:50:36 - --Send Message To Machine --[STX]S 000905 0150                   9131016    E001025012024[ETX]
23-07-2026 22:50:36 - [ACK]
23-07-2026 22:50:38 - [STX]Rh000906 0151                   9285292[ETX]
23-07-2026 22:50:38 - --Send Message To Machine --[STX]S 000906 0151                   9285292    E001025012024[ETX]
23-07-2026 22:50:38 - [ACK]
23-07-2026 22:50:40 - [STX]Rh000907 0152                   9131524[ETX]
23-07-2026 22:50:40 - --Send Message To Machine --[STX]S 000907 0152                   9131524    E001025012024[ETX]
23-07-2026 22:50:41 - [ACK]
23-07-2026 22:50:42 - [STX]Rh000908 0153                   9140966[ETX]
23-07-2026 22:50:42 - --Send Message To Machine --[STX]S 000908 0153                   9140966    E001025012024[ETX]
23-07-2026 22:50:43 - [ACK]
23-07-2026 22:50:44 - [STX]Rh000909 0154                   9131526[ETX]
23-07-2026 22:50:45 - --Send Message To Machine --[STX]S 000909 0154                   9131526    E099097001025027098012024[ETX]
23-07-2026 22:50:45 - [ACK]
23-07-2026 22:52:00 - [STX]D 000501 0155                   9285293    E20260723224703001  4.32  009 1.109  017173.29  026  81.0  025  7.71  002  56.3  003
23-07-2026 22:52:00 -   42.7  027 344.4  028 26.55  012 0.285  005  38.0  013   0.0G 029   2.7  006  9.57  007 165.9  024 0.531  097 139.1  098 4.927 
23-07-2026 22:52:00 -  099 101.6  [ETX]
23-07-2026 22:52:02 - [STX]Rh000501 0155                   9285293[ETX]
23-07-2026 22:52:02 - --Send Message To Machine --[STX]S 000501 0155                   9285293    E099007009013097001025026028029027098003005012024006[ETX]
23-07-2026 22:52:02 - [ACK]
23-07-2026 23:05:32 - [STX]RE[ETX]
23-07-2026 23:05:33 - [STX]DE[ETX]
