25-07-2026 00:05:59 - [STX]RB[ETX]
25-07-2026 00:06:00 - [STX]DB[ETX]
25-07-2026 00:06:07 - [STX]R 000901N0164                   9145117[ETX]
25-07-2026 00:06:08 - --Send Message To Machine --[STX]S 000901 0164                   9145117    E099007009013097001025026028029002098003005012024006[ETX]
25-07-2026 00:06:08 - [ACK]
25-07-2026 00:06:12 - [STX]R 000902N0165                   9143905[ETX]
25-07-2026 00:06:12 - --Send Message To Machine --[STX]S 000902 0165                   9143905    E099007009013097001025026028029002098003005012024006[ETX]
25-07-2026 00:06:13 - [ACK]
25-07-2026 00:06:16 - [STX]R 000903N0166                   9152284[ETX]
25-07-2026 00:06:17 - --Send Message To Machine --[STX]S 000903 0166                   9152284    E099009097028029098006[ETX]
25-07-2026 00:06:17 - [ACK]
25-07-2026 00:06:21 - [STX]R 000904N0167                   9152987[ETX]
25-07-2026 00:06:21 - --Send Message To Machine --[STX]S 000904 0167                   9152987    E099007009013097001025026028029002098003005012024006[ETX]
25-07-2026 00:06:22 - [ACK]
25-07-2026 00:06:25 - [STX]R 000905N0168                   9153002[ETX]
25-07-2026 00:06:26 - --Send Message To Machine --[STX]S 000905 0168                   9153002    E099007009013097001025026028029002098003005012024006[ETX]
25-07-2026 00:06:26 - [ACK]
25-07-2026 00:06:30 - [STX]R 000906N0169                   9145115[ETX]
25-07-2026 00:06:30 - --Send Message To Machine --[STX]S 000906 0169                   9145115    E099007009013097001025026028029002098003005012024006[ETX]
25-07-2026 00:06:31 - [ACK]
25-07-2026 00:06:34 - [STX]R 000907N0170                   9143910[ETX]
25-07-2026 00:06:35 - --Send Message To Machine --[STX]S 000907 0170                   9143910    E099007009013097001025026028029002098003005012024006[ETX]
25-07-2026 00:06:35 - [ACK]
25-07-2026 00:06:39 - [STX]R 000908N0171                   9145104[ETX]
25-07-2026 00:06:39 - --Send Message To Machine --[STX]S 000908 0171                   9145104    E099007009013097001025026028029002098003005012024006[ETX]
25-07-2026 00:06:40 - [ACK]
25-07-2026 00:06:43 - [STX]R 000909N0172                   9143921[ETX]
25-07-2026 00:06:44 - --Send Message To Machine --[STX]S 000909 0172                   9143921    E099007009013097001025026028029002098003005012024006[ETX]
25-07-2026 00:06:44 - [ACK]
25-07-2026 00:06:48 - [STX]R 000910N0173                   9151746[ETX]
25-07-2026 00:06:48 - --Send Message To Machine --[STX]S 000910 0173                   9151746    E099007009013097001025026028029002098003005012024006[ETX]
25-07-2026 00:06:49 - [ACK]
25-07-2026 00:06:52 - [STX]R 001001N0174                   9143918[ETX]
25-07-2026 00:06:53 - --Send Message To Machine --[STX]S 001001 0174                   9143918    E099007009013097001025026028029002098003005012024006[ETX]
25-07-2026 00:06:53 - [ACK]
25-07-2026 00:06:57 - [STX]R 001002N0175                   9151764[ETX]
25-07-2026 00:06:57 - --Send Message To Machine --[STX]S 001002 0175                   9151764    E099007009013097001025026028029002098003005012024006[ETX]
25-07-2026 00:06:58 - [ACK]
25-07-2026 00:07:02 - [STX]R 001003N0176                   9152288[ETX]
25-07-2026 00:07:02 - --Send Message To Machine --[STX]S 001003 0176                   9152288    E099007009013097001025026028029002098003005012024006[ETX]
25-07-2026 00:07:02 - [ACK]
25-07-2026 00:07:06 - [STX]R 001004N0177                   9151771[ETX]
25-07-2026 00:07:06 - --Send Message To Machine --[STX]S 001004 0177                   9151771    E099007009013097001025026028029002098003005012024006[ETX]
25-07-2026 00:07:07 - [ACK]
25-07-2026 00:07:11 - [STX]R 001005N0178                   9143903[ETX]
25-07-2026 00:07:11 - --Send Message To Machine --[STX]S 001005 0178                   9143903    E014[ETX]
25-07-2026 00:07:11 - [ACK]
25-07-2026 00:09:44 - [STX]R 001006N0179                   9143919[ETX]
25-07-2026 00:09:45 - --Send Message To Machine --[STX]S 001006 0179                   9143919    E014[ETX]
25-07-2026 00:09:45 - [ACK]
25-07-2026 00:11:01 - [STX]R 001007N0180                   9143906[ETX]
25-07-2026 00:11:02 - --Send Message To Machine --[STX]S 001007 0180                   9143906    E014[ETX]
25-07-2026 00:11:02 - [ACK]
25-07-2026 00:12:18 - [STX]R 001008N0181                   9143922[ETX]
25-07-2026 00:12:19 - --Send Message To Machine --[STX]S 001008 0181                   9143922    E014[ETX]
25-07-2026 00:12:19 - [ACK]
25-07-2026 00:17:13 - [STX]R 000101N0182                   9145106[ETX]
25-07-2026 00:17:13 - --Send Message To Machine --[STX]S 000101 0182                   9145106    E099007009013017097001025026028029027002098003005012024006[ETX]
25-07-2026 00:17:13 - [ACK]
25-07-2026 00:17:17 - [STX]R 000102N0183                   9145109[ETX]
25-07-2026 00:17:17 - --Send Message To Machine --[STX]S 000102 0183                   9145109    E099007010009013017097001025026028029022027002098003005012024006[ETX]
25-07-2026 00:17:18 - [ACK]
25-07-2026 00:17:49 - [STX]R 000103N0184                   9151765[ETX]
25-07-2026 00:17:49 - --Send Message To Machine --[STX]S 000103 0184                   9151765    E099007009013017097001025026028029027002098003005012024006[ETX]
25-07-2026 00:17:50 - [ACK]
25-07-2026 00:19:06 - [STX]R 000104N0185                   9152995[ETX]
25-07-2026 00:19:06 - --Send Message To Machine --[STX]S 000104 0185                   9152995    E099007009013017097001025026028029027002098003005012024006[ETX]
25-07-2026 00:19:07 - [ACK]
25-07-2026 00:19:33 - [STX]D 000901 0164                   9145117    E20260725001436001  4.53  009 0.876  026 133.9  025  7.49  002  38.5  003  55.3  028
25-07-2026 00:19:33 -  26.08  012 0.149  005  41.0  013  22.0  029   5.6  006  5.00  007 175.3  024 1.008  097 140.8  098 6.980  099 101.4  [ETX]
25-07-2026 00:20:23 - [STX]R 000105N0186                   9143902[ETX]
25-07-2026 00:20:23 - --Send Message To Machine --[STX]S 000105 0186                   9143902    E099007010009013017097001025026028029022027002098003005012024006[ETX]
25-07-2026 00:20:23 - [ACK]
25-07-2026 00:20:50 - [STX]D 000902 0165                   9143905    E20260725001553001  3.93  009 0.696  026 121.2  025  7.62  002 105.4  003  14.4  028
25-07-2026 00:20:50 -  25.39  012 0.232  005  26.6  013  17.1  029   3.7  006  9.37  007 121.0  024 1.537  097 140.3  098 4.061  099 101.6  [ETX]
25-07-2026 00:21:13 - [STX]D 000903 0166                   9152284    E20260725001615009 1.395  028 35.71  029   5.6  006  9.49  097 136.5  098 4.414  099
25-07-2026 00:21:13 -  101.1  [ETX]
25-07-2026 00:21:40 - [STX]R 000106N0187                   8857030[ETX]
25-07-2026 00:21:40 - --Send Message To Machine --[STX]S 000106 0187                   8857030    E099007009013017097001025026028029027002098003005012024006[ETX]
25-07-2026 00:21:40 - [ACK]
25-07-2026 00:22:30 - [STX]D 000904 0167                   9152987    E20260725001732001  4.19  009 0.763  026 132.5  025  7.17  002  76.8  003  23.3  028
25-07-2026 00:22:30 -  19.99  012 0.106  005  23.3  013  17.9  029   4.4  006  9.30  007 178.5  024 0.597  097 141.3  098 3.778  099 102.3  [ETX]
25-07-2026 00:22:57 - [STX]R 000107N0188                   9145121[ETX]
25-07-2026 00:22:57 - --Send Message To Machine --[STX]S 000107 0188                   9145121    E099007009013097001025026028029002098003005012024006[ETX]
25-07-2026 00:22:57 - [ACK]
25-07-2026 00:23:47 - [STX]D 000905 0168                   9153002    E20260725001849001  3.96  009 0.643  026 132.9  025  7.80  002  87.2  003  19.2  028
25-07-2026 00:23:47 -  15.03  012 0.149  005  27.8  013  21.2  029   3.0  006  9.61  007 118.1  024 0.798  097 140.0  098 4.659  099 102.9  [ETX]
25-07-2026 00:24:13 - [STX]R 000108N0189                   9152287[ETX]
25-07-2026 00:24:14 - --Send Message To Machine --[STX]S 000108 0189                   9152287    E014[ETX]
25-07-2026 00:24:14 - [ACK]
25-07-2026 00:25:03 - [STX]D 000906 0169                   9145115    E20260725002006001  4.67  009 0.899  026 263.9  025  8.27  002  62.9  003  56.7  028
25-07-2026 00:25:04 -  17.48  012 0.133  005  31.0  013  35.3  029   3.3  006 10.55  007 210.3  024 0.973  097 140.1  098 4.318  099 102.6  [ETX]
25-07-2026 00:25:30 - [STX]R 000109N0190                   9152994[ETX]
25-07-2026 00:25:31 - --Send Message To Machine --[STX]S 000109 0190                   9152994    E014[ETX]
25-07-2026 00:25:31 - [ACK]
25-07-2026 00:26:20 - [STX]D 000907 0170                   9143910    E20260725002123001  4.50  009 0.703  026 177.6  025  7.82  002  97.9  003  13.7  028
25-07-2026 00:26:21 -  28.27  012 0.068  005  22.2  013  33.5  029   3.2  006 10.38  007 231.9  024 0.624  097 141.5  098 4.712  099 101.3  [ETX]
25-07-2026 00:26:47 - [STX]R 000110N0191                   9151767[ETX]
25-07-2026 00:26:48 - --Send Message To Machine --[STX]S 000110 0191                   9151767    E014[ETX]
25-07-2026 00:26:48 - [ACK]
25-07-2026 00:26:52 - [STX]R 000201N0192                   9145108[ETX]
25-07-2026 00:26:52 - --Send Message To Machine --[STX]S 000201 0192                   9145108    E014[ETX]
25-07-2026 00:26:53 - [ACK]
25-07-2026 00:26:56 - [STX]R 000202N0193                   9151761[ETX]
25-07-2026 00:26:57 - --Send Message To Machine --[STX]S 000202 0193                   9151761    E014[ETX]
25-07-2026 00:26:57 - [ACK]
25-07-2026 00:27:01 - [STX]R 000203N0194                   9152990[ETX]
25-07-2026 00:27:01 - --Send Message To Machine --[STX]S 000203 0194                   9152990    E014[ETX]
25-07-2026 00:27:02 - [ACK]
25-07-2026 00:27:05 - [STX]R 000204N0195                   9151769[ETX]
25-07-2026 00:27:06 - --Send Message To Machine --[STX]S 000204 0195                   9151769    E014[ETX]
25-07-2026 00:27:06 - [ACK]
25-07-2026 00:27:10 - [STX]R 000205N0196                   8857032[ETX]
25-07-2026 00:27:10 - --Send Message To Machine --[STX]S 000205 0196                   8857032    E014[ETX]
25-07-2026 00:27:11 - [ACK]
25-07-2026 00:27:15 - [STX]R 000206N0197                   8857029[ETX]
25-07-2026 00:27:15 - --Send Message To Machine --[STX]S 000206 0197                   8857029    E014[ETX]
25-07-2026 00:27:15 - [ACK]
25-07-2026 00:27:37 - [STX]D 000908 0171                   9145104    E20260725002240001  4.29  009 0.869  026  97.7  025  8.46  002  90.9  003  22.0  028
25-07-2026 00:27:38 -  40.95  012 0.100  005  29.9  013  41.2  029   4.9  006  9.43  007 184.5  024 0.571  097 138.6  098 4.243  099 102.9  [ETX]
25-07-2026 00:28:54 - [STX]R 000207N0198                   9152986[ETX]
25-07-2026 00:28:54 - --Send Message To Machine --[STX]S 000207 0198                   9152986    E014[ETX]
25-07-2026 00:28:55 - [ACK]
25-07-2026 00:28:56 - [STX]D 000909 0172                   9143921    E20260725002357001  4.80  009 0.793  026 129.4  025  7.69  002  99.5  003  44.4  028
25-07-2026 00:28:57 -  24.52  012 0.116  005  44.8  013  62.4  029   6.3  006  9.70  007 178.9  024 0.720  097 139.5  098 4.022  099 104.2  [ETX]
25-07-2026 00:30:11 - [STX]D 000910 0173                   9151746    E20260725002514001  4.50  009 0.921  026 283.4  025  7.94  002  80.0  003  28.4  028
25-07-2026 00:30:11 -  53.39  012 0.068  005  28.2  013  19.5  029   4.3  006  9.65  007 196.1  024 0.589  097 140.2  098 4.364  099 105.6  [ETX]
25-07-2026 00:30:13 - [STX]Rh000901 0164                   9145117[ETX]
25-07-2026 00:30:13 - --Send Message To Machine --[STX]S 000901 0164                   9145117    E001025012024[ETX]
25-07-2026 00:30:14 - [ACK]
25-07-2026 00:30:15 - [STX]Rh000902 0165                   9143905[ETX]
25-07-2026 00:30:16 - --Send Message To Machine --[STX]S 000902 0165                   9143905    E001025012024[ETX]
25-07-2026 00:30:16 - [ACK]
25-07-2026 00:30:18 - [STX]Rh000903 0166                   9152284[ETX]
25-07-2026 00:30:21 - [NAK]
25-07-2026 00:30:22 - [STX]Rh000904 0167                   9152987[ETX]
25-07-2026 00:30:23 - --Send Message To Machine --[STX]S 000904 0167                   9152987    E001025012024[ETX]
25-07-2026 00:30:23 - [ACK]
25-07-2026 00:30:25 - [STX]Rh000905 0168                   9153002[ETX]
25-07-2026 00:30:25 - --Send Message To Machine --[STX]S 000905 0168                   9153002    E001025012024[ETX]
25-07-2026 00:30:25 - [ACK]
25-07-2026 00:30:27 - [STX]Rh000906 0169                   9145115[ETX]
25-07-2026 00:30:27 - --Send Message To Machine --[STX]S 000906 0169                   9145115    E001025012024[ETX]
25-07-2026 00:30:28 - [ACK]
25-07-2026 00:30:29 - [STX]Rh000907 0170                   9143910[ETX]
25-07-2026 00:30:29 - --Send Message To Machine --[STX]S 000907 0170                   9143910    E001025012024[ETX]
25-07-2026 00:30:30 - [ACK]
25-07-2026 00:30:32 - [STX]R 000208N0199                   9152278[ETX]
25-07-2026 00:30:32 - --Send Message To Machine --[STX]S 000208 0199                   9152278    E014[ETX]
25-07-2026 00:30:32 - [ACK]
25-07-2026 00:30:34 - [STX]Rh000908 0171                   9145104[ETX]
25-07-2026 00:30:34 - --Send Message To Machine --[STX]S 000908 0171                   9145104    E001025012024[ETX]
25-07-2026 00:30:35 - [ACK]
25-07-2026 00:30:36 - [STX]Rh000909 0172                   9143921[ETX]
25-07-2026 00:30:36 - --Send Message To Machine --[STX]S 000909 0172                   9143921    E001025012024[ETX]
25-07-2026 00:30:37 - [ACK]
25-07-2026 00:30:39 - [STX]Rh000910 0173                   9151746[ETX]
25-07-2026 00:30:39 - --Send Message To Machine --[STX]S 000910 0173                   9151746    E001025012024[ETX]
25-07-2026 00:30:39 - [ACK]
25-07-2026 00:31:28 - [STX]D 001001 0174                   9143918    E20260725002631001  4.41  009 0.748  026 228.6  025  8.09  002 123.3  003  37.8  028
25-07-2026 00:31:28 -  22.98  012 0.087  005  39.9  013  53.4  029   3.6  006  9.26  007 195.7  024 0.562  097 142.4  098 5.231  099  95.9  [ETX]
25-07-2026 00:31:55 - [STX]R 000209N0200                   9152998[ETX]
25-07-2026 00:31:55 - --Send Message To Machine --[STX]S 000209 0200                   9152998    E014[ETX]
25-07-2026 00:31:56 - [ACK]
25-07-2026 00:32:45 - [STX]D 001002 0175                   9151764    E20260725002748001  5.00  009 1.042  026 223.7  025  8.15  002  64.2  003  25.0  028
25-07-2026 00:32:45 -  37.70  012 0.106  005  27.8  013  15.0  029   7.2  006  9.69  007 183.0  024 0.715  097 140.0  098 4.465  099 105.0  [ETX]
25-07-2026 00:33:35 - [STX]R 000210N0201                   9151745[ETX]
25-07-2026 00:33:35 - --Send Message To Machine --[STX]S 000210 0201                   9151745    E014[ETX]
25-07-2026 00:33:35 - [ACK]
25-07-2026 00:34:02 - [STX]D 001003 0176                   9152288    E20260725002905001  4.21  009 0.786  026 126.9  025  7.79  002  91.6  003  48.4  028
25-07-2026 00:34:02 -  19.42  012 0.155  005  66.8  013  18.5  029   6.2  006  9.50  007 120.7  024 0.924  097 140.3  098 3.868  099 105.5  [ETX]
25-07-2026 00:35:19 - [STX]D 001004 0177                   9151771    E20260725003022001  4.55  009 1.087  026 106.5  025  7.54  002  58.2  003  96.4  028
25-07-2026 00:35:19 -  27.90  012 0.160  005  37.7  013  33.7  029   4.7  006 10.08  007 149.8  024 1.025  097 136.9  098 4.884  099 102.6  [ETX]
25-07-2026 00:35:24 - [STX]D 001005 0178                   9143903    E20260725003026014  90.0  [ETX]
25-07-2026 00:35:28 - [STX]R 000301N0202                   9152275[ETX]
25-07-2026 00:35:28 - --Send Message To Machine --[STX]S 000301 0202                   9152275    E099007009013017097001025026028029027002098003005012024006[ETX]
25-07-2026 00:35:29 - [ACK]
25-07-2026 00:35:30 - [STX]D 001006 0179                   9143919    E20260725003031014  19.8  [ETX]
25-07-2026 00:35:32 - [STX]D 001007 0180                   9143906    E20260725003035014  90.6  [ETX]
25-07-2026 00:35:37 - [STX]D 001008 0181                   9143922    E20260725003040014 125.7  [ETX]
25-07-2026 00:35:39 - [STX]Rh001001 0174                   9143918[ETX]
25-07-2026 00:35:39 - --Send Message To Machine --[STX]S 001001 0174                   9143918    E001025012024[ETX]
25-07-2026 00:35:39 - [ACK]
25-07-2026 00:35:41 - [STX]Rh001002 0175                   9151764[ETX]
25-07-2026 00:35:41 - --Send Message To Machine --[STX]S 001002 0175                   9151764    E001025012024[ETX]
25-07-2026 00:35:42 - [ACK]
25-07-2026 00:35:43 - [STX]Rh001003 0176                   9152288[ETX]
25-07-2026 00:35:43 - --Send Message To Machine --[STX]S 001003 0176                   9152288    E001025012024[ETX]
25-07-2026 00:35:44 - [ACK]
25-07-2026 00:35:46 - [STX]Rh001004 0177                   9151771[ETX]
25-07-2026 00:35:46 - --Send Message To Machine --[STX]S 001004 0177                   9151771    E001025012024[ETX]
25-07-2026 00:35:46 - [ACK]
25-07-2026 00:35:48 - [STX]Rh001005 0178                   9143903[ETX]
25-07-2026 00:35:51 - [NAK]
25-07-2026 00:35:53 - [STX]Rh001006 0179                   9143919[ETX]
25-07-2026 00:35:56 - [NAK]
25-07-2026 00:35:57 - [STX]Rh001007 0180                   9143906[ETX]
25-07-2026 00:36:00 - [NAK]
25-07-2026 00:36:02 - [STX]Rh001008 0181                   9143922[ETX]
25-07-2026 00:36:05 - [NAK]
25-07-2026 00:36:54 - [STX]R 000302N0203                   8857033[ETX]
25-07-2026 00:36:54 - --Send Message To Machine --[STX]S 000302 0203                   8857033    E099007010009013017097001025026028029022027002098003005012024006[ETX]
25-07-2026 00:36:55 - [ACK]
25-07-2026 00:37:12 - [STX]D 000101 0182                   9145106    E20260725003215001  4.27  009 0.771  017110.20  026 125.4  025  7.48  002  75.1  003
25-07-2026 00:37:12 -   29.6  027 417.1  028 19.00  012 0.067  005  33.1  013  42.9  029   3.3  006  9.63  007 204.7  024 0.436  097 138.9  098 4.895 
25-07-2026 00:37:12 -  099 101.5  [ETX]
25-07-2026 00:38:11 - [STX]R 000303N0204                   9151774[ETX]
25-07-2026 00:38:11 - --Send Message To Machine --[STX]S 000303 0204                   9151774    E099007009013017097001025026028029027002098003005012024006[ETX]
25-07-2026 00:38:12 - [ACK]
25-07-2026 00:38:15 - [STX]R 000304N0205                   9152999[ETX]
25-07-2026 00:38:16 - --Send Message To Machine --[STX]S 000304 0205                   9152999    E099007009013017097001025026028029027002098003005012024006[ETX]
25-07-2026 00:38:16 - [ACK]
25-07-2026 00:38:20 - [STX]R 000305N0206                   9152273[ETX]
25-07-2026 00:38:20 - --Send Message To Machine --[STX]S 000305 0206                   9152273    E022[ETX]
25-07-2026 00:38:21 - [ACK]
25-07-2026 00:38:24 - [STX]R 000306N0207                   9152279[ETX]
25-07-2026 00:38:25 - --Send Message To Machine --[STX]S 000306 0207                   9152279    E099007010009013017097001025026028029022027002098003005012024006[ETX]
25-07-2026 00:38:25 - [ACK]
25-07-2026 00:38:29 - [STX]R 000307N0208                   9152274[ETX]
25-07-2026 00:38:29 - --Send Message To Machine --[STX]S 000307 0208                   9152274    E014[ETX]
25-07-2026 00:38:30 - [ACK]
25-07-2026 00:38:33 - [STX]R 000308N0209                   9145120[ETX]
25-07-2026 00:38:34 - --Send Message To Machine --[STX]S 000308 0209                   9145120    E014[ETX]
25-07-2026 00:38:34 - [ACK]
25-07-2026 00:38:38 - [STX]R 000309N0210                   9152991[ETX]
25-07-2026 00:38:38 - --Send Message To Machine --[STX]S 000309 0210                   9152991    E099007010009013017097001025026028029022027002098003005012024006[ETX]
25-07-2026 00:38:39 - [ACK]
25-07-2026 00:39:01 - [STX]D 000102 0183                   9145109    E20260725003403001  4.60  009 0.944  017 32.01  026 152.7  025  7.81  010  0.50  002
25-07-2026 00:39:01 -   87.1  003  34.7  027 303.0  028 26.61  012 0.089  005  28.5  013  11.2  029   4.0  022- 24.0Gp006  9.66  007 190.3  024 0.466 
25-07-2026 00:39:01 -  097 138.3  098 4.361  099 101.3  [ETX]
25-07-2026 00:40:27 - [STX]D 000103 0184                   9151765    E20260725003529001  4.20  009 0.523  017134.79  026  93.9  025  7.55  002  80.7  003
25-07-2026 00:40:27 -   23.3  027 284.8  028 22.95  012 0.089  005  24.4  013  38.3  029   3.4  006  9.73  007 290.6  024 0.676  097 139.2  098 4.089 
25-07-2026 00:40:27 -  099 102.1  [ETX]
25-07-2026 00:41:53 - [STX]D 000104 0185                   9152995    E20260725003655001  4.22  009 0.778  017-27.87G 026  88.0  025  7.65  002  52.0  003
25-07-2026 00:41:53 -   40.6  027 396.5  028 28.25  012 0.084  005  30.4  013  38.1  029   3.7  006  9.32  007 156.6  024 0.523  097 141.0  098 5.836 
25-07-2026 00:41:53 -  099 102.8  [ETX]
25-07-2026 00:43:41 - [STX]DH    05 P014                   9140748P014E20260725003844017- 8.19G [ETX]
25-07-2026 00:43:59 - [STX]D 000105 0186                   9143902    E20260725003902001  4.38  009 0.763  017-29.67G 026  61.6  025  7.95  010  1.40  002
25-07-2026 00:44:00 -   69.4  003  13.9  027 375.5  028 31.48  012 0.089  005  27.5  013   7.5  029   2.8  022   0.9G 006  9.39  007 144.2  024 0.509 
25-07-2026 00:44:00 -  097 137.9  098 4.245  099 103.4  [ETX]
25-07-2026 00:45:25 - [STX]D 000106 0187                   8857030    E20260725004028001  3.96  009 0.605  017-15.43G 026  77.1  025  7.39  002  57.6  003
25-07-2026 00:45:26 -   24.7  027 328.5  028 10.87  012 0.068  005  18.9  013  13.5  029   4.5  006  9.14  007 178.8  024 0.544  097 139.0  098 4.181 
25-07-2026 00:45:26 -  099 109.9  [ETX]
25-07-2026 00:46:42 - [STX]D 000107 0188                   9145121    E20260725004145001  4.47  009 0.786  026 155.6  025  7.71  002  61.4  003  13.9  028
25-07-2026 00:46:43 -  21.91  012 0.057  005  18.8  013   9.2  029   3.9  006  9.54  007 178.5  024 0.374  097 141.8  098 3.691  099 102.1  [ETX]
25-07-2026 00:46:47 - [STX]D 000108 0189                   9152287    E20260725004149014  89.5  [ETX]
25-07-2026 00:46:51 - [STX]D 000109 0190                   9152994    E20260725004154014  56.6  [ETX]
25-07-2026 00:46:56 - [STX]D 000110 0191                   9151767    E20260725004159014  84.6  [ETX]
25-07-2026 00:46:57 - [STX]Rh000101 0182                   9145106[ETX]
25-07-2026 00:46:58 - --Send Message To Machine --[STX]S 000101 0182                   9145106    E001025012024[ETX]
25-07-2026 00:46:58 - [ACK]
25-07-2026 00:47:00 - [STX]Rh000102 0183                   9145109[ETX]
25-07-2026 00:47:00 - --Send Message To Machine --[STX]S 000102 0183                   9145109    E001025012024[ETX]
25-07-2026 00:47:01 - [ACK]
25-07-2026 00:47:02 - [STX]D 000201 0192                   9145108    E20260725004203014 102.9  [ETX]
25-07-2026 00:47:04 - [STX]Rh000103 0184                   9151765[ETX]
25-07-2026 00:47:04 - --Send Message To Machine --[STX]S 000103 0184                   9151765    E001025012024[ETX]
25-07-2026 00:47:05 - [ACK]
25-07-2026 00:47:06 - [STX]D 000202 0193                   9151761    E20260725004208014  74.0  [ETX]
25-07-2026 00:47:08 - [STX]Rh000104 0185                   9152995[ETX]
25-07-2026 00:47:08 - --Send Message To Machine --[STX]S 000104 0185                   9152995    E001025012024[ETX]
25-07-2026 00:47:08 - [ACK]
25-07-2026 00:47:10 - [STX]Rh000105 0186                   9143902[ETX]
25-07-2026 00:47:10 - --Send Message To Machine --[STX]S 000105 0186                   9143902    E001025012024[ETX]
25-07-2026 00:47:11 - [ACK]
25-07-2026 00:47:12 - [STX]D 000203 0194                   9152990    E20260725004212014  95.2  [ETX]
25-07-2026 00:47:14 - [STX]Rh000106 0187                   8857030[ETX]
25-07-2026 00:47:14 - --Send Message To Machine --[STX]S 000106 0187                   8857030    E001025012024[ETX]
25-07-2026 00:47:15 - [ACK]
25-07-2026 00:47:16 - [STX]D 000204 0195                   9151769    E20260725004217014  92.7  [ETX]
25-07-2026 00:47:18 - [STX]Rh000107 0188                   9145121[ETX]
25-07-2026 00:47:18 - --Send Message To Machine --[STX]S 000107 0188                   9145121    E001025012024[ETX]
25-07-2026 00:47:19 - [ACK]
25-07-2026 00:47:20 - [STX]D 000205 0196                   8857032    E20260725004221014 209.3  [ETX]
25-07-2026 00:47:22 - [STX]Rh000108 0189                   9152287[ETX]
25-07-2026 00:47:25 - [NAK]
25-07-2026 00:47:26 - [STX]D 000206 0197                   8857029    E20260725004226014  84.6  [ETX]
25-07-2026 00:47:28 - [STX]Rh000109 0190                   9152994[ETX]
25-07-2026 00:47:31 - [NAK]
25-07-2026 00:47:33 - [STX]D 000207 0198                   9152986    E20260725004230014  68.3  [ETX]
25-07-2026 00:47:34 - [STX]Rh000110 0191                   9151767[ETX]
25-07-2026 00:47:37 - [NAK]
25-07-2026 00:47:39 - [STX]D 000208 0199                   9152278    E20260725004235014  78.8  [ETX]
25-07-2026 00:47:40 - [STX]D 000209 0200                   9152998    E20260725004239014  98.7  [ETX]
25-07-2026 00:47:42 - [STX]D 000210 0201                   9151745    E20260725004244014 124.2  [ETX]
25-07-2026 00:47:44 - [STX]Rh000201 0192                   9145108[ETX]
25-07-2026 00:47:47 - [NAK]
25-07-2026 00:47:48 - [STX]Rh000202 0193                   9151761[ETX]
25-07-2026 00:47:51 - [NAK]
25-07-2026 00:47:53 - [STX]Rh000203 0194                   9152990[ETX]
25-07-2026 00:47:56 - [NAK]
25-07-2026 00:47:58 - [STX]Rh000204 0195                   9151769[ETX]
25-07-2026 00:48:01 - [NAK]
25-07-2026 00:48:02 - [STX]Rh000205 0196                   8857032[ETX]
25-07-2026 00:48:05 - [NAK]
25-07-2026 00:48:07 - [STX]Rh000206 0197                   8857029[ETX]
25-07-2026 00:48:10 - [NAK]
25-07-2026 00:48:11 - [STX]Rh000207 0198                   9152986[ETX]
25-07-2026 00:48:14 - [NAK]
25-07-2026 00:48:16 - [STX]Rh000208 0199                   9152278[ETX]
25-07-2026 00:48:19 - [NAK]
25-07-2026 00:48:21 - [STX]Rh000209 0200                   9152998[ETX]
25-07-2026 00:48:24 - [NAK]
25-07-2026 00:48:25 - [STX]Rh000210 0201                   9151745[ETX]
25-07-2026 00:48:28 - [NAK]
25-07-2026 00:49:07 - [STX]D 000301 0202                   9152275    E20260725004410001  3.90  009 0.793  017-28.23G 026 195.7  025  6.51  002  75.2  003
25-07-2026 00:49:07 -   11.8  027 342.2  028 25.08  012 0.149  005  24.6  013   8.9  029   5.5  006  9.43  007 235.0  024 0.728  097 143.7  098 4.983 
25-07-2026 00:49:07 -  099 103.2  [ETX]
25-07-2026 00:50:56 - [STX]D 000302 0203                   8857033    E20260725004558001  4.22  009 0.914  017 30.12  026 280.6  025  7.22  010  1.63  002
25-07-2026 00:50:56 -   76.6  003  31.7  027 314.8  028 19.13  012 0.193  005  26.6  013 163.4  029   4.9  022   5.3G 006  9.17  007 265.8  024 1.489 
25-07-2026 00:50:56 -  097 136.1  098 4.592  099 100.3  [ETX]
25-07-2026 00:52:22 - [STX]D 000303 0204                   9151774    E20260725004724001  4.15  009 1.132  017172.30  026 136.4  025  7.29  002 100.2  003
25-07-2026 00:52:22 -   16.9  027 317.6  028 36.84  012 0.171  005  17.7  013  53.4  029   6.4  006  9.59  007 190.6  024 1.003  097 141.0  098 4.537 
25-07-2026 00:52:22 -  099 106.8  [ETX]
25-07-2026 00:53:48 - [STX]D 000304 0205                   9152999    E20260725004850001  4.42  009      %?017      %?026      %?025      %?002  84.6  003
25-07-2026 00:53:48 -   92.9  027      %?028      %?012      %?005  70.7  013      %?029      %?006  9.94  007 262.9  024      %?097 143.6  098 4.956 
25-07-2026 00:53:48 -  099  99.8  [ETX]
25-07-2026 00:53:52 - [STX]D 000305 0206                   9152273    E20260725004855022  67.4  [ETX]
25-07-2026 00:55:09 - [STX]D     09 P020                   9285140    E20260725005012001  4.68  012 0.095  006 10.36  024 0.571  097 135.7  098 4.100  099
25-07-2026 00:55:09 -  104.8  [ETX]
25-07-2026 00:55:41 - [STX]D 000306 0207                   9152279    E20260725005044001  4.54  009 0.778  017 43.07  026  49.4  025  8.21  010  1.57  002
25-07-2026 00:55:41 -   98.2  003  22.4  027 327.2  028 28.50  012 0.111  005  24.4  013  12.6  029   3.2  022  12.2  006  9.78  007 201.2  024 0.684 
25-07-2026 00:55:41 -  097 142.8  098 4.755  099 101.7  [ETX]
25-07-2026 00:55:45 - [STX]D 000307 0208                   9152274    E20260725005048014  84.9  [ETX]
25-07-2026 00:55:50 - [STX]D 000308 0209                   9145120    E20260725005053014  80.4  [ETX]
25-07-2026 00:57:39 - [STX]D 000309 0210                   9152991    E20260725005241001  3.86  009 0.801  017106.50  026  75.5  025  8.10  010 13.92  002
25-07-2026 00:57:39 -   73.5  003  11.4  027 260.0  028 31.53  012 0.084  005  21.9  013  11.2  029   3.5  022  25.3  006  9.54  007 155.6  024 0.531 
25-07-2026 00:57:39 -  097 141.1  098 4.741  099 100.2  [ETX]
25-07-2026 00:57:40 - [STX]Rh000301 0202                   9152275[ETX]
25-07-2026 00:57:41 - --Send Message To Machine --[STX]S 000301 0202                   9152275    E001025012024[ETX]
25-07-2026 00:57:41 - [ACK]
25-07-2026 00:57:43 - [STX]Rh000302 0203                   8857033[ETX]
25-07-2026 00:57:43 - --Send Message To Machine --[STX]S 000302 0203                   8857033    E001025012024[ETX]
25-07-2026 00:57:44 - [ACK]
25-07-2026 00:57:45 - [STX]Rh000303 0204                   9151774[ETX]
25-07-2026 00:57:45 - --Send Message To Machine --[STX]S 000303 0204                   9151774    E001025012024[ETX]
25-07-2026 00:57:46 - [ACK]
25-07-2026 00:57:47 - [STX]Rh000305 0206                   9152273[ETX]
25-07-2026 00:57:50 - [NAK]
25-07-2026 00:57:52 - [STX]Rh000306 0207                   9152279[ETX]
25-07-2026 00:57:52 - --Send Message To Machine --[STX]S 000306 0207                   9152279    E001025012024[ETX]
25-07-2026 00:57:53 - [ACK]
25-07-2026 00:57:54 - [STX]Rh000307 0208                   9152274[ETX]
25-07-2026 00:57:57 - [NAK]
25-07-2026 00:57:59 - [STX]Rh000308 0209                   9145120[ETX]
25-07-2026 00:58:02 - [NAK]
25-07-2026 00:58:04 - [STX]Rh000309 0210                   9152991[ETX]
25-07-2026 00:58:04 - --Send Message To Machine --[STX]S 000309 0210                   9152991    E001025012024[ETX]
25-07-2026 00:58:04 - [ACK]
25-07-2026 01:01:34 - [STX]D     09 P020                   9285140    E20260725005637009 1.004  017106.64  026  69.8  025  7.85  010  0.56  002 129.4  003
25-07-2026 01:01:34 -   26.9  027 340.1  028 24.59  005  24.3  013  20.8  029   5.4  007 191.0  [ETX]
25-07-2026 01:03:45 - [STX]D     01 P021                   9145109    E20260725005848022   8.8G [ETX]
25-07-2026 01:15:11 - [STX]RE[ETX]
25-07-2026 01:15:12 - [STX]DE[ETX]
25-07-2026 08:13:59 - [STX]RB[ETX]
25-07-2026 08:14:00 - [STX]DB[ETX]
25-07-2026 08:14:11 - [STX]R 000701N0211                   9152999[ETX]
25-07-2026 08:14:11 - --Send Message To Machine --[STX]S 000701 0211                   9152999    E009013017001025026028029027012024[ETX]
25-07-2026 08:14:12 - [ACK]
25-07-2026 08:14:15 - [STX]R 000702N0212                   8859602[ETX]
25-07-2026 08:14:15 - --Send Message To Machine --[STX]S 000702 0212                   8859602    E004[ETX]
25-07-2026 08:14:16 - [ACK]
25-07-2026 08:27:18 - [STX]D 000701 0211                   9152999    E20260725082221001  4.60  009 1.500  017155.55  026 217.0  025  7.84  027 310.6  028
25-07-2026 08:27:18 -  49.52  012 0.095  013  41.1  029   4.8  024 0.632  [ETX]
25-07-2026 08:27:23 - [STX]D 000702 0212                   8859602    E20260725082226004  46.5  [ETX]
25-07-2026 08:27:24 - [STX]Rh000701 0211                   9152999[ETX]
25-07-2026 08:27:25 - --Send Message To Machine --[STX]S 000701 0211                   9152999    E009013001025026028029027012024[ETX]
25-07-2026 08:27:25 - [ACK]
25-07-2026 08:27:27 - [STX]Rh000702 0212                   8859602[ETX]
25-07-2026 08:27:27 - --Send Message To Machine --[STX]S 000702 0212                   8859602    E004[ETX]
25-07-2026 08:27:27 - [ACK]
25-07-2026 08:40:54 - [STX]RE[ETX]
25-07-2026 08:40:56 - [STX]DE[ETX]
25-07-2026 11:31:18 - [STX]RB[ETX]
25-07-2026 11:31:20 - [STX]DB[ETX]
25-07-2026 11:31:31 - [STX]R 001001N0001                   9277805[ETX]
25-07-2026 11:31:31 - --Send Message To Machine --[STX]S 001001 0001                   9277805    E014[ETX]
25-07-2026 11:31:32 - [ACK]
25-07-2026 11:31:35 - [STX]R 001002N0002                   9285161[ETX]
25-07-2026 11:31:35 - --Send Message To Machine --[STX]S 001002 0002                   9285161    E014[ETX]
25-07-2026 11:31:36 - [ACK]
25-07-2026 11:31:40 - [STX]R 001003N0003                   9285164[ETX]
25-07-2026 11:31:40 - --Send Message To Machine --[STX]S 001003 0003                   9285164    E014[ETX]
25-07-2026 11:31:40 - [ACK]
25-07-2026 11:31:44 - [STX]R 001004N0004                   9285158[ETX]
25-07-2026 11:31:44 - --Send Message To Machine --[STX]S 001004 0004                   9285158    E014[ETX]
25-07-2026 11:31:45 - [ACK]
25-07-2026 11:31:49 - [STX]R 001005N0005                   9285167[ETX]
25-07-2026 11:31:49 - --Send Message To Machine --[STX]S 001005 0005                   9285167    E014[ETX]
25-07-2026 11:31:50 - [ACK]
25-07-2026 11:31:53 - [STX]R 001006N0006                   9285152[ETX]
25-07-2026 11:31:53 - --Send Message To Machine --[STX]S 001006 0006                   9285152    E014[ETX]
25-07-2026 11:31:54 - [ACK]
25-07-2026 11:31:58 - [STX]R 001007N0007                   9277873[ETX]
25-07-2026 11:31:58 - --Send Message To Machine --[STX]S 001007 0007                   9277873    E014[ETX]
25-07-2026 11:31:59 - [ACK]
25-07-2026 11:32:02 - [STX]R 001008N0008                   9277800[ETX]
25-07-2026 11:32:03 - --Send Message To Machine --[STX]S 001008 0008                   9277800    E013001025002003005012024[ETX]
25-07-2026 11:32:03 - [ACK]
25-07-2026 11:32:07 - [STX]R 001009N0009                   9130249[ETX]
25-07-2026 11:32:07 - --Send Message To Machine --[STX]S 001009 0009                   9130249    E099007009013017097001025026028029027002098003005012024006[ETX]
25-07-2026 11:32:08 - [ACK]
25-07-2026 11:32:11 - [STX]R 001010N0010                   9130255[ETX]
25-07-2026 11:32:12 - --Send Message To Machine --[STX]S 001010 0010                   9130255    E006[ETX]
25-07-2026 11:32:12 - [ACK]
25-07-2026 11:32:16 - [STX]R 000901N0011                   9130253[ETX]
25-07-2026 11:32:16 - --Send Message To Machine --[STX]S 000901 0011                   9130253    E006[ETX]
25-07-2026 11:32:17 - [ACK]
25-07-2026 11:32:20 - [STX]R 000902N0012                   9130251[ETX]
25-07-2026 11:32:21 - --Send Message To Machine --[STX]S 000902 0012                   9130251    E099007009013017097001025026028029027002098003005012024006[ETX]
25-07-2026 11:32:21 - [ACK]
25-07-2026 11:32:25 - [STX]R 000903N0013                   9285163[ETX]
25-07-2026 11:32:25 - --Send Message To Machine --[STX]S 000903 0013                   9285163    E099007009013017097001025026028029027002098003005012024006[ETX]
25-07-2026 11:32:26 - [ACK]
25-07-2026 11:32:29 - [STX]R 000904N0014                   9285166[ETX]
25-07-2026 11:32:30 - --Send Message To Machine --[STX]S 000904 0014                   9285166    E099007009013017097001025026028029027002098003005012024006[ETX]
25-07-2026 11:32:30 - [ACK]
25-07-2026 11:32:34 - [STX]R 000905N0015                   9277875[ETX]
25-07-2026 11:32:34 - --Send Message To Machine --[STX]S 000905 0015                   9277875    E099007009013097001025026028029002098003005012024006[ETX]
25-07-2026 11:32:35 - [ACK]
25-07-2026 11:35:08 - [STX]R 000906N0016                   9285155[ETX]
25-07-2026 11:35:08 - --Send Message To Machine --[STX]S 000906 0016                   9285155    E099007010009013017097001025026028029022027002098003005012024006[ETX]
25-07-2026 11:35:09 - [ACK]
25-07-2026 11:37:19 - [STX]R 000801N0017                   9278001[ETX]
25-07-2026 11:37:19 - --Send Message To Machine --[STX]S 000801 0017                   9278001    E014[ETX]
25-07-2026 11:37:20 - [ACK]
25-07-2026 11:37:24 - [STX]R 000802N0018                   9285157[ETX]
25-07-2026 11:37:24 - --Send Message To Machine --[STX]S 000802 0018                   9285157    E099007009013097001025026028029002098003005012024006[ETX]
25-07-2026 11:37:25 - [ACK]
25-07-2026 11:37:28 - [STX]R 000803N0019                   9285143[ETX]
25-07-2026 11:37:28 - --Send Message To Machine --[STX]S 000803 0019                   9285143    E099007009013017097001025026028029027002098003005012024006[ETX]
25-07-2026 11:37:29 - [ACK]
25-07-2026 11:37:33 - [STX]R 000804N0020                   9295490[ETX]
25-07-2026 11:37:33 - --Send Message To Machine --[STX]S 000804 0020                   9295490    E014[ETX]
25-07-2026 11:37:33 - [ACK]
25-07-2026 11:37:51 - [STX]R 000805N0021                   9285147[ETX]
25-07-2026 11:37:51 - --Send Message To Machine --[STX]S 000805 0021                   9285147    E014[ETX]
25-07-2026 11:37:52 - [ACK]
25-07-2026 11:37:55 - [STX]R 000806N0022                   9285151[ETX]
25-07-2026 11:37:56 - --Send Message To Machine --[STX]S 000806 0022                   9285151    E014[ETX]
25-07-2026 11:37:56 - [ACK]
25-07-2026 11:38:00 - [STX]R 000807N0023                   9285148[ETX]
25-07-2026 11:38:00 - --Send Message To Machine --[STX]S 000807 0023                   9285148    E014[ETX]
25-07-2026 11:38:01 - [ACK]
25-07-2026 11:43:44 - [STX]D 001001 0001                   9277805    E20260725113847014  68.2  [ETX]
25-07-2026 11:43:48 - [STX]D 001002 0002                   9285161    E20260725113851014  86.1  [ETX]
25-07-2026 11:43:53 - [STX]D 001003 0003                   9285164    E20260725113856014  95.1  [ETX]
25-07-2026 11:43:58 - [STX]D 001004 0004                   9285158    E20260725113900014 129.9  [ETX]
25-07-2026 11:44:02 - [STX]D 001005 0005                   9285167    E20260725113905014 194.3  [ETX]
25-07-2026 11:44:07 - [STX]D 001006 0006                   9285152    E20260725113910014  87.2  [ETX]
25-07-2026 11:44:11 - [STX]D 001007 0007                   9277873    E20260725113914014 114.9  [ETX]
25-07-2026 11:44:57 - [STX]D 001008 0008                   9277800    E20260725113959001  4.44  025  6.96  002 109.9  003 106.9  012 0.067  005  48.5  013
25-07-2026 11:44:57 -   32.5  024 0.278  [ETX]
25-07-2026 11:46:22 - [STX]D 001009 0009                   9130249    E20260725114125001  4.07  009 0.590  017-10.25G 026  69.2  025  7.41  002  83.0  003
25-07-2026 11:46:23 -   15.1  027 241.7  028 19.11  012 0.129  005  19.1  013  11.1  029   4.3  006  9.66  007 187.2  024 0.619  097 138.1  098 4.459 
25-07-2026 11:46:23 -  099 105.2  [ETX]
25-07-2026 11:46:27 - [STX]D 001010 0010                   9130255    E20260725114130006 10.12  [ETX]
25-07-2026 11:46:28 - [STX]Rh001001 0001                   9277805[ETX]
25-07-2026 11:46:32 - [NAK]
25-07-2026 11:46:33 - [STX]D 000901 0011                   9130253    E20260725114134006  9.80  [ETX]
25-07-2026 11:46:35 - [STX]Rh001002 0002                   9285161[ETX]
25-07-2026 11:46:38 - [NAK]
25-07-2026 11:46:39 - [STX]Rh001003 0003                   9285164[ETX]
25-07-2026 11:46:42 - [NAK]
25-07-2026 11:46:44 - [STX]Rh001004 0004                   9285158[ETX]
25-07-2026 11:46:47 - [NAK]
25-07-2026 11:46:49 - [STX]Rh001005 0005                   9285167[ETX]
25-07-2026 11:46:52 - [NAK]
25-07-2026 11:46:53 - [STX]Rh001006 0006                   9285152[ETX]
25-07-2026 11:46:56 - [NAK]
25-07-2026 11:46:58 - [STX]Rh001007 0007                   9277873[ETX]
25-07-2026 11:47:01 - [NAK]
25-07-2026 11:47:02 - [STX]Rh001008 0008                   9277800[ETX]
25-07-2026 11:47:05 - [NAK]
25-07-2026 11:47:07 - [STX]Rh001009 0009                   9130249[ETX]
25-07-2026 11:47:07 - --Send Message To Machine --[STX]S 001009 0009                   9130249    E001025012024[ETX]
25-07-2026 11:47:08 - [ACK]
25-07-2026 11:47:09 - [STX]Rh001010 0010                   9130255[ETX]
25-07-2026 11:47:12 - [NAK]
25-07-2026 11:47:57 - [STX]D 000902 0012                   9130251    E20260725114300001  3.80  009 0.493  017-17.57G 026  92.6  025  6.78  002 113.7  003
25-07-2026 11:47:58 -   28.2  027 217.6  028 15.32  012 0.394  005  27.5  013  50.5  029   4.3  006  9.09  007 238.7  024 0.973  097 140.8  098 3.760 
25-07-2026 11:47:58 -  099 106.5  [ETX]
25-07-2026 11:49:23 - [STX]D 000903 0013                   9285163    E20260725114426001  4.09  009 0.673  017-38.06G 026  70.3  025  7.55  002  83.6  003
25-07-2026 11:49:24 -   19.2  027 369.7  028 15.88  012 0.051  005  24.7  013  41.3  029   5.0  006  9.77  007 197.6  024 0.330  097 139.2  098 4.978 
25-07-2026 11:49:24 -  099 106.5  [ETX]
25-07-2026 11:50:49 - [STX]D 000904 0014                   9285166    E20260725114552001  3.96  009 0.763  017 45.40  026 109.5  025  7.74  002  87.9  003
25-07-2026 11:50:50 -    9.7  027 385.0  028 22.86  012 0.078  005  23.5  013  16.6  029   5.8  006  9.50  007 184.4  024 0.523  097 140.3  098 4.574 
25-07-2026 11:50:50 -  099 105.9  [ETX]
25-07-2026 11:51:07 - [STX]R 000701N0024                   9285145[ETX]
25-07-2026 11:51:08 - --Send Message To Machine --[STX]S 000701 0024                   9285145    E099007010009013017097001025026028029022027002098003005012024006[ETX]
25-07-2026 11:51:08 - [ACK]
25-07-2026 11:51:12 - [STX]R 000702N0025                   9277999[ETX]
25-07-2026 11:51:12 - --Send Message To Machine --[STX]S 000702 0025                   9277999    E099007009013017097001025026028029027002098003005012024006[ETX]
25-07-2026 11:51:13 - [ACK]
25-07-2026 11:51:16 - [STX]R 000703N0026                   9295493[ETX]
25-07-2026 11:51:17 - --Send Message To Machine --[STX]S 000703 0026                   9295493    E099007009013097001025026028029002098003005012024006[ETX]
25-07-2026 11:51:17 - [ACK]
25-07-2026 11:51:21 - [STX]R 000704N0027                   9285146[ETX]
25-07-2026 11:51:21 - --Send Message To Machine --[STX]S 000704 0027                   9285146    E099007009013097001025026028029002098003005012024006[ETX]
25-07-2026 11:51:22 - [ACK]
25-07-2026 11:51:25 - [STX]R 000705N0028                   9285149[ETX]
25-07-2026 11:51:26 - --Send Message To Machine --[STX]S 000705 0028                   9285149    E099007009013017097001025026028029027002098003005012024006[ETX]
25-07-2026 11:51:26 - [ACK]
25-07-2026 11:52:07 - [STX]D 000905 0015                   9277875    E20260725114709001  4.39  009 0.996  026 117.1  025  7.54  002  47.5  003  19.1  028
25-07-2026 11:52:07 -  45.31  012 0.106  005  22.2  013  16.0  029   5.1  006  9.76  007 149.9  024 0.719  097 137.2  098 4.354  099 103.0  [ETX]
25-07-2026 11:53:55 - [STX]D 000906 0016                   9285155    E20260725114858001  4.32  009 0.650  017-14.78G 026  94.2  025  7.44  010  1.83  002
25-07-2026 11:53:55 -   73.7  003  16.8  027 300.2  028 15.63  012 0.013  005  19.5  013  16.6  029   5.2  022   2.4G 006  9.81  007 192.0  024 0.448 
25-07-2026 11:53:55 -  097 139.1  098 4.425  099 107.5  [ETX]
25-07-2026 11:53:57 - [STX]Rh000901 0011                   9130253[ETX]
25-07-2026 11:54:00 - [NAK]
25-07-2026 11:54:01 - [STX]Rh000902 0012                   9130251[ETX]
25-07-2026 11:54:02 - --Send Message To Machine --[STX]S 000902 0012                   9130251    E001025012024[ETX]
25-07-2026 11:54:02 - [ACK]
25-07-2026 11:54:04 - [STX]Rh000903 0013                   9285163[ETX]
25-07-2026 11:54:04 - --Send Message To Machine --[STX]S 000903 0013                   9285163    E001025012024[ETX]
25-07-2026 11:54:05 - [ACK]
25-07-2026 11:54:06 - [STX]Rh000904 0014                   9285166[ETX]
25-07-2026 11:54:06 - --Send Message To Machine --[STX]S 000904 0014                   9285166    E001025012024[ETX]
25-07-2026 11:54:07 - [ACK]
25-07-2026 11:54:08 - [STX]Rh000905 0015                   9277875[ETX]
25-07-2026 11:54:09 - --Send Message To Machine --[STX]S 000905 0015                   9277875    E001025012024[ETX]
25-07-2026 11:54:09 - [ACK]
25-07-2026 11:54:11 - [STX]Rh000906 0016                   9285155[ETX]
25-07-2026 11:54:11 - --Send Message To Machine --[STX]S 000906 0016                   9285155    E099097001025028027098012024[ETX]
25-07-2026 11:54:12 - [ACK]
25-07-2026 11:54:18 - [STX]D 000801 0017                   9278001    E20260725114921014 226.3  [ETX]
25-07-2026 11:55:35 - [STX]D 000802 0018                   9285157    E20260725115037001  4.98  009 0.831  026 147.8  025  8.72  002  66.7  003  23.9  028
25-07-2026 11:55:35 -  21.78  012 0.073  005  48.1  013  22.2  029   5.0  006 10.23  007 301.8  024 0.781  097 137.0  098 4.360  099 100.3  [ETX]
25-07-2026 11:57:01 - [STX]D 000803 0019                   9285143    E20260725115203001  3.86  009 1.260  017- 1.31G 026 237.3  025  8.07  002 100.9  003
25-07-2026 11:57:01 -   11.4  027 224.1  028 41.09  012 0.182  005  16.9  013  22.6  029   5.4  006  9.98  007 228.6  024 0.846  097 139.9  098 5.958 
25-07-2026 11:57:01 -  099 105.9  [ETX]
25-07-2026 11:57:05 - [STX]D 000804 0020                   9295490    E20260725115208014  88.4  [ETX]
25-07-2026 11:57:10 - [STX]D 000805 0021                   9285147    E20260725115213014  78.9  [ETX]
25-07-2026 11:57:14 - [STX]D 000806 0022                   9285151    E20260725115217014 114.3  [ETX]
25-07-2026 11:57:19 - [STX]D 000807 0023                   9285148    E20260725115222014  83.3  [ETX]
25-07-2026 11:57:20 - [STX]Rh000801 0017                   9278001[ETX]
25-07-2026 11:57:23 - [NAK]
25-07-2026 11:57:25 - [STX]Rh000802 0018                   9285157[ETX]
25-07-2026 11:57:25 - --Send Message To Machine --[STX]S 000802 0018                   9285157    E001025012024[ETX]
25-07-2026 11:57:26 - [ACK]
25-07-2026 11:57:27 - [STX]Rh000803 0019                   9285143[ETX]
25-07-2026 11:57:27 - --Send Message To Machine --[STX]S 000803 0019                   9285143    E001025012024[ETX]
25-07-2026 11:57:28 - [ACK]
25-07-2026 11:57:30 - [STX]Rh000804 0020                   9295490[ETX]
25-07-2026 11:57:33 - [NAK]
25-07-2026 11:57:34 - [STX]Rh000805 0021                   9285147[ETX]
25-07-2026 11:57:37 - [NAK]
25-07-2026 11:57:39 - [STX]Rh000806 0022                   9285151[ETX]
25-07-2026 11:57:42 - [NAK]
25-07-2026 11:57:43 - [STX]Rh000807 0023                   9285148[ETX]
25-07-2026 11:57:46 - [NAK]
25-07-2026 12:02:36 - [STX]D 000701 0024                   9285145    E20260725115738001  4.02  009 0.598  017- 3.57G 026  93.5  025  7.04  010  3.65  002
25-07-2026 12:02:36 -   98.3  003  16.2  027 308.3  028 20.59  012 0.051  005  23.8  013  21.2  029   5.3  022   7.1G 006  9.58  007 234.7  024 0.584 
25-07-2026 12:02:36 -  097 138.8  098 4.606  099 104.4  [ETX]
25-07-2026 12:04:02 - [STX]D 000702 0025                   9277999    E20260725115904001  4.17  009 0.846  017 37.82  026 198.8  025  6.68  002  75.2  003
25-07-2026 12:04:02 -   44.3  027 193.4  028 27.07  012 0.187  005  24.7  013  26.9  029   4.0  006  9.56  007 246.0  024 1.021  097 139.0  098 3.739 
25-07-2026 12:04:02 -  099 102.1  [ETX]
25-07-2026 12:05:18 - [STX]D 000703 0026                   9295493    E20260725120021001  4.13  009 0.508  026  62.4  025  8.70  002  72.1  003  26.9  028
25-07-2026 12:05:19 -  14.44  012 0.057  005  25.5  013   9.3  029   3.4  006 10.29  007 147.8  024 0.405  097 137.0  098 4.742  099 104.8  [ETX]
25-07-2026 12:06:35 - [STX]D 000704 0027                   9285146    E20260725120138001  4.28  009 0.846  026 157.4  025  8.04  002 101.5  003  54.1  028
25-07-2026 12:06:36 -  23.71  012 0.084  005  50.2  013  35.7  029   4.4  006  9.74  007 176.8  024 0.903  097 140.0  098 3.938  099 104.2  [ETX]
25-07-2026 12:08:01 - [STX]D 000705 0028                   9285149    E20260725120304001  4.29  009 0.590  017 48.12  026 112.4  025  6.77  002  72.9  003
25-07-2026 12:08:02 -   20.5  027 381.6  028 18.48  012 0.095  005  20.0  013  10.0  029   6.3  006  9.35  007 106.9  024 0.483  097 139.6  098 3.696 
25-07-2026 12:08:02 -  099 105.4  [ETX]
25-07-2026 12:08:03 - [STX]Rh000701 0024                   9285145[ETX]
25-07-2026 12:08:03 - --Send Message To Machine --[STX]S 000701 0024                   9285145    E001025012024[ETX]
25-07-2026 12:08:04 - [ACK]
25-07-2026 12:08:05 - [STX]Rh000702 0025                   9277999[ETX]
25-07-2026 12:08:06 - --Send Message To Machine --[STX]S 000702 0025                   9277999    E001025012024[ETX]
25-07-2026 12:08:06 - [ACK]
25-07-2026 12:08:08 - [STX]Rh000703 0026                   9295493[ETX]
25-07-2026 12:08:08 - --Send Message To Machine --[STX]S 000703 0026                   9295493    E001025012024[ETX]
25-07-2026 12:08:09 - [ACK]
25-07-2026 12:08:10 - [STX]Rh000704 0027                   9285146[ETX]
25-07-2026 12:08:10 - --Send Message To Machine --[STX]S 000704 0027                   9285146    E001025012024[ETX]
25-07-2026 12:08:11 - [ACK]
25-07-2026 12:08:13 - [STX]Rh000705 0028                   9285149[ETX]
25-07-2026 12:08:13 - --Send Message To Machine --[STX]S 000705 0028                   9285149    E099007097001025026028029027098012024[ETX]
25-07-2026 12:08:13 - [ACK]
25-07-2026 12:20:14 - [STX]R 000701N0029                   9277806[ETX]
25-07-2026 12:20:15 - --Send Message To Machine --[STX]S 000701 0029                   9277806    E014[ETX]
25-07-2026 12:20:15 - [ACK]
25-07-2026 12:20:19 - [STX]R 000702N0030                   9295412[ETX]
25-07-2026 12:20:19 - --Send Message To Machine --[STX]S 000702 0030                   9295412    E014[ETX]
25-07-2026 12:20:20 - [ACK]
25-07-2026 12:20:23 - [STX]R 000703N0031                   9295415[ETX]
25-07-2026 12:20:24 - --Send Message To Machine --[STX]S 000703 0031                   9295415    E014[ETX]
25-07-2026 12:20:24 - [ACK]
25-07-2026 12:25:31 - [STX]R 000801N0032                   9295410[ETX]
25-07-2026 12:25:32 - --Send Message To Machine --[STX]S 000801 0032                   9295410    E099007009013097001025026028029022002098003005012024006[ETX]
25-07-2026 12:25:32 - [ACK]
25-07-2026 12:25:36 - [STX]R 000802N0033                   9295414[ETX]
25-07-2026 12:25:36 - --Send Message To Machine --[STX]S 000802 0033                   9295414    E099007009013097001025026028029002098003005012024006[ETX]
25-07-2026 12:25:37 - [ACK]
25-07-2026 12:26:17 - [STX]D     02 P001                   9285163    E20260725122120017 11.45  [ETX]
25-07-2026 12:28:14 - [STX]R 000901N0034                   9277807[ETX]
25-07-2026 12:28:14 - --Send Message To Machine --[STX]S 000901 0034                   9277807    E099007009013017097001025026028029027002098003005012024006[ETX]
25-07-2026 12:28:15 - [ACK]
25-07-2026 12:29:58 - [STX]D 000701 0029                   9277806    E20260725122501014  80.7  [ETX]
25-07-2026 12:30:03 - [STX]D 000702 0030                   9295412    E20260725122506014  89.0  [ETX]
25-07-2026 12:30:07 - [STX]D 000703 0031                   9295415    E20260725122510014  83.0  [ETX]
25-07-2026 12:30:09 - [STX]Rh000701 0029                   9277806[ETX]
25-07-2026 12:30:12 - [NAK]
25-07-2026 12:30:14 - [STX]Rh000702 0030                   9295412[ETX]
25-07-2026 12:30:17 - [NAK]
25-07-2026 12:30:18 - [STX]Rh000703 0031                   9295415[ETX]
25-07-2026 12:30:21 - [NAK]
25-07-2026 12:35:47 - [STX]R 001001N0035                   9295422[ETX]
25-07-2026 12:35:47 - --Send Message To Machine --[STX]S 001001 0035                   9295422    E009028[ETX]
25-07-2026 12:35:48 - [ACK]
25-07-2026 12:35:51 - [STX]R 001002N0036                   9295423[ETX]
25-07-2026 12:35:52 - --Send Message To Machine --[STX]S 001002 0036                   9295423    E099009097028029098006[ETX]
25-07-2026 12:35:52 - [ACK]
25-07-2026 12:36:32 - [STX]D 000801 0032                   9295410    E20260725123135001  3.95  009 0.613  026 164.2  025  7.76  002  87.5  003  24.6  028
25-07-2026 12:36:32 -  21.88  012 0.057  005  28.6  013  10.1  029   4.4  022   4.3G 006  9.52  007 204.1  024 0.381  097 138.0  098 4.763  099 103.9 
25-07-2026 12:36:32 -  [ETX]
25-07-2026 12:37:49 - [STX]D 000802 0033                   9295414    E20260725123252001  4.76  009 1.132  026  76.2  025  8.27  002  86.7  003  23.7  028
25-07-2026 12:37:49 -  16.70  012 0.155  005  37.0  013   9.2  029   7.3  006 10.36  007 128.0  024 1.038  097 137.5  098 4.397  099 102.6  [ETX]
25-07-2026 12:37:51 - [STX]Rh000801 0032                   9295410[ETX]
25-07-2026 12:37:51 - --Send Message To Machine --[STX]S 000801 0032                   9295410    E001025012024[ETX]
25-07-2026 12:37:52 - [ACK]
25-07-2026 12:37:53 - [STX]Rh000802 0033                   9295414[ETX]
25-07-2026 12:37:53 - --Send Message To Machine --[STX]S 000802 0033                   9295414    E099007013097001025026028029098003005012024006[ETX]
25-07-2026 12:37:54 - [ACK]
25-07-2026 12:39:51 - [STX]D 000901 0034                   9277807    E20260725123454001  3.83  009 0.711  017 58.80  026  83.5  025  6.45  002 100.9  003
25-07-2026 12:39:52 -   26.2  027 163.5  028 24.39  012 0.037  005  31.8  013   8.1  029   5.8  006  8.96  007 195.1  024 0.435  097 145.3  098 3.706 
25-07-2026 12:39:52 -  099 109.9  [ETX]
25-07-2026 12:39:53 - [STX]Rh000901 0034                   9277807[ETX]
25-07-2026 12:39:53 - --Send Message To Machine --[STX]S 000901 0034                   9277807    E099007009013097001025026028029027098003005012024006[ETX]
25-07-2026 12:39:54 - [ACK]
25-07-2026 12:42:30 - [STX]D     01 P002                   9130251    E20260725123733017 30.74  [ETX]
25-07-2026 12:42:34 - [STX]D     03 P003                   9285149    E20260725123737017 74.11  [ETX]
25-07-2026 12:42:39 - [STX]D     04 P004                   9285145    E20260725123742017 48.43  [ETX]
25-07-2026 12:42:43 - [STX]D     05 P005                   9277999    E20260725123746017 65.87  [ETX]
25-07-2026 12:42:48 - [STX]D     06 P006                              E20260725123751017 66.92  [ETX]
25-07-2026 12:42:52 - [STX]D     07 P008                   9285143    E20260725123755017 49.21  [ETX]
25-07-2026 12:45:35 - [STX]D 001001 0035                   9295422    E20260725124038009 5.869  028118.36  [ETX]
25-07-2026 12:45:58 - [STX]D 001002 0036                   9295423    E20260725124101009      %?028      %?029      %?006      %?097      %?098      %?099
25-07-2026 12:45:58 -       %?[ETX]
25-07-2026 12:46:00 - [STX]Rh001001 0035                   9295422[ETX]
25-07-2026 12:46:03 - [NAK]
25-07-2026 12:58:43 - [STX]R 001001N0037                   9295423[ETX]
25-07-2026 12:58:43 - --Send Message To Machine --[STX]S 001001 0037                   9295423    E099009097028029098006[ETX]
25-07-2026 12:58:44 - [ACK]
25-07-2026 13:08:58 - [STX]D     02 P009                   9285155    E20260725130401017 29.60  [ETX]
25-07-2026 13:09:21 - [STX]D 001001 0037                   9295423    E20260725130424009 2.117  028 81.93  029   5.2  006  9.20  097 136.7  098 5.266  099
25-07-2026 13:09:21 -  107.6  [ETX]
25-07-2026 13:09:23 - [STX]Rh001001 0037                   9295423[ETX]
25-07-2026 13:09:23 - --Send Message To Machine --[STX]S 001001 0037                   9295423    E099097028029098[ETX]
25-07-2026 13:09:23 - [ACK]
25-07-2026 13:22:53 - [STX]RE[ETX]
25-07-2026 13:22:54 - [STX]DE[ETX]
25-07-2026 13:27:06 - [STX]RB[ETX]
25-07-2026 13:27:07 - [STX]DB[ETX]
25-07-2026 13:27:18 - [STX]R 000901N0038                   9130283[ETX]
25-07-2026 13:27:18 - --Send Message To Machine --[STX]S 000901 0038                   9130283    E013001025002003005012024[ETX]
25-07-2026 13:27:19 - [ACK]
25-07-2026 13:27:23 - [STX]R 000902N0039                   9130271[ETX]
25-07-2026 13:27:23 - --Send Message To Machine --[STX]S 000902 0039                   9130271    E007026[ETX]
25-07-2026 13:27:23 - [ACK]
25-07-2026 13:27:27 - [STX]R 000903N0040                   9130270[ETX]
25-07-2026 13:27:27 - --Send Message To Machine --[STX]S 000903 0040                   9130270    E007026[ETX]
25-07-2026 13:27:28 - [ACK]
25-07-2026 13:27:32 - [STX]R 000904N0041                   9130272[ETX]
25-07-2026 13:27:32 - --Send Message To Machine --[STX]S 000904 0041                   9130272    E009028[ETX]
25-07-2026 13:27:32 - [ACK]
25-07-2026 13:27:36 - [STX]R 000905N0042                   9130260[ETX]
25-07-2026 13:27:36 - --Send Message To Machine --[STX]S 000905 0042                   9130260    E010[ETX]
25-07-2026 13:27:37 - [ACK]
25-07-2026 13:27:41 - [STX]R 000906N0043                   9295427[ETX]
25-07-2026 13:27:41 - --Send Message To Machine --[STX]S 000906 0043                   9295427    E014[ETX]
25-07-2026 13:27:41 - [ACK]
25-07-2026 13:27:45 - [STX]R 000907N0044                   9130263[ETX]
25-07-2026 13:27:48 - [NAK]
25-07-2026 13:40:12 - [STX]D 000901 0038                   9130283    E20260725133515001  3.36  025  6.69  002 190.8  003   9.6  012 0.078  005  17.6  013
25-07-2026 13:40:12 -   14.6  024 1.057  [ETX]
25-07-2026 13:40:21 - [STX]D 000902 0039                   9130271    E20260725133524026 236.8  007 228.9  [ETX]
25-07-2026 13:40:30 - [STX]D 000903 0040                   9130270    E20260725133533026  98.3  007 170.2  [ETX]
25-07-2026 13:40:39 - [STX]D 000904 0041                   9130272    E2026072513354200914.803  028187.13  [ETX]
25-07-2026 13:40:58 - [STX]D 000905 0042                   9130260    E20260725133600010  0.30  [ETX]
25-07-2026 13:41:02 - [STX]D 000906 0043                   9295427    E20260725133605014 249.2  [ETX]
25-07-2026 13:41:04 - [STX]Rh000901 0038                   9130283[ETX]
25-07-2026 13:41:04 - --Send Message To Machine --[STX]S 000901 0038                   9130283    E001025012024[ETX]
25-07-2026 13:41:04 - [ACK]
25-07-2026 13:41:06 - [STX]Rh000902 0039                   9130271[ETX]
25-07-2026 13:41:09 - [NAK]
25-07-2026 13:41:11 - [STX]Rh000903 0040                   9130270[ETX]
25-07-2026 13:41:14 - [NAK]
25-07-2026 13:41:15 - [STX]Rh000904 0041                   9130272[ETX]
25-07-2026 13:41:18 - [NAK]
25-07-2026 13:41:20 - [STX]Rh000905 0042                   9130260[ETX]
25-07-2026 13:41:23 - [NAK]
25-07-2026 13:41:24 - [STX]Rh000906 0043                   9295427[ETX]
25-07-2026 13:41:27 - [NAK]
25-07-2026 13:44:39 - [STX]R 000701N0044                   9130261[ETX]
25-07-2026 13:44:39 - --Send Message To Machine --[STX]S 000701 0044                   9130261    E099007009013097001025026028029002098003005012024006[ETX]
25-07-2026 13:44:40 - [ACK]
25-07-2026 13:44:44 - [STX]R 000702N0045                   9130267[ETX]
25-07-2026 13:44:44 - --Send Message To Machine --[STX]S 000702 0045                   9130267    E099007009013097001025026028029002098003005012024006[ETX]
25-07-2026 13:44:44 - [ACK]
25-07-2026 13:44:48 - [STX]R 000703N0046                   9295425[ETX]
25-07-2026 13:44:48 - --Send Message To Machine --[STX]S 000703 0046                   9295425    E099007009013017097001025026028029027002098003005012024006[ETX]
25-07-2026 13:44:49 - [ACK]
25-07-2026 13:44:53 - [STX]R 000704N0047                   9130257[ETX]
25-07-2026 13:44:53 - --Send Message To Machine --[STX]S 000704 0047                   9130257    E099007009013017097001025026028029022027002098003005012024006[ETX]
25-07-2026 13:44:53 - [ACK]
25-07-2026 13:44:57 - [STX]R 000705N0048                   9130265[ETX]
25-07-2026 13:44:57 - --Send Message To Machine --[STX]S 000705 0048                   9130265    E099007009013017097001025026028029027002098003005012024006[ETX]
25-07-2026 13:44:58 - [ACK]
25-07-2026 13:45:02 - [STX]R 000706N0049                   9130263[ETX]
25-07-2026 13:45:05 - [NAK]
25-07-2026 13:55:45 - [STX]D 000701 0044                   9130261    E20260725135047001  3.98  009 0.515  026 127.8  025  7.94  002  79.8  003  10.8  028
25-07-2026 13:55:45 -  13.07  012 0.122  005  17.8  013   9.7  029   4.1  006  9.25  007 209.3  024 0.483  097 138.5  098 4.285  099 104.4  [ETX]
25-07-2026 13:57:02 - [STX]D 000702 0045                   9130267    E20260725135204001  3.74  009 0.786  026 135.3  025  6.53  002  61.8  003  26.6  028
25-07-2026 13:57:02 -  37.72  012 0.330  005  19.4  013  28.3  029   5.9  006  9.16  007 133.9  024 1.506  097 142.7  098 3.795  099 108.2  [ETX]
25-07-2026 13:58:27 - [STX]D 000703 0046                   9295425    E20260725135330001  3.87  009 0.756  017 44.61  026  63.7  025  7.95  002  96.7  003
25-07-2026 13:58:28 -   61.8  027 300.8  028 14.24  012 0.329  005  74.5  013  45.7  029   5.9  006  9.38  007 168.1  024 1.913  097 137.8  098 6.130 
25-07-2026 13:58:28 -  099 101.2  [ETX]
25-07-2026 13:59:58 - [STX]D 000704 0047                   9130257    E20260725135501001  4.28  009 0.884  017 26.58  026  75.7  025  6.95  002  58.1  003
25-07-2026 13:59:58 -   21.5  027 319.7  028 25.34  012 0.111  005  24.8  013  15.0  029   6.9  022   5.3G 006  9.21  007 176.8  024 0.557  097 139.3 
25-07-2026 13:59:58 -  098 3.837  099 102.1  [ETX]
25-07-2026 14:01:24 - [STX]D 000705 0048                   9130265    E20260725135627001  4.04  009 1.049  017 80.82  026 181.9  025  7.41  002  84.7  003
25-07-2026 14:01:24 -   19.7  027 221.2  028 31.21  012 0.166  005  24.6  013  35.4  029   3.1  006  9.60  007 176.0  024 0.842  097 141.7  098 5.712 
25-07-2026 14:01:24 -  099  97.5  [ETX]
25-07-2026 14:01:26 - [STX]Rh000701 0044                   9130261[ETX]
25-07-2026 14:01:26 - --Send Message To Machine --[STX]S 000701 0044                   9130261    E001025012024[ETX]
25-07-2026 14:01:27 - [ACK]
25-07-2026 14:01:28 - [STX]Rh000702 0045                   9130267[ETX]
25-07-2026 14:01:28 - --Send Message To Machine --[STX]S 000702 0045                   9130267    E001025012024[ETX]
25-07-2026 14:01:29 - [ACK]
25-07-2026 14:01:31 - [STX]Rh000703 0046                   9295425[ETX]
25-07-2026 14:01:31 - --Send Message To Machine --[STX]S 000703 0046                   9295425    E001025012024[ETX]
25-07-2026 14:01:31 - [ACK]
25-07-2026 14:01:33 - [STX]Rh000704 0047                   9130257[ETX]
25-07-2026 14:01:33 - --Send Message To Machine --[STX]S 000704 0047                   9130257    E001025012024[ETX]
25-07-2026 14:01:34 - [ACK]
25-07-2026 14:01:35 - [STX]Rh000705 0048                   9130265[ETX]
25-07-2026 14:01:35 - --Send Message To Machine --[STX]S 000705 0048                   9130265    E099007097001025026028029027098003005012024006[ETX]
25-07-2026 14:01:36 - [ACK]
25-07-2026 14:15:07 - [STX]RE[ETX]
25-07-2026 14:15:08 - [STX]DE[ETX]
25-07-2026 14:17:51 - [STX]RB[ETX]
25-07-2026 14:17:52 - [STX]DB[ETX]
25-07-2026 14:21:43 - [STX]R 000701N0049                   9295489[ETX]
25-07-2026 14:21:43 - --Send Message To Machine --[STX]S 000701 0049                   9295489    E014[ETX]
25-07-2026 14:21:44 - [ACK]
25-07-2026 14:21:47 - [STX]R 000702N0050                   8876492[ETX]
25-07-2026 14:21:47 - --Send Message To Machine --[STX]S 000702 0050                   8876492    E013001025002003005012024[ETX]
25-07-2026 14:21:48 - [ACK]
25-07-2026 14:21:52 - [STX]R 000703N0051                   8876494[ETX]
25-07-2026 14:21:52 - --Send Message To Machine --[STX]S 000703 0051                   8876494    E099009097028029098006[ETX]
25-07-2026 14:21:53 - [ACK]
25-07-2026 14:21:56 - [STX]R 000704N0052                   9297559[ETX]
25-07-2026 14:21:57 - --Send Message To Machine --[STX]S 000704 0052                   9297559    E014[ETX]
25-07-2026 14:21:57 - [ACK]
25-07-2026 14:22:01 - [STX]R 000705N0053                   9297554[ETX]
25-07-2026 14:22:01 - --Send Message To Machine --[STX]S 000705 0053                   9297554    E014[ETX]
25-07-2026 14:22:02 - [ACK]
25-07-2026 14:22:05 - [STX]R 000706N0054                   9297556[ETX]
25-07-2026 14:22:06 - --Send Message To Machine --[STX]S 000706 0054                   9297556    E007026[ETX]
25-07-2026 14:22:06 - [ACK]
25-07-2026 14:23:58 - [STX]R 000901N0055                   8876484[ETX]
25-07-2026 14:23:59 - --Send Message To Machine --[STX]S 000901 0055                   8876484    E099007010009013017097001025026028029027002098003005012024006[ETX]
25-07-2026 14:23:59 - [ACK]
25-07-2026 14:24:03 - [STX]R 000902N0056                   9295488[ETX]
25-07-2026 14:24:03 - --Send Message To Machine --[STX]S 000902 0056                   9295488    E099007010009013017097001025026028029022027002098003005012024006[ETX]
25-07-2026 14:24:04 - [ACK]
25-07-2026 14:24:08 - [STX]R 000903N0057                   8876490[ETX]
25-07-2026 14:24:08 - --Send Message To Machine --[STX]S 000903 0057                   8876490    E099007010009013017097001025026028029027002098003005012024006[ETX]
25-07-2026 14:24:08 - [ACK]
25-07-2026 14:30:15 - [STX]D     03 P010                  09130263    E20260725142516014  84.8  [ETX]
25-07-2026 14:31:27 - [STX]D 000701 0049                   9295489    E20260725142628014 140.5  [ETX]
25-07-2026 14:32:12 - [STX]D 000702 0050                   8876492    E20260725142714001  4.29  025  8.04  002  70.6  003  60.0  012 0.019  005  55.2  013
25-07-2026 14:32:12 -   29.4  024-0.111G [ETX]
25-07-2026 14:32:35 - [STX]D 000703 0051                   8876494    E20260725142736009 1.312  028 64.69  029   4.9  006  9.78  097 134.7  098 6.805  099
25-07-2026 14:32:35 -  103.8  [ETX]
25-07-2026 14:32:39 - [STX]D 000704 0052                   9297559    E20260725142741014  83.0  [ETX]
25-07-2026 14:32:44 - [STX]D 000705 0053                   9297554    E20260725142745014  83.6  [ETX]
25-07-2026 14:32:53 - [STX]D 000706 0054                   9297556    E20260725142754026  98.4  007 241.6  [ETX]
25-07-2026 14:32:54 - [STX]Rh000701 0049                   9295489[ETX]
25-07-2026 14:32:57 - [NAK]
25-07-2026 14:32:59 - [STX]Rh000702 0050                   8876492[ETX]
25-07-2026 14:32:59 - --Send Message To Machine --[STX]S 000702 0050                   8876492    E001025012024[ETX]
25-07-2026 14:33:00 - [ACK]
25-07-2026 14:33:01 - [STX]Rh000703 0051                   8876494[ETX]
25-07-2026 14:33:04 - [NAK]
25-07-2026 14:33:06 - [STX]Rh000704 0052                   9297559[ETX]
25-07-2026 14:33:09 - [NAK]
25-07-2026 14:33:10 - [STX]Rh000705 0053                   9297554[ETX]
25-07-2026 14:33:14 - [NAK]
25-07-2026 14:33:15 - [STX]Rh000706 0054                   9297556[ETX]
25-07-2026 14:33:18 - [NAK]
25-07-2026 14:34:00 - [STX]R 001001N0058                   9297566[ETX]
25-07-2026 14:34:01 - --Send Message To Machine --[STX]S 001001 0058                   9297566    E099009013097001025028029002098003005012024006[ETX]
25-07-2026 14:34:01 - [ACK]
25-07-2026 14:35:22 - [STX]D 000901 0055                   8876484    E20260725143024001  4.40  009 0.523  017 28.81  026 132.1  025  7.72  010  1.44  002
25-07-2026 14:35:22 -   76.8  003  21.2  027 431.0  028 27.99  012 0.057  005  21.7  013  13.6  029   2.4  006  9.55  007 247.0  024 0.715  097 136.4 
25-07-2026 14:35:22 -  098 3.938  099 103.9  [ETX]
25-07-2026 14:37:11 - [STX]D 000902 0056                   9295488    E20260725143212001  4.35  009 0.628  017 52.88  026 127.5  025  8.01  010  8.72  002
25-07-2026 14:37:11 -   93.6  003  19.5  027 311.2  028 25.08  012 0.095  005  13.2  013  11.4  029   2.2  022   3.5G 006  9.52  007 164.1  024 0.763 
25-07-2026 14:37:11 -  097 137.7  098 3.814  099 102.7  [ETX]
25-07-2026 14:38:55 - [STX]D 000903 0057                   8876490    E20260725143356001  4.19  009 0.357  017 19.90  026  48.2  025  6.55  010  0.49  002
25-07-2026 14:38:55 -  186.8  003  21.6  027 390.5  028 22.04  012 0.057  005  56.5  013  10.0  029   5.1  006  9.57  007  97.5  024 0.326  097 136.9 
25-07-2026 14:38:55 -  098 3.730  099 104.1  [ETX]
25-07-2026 14:38:57 - [STX]Rh000901 0055                   8876484[ETX]
25-07-2026 14:38:57 - --Send Message To Machine --[STX]S 000901 0055                   8876484    E001025012024[ETX]
25-07-2026 14:38:57 - [ACK]
25-07-2026 14:38:59 - [STX]Rh000902 0056                   9295488[ETX]
25-07-2026 14:38:59 - --Send Message To Machine --[STX]S 000902 0056                   9295488    E001025012024[ETX]
25-07-2026 14:39:00 - [ACK]
25-07-2026 14:39:01 - [STX]Rh000903 0057                   8876490[ETX]
25-07-2026 14:39:02 - --Send Message To Machine --[STX]S 000903 0057                   8876490    E099007013097001025026028029027098003005012024006[ETX]
25-07-2026 14:39:02 - [ACK]
25-07-2026 14:40:16 - [STX]R 000701N0059                   8408260[ETX]
25-07-2026 14:40:16 - --Send Message To Machine --[STX]S 000701 0059                   8408260    E014[ETX]
25-07-2026 14:40:17 - [ACK]
25-07-2026 14:40:21 - [STX]R 000702N0060                   8408267[ETX]
25-07-2026 14:40:21 - --Send Message To Machine --[STX]S 000702 0060                   8408267    E014[ETX]
25-07-2026 14:40:21 - [ACK]
25-07-2026 14:40:25 - [STX]R 000703N0061                   8408264[ETX]
25-07-2026 14:40:25 - --Send Message To Machine --[STX]S 000703 0061                   8408264    E014[ETX]
25-07-2026 14:40:26 - [ACK]
25-07-2026 14:40:30 - [STX]R 000704N0062                   9133660[ETX]
25-07-2026 14:40:30 - --Send Message To Machine --[STX]S 000704 0062                   9133660    E007026[ETX]
25-07-2026 14:40:30 - [ACK]
25-07-2026 14:40:34 - [STX]R 000705N0063                   9133659[ETX]
25-07-2026 14:40:34 - --Send Message To Machine --[STX]S 000705 0063                   9133659    E007026[ETX]
25-07-2026 14:40:35 - [ACK]
25-07-2026 14:44:48 - [STX]D 001001 0058                   9297566    E20260725143949001  4.40  009 0.741  025  7.50  002  65.4  003 112.0  028 15.95  012
25-07-2026 14:44:48 -  0.111  005 164.4  013 201.0  029   4.1  006  9.96  024 0.672  097 135.2  098 3.659  099 102.9  [ETX]
25-07-2026 14:44:50 - [STX]Rh001001 0058                   9297566[ETX]
25-07-2026 14:44:50 - --Send Message To Machine --[STX]S 001001 0058                   9297566    E099009013097001025028029098003005012024006[ETX]
25-07-2026 14:44:50 - [ACK]
25-07-2026 14:50:00 - [STX]D 000701 0059                   8408260    E20260725144502014 335.1  [ETX]
25-07-2026 14:50:05 - [STX]D 000702 0060                   8408267    E20260725144506014  72.4  [ETX]
25-07-2026 14:50:09 - [STX]D 000703 0061                   8408264    E20260725144511014 106.4  [ETX]
25-07-2026 14:50:18 - [STX]D 000704 0062                   9133660    E20260725144520026 174.9  007 167.4  [ETX]
25-07-2026 14:50:27 - [STX]D 000705 0063                   9133659    E20260725144529026 345.7  007 221.8  [ETX]
25-07-2026 14:50:29 - [STX]Rh000701 0059                   8408260[ETX]
25-07-2026 14:50:32 - [NAK]
25-07-2026 14:50:33 - [STX]Rh000702 0060                   8408267[ETX]
25-07-2026 14:50:36 - [NAK]
25-07-2026 14:50:38 - [STX]Rh000703 0061                   8408264[ETX]
25-07-2026 14:50:41 - [NAK]
25-07-2026 14:50:43 - [STX]Rh000704 0062                   9133660[ETX]
25-07-2026 14:50:46 - [NAK]
25-07-2026 14:50:47 - [STX]Rh000705 0063                   9133659[ETX]
25-07-2026 14:50:48 - --Send Message To Machine --[STX]S 000705 0063                   9133659    E007[ETX]
25-07-2026 14:50:48 - [ACK]
25-07-2026 15:00:02 - [STX]R 000901N0064                   8408265[ETX]
25-07-2026 15:00:02 - --Send Message To Machine --[STX]S 000901 0064                   8408265    E099007009013097001025026028029002098003005012024006[ETX]
25-07-2026 15:00:03 - [ACK]
25-07-2026 15:00:06 - [STX]R 000902N0065                   8408263[ETX]
25-07-2026 15:00:07 - --Send Message To Machine --[STX]S 000902 0065                   8408263    E099007009013097001025026028029002098003005012024006[ETX]
25-07-2026 15:00:07 - [ACK]
25-07-2026 15:00:11 - [STX]R 000903N0066                   8408259[ETX]
25-07-2026 15:00:11 - --Send Message To Machine --[STX]S 000903 0066                   8408259    E099007009013097001025026028029002098003005012024006[ETX]
25-07-2026 15:00:12 - [ACK]
25-07-2026 15:00:15 - [STX]R 000904N0067                   9133623[ETX]
25-07-2026 15:00:19 - [NAK]
25-07-2026 15:00:20 - [STX]R 000905N0067                   9133661[ETX]
25-07-2026 15:00:20 - --Send Message To Machine --[STX]S 000905 0067                   9133661    E007009013017097001025026028029027002098003005012024006[ETX]
25-07-2026 15:00:21 - [ACK]
25-07-2026 15:00:25 - [STX]R 000906N0068                   9133626[ETX]
25-07-2026 15:00:25 - --Send Message To Machine --[STX]S 000906 0068                   9133626    E007009013017097001025026028029027002098003005012024006[ETX]
25-07-2026 15:00:25 - [ACK]
25-07-2026 15:00:29 - [STX]R 000907N0069                   9297563[ETX]
25-07-2026 15:00:29 - --Send Message To Machine --[STX]S 000907 0069                   9297563    E099007009013017097001025026028029027002098003005012024006[ETX]
25-07-2026 15:00:30 - [ACK]
25-07-2026 15:00:34 - [STX]R 000908N0070                   8883127[ETX]
25-07-2026 15:00:34 - --Send Message To Machine --[STX]S 000908 0070                   8883127    E099007009013017097001025026028029027002098003005012024006[ETX]
25-07-2026 15:00:35 - [ACK]
25-07-2026 15:00:38 - [STX]R 000909N0071                   9133657[ETX]
25-07-2026 15:00:38 - --Send Message To Machine --[STX]S 000909 0071                   9133657    E014[ETX]
25-07-2026 15:00:39 - [ACK]
25-07-2026 15:00:43 - [STX]R 000910N0072                   9299280[ETX]
25-07-2026 15:00:43 - --Send Message To Machine --[STX]S 000910 0072                   9299280    E014[ETX]
25-07-2026 15:00:43 - [ACK]
25-07-2026 15:00:47 - [STX]R 000801N0073                   9299277[ETX]
25-07-2026 15:00:48 - --Send Message To Machine --[STX]S 000801 0073                   9299277    E014[ETX]
25-07-2026 15:00:48 - [ACK]
25-07-2026 15:00:52 - [STX]R 000802N0074                   9133628[ETX]
25-07-2026 15:00:52 - --Send Message To Machine --[STX]S 000802 0074                   9133628    E014[ETX]
25-07-2026 15:00:53 - [ACK]
25-07-2026 15:00:56 - [STX]R 000803N0075                   9133625[ETX]
25-07-2026 15:00:56 - --Send Message To Machine --[STX]S 000803 0075                   9133625    E014[ETX]
25-07-2026 15:00:57 - [ACK]
25-07-2026 15:01:01 - [STX]R 000804N0076                   9133663[ETX]
25-07-2026 15:01:01 - --Send Message To Machine --[STX]S 000804 0076                   9133663    E014[ETX]
25-07-2026 15:01:02 - [ACK]
25-07-2026 15:01:05 - [STX]R 000805N0077                   9299283[ETX]
25-07-2026 15:01:06 - --Send Message To Machine --[STX]S 000805 0077                   9299283    E022[ETX]
25-07-2026 15:01:06 - [ACK]
25-07-2026 15:01:19 - [STX]R 000806N0078                   9299285[ETX]
25-07-2026 15:01:19 - --Send Message To Machine --[STX]S 000806 0078                   9299285    E013001025002003005012024[ETX]
25-07-2026 15:01:20 - [ACK]
25-07-2026 15:02:36 - [STX]R 000807N0079                   9299286[ETX]
25-07-2026 15:02:36 - --Send Message To Machine --[STX]S 000807 0079                   9299286    E099009097028029098006[ETX]
25-07-2026 15:02:37 - [ACK]
25-07-2026 15:03:53 - [STX]R 000808N0080                   9297557[ETX]
25-07-2026 15:03:53 - --Send Message To Machine --[STX]S 000808 0080                   9297557    E099007010009013017097001025026028029027002098003005012024006[ETX]
25-07-2026 15:03:54 - [ACK]
25-07-2026 15:05:10 - [STX]R 000809N0081                   8876479[ETX]
25-07-2026 15:05:13 - [NAK]
25-07-2026 15:05:14 - [STX]R 000810N0081                   8851338[ETX]
25-07-2026 15:05:14 - --Send Message To Machine --[STX]S 000810 0081                   8851338    E099007009013017097001025026028029027002098003005012024006[ETX]
25-07-2026 15:05:15 - [ACK]
25-07-2026 15:06:40 - [STX]R 001001N0082                   9297552[ETX]
25-07-2026 15:06:41 - --Send Message To Machine --[STX]S 001001 0082                   9297552    E099007009013017097001025026028029027002098003005012024006[ETX]
25-07-2026 15:06:41 - [ACK]
25-07-2026 15:08:06 - [STX]R 001002N0083                   8876482[ETX]
25-07-2026 15:08:07 - --Send Message To Machine --[STX]S 001002 0083                   8876482    E099007009013017097001025026028029027002098003005012024006[ETX]
25-07-2026 15:08:07 - [ACK]
25-07-2026 15:09:32 - [STX]R 001003N0084                   8876487[ETX]
25-07-2026 15:09:33 - --Send Message To Machine --[STX]S 001003 0084                   8876487    E099007009013017097001025026028029027002098003005012024006[ETX]
25-07-2026 15:09:33 - [ACK]
25-07-2026 15:10:58 - [STX]R 001004N0085                   9299275[ETX]
25-07-2026 15:10:59 - --Send Message To Machine --[STX]S 001004 0085                   9299275    E099007009013097001025026028029002098003005012024006[ETX]
25-07-2026 15:10:59 - [ACK]
25-07-2026 15:11:07 - [STX]D 000901 0064                   8408265    E20260725150609001  4.36  009 0.598  026 106.8  025  7.41  002 134.8  003  28.4  028
25-07-2026 15:11:08 -  23.60  012 0.062  005  30.0  013  13.6  029   4.9  006 10.07  007 142.2  024 0.518  097 137.3  098 5.154  099 102.1  [ETX]
25-07-2026 15:12:24 - [STX]D 000902 0065                   8408263    E20260725150726001  4.23  009 0.959  026 119.4  025  7.89  002  42.1  003  44.4  028
25-07-2026 15:12:25 -  28.85  012 0.073  005  34.0  013  28.3  029   8.1  006  9.09  007 183.7  024 0.347  097 140.0  098 4.673  099 107.1  [ETX]
25-07-2026 15:13:41 - [STX]D 000903 0066                   8408259    E20260725150843001  3.83  009 0.831  026 189.6  025  7.79  002  87.4  003  28.5  028
25-07-2026 15:13:41 -  32.90  012 0.073  005  24.4  013  20.1  029   3.2  006  9.56  007 130.7  024 0.462  097 133.2  098 5.011  099 101.0  [ETX]
25-07-2026 15:15:12 - [STX]R 000701N0086                   9133655[ETX]
25-07-2026 15:15:12 - --Send Message To Machine --[STX]S 000701 0086                   9133655    E007009013017097001025026028029027002098003005012024006[ETX]
25-07-2026 15:15:13 - [ACK]
25-07-2026 15:15:14 - [STX]D 000905 0067                   9133661    E20260725151013001  4.21  009 0.748  017 89.87  026 417.5  025  7.12  002  76.0  003
25-07-2026 15:15:14 -   43.6  027 237.1  028 22.22  012 0.019  005  27.5  013  84.9  029   5.6  006  9.33  007 184.6  024 0.466  097 136.9  098 3.801 
25-07-2026 15:15:14 -  [ETX]
25-07-2026 15:15:16 - [STX]R 000702N0087                   9299281[ETX]
25-07-2026 15:15:16 - --Send Message To Machine --[STX]S 000702 0087                   9299281    E099007009013017097001025026028029027002098003005012024006[ETX]
25-07-2026 15:15:17 - [ACK]
25-07-2026 15:15:21 - [STX]R 000703N0088                   8408321[ETX]
25-07-2026 15:15:21 - --Send Message To Machine --[STX]S 000703 0088                   8408321    E099007009013097001025026028029002098003005012024006[ETX]
25-07-2026 15:15:22 - [ACK]
25-07-2026 15:16:38 - [STX]D 000906 0068                   9133626    E20260725151139001  3.83  009 0.575  017110.07  026 214.8  025  6.76  002  83.2  003
25-07-2026 15:16:38 -   28.3  027 229.7  028      %?012      %?005  33.6  013  54.8  029      %?006  9.16  007 254.9  024 0.488  097 136.4  098 4.173 
25-07-2026 15:16:38 -  [ETX]
25-07-2026 15:18:04 - [STX]D 000907 0069                   9297563    E20260725151305001  4.37  009 0.741  017 13.11  026 102.2  025  8.26  002 101.5  003
25-07-2026 15:18:04 -   18.4  027 420.2  028 19.82  012 0.144  005  32.1  013  16.9  029   6.2  006 10.14  007 190.2  024 0.859  097 141.6  098 4.253 
25-07-2026 15:18:04 -  099 104.5  [ETX]
25-07-2026 15:19:30 - [STX]D 000908 0070                   8883127    E20260725151431001  4.31  009 0.538  017 13.90  026  39.0  025  7.57  002  87.2  003
25-07-2026 15:19:30 -    9.2  027 412.9  028 15.64  012 0.171  005  22.6  013   8.7  029   4.0  006  9.55  007 127.9  024 0.964  097 135.9  098 3.739 
25-07-2026 15:19:30 -  099 102.4  [ETX]
25-07-2026 15:19:34 - [STX]D 000909 0071                   9133657    E20260725151436014  48.5  [ETX]
25-07-2026 15:19:39 - [STX]D 000910 0072                   9299280    E20260725151440014  98.2  [ETX]
25-07-2026 15:19:40 - [STX]Rh000901 0064                   8408265[ETX]
25-07-2026 15:19:41 - --Send Message To Machine --[STX]S 000901 0064                   8408265    E001025012024[ETX]
25-07-2026 15:19:41 - [ACK]
25-07-2026 15:19:43 - [STX]Rh000902 0065                   8408263[ETX]
25-07-2026 15:19:43 - --Send Message To Machine --[STX]S 000902 0065                   8408263    E001025012024[ETX]
25-07-2026 15:19:44 - [ACK]
25-07-2026 15:19:45 - [STX]D 000801 0073                   9299277    E20260725151445014  76.6  [ETX]
25-07-2026 15:19:47 - [STX]Rh000903 0066                   8408259[ETX]
25-07-2026 15:19:47 - --Send Message To Machine --[STX]S 000903 0066                   8408259    E001025012024[ETX]
25-07-2026 15:19:48 - [ACK]
25-07-2026 15:19:49 - [STX]D 000802 0074                   9133628    E20260725151449014 132.8  [ETX]
25-07-2026 15:19:51 - [STX]Rh000905 0067                   9133661[ETX]
25-07-2026 15:19:51 - --Send Message To Machine --[STX]S 000905 0067                   9133661    E001025012024[ETX]
25-07-2026 15:19:52 - [ACK]
25-07-2026 15:19:53 - [STX]D 000803 0075                   9133625    E20260725151454014      %?[ETX]
25-07-2026 15:19:55 - [STX]Rh000907 0069                   9297563[ETX]
25-07-2026 15:19:55 - --Send Message To Machine --[STX]S 000907 0069                   9297563    E001025012024[ETX]
25-07-2026 15:19:56 - [ACK]
25-07-2026 15:19:57 - [STX]Rh000908 0070                   8883127[ETX]
25-07-2026 15:19:58 - --Send Message To Machine --[STX]S 000908 0070                   8883127    E001025012024[ETX]
25-07-2026 15:19:58 - [ACK]
25-07-2026 15:20:00 - [STX]D 000804 0076                   9133663    E20260725151459014 142.2  [ETX]
25-07-2026 15:20:01 - [STX]Rh000909 0071                   9133657[ETX]
25-07-2026 15:20:04 - [NAK]
25-07-2026 15:20:06 - [STX]D 000805 0077                   9299283    E20260725151503022   5.1G [ETX]
25-07-2026 15:20:08 - [STX]Rh000910 0072                   9299280[ETX]
25-07-2026 15:20:11 - [NAK]
25-07-2026 15:20:47 - [STX]D 000806 0078                   9299285    E20260725151548001  4.19  025  7.73  002  75.6  003  12.0  012 0.095  005  19.8  013
25-07-2026 15:20:47 -   10.2  024 0.474  [ETX]
25-07-2026 15:21:09 - [STX]D 000807 0079                   9299286    E20260725151611009 1.485  028 50.64  029   6.5  006  7.84  097 136.5  098 3.999  099
25-07-2026 15:21:09 -   97.2  [ETX]
25-07-2026 15:22:53 - [STX]D 000808 0080                   9297557    E20260725151755001  3.84  009 0.703  017 40.47  026  72.6  025  6.98  010 11.71  002
25-07-2026 15:22:54 -  110.9  003  21.0  027 207.9  028 17.47  012 0.008  005  23.3  013  11.4  029   3.9  006  9.15  007 128.0  024 0.370  097 134.2 
25-07-2026 15:22:54 -  098 5.597  099 102.7  [ETX]
25-07-2026 15:24:24 - [STX]D 000810 0081                   8851338    E20260725151926001  3.86  009 0.748  017 58.14  026  88.1  025  6.41  002  51.0  003
25-07-2026 15:24:24 -  104.6  027 188.6  028 47.10  012 0.133  005  58.0  013  29.9  029   3.7  006  8.97  007 175.3  024 0.658  097 139.7  098 4.105 
25-07-2026 15:24:24 -  099 102.1  [ETX]
25-07-2026 15:24:26 - [STX]Rh000801 0073                   9299277[ETX]
25-07-2026 15:24:29 - [NAK]
25-07-2026 15:24:30 - [STX]Rh000802 0074                   9133628[ETX]
25-07-2026 15:24:33 - [NAK]
25-07-2026 15:24:35 - [STX]Rh000804 0076                   9133663[ETX]
25-07-2026 15:24:38 - [NAK]
25-07-2026 15:24:40 - [STX]Rh000805 0077                   9299283[ETX]
25-07-2026 15:24:43 - [NAK]
25-07-2026 15:24:44 - [STX]Rh000806 0078                   9299285[ETX]
25-07-2026 15:24:47 - [NAK]
25-07-2026 15:24:49 - [STX]Rh000807 0079                   9299286[ETX]
25-07-2026 15:24:52 - [NAK]
25-07-2026 15:24:53 - [STX]Rh000808 0080                   9297557[ETX]
25-07-2026 15:24:54 - --Send Message To Machine --[STX]S 000808 0080                   9297557    E001025012024[ETX]
25-07-2026 15:24:54 - [ACK]
25-07-2026 15:24:56 - [STX]Rh000810 0081                   8851338[ETX]
25-07-2026 15:24:56 - --Send Message To Machine --[STX]S 000810 0081                   8851338    E001025012024[ETX]
25-07-2026 15:24:57 - [ACK]
25-07-2026 15:25:50 - [STX]D 001001 0082                   9297552    E20260725152052001  4.45  009 0.891  017 51.80  026 151.5  025  7.53  002  67.9  003
25-07-2026 15:25:50 -   35.4  027 268.1  028 21.90  012 0.068  005  30.3  013  25.0  029   5.2  006  9.14  007 203.4  024 0.745  097 139.6  098 4.426 
25-07-2026 15:25:50 -  099 105.7  [ETX]
25-07-2026 15:27:16 - [STX]D 001002 0083                   8876482    E20260725152218001  4.56  009 0.861  017120.62  026 104.7  025  7.66  002  56.5  003
25-07-2026 15:27:16 -   52.9  027 256.2  028 23.66  012 0.171  005  39.4  013  25.2  029   6.6  006  9.16  007 194.8  024 1.017  097 138.0  098 4.400 
25-07-2026 15:27:16 -  099 103.9  [ETX]
25-07-2026 15:28:01 - [STX]R 000801N0089                   9133623[ETX]
25-07-2026 15:28:04 - [NAK]
25-07-2026 15:28:06 - [STX]R 000802N0089                   8876479[ETX]
25-07-2026 15:28:09 - [NAK]
25-07-2026 15:28:42 - [STX]D 001003 0084                   8876487    E20260725152344001  4.48  009 0.711  017 19.64  026  51.2  025  7.66  002  99.6  003
25-07-2026 15:28:42 -   15.1  027 433.8  028 17.74  012 0.122  005  30.1  013  13.2  029   4.8  006 10.07  007 124.0  024 0.636  097 138.5  098 4.703 
25-07-2026 15:28:42 -  099 104.0  [ETX]
25-07-2026 15:29:59 - [STX]D 001004 0085                   9299275    E20260725152501001  3.88  009 0.493  026  60.4  025  8.08  002 116.6  003  14.7  028
25-07-2026 15:29:59 -  22.07  012 0.246  005  20.6  013  15.9  029   4.1  006  9.74  007 169.6  024 1.414  097 142.4  098 3.727  099 106.7  [ETX]
25-07-2026 15:30:01 - [STX]Rh001001 0082                   9297552[ETX]
25-07-2026 15:30:01 - --Send Message To Machine --[STX]S 001001 0082                   9297552    E001025012024[ETX]
25-07-2026 15:30:02 - [ACK]
25-07-2026 15:30:03 - [STX]Rh001002 0083                   8876482[ETX]
25-07-2026 15:30:04 - --Send Message To Machine --[STX]S 001002 0083                   8876482    E001025012024[ETX]
25-07-2026 15:30:04 - [ACK]
25-07-2026 15:30:06 - [STX]Rh001003 0084                   8876487[ETX]
25-07-2026 15:30:06 - --Send Message To Machine --[STX]S 001003 0084                   8876487    E001025012024[ETX]
25-07-2026 15:30:07 - [ACK]
25-07-2026 15:30:08 - [STX]Rh001004 0085                   9299275[ETX]
25-07-2026 15:30:09 - --Send Message To Machine --[STX]S 001004 0085                   9299275    E099007009013097001025026028029002098003005012024006[ETX]
25-07-2026 15:30:09 - [ACK]
25-07-2026 15:31:52 - [STX]D 000701 0086                   9133655    E20260725152654001  4.38  009 0.673  017 28.83  026  39.7  025  7.30  002  69.9  003
25-07-2026 15:31:52 -   47.7  027 340.0  028 11.41  012 0.182  005  41.7  013   9.2  029   3.4  006  9.00  007 129.1  024 0.785  097 137.6  098 4.019 
25-07-2026 15:31:52 -  [ETX]
25-07-2026 15:33:18 - [STX]D 000702 0087                   9299281    E20260725152820001  4.43  009 0.801  017 98.10  026 105.2  025  7.38  002  85.7  003
25-07-2026 15:33:18 -   54.9  027 242.8  028 21.35  012 0.144  005  38.4  013  33.8  029   6.8  006  9.80  007 149.6  024 0.925  097 141.2  098 4.051 
25-07-2026 15:33:18 -  099 104.4  [ETX]
25-07-2026 15:34:35 - [STX]D 000703 0088                   8408321    E20260725152937001  3.65  009 0.846  026 342.7  025  6.94  002 113.2  003 101.7  028
25-07-2026 15:34:35 -  10.47  012 0.171  005  82.4  013 285.6  029   6.6  006  9.28  007 275.4  024 1.008  097 139.2  098 4.779  099 104.0  [ETX]
25-07-2026 15:34:37 - [STX]Rh000701 0086                   9133655[ETX]
25-07-2026 15:34:37 - --Send Message To Machine --[STX]S 000701 0086                   9133655    E001025012024[ETX]
25-07-2026 15:34:38 - [ACK]
25-07-2026 15:34:39 - [STX]Rh000702 0087                   9299281[ETX]
25-07-2026 15:34:39 - --Send Message To Machine --[STX]S 000702 0087                   9299281    E001025012024[ETX]
25-07-2026 15:34:40 - [ACK]
25-07-2026 15:34:42 - [STX]Rh000703 0088                   8408321[ETX]
25-07-2026 15:34:42 - --Send Message To Machine --[STX]S 000703 0088                   8408321    E099007013097001025026028029098003005012024006[ETX]
25-07-2026 15:34:42 - [ACK]
25-07-2026 15:39:29 - [STX]D     01 P011                   9133625    E20260725153431014      %?[ETX]
25-07-2026 15:44:14 - [STX]R 000801N0089                   8876479[ETX]
25-07-2026 15:44:17 - [NAK]
25-07-2026 15:44:19 - [STX]R 000802N0089                   9133623[ETX]
25-07-2026 15:44:22 - [NAK]
25-07-2026 15:52:50 - [STX]R 000801N0089                   9295429[ETX]
25-07-2026 15:52:51 - --Send Message To Machine --[STX]S 000801 0089                   9295429    E010[ETX]
25-07-2026 15:52:51 - [ACK]
25-07-2026 16:00:00 - [STX]D     04 P012                   9133623    E20260725155502001  4.54  012 0.084  006  9.92  097 138.0  098 4.656  099 103.6  [ETX]
25-07-2026 16:01:08 - [STX]D     05 P013                   8876479    E20260725155610001  4.51  012 0.084  006 10.11  097 138.9  098 4.215  099 104.2  [ETX]
25-07-2026 16:02:57 - [STX]D 000801 0089                   9295429    E20260725155758010  0.59  [ETX]
25-07-2026 16:02:58 - [STX]Rh000801 0089                   9295429[ETX]
25-07-2026 16:03:01 - [NAK]
25-07-2026 16:06:11 - [STX]D     04 P012                   9133623    E20260725160113009 1.094  026 132.2  025  7.81  002  77.2  003  35.1  028 20.59  005
25-07-2026 16:06:11 -   50.9  013  20.6  029   2.4  007 195.5  [ETX]
25-07-2026 16:07:19 - [STX]D     05 P013                   8876479    E20260725160221009 0.951  026 275.1  025  7.86  002  74.5  003  32.7  028 27.69  005
25-07-2026 16:07:19 -   26.1  013  58.8  029   4.7  007 238.1  [ETX]
25-07-2026 16:18:44 - [STX]RE[ETX]
25-07-2026 16:18:46 - [STX]DE[ETX]
25-07-2026 16:34:43 - [STX]RB[ETX]
25-07-2026 16:34:45 - [STX]DB[ETX]
25-07-2026 16:34:56 - [STX]R 000801N0090                   9297585[ETX]
25-07-2026 16:34:56 - --Send Message To Machine --[STX]S 000801 0090                   9297585    E007026[ETX]
25-07-2026 16:34:57 - [ACK]
25-07-2026 16:35:00 - [STX]R 000802N0091                   9297578[ETX]
25-07-2026 16:35:00 - --Send Message To Machine --[STX]S 000802 0091                   9297578    E007026[ETX]
25-07-2026 16:35:01 - [ACK]
25-07-2026 16:35:05 - [STX]R 000803N0092                   9297596[ETX]
25-07-2026 16:35:05 - --Send Message To Machine --[STX]S 000803 0092                   9297596    E013001025002003005012024[ETX]
25-07-2026 16:35:06 - [ACK]
25-07-2026 16:47:14 - [STX]D 000801 0090                   9297585    E20260725164215026 177.9  007 226.2  [ETX]
25-07-2026 16:47:23 - [STX]D 000802 0091                   9297578    E20260725164224026  87.4  007 157.4  [ETX]
25-07-2026 16:47:59 - [STX]D 000803 0092                   9297596    E20260725164300001  3.90  025  7.69  002 147.2  003  68.2  005  41.0  013 104.9  024
25-07-2026 16:47:59 -  0.558  [ETX]
25-07-2026 16:48:01 - [STX]Rh000801 0090                   9297585[ETX]
25-07-2026 16:48:04 - [NAK]
25-07-2026 16:48:05 - [STX]Rh000802 0091                   9297578[ETX]
25-07-2026 16:48:08 - [NAK]
25-07-2026 16:48:10 - [STX]Rh000803 0092                   9297596[ETX]
25-07-2026 16:48:10 - --Send Message To Machine --[STX]S 000803 0092                   9297596    E001025003005012024[ETX]
25-07-2026 16:48:11 - [ACK]
25-07-2026 16:56:39 - [STX]DH    04 P012                   9133623P012E20260725165141024 0.544  [ETX]
25-07-2026 16:57:29 - [STX]R 000701N0093                   9297597[ETX]
25-07-2026 16:57:29 - --Send Message To Machine --[STX]S 000701 0093                   9297597    E099007010009013017097001025026028029022027002098003005012024006[ETX]
25-07-2026 16:57:30 - [ACK]
25-07-2026 16:57:33 - [STX]R 000702N0094                   9297571[ETX]
25-07-2026 16:57:34 - --Send Message To Machine --[STX]S 000702 0094                   9297571    E013001025002003005012024[ETX]
25-07-2026 16:57:34 - [ACK]
25-07-2026 16:57:38 - [STX]R 000703N0095                   9297579[ETX]
25-07-2026 16:57:38 - --Send Message To Machine --[STX]S 000703 0095                   9297579    E099007009013097001025026028029002098003005012024006[ETX]
25-07-2026 16:57:39 - [ACK]
25-07-2026 16:57:43 - [STX]R 000704N0096                   9297586[ETX]
25-07-2026 16:57:43 - --Send Message To Machine --[STX]S 000704 0096                   9297586    E099007009013097001025026028029002098003005012024006[ETX]
25-07-2026 16:57:43 - [ACK]
25-07-2026 16:57:47 - [STX]R 000705N0097                   9297582[ETX]
25-07-2026 16:57:47 - --Send Message To Machine --[STX]S 000705 0097                   9297582    E099007009013097001025026028029002098003005012024006[ETX]
25-07-2026 16:57:48 - [ACK]
25-07-2026 17:01:47 - [STX]R 001001N0098                   9295435[ETX]
25-07-2026 17:01:47 - --Send Message To Machine --[STX]S 001001 0098                   9295435    E099009013017097001025028029002098003005012024006[ETX]
25-07-2026 17:01:48 - [ACK]
25-07-2026 17:08:48 - [STX]D 000701 0093                   9297597    E20260725170350001  4.58  009 0.733  017102.34  026 100.0  025  7.11  010  0.58  002
25-07-2026 17:08:48 -   44.7  003 103.6  027 333.4  028 25.29  005  82.2  013  18.3  029   4.3  022   4.2G 006  9.81  007 116.8  024 0.833  097 140.2 
25-07-2026 17:08:48 -  098 3.837  099 104.4  [ETX]
25-07-2026 17:09:24 - [STX]D 000702 0094                   9297571    E20260725170426001  4.28  025  7.51  002  54.7  003  23.5  005  28.8  013  11.6  024
25-07-2026 17:09:24 -  0.610  [ETX]
25-07-2026 17:10:32 - [STX]D 000703 0095                   9297579    E20260725170534001  4.41  009 0.568  026  39.1  025  7.54  002  67.4  003  74.1  028
25-07-2026 17:10:32 -       %?005  67.5  013  48.3  029      %?006  9.71  007 129.8  024 0.448  097 139.5  098 4.087  099 108.0  [ETX]
25-07-2026 17:11:40 - [STX]D 000704 0096                   9297586    E20260725170642001  4.34  009 0.560  026 127.5  025  7.21  002  68.3  003  26.9  028
25-07-2026 17:11:40 -  19.76  005  33.8  013   9.9  029   3.4  006  9.47  007 150.3  024 0.470  097 137.5  098 4.887  099 108.0  [ETX]
25-07-2026 17:12:48 - [STX]D 000705 0097                   9297582    E20260725170750001  3.98  009 0.628  026 253.9  025  6.74  002  69.6  003  10.9  028
25-07-2026 17:12:48 -  48.13  005  11.6  013  14.8  029   4.4  006  9.12  007 281.8  024 0.929  097 128.6  098 4.592  099  93.5  [ETX]
25-07-2026 17:12:50 - [STX]Rh000701 0093                   9297597[ETX]
25-07-2026 17:12:50 - --Send Message To Machine --[STX]S 000701 0093                   9297597    E001025012024[ETX]
25-07-2026 17:12:50 - [ACK]
25-07-2026 17:12:52 - [STX]Rh000702 0094                   9297571[ETX]
25-07-2026 17:12:52 - --Send Message To Machine --[STX]S 000702 0094                   9297571    E001025012024[ETX]
25-07-2026 17:12:53 - [ACK]
25-07-2026 17:12:54 - [STX]Rh000704 0096                   9297586[ETX]
25-07-2026 17:12:55 - --Send Message To Machine --[STX]S 000704 0096                   9297586    E099007013097001025026028029098003005012024006[ETX]
25-07-2026 17:12:55 - [ACK]
25-07-2026 17:12:57 - [STX]Rh000705 0097                   9297582[ETX]
25-07-2026 17:12:57 - --Send Message To Machine --[STX]S 000705 0097                   9297582    E099007009013097001025026028029098003005012024006[ETX]
25-07-2026 17:12:57 - [ACK]
25-07-2026 17:14:14 - [STX]D 001001 0098                   9295435    E20260725170916001  2.79  009 0.432  017 12.01  025 10.47  002  49.2  003   7.5  028
25-07-2026 17:14:14 -  14.08  005  16.9  013  11.6  029   2.7  006  8.71  024 0.387  097 132.0  098 4.130  099  99.0  [ETX]
25-07-2026 17:14:16 - [STX]Rh001001 0098                   9295435[ETX]
25-07-2026 17:14:16 - --Send Message To Machine --[STX]S 001001 0098                   9295435    E099009013097001025028029002098003005012024006[ETX]
25-07-2026 17:14:16 - [ACK]
25-07-2026 17:30:14 - [STX]D     05 P013                   8876479    E20260725160221001  4.51r 002  74.5r 003  32.7r 005  26.1r 006 10.11r 007 238.1r 009
25-07-2026 17:30:14 -  0.951r 012 0.084r 013  58.8r 025  7.86r 026 275.1r 028 27.69r 029   4.7r 097 138.9r 098 4.215r 099 104.2r [ETX]
25-07-2026 17:30:18 - [STX]D     05 P013                   8876479    E20260725160221001  4.51r 002  74.5r 003  32.7r 005  26.1r 006 10.11r 007 238.1r 009
25-07-2026 17:30:18 -  0.951r 012 0.084r 013  58.8r 025  7.86r 026 275.1r 028 27.69r 029   4.7r 097 138.9r 098 4.215r 099 104.2r [ETX]
25-07-2026 17:31:53 - [STX]DH    05 P013                   8876479P013E20260725172655024 0.645  [ETX]
25-07-2026 17:37:28 - [STX]DH    05 P013                   8876479P013E20260725173230017 76.43  027 297.3  [ETX]
25-07-2026 17:40:42 - [STX]RE[ETX]
25-07-2026 17:40:44 - [STX]DE[ETX]
25-07-2026 17:48:47 - [STX]RB[ETX]
25-07-2026 17:48:48 - [STX]DB[ETX]
25-07-2026 17:48:56 - [STX]R 001001N0099                   9154846[ETX]
25-07-2026 17:48:56 - --Send Message To Machine --[STX]S 001001 0099                   9154846    E014[ETX]
25-07-2026 17:48:57 - [ACK]
25-07-2026 17:49:00 - [STX]R 001002N0100                   9140973[ETX]
25-07-2026 17:49:00 - --Send Message To Machine --[STX]S 001002 0100                   9140973    E014[ETX]
25-07-2026 17:49:01 - [ACK]
25-07-2026 17:49:05 - [STX]R 001003N0101                   9131531[ETX]
25-07-2026 17:49:08 - [NAK]
25-07-2026 17:49:09 - [STX]R 001004N0101                   9131534[ETX]
25-07-2026 17:49:10 - --Send Message To Machine --[STX]S 001004 0101                   9131534    E014[ETX]
25-07-2026 17:49:10 - [ACK]
25-07-2026 17:49:14 - [STX]R 001005N0102                   9138901[ETX]
25-07-2026 17:49:14 - --Send Message To Machine --[STX]S 001005 0102                   9138901    E014[ETX]
25-07-2026 17:49:15 - [ACK]
25-07-2026 17:49:18 - [STX]R 001006N0103                   9150059[ETX]
25-07-2026 17:49:19 - --Send Message To Machine --[STX]S 001006 0103                   9150059    E014[ETX]
25-07-2026 17:49:19 - [ACK]
25-07-2026 17:49:23 - [STX]R 001007N0104                   9141467[ETX]
25-07-2026 17:49:23 - --Send Message To Machine --[STX]S 001007 0104                   9141467    E014[ETX]
25-07-2026 17:49:24 - [ACK]
25-07-2026 17:49:27 - [STX]R 001008N0105                   9131552[ETX]
25-07-2026 17:49:28 - --Send Message To Machine --[STX]S 001008 0105                   9131552    E014[ETX]
25-07-2026 17:49:28 - [ACK]
25-07-2026 17:49:32 - [STX]R 001009N0106                   9141347[ETX]
25-07-2026 17:49:32 - --Send Message To Machine --[STX]S 001009 0106                   9141347    E013001025002003005012024[ETX]
25-07-2026 17:49:33 - [ACK]
25-07-2026 17:49:36 - [STX]R 001010N0107                   9131541[ETX]
25-07-2026 17:49:37 - --Send Message To Machine --[STX]S 001010 0107                   9131541    E099010009013097001025028029002098003005012024006[ETX]
25-07-2026 17:49:37 - [ACK]
25-07-2026 17:53:14 - [STX]R 000701N0108                   9141792[ETX]
25-07-2026 17:53:14 - --Send Message To Machine --[STX]S 000701 0108                   9141792    E099009013097001025028029002098003005012024006[ETX]
25-07-2026 17:53:15 - [ACK]
25-07-2026 17:53:18 - [STX]R 000702N0109                   9141793[ETX]
25-07-2026 17:53:18 - --Send Message To Machine --[STX]S 000702 0109                   9141793    E007026[ETX]
25-07-2026 17:53:19 - [ACK]
25-07-2026 17:53:23 - [STX]R 000703N0110                   9141794[ETX]
25-07-2026 17:53:23 - --Send Message To Machine --[STX]S 000703 0110                   9141794    E013001025002003005012024[ETX]
25-07-2026 17:53:24 - [ACK]
25-07-2026 17:53:27 - [STX]R 000704N0111                   9140760[ETX]
25-07-2026 17:53:28 - --Send Message To Machine --[STX]S 000704 0111                   9140760    E007026[ETX]
25-07-2026 17:53:28 - [ACK]
25-07-2026 17:53:32 - [STX]R 000705N0112                   9140761[ETX]
25-07-2026 17:53:32 - --Send Message To Machine --[STX]S 000705 0112                   9140761    E007026[ETX]
25-07-2026 17:53:33 - [ACK]
25-07-2026 17:53:36 - [STX]R 000706N0113                   9141456[ETX]
25-07-2026 17:53:37 - --Send Message To Machine --[STX]S 000706 0113                   9141456    E007026[ETX]
25-07-2026 17:53:37 - [ACK]
25-07-2026 17:53:41 - [STX]R 000707N0114                   9140770[ETX]
25-07-2026 17:53:41 - --Send Message To Machine --[STX]S 000707 0114                   9140770    E022[ETX]
25-07-2026 17:53:42 - [ACK]
25-07-2026 17:57:14 - [STX]R 000901N0115                   9140768[ETX]
25-07-2026 17:57:14 - --Send Message To Machine --[STX]S 000901 0115                   9140768    E099007009013097001025026028029002098003005012024006[ETX]
25-07-2026 17:57:14 - [ACK]
25-07-2026 17:57:18 - [STX]R 000902N0116                   9131556[ETX]
25-07-2026 17:57:18 - --Send Message To Machine --[STX]S 000902 0116                   9131556    E007026[ETX]
25-07-2026 17:57:19 - [ACK]
25-07-2026 17:57:23 - [STX]R 000903N0117                   9131535[ETX]
25-07-2026 17:57:23 - --Send Message To Machine --[STX]S 000903 0117                   9131535    E099007009013097001025026028029002098003005012024006[ETX]
25-07-2026 17:57:23 - [ACK]
25-07-2026 17:57:27 - [STX]R 000904N0118                   9141462[ETX]
25-07-2026 17:57:27 - --Send Message To Machine --[STX]S 000904 0118                   9141462    E099007009013097001025026028029002098003005012024006[ETX]
25-07-2026 17:57:28 - [ACK]
25-07-2026 17:57:32 - [STX]R 000905N0119                   9141465[ETX]
25-07-2026 17:57:32 - --Send Message To Machine --[STX]S 000905 0119                   9141465    E099007009013097001025026028029002098003005012024006[ETX]
25-07-2026 17:57:32 - [ACK]
25-07-2026 17:57:36 - [STX]R 000906N0120                   9131550[ETX]
25-07-2026 17:57:36 - --Send Message To Machine --[STX]S 000906 0120                   9131550    E099007009013017097001025026028029027002098003005012024006[ETX]
25-07-2026 17:57:37 - [ACK]
25-07-2026 17:57:41 - [STX]R 000907N0121                   9155279[ETX]
25-07-2026 17:57:41 - --Send Message To Machine --[STX]S 000907 0121                   9155279    E099007009013097001025026028029002098003005012024006[ETX]
25-07-2026 17:57:42 - [ACK]
25-07-2026 17:57:45 - [STX]R 000908N0122                   9131539[ETX]
25-07-2026 17:57:45 - --Send Message To Machine --[STX]S 000908 0122                   9131539    E007006[ETX]
25-07-2026 17:57:46 - [ACK]
25-07-2026 17:57:50 - [STX]R 000909N0123                   9150060[ETX]
25-07-2026 17:57:50 - --Send Message To Machine --[STX]S 000909 0123                   9150060    E099007009013017097001025026028029027002098003005012024006[ETX]
25-07-2026 17:57:51 - [ACK]
25-07-2026 18:01:09 - [STX]D 001001 0099                   9154846    E20260725175611014  81.5  [ETX]
25-07-2026 18:01:14 - [STX]D 001002 0100                   9140973    E20260725175615014  82.2  [ETX]
25-07-2026 18:01:23 - [STX]D 001004 0101                   9131534    E20260725175624014  67.5  [ETX]
25-07-2026 18:01:27 - [STX]D 001005 0102                   9138901    E20260725175629014  86.4  [ETX]
25-07-2026 18:01:32 - [STX]D 001006 0103                   9150059    E20260725175633014  87.2  [ETX]
25-07-2026 18:01:36 - [STX]D 001007 0104                   9141467    E20260725175638014  74.4  [ETX]
25-07-2026 18:01:41 - [STX]D 001008 0105                   9131552    E20260725175642014  84.4  [ETX]
25-07-2026 18:02:26 - [STX]D 001009 0106                   9141347    E20260725175728001  3.66  025  7.52  002  79.5  003 119.6  012 0.253  005  84.5  013
25-07-2026 18:02:26 -   30.4  024 1.239  [ETX]
25-07-2026 18:03:52 - [STX]D 001010 0107                   9131541    E20260725175854001  4.18  009 0.974  025  7.08  010  1.31  002  73.4  003  19.2  028
25-07-2026 18:03:52 -  47.48  012 0.060  005  25.1  013  15.2  029   5.0  006 10.25  024 0.824  097 136.8  098 4.376  099 102.2  [ETX]
25-07-2026 18:03:54 - [STX]Rh001001 0099                   9154846[ETX]
25-07-2026 18:03:57 - [NAK]
25-07-2026 18:03:58 - [STX]Rh001002 0100                   9140973[ETX]
25-07-2026 18:04:01 - [NAK]
25-07-2026 18:04:03 - [STX]Rh001004 0101                   9131534[ETX]
25-07-2026 18:04:06 - [NAK]
25-07-2026 18:04:08 - [STX]Rh001005 0102                   9138901[ETX]
25-07-2026 18:04:11 - [NAK]
25-07-2026 18:04:12 - [STX]Rh001006 0103                   9150059[ETX]
25-07-2026 18:04:15 - [NAK]
25-07-2026 18:04:17 - [STX]Rh001007 0104                   9141467[ETX]
25-07-2026 18:04:20 - [NAK]
25-07-2026 18:04:22 - [STX]Rh001008 0105                   9131552[ETX]
25-07-2026 18:04:25 - [NAK]
25-07-2026 18:04:26 - [STX]Rh001009 0106                   9141347[ETX]
25-07-2026 18:04:26 - --Send Message To Machine --[STX]S 001009 0106                   9141347    E001025012024[ETX]
25-07-2026 18:04:27 - [ACK]
25-07-2026 18:04:28 - [STX]Rh001010 0107                   9131541[ETX]
25-07-2026 18:04:29 - --Send Message To Machine --[STX]S 001010 0107                   9131541    E001025012024[ETX]
25-07-2026 18:04:29 - [ACK]
25-07-2026 18:05:00 - [STX]D 000701 0108                   9141792    E20260725180002001  4.39  009 0.681  025  7.18  002  70.9  003  28.6  028 27.05  012
25-07-2026 18:05:00 -  0.057  005  26.5  013  12.1  029   5.3  006  9.80  024 0.444  097 138.4  098 4.170  099 103.3  [ETX]
25-07-2026 18:05:09 - [STX]D 000702 0109                   9141793    E20260725180011026 355.8  007 137.9  [ETX]
25-07-2026 18:05:54 - [STX]D 000703 0110                   9141794    E20260725180056001  5.10  025  7.65  002  33.3  003 165.8  012 0.029  005  82.9  013
25-07-2026 18:05:54 -   28.0  024 0.339  [ETX]
25-07-2026 18:06:03 - [STX]D 000704 0111                   9140760    E20260725180105026 113.3  007 205.9  [ETX]
25-07-2026 18:06:12 - [STX]D 000705 0112                   9140761    E20260725180114026 189.9  007 388.1  [ETX]
25-07-2026 18:06:21 - [STX]D 000706 0113                   9141456    E20260725180123026 167.4  007 182.0  [ETX]
25-07-2026 18:06:26 - [STX]D 000707 0114                   9140770    E20260725180128022  32.3  [ETX]
25-07-2026 18:06:28 - [STX]Rh000701 0108                   9141792[ETX]
25-07-2026 18:06:28 - --Send Message To Machine --[STX]S 000701 0108                   9141792    E001025012024[ETX]
25-07-2026 18:06:28 - [ACK]
25-07-2026 18:06:30 - [STX]Rh000702 0109                   9141793[ETX]
25-07-2026 18:06:33 - [NAK]
25-07-2026 18:06:34 - [STX]Rh000703 0110                   9141794[ETX]
25-07-2026 18:06:35 - --Send Message To Machine --[STX]S 000703 0110                   9141794    E001025012024[ETX]
25-07-2026 18:06:35 - [ACK]
25-07-2026 18:06:37 - [STX]Rh000704 0111                   9140760[ETX]
25-07-2026 18:06:40 - [NAK]
25-07-2026 18:06:41 - [STX]Rh000705 0112                   9140761[ETX]
25-07-2026 18:06:45 - [NAK]
25-07-2026 18:06:46 - [STX]Rh000706 0113                   9141456[ETX]
25-07-2026 18:06:49 - [NAK]
25-07-2026 18:06:51 - [STX]Rh000707 0114                   9140770[ETX]
25-07-2026 18:06:54 - [NAK]
25-07-2026 18:08:10 - [STX]D 000901 0115                   9140768    E20260725180312001  4.67  009 0.741  026 134.0  025  7.36  002  60.0  003  43.9  028
25-07-2026 18:08:10 -  30.05  012 0.165  005  25.2  013  22.8  029   5.8  006  9.74  007 169.0  024 1.310  097 139.8  098 4.327  099 105.5  [ETX]
25-07-2026 18:08:19 - [STX]D 000902 0116                   9131556    E20260725180321026 214.9  007 243.9  [ETX]
25-07-2026 18:09:36 - [STX]D 000903 0117                   9131535    E20260725180438001  4.10  009 0.793  026 118.0  025  7.91  002  94.9  003  49.8  028
25-07-2026 18:09:36 -  14.89  012 0.193  005  45.2  013  71.1  029   3.6  006  9.75  007 163.3  024 0.776  097 143.1  098 3.787  099  98.7  [ETX]
25-07-2026 18:10:53 - [STX]D 000904 0118                   9141462    E20260725180555001  4.31  009 0.696  026 208.7  025  7.92  002  68.1  003  24.9  028
25-07-2026 18:10:53 -  27.27  012 0.051  005  25.8  013  19.3  029   6.5  006 10.39  007 220.1  024 0.654  097 140.6  098 3.856  099 102.1  [ETX]
25-07-2026 18:12:10 - [STX]D 000905 0119                   9141465    E20260725180712001  4.17  009 0.575  026 127.5  025  6.53  002 121.2  003  44.6  028
25-07-2026 18:12:10 -  20.28  012 0.198  005  31.9  013  63.2  029   4.1  006  9.52  007 115.4  024 0.881  097 139.4  098 4.002  099 107.0  [ETX]
25-07-2026 18:13:36 - [STX]D 000906 0120                   9131550    E20260725180838001  5.07  009 0.748  017 74.32  026 208.9  025  8.21  002  83.8  003
25-07-2026 18:13:36 -   28.7  027 268.8  028 15.64  012 0.106  005  30.2  013  36.5  029   6.8  006  9.96  007 202.8  024 0.912  097 141.5  098 3.488 
25-07-2026 18:13:36 -  099 102.8  [ETX]
25-07-2026 18:14:53 - [STX]D 000907 0121                   9155279    E20260725180954001  4.06  009 0.590  026  62.9  025  7.48  002  53.6  003  18.3  028
25-07-2026 18:14:53 -  22.21  012 0.095  005  21.7  013  22.0  029   4.9  006  9.02  007 158.6  024 0.448  097 137.8  098 4.448  099 103.6  [ETX]
25-07-2026 18:15:02 - [STX]D 000908 0122                   9131539    E20260725181004006 10.38  007 242.2  [ETX]
25-07-2026 18:16:28 - [STX]D 000909 0123                   9150060    E20260725181130001  4.30  009 0.756  017 56.68  026 350.5  025  7.56  002  70.5  003
25-07-2026 18:16:28 -    8.2  027 260.7  028 21.63  012 0.242  005  25.2  013  14.0  029   5.4  006  9.30  007 238.8  024 1.572  097 137.9  098 3.288 
25-07-2026 18:16:28 -  099  98.3  [ETX]
25-07-2026 18:16:30 - [STX]Rh000901 0115                   9140768[ETX]
25-07-2026 18:16:30 - --Send Message To Machine --[STX]S 000901 0115                   9140768    E001025012024[ETX]
25-07-2026 18:16:30 - [ACK]
25-07-2026 18:16:32 - [STX]Rh000902 0116                   9131556[ETX]
25-07-2026 18:16:35 - [NAK]
25-07-2026 18:16:36 - [STX]Rh000903 0117                   9131535[ETX]
25-07-2026 18:16:37 - --Send Message To Machine --[STX]S 000903 0117                   9131535    E001025012024[ETX]
25-07-2026 18:16:37 - [ACK]
25-07-2026 18:16:39 - [STX]Rh000904 0118                   9141462[ETX]
25-07-2026 18:16:39 - --Send Message To Machine --[STX]S 000904 0118                   9141462    E001025012024[ETX]
25-07-2026 18:16:40 - [ACK]
25-07-2026 18:16:41 - [STX]Rh000905 0119                   9141465[ETX]
25-07-2026 18:16:41 - --Send Message To Machine --[STX]S 000905 0119                   9141465    E001025012024[ETX]
25-07-2026 18:16:42 - [ACK]
25-07-2026 18:16:43 - [STX]Rh000906 0120                   9131550[ETX]
25-07-2026 18:16:44 - --Send Message To Machine --[STX]S 000906 0120                   9131550    E001025012024[ETX]
25-07-2026 18:16:44 - [ACK]
25-07-2026 18:16:46 - [STX]Rh000907 0121                   9155279[ETX]
25-07-2026 18:16:46 - --Send Message To Machine --[STX]S 000907 0121                   9155279    E001025012024[ETX]
25-07-2026 18:16:47 - [ACK]
25-07-2026 18:16:48 - [STX]Rh000908 0122                   9131539[ETX]
25-07-2026 18:16:51 - [NAK]
25-07-2026 18:16:53 - [STX]Rh000909 0123                   9150060[ETX]
25-07-2026 18:16:53 - --Send Message To Machine --[STX]S 000909 0123                   9150060    E001025012024[ETX]
25-07-2026 18:16:54 - [ACK]
25-07-2026 18:29:04 - [STX]R 000701N0124                   9131688[ETX]
25-07-2026 18:29:04 - --Send Message To Machine --[STX]S 000701 0124                   9131688    E099007009013017097001025026028029027002098003005012024006[ETX]
25-07-2026 18:29:04 - [ACK]
25-07-2026 18:29:08 - [STX]R 000702N0125                   9131529[ETX]
25-07-2026 18:29:08 - --Send Message To Machine --[STX]S 000702 0125                   9131529    E099007009013017097001025026028029027002098003005012024006[ETX]
25-07-2026 18:29:09 - [ACK]
25-07-2026 18:29:13 - [STX]R 000703N0126                   9141455[ETX]
25-07-2026 18:29:13 - --Send Message To Machine --[STX]S 000703 0126                   9141455    E099007009013017097001025026028029027002098003005012024006[ETX]
25-07-2026 18:29:13 - [ACK]
25-07-2026 18:29:17 - [STX]R 000704N0127                   9140771[ETX]
25-07-2026 18:29:17 - --Send Message To Machine --[STX]S 000704 0127                   9140771    E099007009013017097001025026028029027002098003005012024006[ETX]
25-07-2026 18:29:18 - [ACK]
25-07-2026 18:29:22 - [STX]R 000705N0128                   9154847[ETX]
25-07-2026 18:29:22 - --Send Message To Machine --[STX]S 000705 0128                   9154847    E099007010009013017097001025026028029022027002098003005012024006[ETX]
25-07-2026 18:29:22 - [ACK]
25-07-2026 18:29:26 - [STX]R 000706N0129                   9138900[ETX]
25-07-2026 18:29:26 - --Send Message To Machine --[STX]S 000706 0129                   9138900    E099007009013017097001025026028029027002098003005012024006[ETX]
25-07-2026 18:29:27 - [ACK]
25-07-2026 18:29:31 - [STX]R 000707N0130                   9140773[ETX]
25-07-2026 18:29:31 - --Send Message To Machine --[STX]S 000707 0130                   9140773    E099007009013017097001025026028029027002098003005012024006[ETX]
25-07-2026 18:29:31 - [ACK]
25-07-2026 18:29:35 - [STX]R 000708N0131                   9141448[ETX]
25-07-2026 18:29:35 - --Send Message To Machine --[STX]S 000708 0131                   9141448    E099007009013017097001025026028029027002098003005012024006[ETX]
25-07-2026 18:29:36 - [ACK]
25-07-2026 18:29:40 - [STX]R 000709N0132                   9141451[ETX]
25-07-2026 18:29:40 - --Send Message To Machine --[STX]S 000709 0132                   9141451    E099007009013017097001025026028029027002098003005012024006[ETX]
25-07-2026 18:29:41 - [ACK]
25-07-2026 18:29:44 - [STX]R 000710N0133                   9295436[ETX]
25-07-2026 18:29:45 - --Send Message To Machine --[STX]S 000710 0133                   9295436    E099007009013097001025026028029002098003005012024006[ETX]
25-07-2026 18:29:45 - [ACK]
25-07-2026 18:29:49 - [STX]R 000901N0134                   9295435[ETX]
25-07-2026 18:29:49 - --Send Message To Machine --[STX]S 000901 0134                   9295435    E001025012024[ETX]
25-07-2026 18:29:50 - [ACK]
25-07-2026 18:29:53 - [STX]R 000902N0135                   9295438[ETX]
25-07-2026 18:29:54 - --Send Message To Machine --[STX]S 000902 0135                   9295438    E014[ETX]
25-07-2026 18:29:54 - [ACK]
25-07-2026 18:30:12 - [STX]D     01 P014                  09131531    E20260725182513014  85.5  [ETX]
25-07-2026 18:40:14 - [STX]D 000701 0124                   9131688    E20260725183515001  4.25  009 0.688  017 90.71  026 188.4  025  7.97  002  98.3  003
25-07-2026 18:40:14 -   14.2  027 292.5  028 26.60  012 0.046  005  26.1  013  14.4  029   6.6  006  9.95  007 240.8  024 0.610  097 145.2  098 4.159 
25-07-2026 18:40:14 -  099 106.0  [ETX]
25-07-2026 18:40:41 - [STX]R 000801N0136                   9131547[ETX]
25-07-2026 18:40:41 - --Send Message To Machine --[STX]S 000801 0136                   9131547    E099007009013017097001025026028029027002098003005012024006[ETX]
25-07-2026 18:40:41 - [ACK]
25-07-2026 18:40:45 - [STX]R 000802N0137                   9131532[ETX]
25-07-2026 18:40:45 - --Send Message To Machine --[STX]S 000802 0137                   9131532    E099007009013097001025026028029002098003005012024006[ETX]
25-07-2026 18:40:46 - [ACK]
25-07-2026 18:40:50 - [STX]R 000803N0138                   9131545[ETX]
25-07-2026 18:40:50 - --Send Message To Machine --[STX]S 000803 0138                   9131545    E099007009013017097001025026028029027002098003005012024006[ETX]
25-07-2026 18:40:50 - [ACK]
25-07-2026 18:41:40 - [STX]D 000702 0125                   9131529    E20260725183641001  4.65  009 0.778  017115.22  026  39.9  025  7.72  002  65.7  003
25-07-2026 18:41:40 -   20.9  027 280.4  028 25.00  012 0.133  005  25.8  013  15.9  029   3.5  006  9.82  007 177.8  024 0.655  097 139.7  098 4.364 
25-07-2026 18:41:40 -  099  99.9  [ETX]
25-07-2026 18:42:07 - [STX]R 000804N0139                   9140764[ETX]
25-07-2026 18:42:07 - --Send Message To Machine --[STX]S 000804 0139                   9140764    E099007009013097001025026028029002098003005012024006[ETX]
25-07-2026 18:42:07 - [ACK]
25-07-2026 18:43:06 - [STX]D 000703 0126                   9141455    E20260725183807001  3.96  009 0.876  017131.26  026 169.7  025  6.43  002 124.9  003
25-07-2026 18:43:06 -   43.4  027 151.0  028 18.10  012 0.149  005  38.9  013  22.7  029   5.8  006  9.64  007 190.2  024 0.680  097 141.8  098 3.687 
25-07-2026 18:43:06 -  099 104.2  [ETX]
25-07-2026 18:43:33 - [STX]R 000805N0140                   9141453[ETX]
25-07-2026 18:43:33 - --Send Message To Machine --[STX]S 000805 0140                   9141453    E099007009013017097001025026028029027002098003005012024006[ETX]
25-07-2026 18:43:33 - [ACK]
25-07-2026 18:44:32 - [STX]D 000704 0127                   9140771    E20260725183933001  3.82  009 1.011  017 98.31  026 161.2  025  6.36  002  43.9  003
25-07-2026 18:44:32 -   15.8  027 165.2  028 26.16  012 0.079  005  19.0  013  16.4  029   7.5  006  9.42  007 194.9  024 0.772  097 141.0  098 4.341 
25-07-2026 18:44:32 -  099 105.7  [ETX]
25-07-2026 18:44:49 - [STX]R 000806N0141                   9140971[ETX]
25-07-2026 18:44:50 - --Send Message To Machine --[STX]S 000806 0141                   9140971    E099007009013017097001025026028029027002098003005012024006[ETX]
25-07-2026 18:44:50 - [ACK]
25-07-2026 18:45:17 - [STX]R 000807N0142                   9130280[ETX]
25-07-2026 18:45:17 - --Send Message To Machine --[STX]S 000807 0142                   9130280    E099007009013017097001025026028029027002098003005012024006[ETX]
25-07-2026 18:45:17 - [ACK]
25-07-2026 18:45:21 - [STX]R 000808N0143                   9295439[ETX]
25-07-2026 18:45:21 - --Send Message To Machine --[STX]S 000808 0143                   9295439    E099007009013017097001025026028029027002098003005012024006[ETX]
25-07-2026 18:45:22 - [ACK]
25-07-2026 18:46:20 - [STX]D 000705 0128                   9154847    E20260725184122001  4.42  009 0.748  017130.64  026  82.8  025  7.65  010  1.34  002
25-07-2026 18:46:21 -   71.9  003  19.5  027 202.8  028 26.34  012 0.079  005  43.0  013  55.4  029   4.7  022 126.3F 006  9.91  007 204.0  024 0.723 
25-07-2026 18:46:21 -  097 142.7  098 3.653  099 105.3  [ETX]
25-07-2026 18:47:46 - [STX]D 000706 0129                   9138900    E20260725184248001  4.00  009 0.635  017 76.45  026  83.3  025  6.57  002 143.2  003
25-07-2026 18:47:46 -   28.1  027 327.0  028 13.38  012 0.073  005  34.8  013  11.1  029   3.2  006  9.38  007 182.1  024 0.496  097 142.4  098 4.745 
25-07-2026 18:47:46 -  099 105.8  [ETX]
25-07-2026 18:49:03 - [STX]R 001001N0144                   9295441[ETX]
25-07-2026 18:49:03 - --Send Message To Machine --[STX]S 001001 0144                   9295441    E014[ETX]
25-07-2026 18:49:04 - [ACK]
25-07-2026 18:49:07 - [STX]R 001002N0145                   9295443[ETX]
25-07-2026 18:49:08 - --Send Message To Machine --[STX]S 001002 0145                   9295443    E099007009013097001025026028029002098003005012024006[ETX]
25-07-2026 18:49:08 - [ACK]
25-07-2026 18:49:12 - [STX]D 000707 0130                   9140773    E20260725184414001  4.09  009 0.620  017 93.60  026  86.0  025  6.87  002  72.7  003
25-07-2026 18:49:12 -   19.4  027 226.3  028 27.59  012 0.149  005  25.5  013  25.6  029   0.1G 006  9.55  007 221.2  024 0.846  097 141.2  098 4.021 
25-07-2026 18:49:12 -  099 108.8  [ETX]
25-07-2026 18:50:38 - [STX]D 000708 0131                   9141448    E20260725184540001  4.60  009 0.643  017 30.00  026  53.3  025  8.09  002  83.1  003
25-07-2026 18:50:38 -   23.0  027 431.3  028 42.57  012 0.106  005  31.8  013  12.4  029   3.3  006  9.87  007 159.1  024 0.570  097 139.1  098 4.276 
25-07-2026 18:50:38 -  099 103.3  [ETX]
25-07-2026 18:52:04 - [STX]D 000709 0132                   9141451    E20260725184706001  4.13  009 0.613  017 87.12  026  55.5  025  7.70  002  53.8  003
25-07-2026 18:52:04 -   20.2  027 315.3  028 39.53  012 0.166  005  30.3  013  14.0  029   2.2  006  9.43  007 134.6  024 0.890  097 137.8  098 4.359 
25-07-2026 18:52:04 -  099 102.4  [ETX]
25-07-2026 18:53:21 - [STX]D 000710 0133                   9295436    E20260725184823001  3.94  009 0.688  026 113.3  025  7.33  002  46.7  003   9.1  028
25-07-2026 18:53:21 -  26.32  012 0.046  005  16.4  013   8.2  029   2.8  006  9.29  007 185.3  024 0.702  097 135.3  098 3.919  099 107.5  [ETX]
25-07-2026 18:53:23 - [STX]Rh000701 0124                   9131688[ETX]
25-07-2026 18:53:23 - --Send Message To Machine --[STX]S 000701 0124                   9131688    E001025012024[ETX]
25-07-2026 18:53:24 - [ACK]
25-07-2026 18:53:25 - [STX]Rh000702 0125                   9131529[ETX]
25-07-2026 18:53:25 - --Send Message To Machine --[STX]S 000702 0125                   9131529    E001025012024[ETX]
25-07-2026 18:53:26 - [ACK]
25-07-2026 18:53:27 - [STX]Rh000703 0126                   9141455[ETX]
25-07-2026 18:53:28 - --Send Message To Machine --[STX]S 000703 0126                   9141455    E001025012024[ETX]
25-07-2026 18:53:28 - [ACK]
25-07-2026 18:53:30 - [STX]Rh000704 0127                   9140771[ETX]
25-07-2026 18:53:30 - --Send Message To Machine --[STX]S 000704 0127                   9140771    E001025012024[ETX]
25-07-2026 18:53:30 - [ACK]
25-07-2026 18:53:32 - [STX]Rh000705 0128                   9154847[ETX]
25-07-2026 18:53:32 - --Send Message To Machine --[STX]S 000705 0128                   9154847    E001025012024[ETX]
25-07-2026 18:53:33 - [ACK]
25-07-2026 18:53:34 - [STX]Rh000706 0129                   9138900[ETX]
25-07-2026 18:53:35 - --Send Message To Machine --[STX]S 000706 0129                   9138900    E001025012024[ETX]
25-07-2026 18:53:35 - [ACK]
25-07-2026 18:53:37 - [STX]Rh000707 0130                   9140773[ETX]
25-07-2026 18:53:37 - --Send Message To Machine --[STX]S 000707 0130                   9140773    E001025012024[ETX]
25-07-2026 18:53:38 - [ACK]
25-07-2026 18:53:39 - [STX]Rh000708 0131                   9141448[ETX]
25-07-2026 18:53:39 - --Send Message To Machine --[STX]S 000708 0131                   9141448    E001025012024[ETX]
25-07-2026 18:53:40 - [ACK]
25-07-2026 18:53:41 - [STX]Rh000709 0132                   9141451[ETX]
25-07-2026 18:53:42 - --Send Message To Machine --[STX]S 000709 0132                   9141451    E001025012024[ETX]
25-07-2026 18:53:42 - [ACK]
25-07-2026 18:53:44 - [STX]Rh000710 0133                   9295436[ETX]
25-07-2026 18:53:44 - --Send Message To Machine --[STX]S 000710 0133                   9295436    E001025012024[ETX]
25-07-2026 18:53:45 - [ACK]
25-07-2026 18:53:48 - [STX]D 000901 0134                   9295435    E20260725184850001  2.75  025 10.50  012 0.115  024 0.361  [ETX]
25-07-2026 18:53:53 - [STX]D 000902 0135                   9295438    E20260725184854014  94.8  [ETX]
25-07-2026 18:53:54 - [STX]Rh000901 0134                   9295435[ETX]
25-07-2026 18:53:55 - --Send Message To Machine --[STX]S 000901 0134                   9295435    E001025012024[ETX]
25-07-2026 18:53:55 - [ACK]
25-07-2026 18:53:57 - [STX]Rh000902 0135                   9295438[ETX]
25-07-2026 18:54:00 - [NAK]
25-07-2026 18:55:55 - [STX]D 000801 0136                   9131547    E20260725185057001  4.11  009 0.899  017137.99  026 252.5  025  6.93  002  95.4  003
25-07-2026 18:55:55 -   16.9  027 211.6  028 32.32  012 0.115  005  25.5  013  15.0  029   4.0  006  9.30  007 218.3  024 0.684  097 136.5  098 3.753 
25-07-2026 18:55:55 -  099  99.7  [ETX]
25-07-2026 18:57:12 - [STX]D 000802 0137                   9131532    E20260725185214001  4.43  009 0.726  0261206.4ZF025  7.12  002  75.2  003      ?D028
25-07-2026 18:57:12 -       ?D012-0.043G 005      ?D013  11.6  029   4.9  006  9.64  007 825.8F 024 1.038  097 132.8  098 3.732  099  95.8  [ETX]
25-07-2026 18:58:38 - [STX]D 000803 0138                   9131545    E20260725185340001  4.10  009 0.583  017 92.71  026  92.7  025  7.42  002  81.9  003
25-07-2026 18:58:38 -   18.4  027 332.7  028 24.57  012 0.139  005  26.2  013  13.9  029   3.8  006  9.59  007 196.6  024 0.711  097 142.7  098 3.760 
25-07-2026 18:58:38 -  099 104.8  [ETX]
25-07-2026 18:59:55 - [STX]D 000804 0139                   9140764    E20260725185457001  4.17  009 0.575  026  70.0  025  7.69  002 104.5  003  16.5  028
25-07-2026 18:59:55 -  23.55  012 0.040  005  27.2  013  80.9  029   3.4  006  9.94  007 211.5  024 0.452  097 138.9  098 4.111  099 106.5  [ETX]
25-07-2026 19:01:21 - [STX]D 000805 0140                   9141453    E20260725185623001  4.71  009 1.011  017151.43  026 791.4  025  7.52  002  63.4  003
25-07-2026 19:01:21 -  197.3  027 246.3  028 35.07  012 0.078  005  96.0  013 101.4  029   5.9  006  9.86  007 228.1  024 0.654  097 140.0  098 3.738 
25-07-2026 19:01:21 -  099  98.5  [ETX]
25-07-2026 19:02:47 - [STX]D 000806 0141                   9140971    E20260725185749001  4.23  009 0.681  017 33.99  026 319.3  025  7.98  002 104.7  003
25-07-2026 19:02:47 -   33.4  027 305.8  028 21.26  012 0.128  005  27.8  013  20.3  029   5.8  006  9.49  007 256.1  024 0.728  097 140.6  098 4.087 
25-07-2026 19:02:47 -  099 102.2  [ETX]
25-07-2026 19:04:13 - [STX]D 000807 0142                   9130280    E20260725185915001  2.94  009 1.222  017 19.49  026  89.4  025  7.93  002 354.2  003
25-07-2026 19:04:13 -   43.7  027 130.4  028 25.93  012 0.236  005  75.7  013 185.7  029   5.8  006  8.67  007 130.4  024 1.323  097 123.9  098 4.431 
25-07-2026 19:04:13 -  099  88.9  [ETX]
25-07-2026 19:05:39 - [STX]D 000808 0143                   9295439    E20260725190041001  4.25  009 1.094  017145.00  026  86.5  025  7.06  002  60.2  003
25-07-2026 19:05:39 -   22.9  027 221.1  028 39.90  012 0.198  005  21.8  013  10.3  029   5.8  006  9.47  007 131.4  024 0.882  097 139.5  098 4.115 
25-07-2026 19:05:39 -  099 105.2  [ETX]
25-07-2026 19:05:41 - [STX]Rh000801 0136                   9131547[ETX]
25-07-2026 19:05:41 - --Send Message To Machine --[STX]S 000801 0136                   9131547    E001025012024[ETX]
25-07-2026 19:05:41 - [ACK]
25-07-2026 19:05:43 - [STX]Rh000802 0137                   9131532[ETX]
25-07-2026 19:05:43 - --Send Message To Machine --[STX]S 000802 0137                   9131532    E007097001025026028003005012024[ETX]
25-07-2026 19:05:44 - [ACK]
25-07-2026 19:05:45 - [STX]Rh000803 0138                   9131545[ETX]
25-07-2026 19:05:46 - --Send Message To Machine --[STX]S 000803 0138                   9131545    E001025012024[ETX]
25-07-2026 19:05:46 - [ACK]
25-07-2026 19:05:48 - [STX]Rh000804 0139                   9140764[ETX]
25-07-2026 19:05:48 - --Send Message To Machine --[STX]S 000804 0139                   9140764    E001025012024[ETX]
25-07-2026 19:05:48 - [ACK]
25-07-2026 19:05:50 - [STX]Rh000805 0140                   9141453[ETX]
25-07-2026 19:05:50 - --Send Message To Machine --[STX]S 000805 0140                   9141453    E001025012024[ETX]
25-07-2026 19:05:51 - [ACK]
25-07-2026 19:05:52 - [STX]Rh000806 0141                   9140971[ETX]
25-07-2026 19:05:53 - --Send Message To Machine --[STX]S 000806 0141                   9140971    E001025012024[ETX]
25-07-2026 19:05:53 - [ACK]
25-07-2026 19:05:55 - [STX]D 001001 0144                   9295441    E20260725190054014  71.8  [ETX]
25-07-2026 19:05:56 - [STX]Rh000807 0142                   9130280[ETX]
25-07-2026 19:05:57 - --Send Message To Machine --[STX]S 000807 0142                   9130280    E001025012024[ETX]
25-07-2026 19:05:57 - [ACK]
25-07-2026 19:05:59 - [STX]Rh000808 0143                   9295439[ETX]
25-07-2026 19:05:59 - --Send Message To Machine --[STX]S 000808 0143                   9295439    E099001025098012024[ETX]
25-07-2026 19:06:00 - [ACK]
25-07-2026 19:07:09 - [STX]D 001002 0145                   9295443    E20260725190211001  4.58  009 0.598  026 127.8  025  7.59  002  67.6  003  37.1  028
25-07-2026 19:07:09 -  35.33  012 0.046  005  31.5  013  17.0  029   3.0  006 10.15  007 201.3  024 0.636  097 138.8  098 4.345  099 106.4  [ETX]
25-07-2026 19:07:11 - [STX]Rh001001 0144                   9295441[ETX]
25-07-2026 19:07:14 - [NAK]
25-07-2026 19:07:16 - [STX]Rh001002 0145                   9295443[ETX]
25-07-2026 19:07:16 - --Send Message To Machine --[STX]S 001002 0145                   9295443    E099007013097001025026028029098003005012024006[ETX]
25-07-2026 19:07:16 - [ACK]
25-07-2026 19:13:25 - [STX]D     02 P015                   9295435    E20260725190827001  2.81  [ETX]
25-07-2026 19:16:17 - [STX]R 000801N0146                   9297579[ETX]
25-07-2026 19:16:17 - --Send Message To Machine --[STX]S 000801 0146                   9297579    E099007009013097001025026028029098003005012024006[ETX]
25-07-2026 19:16:18 - [ACK]
25-07-2026 19:19:04 - [STX]D     02 P015                   9295435    E20260725191406017  7.43G 025 10.44  027 211.4  [ETX]
25-07-2026 19:27:09 - [STX]D 000801 0146                   9297579    E20260725192210001  4.38  009 0.575  026  39.6  025  7.50  003  74.0  028 21.55  012
25-07-2026 19:27:09 -  0.095  005  68.4  013  48.3  029   5.9  006  9.61  007 132.6  024 0.453  097 139.3  098 4.087  099 107.6  [ETX]
25-07-2026 19:27:10 - [STX]Rh000801 0146                   9297579[ETX]
25-07-2026 19:27:11 - --Send Message To Machine --[STX]S 000801 0146                   9297579    E099007013097001025026028029098003005012024006[ETX]
25-07-2026 19:27:11 - [ACK]
25-07-2026 19:40:41 - [STX]RE[ETX]
25-07-2026 19:40:42 - [STX]DE[ETX]
25-07-2026 21:18:03 - [STX]RB[ETX]
25-07-2026 21:18:04 - [STX]DB[ETX]
25-07-2026 21:18:15 - [STX]R 000801N0147                   9295444[ETX]
25-07-2026 21:18:16 - --Send Message To Machine --[STX]S 000801 0147                   9295444    E099007009013017097001025026028029027002098003005012024006[ETX]
25-07-2026 21:18:17 - [ACK]
25-07-2026 21:18:20 - [STX]R 000802N0148                   8804476[ETX]
25-07-2026 21:18:20 - --Send Message To Machine --[STX]S 000802 0148                   8804476    E099007009013017097001025026028029027002098003005012024006[ETX]
25-07-2026 21:18:21 - [ACK]
25-07-2026 21:18:24 - [STX]R 000803N0149                   8804484[ETX]
25-07-2026 21:18:25 - --Send Message To Machine --[STX]S 000803 0149                   8804484    E099007009013017097001025026028029027002098003005012024006[ETX]
25-07-2026 21:18:25 - [ACK]
25-07-2026 21:18:29 - [STX]R 000804N0150                   8804480[ETX]
25-07-2026 21:18:29 - --Send Message To Machine --[STX]S 000804 0150                   8804480    E099007009013017097001025026028029027002098003005012024006[ETX]
25-07-2026 21:18:30 - [ACK]
25-07-2026 21:18:33 - [STX]R 000805N0151                   9131709[ETX]
25-07-2026 21:18:34 - --Send Message To Machine --[STX]S 000805 0151                   9131709    E099007009013017097001025026028029027002098003005012024006[ETX]
25-07-2026 21:18:34 - [ACK]
25-07-2026 21:18:38 - [STX]R 000806N0152                   9155277[ETX]
25-07-2026 21:18:38 - --Send Message To Machine --[STX]S 000806 0152                   9155277    E099007010009013017097001025026028029022027002098003005012024006[ETX]
25-07-2026 21:18:39 - [ACK]
25-07-2026 21:18:43 - [STX]R 000807N0153                   9295448[ETX]
25-07-2026 21:18:43 - --Send Message To Machine --[STX]S 000807 0153                   9295448    E099007009013017097001025026028029027002098003005012024006[ETX]
25-07-2026 21:18:43 - [ACK]
25-07-2026 21:18:47 - [STX]R 000808N0154                   9131562[ETX]
25-07-2026 21:18:47 - --Send Message To Machine --[STX]S 000808 0154                   9131562    E099007009013017097001025026028029027002098003005012024006[ETX]
25-07-2026 21:18:48 - [ACK]
25-07-2026 21:18:52 - [STX]R 000809N0155                   8806402[ETX]
25-07-2026 21:18:52 - --Send Message To Machine --[STX]S 000809 0155                   8806402    E099007009013017097001025026028029027002098003005012024006[ETX]
25-07-2026 21:18:53 - [ACK]
25-07-2026 21:18:56 - [STX]R 000810N0156                   8804471[ETX]
25-07-2026 21:18:56 - --Send Message To Machine --[STX]S 000810 0156                   8804471    E099007010009013017097001025026028029022027002098003005012024006[ETX]
25-07-2026 21:18:57 - [ACK]
25-07-2026 21:31:50 - [STX]D 000801 0147                   9295444    E20260725212652001  4.79  009 0.470  017  5.58G 026  94.7  025  8.10  002  52.9  003
25-07-2026 21:31:50 -    8.9  027 501.0  028 14.16  012 0.128  005  17.7  013   8.0  029   1.8  006  9.83  007 138.2  024 0.654  097 139.6  098 4.507 
25-07-2026 21:31:50 -  099 106.6  [ETX]
25-07-2026 21:33:16 - [STX]D 000802 0148                   8804476    E20260725212818001  4.21  009 0.553  017  9.06G 026 205.0  025  7.45  002  70.5  003
25-07-2026 21:33:16 -   22.0  027 441.3  028 21.19  012 0.040  005  27.2  013  21.4  029   4.4  006  9.42  007 215.8  024 0.588  097 138.1  098 5.198 
25-07-2026 21:33:16 -  099 106.3  [ETX]
25-07-2026 21:34:42 - [STX]D 000803 0149                   8804484    E20260725212944001  4.14  009 0.568  017 75.87  026  95.5  025  7.08  002  45.9  003
25-07-2026 21:34:42 -   29.2  027 445.8  028 20.37  012 0.062  005  23.2  013  18.9  029   4.2  006  9.91  007 197.4  024 0.479  097 138.3  098 4.731 
25-07-2026 21:34:42 -  099 107.2  [ETX]
25-07-2026 21:36:08 - [STX]D 000804 0150                   8804480    E20260725213110001  4.44  009 0.996  017 63.16  026 104.1  025  7.14  002  52.1  003
25-07-2026 21:36:08 -   31.3  027 225.6  028 20.33  012 0.117  005  26.0  013  19.1  029   4.3  006  9.66  007 188.5  024 0.619  097 138.6  098 4.363 
25-07-2026 21:36:08 -  099 103.8  [ETX]
25-07-2026 21:37:34 - [STX]D 000805 0151                   9131709    E20260725213236001  4.39  009 0.726  017  9.68G 026  44.2  025  8.03  002  51.8  003
25-07-2026 21:37:34 -   17.2  027 432.5  028 25.41  012 0.062  005  23.1  013   8.4  029   4.3  006  9.61  007 133.5  024 0.509  097 138.1  098 4.646 
25-07-2026 21:37:34 -  099 103.2  [ETX]
25-07-2026 21:39:23 - [STX]D 000806 0152                   9155277    E20260725213425001  4.35  009 0.545  017 19.46  026  89.5  025  7.66  010  1.55  002
25-07-2026 21:39:23 -   63.6  003  11.0  027 458.0  028 17.68  012 0.144  005  21.0  013   8.5  029   2.9  022   4.5G 006  9.64  007 175.8  024 1.165 
25-07-2026 21:39:23 -  097 139.6  098 4.388  099 102.9  [ETX]
25-07-2026 21:40:49 - [STX]D 000807 0153                   9295448    E20260725213551001  4.67  009 1.004  017145.12  026  67.6  025  7.48  002 107.3  003
25-07-2026 21:40:49 -   46.3  027 274.5  028 20.16  012 0.111  005  43.4  013  16.1  029   6.0  006 10.29  007 194.5  024 0.728  097 141.1  098 3.981 
25-07-2026 21:40:49 -  099 101.3  [ETX]
25-07-2026 21:41:29 - [STX]R 001001N0157                   9295450[ETX]
25-07-2026 21:41:30 - --Send Message To Machine --[STX]S 001001 0157                   9295450    E099007009013017097001025026028029027002098003005012024006[ETX]
25-07-2026 21:41:30 - [ACK]
25-07-2026 21:41:34 - [STX]R 001002N0158                   8806395[ETX]
25-07-2026 21:41:34 - --Send Message To Machine --[STX]S 001002 0158                   8806395    E099007009013097001025026028029002098003005012024006[ETX]
25-07-2026 21:41:35 - [ACK]
25-07-2026 21:41:38 - [STX]R 001003N0159                   9131558[ETX]
25-07-2026 21:41:39 - --Send Message To Machine --[STX]S 001003 0159                   9131558    E099007009013017097001025026028029027002098003005012024006[ETX]
25-07-2026 21:41:39 - [ACK]
25-07-2026 21:41:43 - [STX]R 001004N0160                   9131728[ETX]
25-07-2026 21:41:43 - --Send Message To Machine --[STX]S 001004 0160                   9131728    E099007009013017097001025026028029027002098003005012024006[ETX]
25-07-2026 21:41:44 - [ACK]
25-07-2026 21:41:47 - [STX]R 001005N0161                   9295452[ETX]
25-07-2026 21:41:48 - --Send Message To Machine --[STX]S 001005 0161                   9295452    E010[ETX]
25-07-2026 21:41:49 - [ACK]
25-07-2026 21:41:52 - [STX]R 001006N0162                   8804481[ETX]
25-07-2026 21:41:52 - --Send Message To Machine --[STX]S 001006 0162                   8804481    E014[ETX]
25-07-2026 21:41:53 - [ACK]
25-07-2026 21:41:57 - [STX]R 001007N0163                   8806393[ETX]
25-07-2026 21:41:57 - --Send Message To Machine --[STX]S 001007 0163                   8806393    E014[ETX]
25-07-2026 21:41:58 - [ACK]
25-07-2026 21:42:01 - [STX]R 001008N0164                   9297575[ETX]
25-07-2026 21:42:01 - --Send Message To Machine --[STX]S 001008 0164                   9297575    E010[ETX]
25-07-2026 21:42:02 - [ACK]
25-07-2026 21:42:06 - [STX]R 001009N0165                   8804477[ETX]
25-07-2026 21:42:06 - --Send Message To Machine --[STX]S 001009 0165                   8804477    E014[ETX]
25-07-2026 21:42:07 - [ACK]
25-07-2026 21:42:10 - [STX]R 001010N0166                   8804485[ETX]
25-07-2026 21:42:11 - --Send Message To Machine --[STX]S 001010 0166                   8804485    E014[ETX]
25-07-2026 21:42:11 - [ACK]
25-07-2026 21:42:15 - [STX]R 000901N0167                   9297579[ETX]
25-07-2026 21:42:18 - [NAK]
25-07-2026 21:42:19 - [STX]D 000808 0154                   9131562    E20260725213717001  4.41  009 0.605  017 73.04  026  96.3  025  7.31  002  65.0  003
25-07-2026 21:42:19 -   37.7  027 342.6  028 17.52  012 0.090  005  29.1  013  20.4  029   2.8  006  9.70  007 172.6  024 0.413  097 140.3  098 3.728 
25-07-2026 21:42:20 -  099 103.8  [ETX]
25-07-2026 21:42:21 - [STX]R 000902N0167                   8804470[ETX]
25-07-2026 21:42:22 - --Send Message To Machine --[STX]S 000902 0167                   8804470    E014[ETX]
25-07-2026 21:42:22 - [ACK]
25-07-2026 21:42:24 - [STX]R 000903N0168                   9155275[ETX]
25-07-2026 21:42:24 - --Send Message To Machine --[STX]S 000903 0168                   9155275    E014[ETX]
25-07-2026 21:42:25 - [ACK]
25-07-2026 21:42:28 - [STX]R 000904N0169                   9295445[ETX]
25-07-2026 21:42:29 - --Send Message To Machine --[STX]S 000904 0169                   9295445    E014[ETX]
25-07-2026 21:42:29 - [ACK]
25-07-2026 21:42:33 - [STX]R 000905N0170                   8806398[ETX]
25-07-2026 21:42:33 - --Send Message To Machine --[STX]S 000905 0170                   8806398    E007026[ETX]
25-07-2026 21:42:34 - [ACK]
25-07-2026 21:42:37 - [STX]R 000906N0171                   9295449[ETX]
25-07-2026 21:42:38 - --Send Message To Machine --[STX]S 000906 0171                   9295449    E014[ETX]
25-07-2026 21:42:38 - [ACK]
25-07-2026 21:43:41 - [STX]D 000809 0155                   8806402    E20260725213843001  4.36  009 0.891  017 89.45  026 250.1  025  7.82  002  65.8  003
25-07-2026 21:43:41 -   42.3  027 308.6  028 27.40  012 0.019  005  29.2  013  26.4  029   7.8  006  9.52  007 209.4  024 0.676  097 134.4  098 7.795 
25-07-2026 21:43:41 -  099 104.6  [ETX]
25-07-2026 21:43:59 - [STX]R 000907N0172                   8804468[ETX]
25-07-2026 21:43:59 - --Send Message To Machine --[STX]S 000907 0172                   8804468    E099009013097001025028029002098003005012024006[ETX]
25-07-2026 21:44:00 - [ACK]
25-07-2026 21:45:11 - [STX]R 000908N0173                   8806390[ETX]
25-07-2026 21:45:12 - --Send Message To Machine --[STX]S 000908 0173                   8806390    E007026[ETX]
25-07-2026 21:45:12 - [ACK]
25-07-2026 21:45:25 - [STX]D 000810 0156                   8804471    E20260725214027001  4.45  009 0.801  017 84.42  026 280.4  010  0.63  002  84.0  003
25-07-2026 21:45:25 -   26.3  027 321.3  028 23.84  012 0.106  005  22.8  013  25.8  029   4.0  022   1.7G 006  9.68  007 212.4  024 0.654  097 139.6 
25-07-2026 21:45:25 -  098 4.148  099 105.1  [ETX]
25-07-2026 21:45:27 - [STX]Rh000801 0147                   9295444[ETX]
25-07-2026 21:45:27 - --Send Message To Machine --[STX]S 000801 0147                   9295444    E001025012024[ETX]
25-07-2026 21:45:28 - [ACK]
25-07-2026 21:45:29 - [STX]Rh000802 0148                   8804476[ETX]
25-07-2026 21:45:29 - --Send Message To Machine --[STX]S 000802 0148                   8804476    E001025012024[ETX]
25-07-2026 21:45:30 - [ACK]
25-07-2026 21:45:32 - [STX]Rh000803 0149                   8804484[ETX]
25-07-2026 21:45:32 - --Send Message To Machine --[STX]S 000803 0149                   8804484    E001025012024[ETX]
25-07-2026 21:45:32 - [ACK]
25-07-2026 21:45:34 - [STX]Rh000804 0150                   8804480[ETX]
25-07-2026 21:45:34 - --Send Message To Machine --[STX]S 000804 0150                   8804480    E001025012024[ETX]
25-07-2026 21:45:35 - [ACK]
25-07-2026 21:45:36 - [STX]Rh000805 0151                   9131709[ETX]
25-07-2026 21:45:37 - --Send Message To Machine --[STX]S 000805 0151                   9131709    E001025012024[ETX]
25-07-2026 21:45:37 - [ACK]
25-07-2026 21:45:39 - [STX]Rh000806 0152                   9155277[ETX]
25-07-2026 21:45:39 - --Send Message To Machine --[STX]S 000806 0152                   9155277    E001025012024[ETX]
25-07-2026 21:45:40 - [ACK]
25-07-2026 21:45:41 - [STX]Rh000807 0153                   9295448[ETX]
25-07-2026 21:45:42 - --Send Message To Machine --[STX]S 000807 0153                   9295448    E001025012024[ETX]
25-07-2026 21:45:42 - [ACK]
25-07-2026 21:45:44 - [STX]Rh000808 0154                   9131562[ETX]
25-07-2026 21:45:44 - --Send Message To Machine --[STX]S 000808 0154                   9131562    E001025012024[ETX]
25-07-2026 21:45:45 - [ACK]
25-07-2026 21:45:46 - [STX]Rh000809 0155                   8806402[ETX]
25-07-2026 21:45:47 - --Send Message To Machine --[STX]S 000809 0155                   8806402    E001025012024[ETX]
25-07-2026 21:45:47 - [ACK]
25-07-2026 21:45:49 - [STX]Rh000810 0156                   8804471[ETX]
25-07-2026 21:45:49 - --Send Message To Machine --[STX]S 000810 0156                   8804471    E099007097001025028027098012024[ETX]
25-07-2026 21:45:50 - [ACK]
25-07-2026 21:46:33 - [STX]R 000909N0174                   9131532[ETX]
25-07-2026 21:46:33 - --Send Message To Machine --[STX]S 000909 0174                   9131532    E007097001025026028003005012024[ETX]
25-07-2026 21:46:34 - [ACK]
25-07-2026 21:52:30 - [STX]D 001001 0157                   9295450    E20260725214732001  4.50  009 0.666  017 94.14  026 128.3  002  52.5  003  44.2  027
25-07-2026 21:52:30 -  390.4  028 21.55  012 0.040  005  52.8  013  38.1  029   4.4  006  9.38  007 209.7  024 0.264  097 137.4  098 4.536  099 102.5 
25-07-2026 21:52:30 -  [ETX]
25-07-2026 21:53:43 - [STX]D 001002 0158                   8806395    E20260725214845001  3.88  009 1.049  026 165.8  002  81.7  003  16.5  028 51.13  012
25-07-2026 21:53:43 -  0.133  005  19.8  013  25.3  029   9.5  006  9.09  007 172.5  024 0.772  097 140.8  098 4.061  099 108.8  [ETX]
25-07-2026 21:55:04 - [STX]D 001003 0159                   9131558    E20260725215006001  4.50  009 0.846  017 47.41  026 127.0  002  85.9  003  51.7  027
25-07-2026 21:55:04 -  325.4  028 23.82  012 0.193  005  50.9  013  22.2  029   7.1  006 10.10  007 206.5  024 0.982  097 139.3  098 2.865  099  90.5 
25-07-2026 21:55:04 -  [ETX]
25-07-2026 21:56:26 - [STX]D 001004 0160                   9131728    E20260725215127001  4.61  009 0.914  017 80.18  026 114.5  002  85.2  003  28.6  027
25-07-2026 21:56:26 -  293.7  028 30.84  012 0.149  005  25.6  013  21.1  029   7.2  006  9.64  007 185.1  024 0.899  097 139.0  098 4.001  099 106.0 
25-07-2026 21:56:26 -  [ETX]
25-07-2026 21:56:44 - [STX]D 001005 0161                   9295452    E20260725215146010  0.43  [ETX]
25-07-2026 21:57:11 - [STX]D 001008 0164                   9297575    E20260725215213010  6.76  [ETX]
25-07-2026 21:57:13 - [STX]Rh001001 0157                   9295450[ETX]
25-07-2026 21:57:14 - --Send Message To Machine --[STX]S 001001 0157                   9295450    E001025012024[ETX]
25-07-2026 21:57:14 - [ACK]
25-07-2026 21:57:16 - [STX]Rh001002 0158                   8806395[ETX]
25-07-2026 21:57:16 - --Send Message To Machine --[STX]S 001002 0158                   8806395    E001025012024[ETX]
25-07-2026 21:57:17 - [ACK]
25-07-2026 21:57:18 - [STX]Rh001003 0159                   9131558[ETX]
25-07-2026 21:57:19 - --Send Message To Machine --[STX]S 001003 0159                   9131558    E001025012024[ETX]
25-07-2026 21:57:19 - [ACK]
25-07-2026 21:57:21 - [STX]Rh001004 0160                   9131728[ETX]
25-07-2026 21:57:21 - --Send Message To Machine --[STX]S 001004 0160                   9131728    E001025012024[ETX]
25-07-2026 21:57:22 - [ACK]
25-07-2026 21:57:23 - [STX]Rh001005 0161                   9295452[ETX]
25-07-2026 21:57:26 - [NAK]
25-07-2026 21:57:28 - [STX]Rh001008 0164                   9297575[ETX]
25-07-2026 21:57:31 - [NAK]
25-07-2026 21:57:47 - [STX]D 000905 0170                   8806398    E20260725215249026 159.6  007 174.4  [ETX]
25-07-2026 21:58:55 - [STX]D 000907 0172                   8804468    E20260725215357001  3.70  009 0.455  002  78.6  003  22.8  028 12.52  012-0.036G 005
25-07-2026 21:58:55 -   23.2  013  31.6  029   1.9  006  9.54  024 0.286  097 136.3  098 4.174  099 105.2  [ETX]
25-07-2026 21:59:04 - [STX]D 000908 0173                   8806390    E20260725215406026 100.1  007 173.9  [ETX]
25-07-2026 21:59:54 - [STX]D 000909 0174                   9131532    E20260725215456001  4.38  0261207.7ZF003      ?D028      ?D012 0.149  005      ?D007
25-07-2026 21:59:54 -  828.2F 024 1.074  097 133.4  [ETX]
25-07-2026 21:59:56 - [STX]Rh000905 0170                   8806398[ETX]
25-07-2026 21:59:59 - [NAK]
25-07-2026 22:00:00 - [STX]Rh000907 0172                   8804468[ETX]
25-07-2026 22:00:01 - --Send Message To Machine --[STX]S 000907 0172                   8804468    E001025012024[ETX]
25-07-2026 22:00:01 - [ACK]
25-07-2026 22:00:03 - [STX]Rh000908 0173                   8806390[ETX]
25-07-2026 22:00:06 - [NAK]
25-07-2026 22:00:07 - [STX]Rh000909 0174                   9131532[ETX]
25-07-2026 22:00:08 - --Send Message To Machine --[STX]S 000909 0174                   9131532    E001025028003005012024[ETX]
25-07-2026 22:00:08 - [ACK]
25-07-2026 22:00:45 - [STX]RE[ETX]
25-07-2026 22:00:47 - [STX]DE[ETX]
25-07-2026 22:11:31 - [STX]RB[ETX]
25-07-2026 22:11:32 - [STX]DB[ETX]
25-07-2026 22:17:33 - [STX]R 000801N0175                   8804476[ETX]
25-07-2026 22:17:34 - --Send Message To Machine --[STX]S 000801 0175                   8804476    E001025012024[ETX]
25-07-2026 22:17:34 - [ACK]
25-07-2026 22:17:37 - [STX]R 000802N0176                   9295444[ETX]
25-07-2026 22:17:38 - --Send Message To Machine --[STX]S 000802 0176                   9295444    E001025012024[ETX]
25-07-2026 22:17:38 - [ACK]
25-07-2026 22:17:42 - [STX]R 000803N0177                   8804484[ETX]
25-07-2026 22:17:42 - --Send Message To Machine --[STX]S 000803 0177                   8804484    E001025012024[ETX]
25-07-2026 22:17:43 - [ACK]
25-07-2026 22:17:46 - [STX]R 000804N0178                   8804480[ETX]
25-07-2026 22:17:47 - --Send Message To Machine --[STX]S 000804 0178                   8804480    E001025012024[ETX]
25-07-2026 22:17:47 - [ACK]
25-07-2026 22:18:23 - [STX]R 000805N0179                   9131709[ETX]
25-07-2026 22:18:23 - --Send Message To Machine --[STX]S 000805 0179                   9131709    E001025012024[ETX]
25-07-2026 22:18:23 - [ACK]
25-07-2026 22:18:27 - [STX]R 000806N0180                   9155277[ETX]
25-07-2026 22:18:27 - --Send Message To Machine --[STX]S 000806 0180                   9155277    E001025012024[ETX]
25-07-2026 22:18:28 - [ACK]
25-07-2026 22:18:45 - [STX]R 000807N0181                   9295448[ETX]
25-07-2026 22:18:46 - --Send Message To Machine --[STX]S 000807 0181                   9295448    E001025012024[ETX]
25-07-2026 22:18:46 - [ACK]
25-07-2026 22:18:50 - [STX]R 000808N0182                   9131562[ETX]
25-07-2026 22:18:50 - --Send Message To Machine --[STX]S 000808 0182                   9131562    E001025012024[ETX]
25-07-2026 22:18:51 - [ACK]
25-07-2026 22:18:54 - [STX]R 000809N0183                   8806402[ETX]
25-07-2026 22:18:55 - --Send Message To Machine --[STX]S 000809 0183                   8806402    E001025012024[ETX]
25-07-2026 22:18:55 - [ACK]
25-07-2026 22:18:59 - [STX]R 000810N0184                   8804471[ETX]
25-07-2026 22:18:59 - --Send Message To Machine --[STX]S 000810 0184                   8804471    E001025012024[ETX]
25-07-2026 22:19:00 - [ACK]
25-07-2026 22:19:03 - [STX]R 001001N0185                   9295450[ETX]
25-07-2026 22:19:04 - --Send Message To Machine --[STX]S 001001 0185                   9295450    E001025012024[ETX]
25-07-2026 22:19:04 - [ACK]
25-07-2026 22:19:08 - [STX]R 001002N0186                   8806395[ETX]
25-07-2026 22:19:08 - --Send Message To Machine --[STX]S 001002 0186                   8806395    E001025012024[ETX]
25-07-2026 22:19:09 - [ACK]
25-07-2026 22:19:12 - [STX]R 001003N0187                   9131558[ETX]
25-07-2026 22:19:13 - --Send Message To Machine --[STX]S 001003 0187                   9131558    E001025012024[ETX]
25-07-2026 22:19:13 - [ACK]
25-07-2026 22:19:17 - [STX]R 001004N0188                   9131728[ETX]
25-07-2026 22:19:17 - --Send Message To Machine --[STX]S 001004 0188                   9131728    E001025012024[ETX]
25-07-2026 22:19:18 - [ACK]
25-07-2026 22:19:21 - [STX]R 001005N0189                   9295452[ETX]
25-07-2026 22:19:25 - [NAK]
25-07-2026 22:20:20 - [STX]R 001008N0189                   9297575[ETX]
25-07-2026 22:20:23 - [NAK]
25-07-2026 22:21:42 - [STX]R 000901N0189                   9297579[ETX]
25-07-2026 22:21:45 - [NAK]
25-07-2026 22:23:30 - [STX]R 000905N0189                   8806398[ETX]
25-07-2026 22:23:33 - [NAK]
25-07-2026 22:24:25 - [STX]R 000907N0189                   8804468[ETX]
25-07-2026 22:24:25 - --Send Message To Machine --[STX]S 000907 0189                   8804468    E001025012024[ETX]
25-07-2026 22:24:26 - [ACK]
25-07-2026 22:24:52 - [STX]R 000908N0190                   8806390[ETX]
25-07-2026 22:24:55 - [NAK]
25-07-2026 22:25:19 - [STX]R 000909N0190                   9131532[ETX]
25-07-2026 22:25:19 - --Send Message To Machine --[STX]S 000909 0190                   9131532    E001025028003005012024[ETX]
25-07-2026 22:25:20 - [ACK]
25-07-2026 22:25:51 - [STX]R 000701N0191                   9131717[ETX]
25-07-2026 22:25:51 - --Send Message To Machine --[STX]S 000701 0191                   9131717    E007026[ETX]
25-07-2026 22:25:51 - [ACK]
25-07-2026 22:25:55 - [STX]R 000702N0192                   9278015[ETX]
25-07-2026 22:25:55 - --Send Message To Machine --[STX]S 000702 0192                   9278015    E007026[ETX]
25-07-2026 22:25:56 - [ACK]
25-07-2026 22:26:00 - [STX]R 000703N0193                   8806389[ETX]
25-07-2026 22:26:00 - --Send Message To Machine --[STX]S 000703 0193                   8806389    E007026[ETX]
25-07-2026 22:26:01 - [ACK]
25-07-2026 22:26:04 - [STX]R 000704N0194                   9278009[ETX]
25-07-2026 22:26:05 - --Send Message To Machine --[STX]S 000704 0194                   9278009    E099007009013097001025026028029002098003005012024006[ETX]
25-07-2026 22:26:05 - [ACK]
25-07-2026 22:26:09 - [STX]R 000705N0195                   9299294[ETX]
25-07-2026 22:26:09 - --Send Message To Machine --[STX]S 000705 0195                   9299294    E099007009013097001025026028029002098003005012024006[ETX]
25-07-2026 22:26:10 - [ACK]
25-07-2026 22:26:13 - [STX]R 000706N0196                   9299297[ETX]
25-07-2026 22:26:14 - --Send Message To Machine --[STX]S 000706 0196                   9299297    E099007009013017097001025026028029027002098003005012024006[ETX]
25-07-2026 22:26:14 - [ACK]
25-07-2026 22:26:18 - [STX]R 000707N0197                   9290232[ETX]
25-07-2026 22:26:18 - --Send Message To Machine --[STX]S 000707 0197                   9290232    E099007009013017097001025026028029027002098003005012024006[ETX]
25-07-2026 22:26:19 - [ACK]
25-07-2026 22:26:22 - [STX]R 000708N0198                   9300047[ETX]
25-07-2026 22:26:23 - --Send Message To Machine --[STX]S 000708 0198                   9300047    E099007009013097001025026028029002098003005012024006[ETX]
25-07-2026 22:26:23 - [ACK]
25-07-2026 22:26:27 - [STX]R 000709N0199                   9300043[ETX]
25-07-2026 22:26:27 - --Send Message To Machine --[STX]S 000709 0199                   9300043    E099007009013097001025026028029002098003005012024006[ETX]
25-07-2026 22:26:28 - [ACK]
25-07-2026 22:26:36 - [STX]R 000501N0200                   9300040[ETX]
25-07-2026 22:26:36 - --Send Message To Machine --[STX]S 000501 0200                   9300040    E014[ETX]
25-07-2026 22:26:37 - [ACK]
25-07-2026 22:26:40 - [STX]R 000502N0201                   9155323[ETX]
25-07-2026 22:26:41 - --Send Message To Machine --[STX]S 000502 0201                   9155323    E014[ETX]
25-07-2026 22:26:41 - [ACK]
25-07-2026 22:27:08 - [STX]R 000503N0202                   9278008[ETX]
25-07-2026 22:27:08 - --Send Message To Machine --[STX]S 000503 0202                   9278008    E014[ETX]
25-07-2026 22:27:08 - [ACK]
25-07-2026 22:27:12 - [STX]R 000504N0203                   9290235[ETX]
25-07-2026 22:27:12 - --Send Message To Machine --[STX]S 000504 0203                   9290235    E014[ETX]
25-07-2026 22:27:13 - [ACK]
25-07-2026 22:27:53 - [STX]R 000505N0204                   9300046[ETX]
25-07-2026 22:27:53 - --Send Message To Machine --[STX]S 000505 0204                   9300046    E014[ETX]
25-07-2026 22:27:54 - [ACK]
25-07-2026 22:27:57 - [STX]R 000506N0205                   8804474[ETX]
25-07-2026 22:27:58 - --Send Message To Machine --[STX]S 000506 0205                   8804474    E017027[ETX]
25-07-2026 22:27:58 - [ACK]
25-07-2026 22:28:25 - [STX]D 000801 0175                   8804476    E20260725222327001  4.21  025  7.77  012 0.106  024 0.588  [ETX]
25-07-2026 22:28:52 - [STX]D 000802 0176                   9295444    E20260725222354001  4.76  025  8.50  012 0.117  024 0.649  [ETX]
25-07-2026 22:29:19 - [STX]D 000803 0177                   8804484    E20260725222421001  4.10  025  7.41  012 0.100  024 0.479  [ETX]
25-07-2026 22:29:46 - [STX]D 000804 0178                   8804480    E20260725222448001  4.39  025  7.44  012 0.117  024 0.619  [ETX]
25-07-2026 22:30:13 - [STX]D 000805 0179                   9131709    E20260725222515001  4.40  025  8.37  012 0.112  024 0.509  [ETX]
25-07-2026 22:30:40 - [STX]D 000806 0180                   9155277    E20260725222542001  4.35  025  8.00  012 0.193  024 1.165  [ETX]
25-07-2026 22:31:08 - [STX]D 000807 0181                   9295448    E20260725222609001  4.64  025  7.77  012 0.116  024 0.746  [ETX]
25-07-2026 22:31:35 - [STX]D 000808 0182                   9131562    E20260725222637001  4.36  025      %?012 0.084  024      %?[ETX]
25-07-2026 22:32:02 - [STX]D 000809 0183                   8806402    E20260725222704001  4.52  025  8.16  012 0.106  024 0.684  [ETX]
25-07-2026 22:32:29 - [STX]D 000810 0184                   8804471    E20260725222731001  4.39  025  7.64  012 0.090  024 0.654  [ETX]
25-07-2026 22:32:31 - [STX]Rh000801 0175                   8804476[ETX]
25-07-2026 22:32:31 - --Send Message To Machine --[STX]S 000801 0175                   8804476    E001025012024[ETX]
25-07-2026 22:32:31 - [ACK]
25-07-2026 22:32:33 - [STX]Rh000802 0176                   9295444[ETX]
25-07-2026 22:32:33 - --Send Message To Machine --[STX]S 000802 0176                   9295444    E001025012024[ETX]
25-07-2026 22:32:34 - [ACK]
25-07-2026 22:32:35 - [STX]Rh000803 0177                   8804484[ETX]
25-07-2026 22:32:36 - --Send Message To Machine --[STX]S 000803 0177                   8804484    E001025012024[ETX]
25-07-2026 22:32:36 - [ACK]
25-07-2026 22:32:38 - [STX]Rh000804 0178                   8804480[ETX]
25-07-2026 22:32:38 - --Send Message To Machine --[STX]S 000804 0178                   8804480    E001025012024[ETX]
25-07-2026 22:32:39 - [ACK]
25-07-2026 22:32:40 - [STX]Rh000805 0179                   9131709[ETX]
25-07-2026 22:32:40 - --Send Message To Machine --[STX]S 000805 0179                   9131709    E001025012024[ETX]
25-07-2026 22:32:41 - [ACK]
25-07-2026 22:32:43 - [STX]Rh000806 0180                   9155277[ETX]
25-07-2026 22:32:43 - --Send Message To Machine --[STX]S 000806 0180                   9155277    E001025012024[ETX]
25-07-2026 22:32:43 - [ACK]
25-07-2026 22:32:45 - [STX]Rh000807 0181                   9295448[ETX]
25-07-2026 22:32:45 - --Send Message To Machine --[STX]S 000807 0181                   9295448    E001025012024[ETX]
25-07-2026 22:32:46 - [ACK]
25-07-2026 22:32:47 - [STX]Rh000809 0183                   8806402[ETX]
25-07-2026 22:32:48 - --Send Message To Machine --[STX]S 000809 0183                   8806402    E001025012024[ETX]
25-07-2026 22:32:48 - [ACK]
25-07-2026 22:32:50 - [STX]Rh000810 0184                   8804471[ETX]
25-07-2026 22:32:50 - --Send Message To Machine --[STX]S 000810 0184                   8804471    E001025012024[ETX]
25-07-2026 22:32:50 - [ACK]
25-07-2026 22:32:56 - [STX]D 001001 0185                   9295450    E20260725222758001  4.51  025  7.83  012 0.068  024 0.269  [ETX]
25-07-2026 22:33:23 - [STX]D 001002 0186                   8806395    E20260725222825001  3.88  025  7.50  012 0.160  024 0.776  [ETX]
25-07-2026 22:33:51 - [STX]D 001003 0187                   9131558    E20260725222852001  4.43  025  8.30  012 0.225  024 0.977  [ETX]
25-07-2026 22:34:18 - [STX]D 001004 0188                   9131728    E20260725222920001  4.57  025  7.49  012 0.133  024 0.903  [ETX]
25-07-2026 22:34:27 - [STX]D 001006 0162                   8804481    E20260725222929014  81.2  [ETX]
25-07-2026 22:34:31 - [STX]D 001007 0163                   8806393    E20260725222933014  94.2  [ETX]
25-07-2026 22:34:40 - [STX]D 001009 0165                   8804477    E20260725222942014  84.0  [ETX]
25-07-2026 22:34:45 - [STX]D 001010 0166                   8804485    E20260725222947014  88.4  [ETX]
25-07-2026 22:34:46 - [STX]Rh001001 0185                   9295450[ETX]
25-07-2026 22:34:47 - --Send Message To Machine --[STX]S 001001 0185                   9295450    E001025012024[ETX]
25-07-2026 22:34:47 - [ACK]
25-07-2026 22:34:49 - [STX]Rh001002 0186                   8806395[ETX]
25-07-2026 22:34:49 - --Send Message To Machine --[STX]S 001002 0186                   8806395    E001025012024[ETX]
25-07-2026 22:34:50 - [ACK]
25-07-2026 22:34:51 - [STX]Rh001003 0187                   9131558[ETX]
25-07-2026 22:34:51 - --Send Message To Machine --[STX]S 001003 0187                   9131558    E001025012024[ETX]
25-07-2026 22:34:52 - [ACK]
25-07-2026 22:34:53 - [STX]Rh001004 0188                   9131728[ETX]
25-07-2026 22:34:54 - --Send Message To Machine --[STX]S 001004 0188                   9131728    E001025012024[ETX]
25-07-2026 22:34:54 - [ACK]
25-07-2026 22:34:56 - [STX]D 000902 0167                   8804470    E20260725222956014 103.6  [ETX]
25-07-2026 22:34:57 - [STX]Rh001006 0162                   8804481[ETX]
25-07-2026 22:35:01 - [NAK]
25-07-2026 22:35:02 - [STX]D 000903 0168                   9155275    E20260725223000014  82.8  [ETX]
25-07-2026 22:35:04 - [STX]Rh001007 0163                   8806393[ETX]
25-07-2026 22:35:07 - [NAK]
25-07-2026 22:35:08 - [STX]D 000904 0169                   9295445    E20260725223005014 113.4  [ETX]
25-07-2026 22:35:10 - [STX]Rh001009 0165                   8804477[ETX]
25-07-2026 22:35:13 - [NAK]
25-07-2026 22:35:15 - [STX]D 000906 0171                   9295449    E20260725223014014  72.4  [ETX]
25-07-2026 22:35:16 - [STX]Rh001010 0166                   8804485[ETX]
25-07-2026 22:35:19 - [NAK]
25-07-2026 22:35:39 - [STX]D 000907 0189                   8804468    E20260725223041001  3.70  025  6.94  012 0.089  024 0.295  [ETX]
25-07-2026 22:36:24 - [STX]D 000909 0190                   9131532    E20260725223126001  4.45  025  7.33  003      ?D028      ?D012-0.112G 005      ?D024
25-07-2026 22:36:24 -  1.043  [ETX]
25-07-2026 22:36:26 - [STX]Rh000902 0167                   8804470[ETX]
25-07-2026 22:36:29 - [NAK]
25-07-2026 22:36:31 - [STX]Rh000903 0168                   9155275[ETX]
25-07-2026 22:36:34 - [NAK]
25-07-2026 22:36:35 - [STX]Rh000904 0169                   9295445[ETX]
25-07-2026 22:36:38 - [NAK]
25-07-2026 22:36:40 - [STX]D 000701 0191                   9131717    E20260725223140026 176.6  007 135.3  [ETX]
25-07-2026 22:36:42 - [STX]Rh000906 0171                   9295449[ETX]
25-07-2026 22:36:45 - [NAK]
25-07-2026 22:36:46 - [STX]Rh000907 0189                   8804468[ETX]
25-07-2026 22:36:46 - --Send Message To Machine --[STX]S 000907 0189                   8804468    E001025012024[ETX]
25-07-2026 22:36:47 - [ACK]
25-07-2026 22:36:49 - [STX]D 000702 0192                   9278015    E20260725223149026 164.7  007 209.0  [ETX]
25-07-2026 22:36:50 - [STX]Rh000909 0190                   9131532[ETX]
25-07-2026 22:36:50 - --Send Message To Machine --[STX]S 000909 0190                   9131532    E001025028003005012024[ETX]
25-07-2026 22:36:51 - [ACK]
25-07-2026 22:36:56 - [STX]D 000703 0193                   8806389    E20260725223158026  81.8  007 167.2  [ETX]
25-07-2026 22:38:13 - [STX]D 000704 0194                   9278009    E20260725223315001  4.66  009 0.786  026 206.0  025  7.90  002 108.2  003  66.7  028
25-07-2026 22:38:13 -  20.07  012 0.089  005  35.7  013  62.7  029   5.9  006  9.74  007 233.4  024 0.466  097 139.3  098 4.340  099 101.3  [ETX]
25-07-2026 22:39:30 - [STX]D 000705 0195                   9299294    E20260725223432001  3.49  00911.953  026 201.2  025  6.70  002 201.0  003  18.7  028
25-07-2026 22:39:30 - 177.94  012 0.046  005  24.2  013  15.7  029   6.6  006  7.14  007 210.8  024 0.535  097 116.7  098 4.739  099  85.9  [ETX]
25-07-2026 22:40:56 - [STX]D 000706 0196                   9299297    E20260725223558001  4.34  009 0.688  017 16.62  026 167.9  025  7.71  002  40.9  003
25-07-2026 22:40:56 -   22.7  027 397.2  028 21.63  012 0.089  005  28.9  013  12.4  029   3.2  006  9.75  007 172.0  024 0.525  097 138.6  098 3.856 
25-07-2026 22:40:56 -  099 104.3  [ETX]
25-07-2026 22:42:22 - [STX]D 000707 0197                   9290232    E20260725223724001  4.43  009 0.718  017 33.66  026  95.2  025  8.06  002 101.4  003
25-07-2026 22:42:22 -   27.9  027 377.5  028 20.34  012 0.106  005  32.9  013  25.9  029   4.5  006  9.83  007 175.9  024 0.745  097 139.9  098 4.614 
25-07-2026 22:42:22 -  099 101.3  [ETX]
25-07-2026 22:43:39 - [STX]D 000708 0198                   9300047    E20260725223841001  4.88  009 0.771  026  87.9  025  8.60  002  91.5  003  27.0  028
25-07-2026 22:43:39 -  23.97  012 0.340  005  27.4  013  20.9  029   4.7  006 10.16  007 157.3  024 2.193  097 138.6  098 4.194  099  98.7  [ETX]
25-07-2026 22:44:29 - [STX]R 000901N0206                   9131722[ETX]
25-07-2026 22:44:29 - --Send Message To Machine --[STX]S 000901 0206                   9131722    E099007009013017097001025026028029027002098003005012024006[ETX]
25-07-2026 22:44:29 - [ACK]
25-07-2026 22:44:33 - [STX]R 000902N0207                   9131730[ETX]
25-07-2026 22:44:33 - --Send Message To Machine --[STX]S 000902 0207                   9131730    E099007009013017097001025026028029027002098003005012024006[ETX]
25-07-2026 22:44:34 - [ACK]
25-07-2026 22:44:56 - [STX]D 000709 0199                   9300043    E20260725223958001  3.95  009 0.545  026 382.6  025  8.57  002 174.6  003  49.5  028
25-07-2026 22:44:56 -  19.50  012 0.155  005  53.0  013 214.7  029   3.7  006  9.35  007 311.5  024 1.318  097 136.1  098 4.238  099 101.4  [ETX]
25-07-2026 22:44:58 - [STX]Rh000701 0191                   9131717[ETX]
25-07-2026 22:45:01 - [NAK]
25-07-2026 22:45:02 - [STX]Rh000702 0192                   9278015[ETX]
25-07-2026 22:45:05 - [NAK]
25-07-2026 22:45:07 - [STX]D 000501 0200                   9300040    E20260725224007014  89.7  [ETX]
25-07-2026 22:45:08 - [STX]Rh000703 0193                   8806389[ETX]
25-07-2026 22:45:11 - [NAK]
25-07-2026 22:45:13 - [STX]D 000502 0201                   9155323    E20260725224011014  98.6  [ETX]
25-07-2026 22:45:15 - [STX]Rh000704 0194                   9278009[ETX]
25-07-2026 22:45:15 - --Send Message To Machine --[STX]S 000704 0194                   9278009    E001025012024[ETX]
25-07-2026 22:45:15 - [ACK]
25-07-2026 22:45:17 - [STX]D 000503 0202                   9278008    E20260725224016014  84.6  [ETX]
25-07-2026 22:45:19 - [STX]Rh000705 0195                   9299294[ETX]
25-07-2026 22:45:19 - --Send Message To Machine --[STX]S 000705 0195                   9299294    E001025012024[ETX]
25-07-2026 22:45:19 - [ACK]
25-07-2026 22:45:21 - [STX]D 000504 0203                   9290235    E20260725224020014 101.8  [ETX]
25-07-2026 22:45:23 - [STX]Rh000706 0196                   9299297[ETX]
25-07-2026 22:45:23 - --Send Message To Machine --[STX]S 000706 0196                   9299297    E001025012024[ETX]
25-07-2026 22:45:23 - [ACK]
25-07-2026 22:45:25 - [STX]D 000505 0204                   9300046    E20260725224025014  82.0  [ETX]
25-07-2026 22:45:27 - [STX]Rh000707 0197                   9290232[ETX]
25-07-2026 22:45:27 - --Send Message To Machine --[STX]S 000707 0197                   9290232    E001025012024[ETX]
25-07-2026 22:45:27 - [ACK]
25-07-2026 22:45:29 - [STX]Rh000708 0198                   9300047[ETX]
25-07-2026 22:45:29 - --Send Message To Machine --[STX]S 000708 0198                   9300047    E001025012024[ETX]
25-07-2026 22:45:30 - [ACK]
25-07-2026 22:45:31 - [STX]Rh000709 0199                   9300043[ETX]
25-07-2026 22:45:32 - --Send Message To Machine --[STX]S 000709 0199                   9300043    E001025012024[ETX]
25-07-2026 22:45:32 - [ACK]
25-07-2026 22:45:34 - [STX]D 000506 0205                   8804474    E20260725224034017 11.01G 027 405.7  [ETX]
25-07-2026 22:45:35 - [STX]Rh000501 0200                   9300040[ETX]
25-07-2026 22:45:38 - [NAK]
25-07-2026 22:45:40 - [STX]Rh000502 0201                   9155323[ETX]
25-07-2026 22:45:43 - [NAK]
25-07-2026 22:45:45 - [STX]Rh000503 0202                   9278008[ETX]
25-07-2026 22:45:48 - [NAK]
25-07-2026 22:45:49 - [STX]Rh000504 0203                   9290235[ETX]
25-07-2026 22:45:52 - [NAK]
25-07-2026 22:45:54 - [STX]Rh000505 0204                   9300046[ETX]
25-07-2026 22:45:57 - [NAK]
25-07-2026 22:45:58 - [STX]Rh000506 0205                   8804474[ETX]
25-07-2026 22:46:01 - [NAK]
25-07-2026 22:55:34 - [STX]D 000901 0206                   9131722    E20260725225036001  4.67  009 0.553  017  7.30G 026  46.7  025  7.77  002  55.4  003
25-07-2026 22:55:34 -   10.5  027 438.7  028 24.47  012 0.285  005  18.7  013   9.9  029   2.2  006  9.41  007 138.9  024 1.498  097 139.1  098 3.863 
25-07-2026 22:55:34 -  099 105.2  [ETX]
25-07-2026 22:57:00 - [STX]D 000902 0207                   9131730    E20260725225202001  4.33  009 0.538  017153.28  026      %?025      %?002  75.5  003
25-07-2026 22:57:00 -   17.4  027      %?028      %?012      %?005  23.0  013  19.0  029      %?006  9.44  007 144.1  024      %?097 137.3  098 3.965 
25-07-2026 22:57:00 -  099 105.9  [ETX]
25-07-2026 22:57:02 - [STX]Rh000901 0206                   9131722[ETX]
25-07-2026 22:57:02 - --Send Message To Machine --[STX]S 000901 0206                   9131722    E001025012024[ETX]
25-07-2026 22:57:03 - [ACK]
25-07-2026 23:04:10 - [STX]R 000801N0208                   9131730[ETX]
25-07-2026 23:04:10 - --Send Message To Machine --[STX]S 000801 0208                   9131730    E001025026028029027012024[ETX]
25-07-2026 23:04:11 - [ACK]
25-07-2026 23:04:14 - [STX]R 000802N0209                   9295464[ETX]
25-07-2026 23:04:15 - --Send Message To Machine --[STX]S 000802 0209                   9295464    E014[ETX]
25-07-2026 23:04:15 - [ACK]
25-07-2026 23:04:19 - [STX]R 000803N0210                   9295460[ETX]
25-07-2026 23:04:19 - --Send Message To Machine --[STX]S 000803 0210                   9295460    E009001003005[ETX]
25-07-2026 23:04:20 - [ACK]
25-07-2026 23:04:23 - [STX]R 000804N0211                   9131724[ETX]
25-07-2026 23:04:24 - --Send Message To Machine --[STX]S 000804 0211                   9131724    E014[ETX]
25-07-2026 23:04:24 - [ACK]
25-07-2026 23:04:28 - [STX]R 000805N0212                   9295457[ETX]
25-07-2026 23:04:28 - --Send Message To Machine --[STX]S 000805 0212                   9295457    E013001025002003005012024[ETX]
25-07-2026 23:04:29 - [ACK]
25-07-2026 23:04:33 - [STX]R 000806N0213                   9131732[ETX]
25-07-2026 23:04:33 - --Send Message To Machine --[STX]S 000806 0213                   9131732    E014[ETX]
25-07-2026 23:04:33 - [ACK]
25-07-2026 23:04:37 - [STX]R 000807N0214                   9154850[ETX]
25-07-2026 23:04:37 - --Send Message To Machine --[STX]S 000807 0214                   9154850    E010022[ETX]
25-07-2026 23:04:38 - [ACK]
25-07-2026 23:04:42 - [STX]R 000808N0215                   9295456[ETX]
25-07-2026 23:04:42 - --Send Message To Machine --[STX]S 000808 0215                   9295456    E013001025002003005012024[ETX]
25-07-2026 23:04:42 - [ACK]
25-07-2026 23:12:46 - [STX]R 001001N0216                   9284414[ETX]
25-07-2026 23:12:46 - --Send Message To Machine --[STX]S 001001 0216                   9284414    E099010009013097001025028029002098003005012024006[ETX]
25-07-2026 23:12:47 - [ACK]
25-07-2026 23:14:44 - [STX]D 000801 0208                   9131730    E20260725230946001  4.34  026 102.8  025  7.67  027 293.5  028 23.47  012 0.068  029
25-07-2026 23:14:44 -    3.5  024 0.540  [ETX]
25-07-2026 23:14:48 - [STX]D 000802 0209                   9295464    E20260725230950014  73.1  [ETX]
25-07-2026 23:15:06 - [STX]D 000803 0210                   9295460    E20260725231008001  3.29  009 0.478  003  19.8  005  19.7  [ETX]
25-07-2026 23:15:11 - [STX]D 000804 0211                   9131724    E20260725231013014  91.8  [ETX]
25-07-2026 23:15:56 - [STX]D 000805 0212                   9295457    E20260725231058001  3.94  025  7.54  002 143.2  003  18.3  012 1.346  005  53.8  013
25-07-2026 23:15:56 -  108.6  024 3.723  [ETX]
25-07-2026 23:16:01 - [STX]D 000806 0213                   9131732    E20260725231102014 113.1  [ETX]
25-07-2026 23:16:23 - [STX]D 000807 0214                   9154850    E20260725231125010  0.67  022   5.6G [ETX]
25-07-2026 23:17:09 - [STX]D 000808 0215                   9295456    E20260725231210001  3.43  025  7.75  002 368.7  003 433.5  012 2.962  005 188.7  013
25-07-2026 23:17:09 -  170.9  024 5.747  [ETX]
25-07-2026 23:17:10 - [STX]Rh000801 0208                   9131730[ETX]
25-07-2026 23:17:10 - --Send Message To Machine --[STX]S 000801 0208                   9131730    E001025012024[ETX]
25-07-2026 23:17:11 - [ACK]
25-07-2026 23:17:12 - [STX]Rh000802 0209                   9295464[ETX]
25-07-2026 23:17:15 - [NAK]
25-07-2026 23:17:17 - [STX]Rh000803 0210                   9295460[ETX]
25-07-2026 23:17:20 - [NAK]
25-07-2026 23:17:22 - [STX]Rh000804 0211                   9131724[ETX]
25-07-2026 23:17:25 - [NAK]
25-07-2026 23:17:26 - [STX]Rh000805 0212                   9295457[ETX]
25-07-2026 23:17:27 - --Send Message To Machine --[STX]S 000805 0212                   9295457    E001025012024[ETX]
25-07-2026 23:17:27 - [ACK]
25-07-2026 23:17:29 - [STX]Rh000806 0213                   9131732[ETX]
25-07-2026 23:17:32 - [NAK]
25-07-2026 23:17:33 - [STX]Rh000807 0214                   9154850[ETX]
25-07-2026 23:17:36 - [NAK]
25-07-2026 23:17:38 - [STX]Rh000808 0215                   9295456[ETX]
25-07-2026 23:17:38 - --Send Message To Machine --[STX]S 000808 0215                   9295456    E001025012024[ETX]
25-07-2026 23:17:39 - [ACK]
25-07-2026 23:19:20 - [STX]R 000301N0217                   9131562[ETX]
25-07-2026 23:19:20 - --Send Message To Machine --[STX]S 000301 0217                   9131562    E001025012024[ETX]
25-07-2026 23:19:20 - [ACK]
25-07-2026 23:20:05 - [STX]R 000201N0218                   9295462[ETX]
25-07-2026 23:20:05 - --Send Message To Machine --[STX]S 000201 0218                   9295462    E099007009013017097001025026028029027002098003005012024006[ETX]
25-07-2026 23:20:06 - [ACK]
25-07-2026 23:20:09 - [STX]R 000202N0219                   9295459[ETX]
25-07-2026 23:20:12 - [NAK]
25-07-2026 23:20:14 - [STX]R 000203N0219                   7880953[ETX]
25-07-2026 23:20:14 - --Send Message To Machine --[STX]S 000203 0219                   7880953    E099007009013017097001025026028029027002098003005012024006[ETX]
25-07-2026 23:20:15 - [ACK]
25-07-2026 23:23:51 - [STX]D 001001 0216                   9284414    E20260725231853001  4.05  009 0.590  025  7.22  010  2.40  002  49.2  003  12.0  028
25-07-2026 23:23:51 -  16.07  012 0.046  005  20.4  013  14.5  029   2.8  006  9.54  024 0.290  097 139.8  098 4.551  099 109.4  [ETX]
25-07-2026 23:23:53 - [STX]Rh001001 0216                   9284414[ETX]
25-07-2026 23:23:53 - --Send Message To Machine --[STX]S 001001 0216                   9284414    E099009013097001025028029002098003005012024006[ETX]
25-07-2026 23:23:54 - [ACK]
25-07-2026 23:29:26 - [STX]D 000301 0217                   9131562    E20260725232428001  4.40  025  7.65  012 0.079  024 0.423  [ETX]
25-07-2026 23:29:28 - [STX]Rh000301 0217                   9131562[ETX]
25-07-2026 23:29:28 - --Send Message To Machine --[STX]S 000301 0217                   9131562    E001025012024[ETX]
25-07-2026 23:29:29 - [ACK]
25-07-2026 23:31:33 - [STX]D 000201 0218                   9295462    E20260725232635001  3.97  009 0.726  017 59.60  026 115.8  025  8.12  002 135.0  003
25-07-2026 23:31:33 -   24.5  027 434.0  028 31.92  012 0.067  005  25.8  013  29.3  029   4.2  006  9.75  007 136.4  024 0.422  097 137.8  098 4.681 
25-07-2026 23:31:33 -  099 103.2  [ETX]
25-07-2026 23:33:04 - [STX]D 000203 0219                   7880953    E20260725232805001  4.04  009 0.620  017 16.90  026  67.2  025  7.13  002  77.2  003
25-07-2026 23:33:04 -   13.2  027 355.3  028 16.47  012 0.078  005  23.6  013  12.8  029   3.5  006  9.12  007 144.3  024 0.625  097 136.9  098 3.366 
25-07-2026 23:33:04 -  099 103.1  [ETX]
25-07-2026 23:33:05 - [STX]Rh000201 0218                   9295462[ETX]
25-07-2026 23:33:05 - --Send Message To Machine --[STX]S 000201 0218                   9295462    E001025012024[ETX]
25-07-2026 23:33:06 - [ACK]
25-07-2026 23:33:08 - [STX]Rh000203 0219                   7880953[ETX]
25-07-2026 23:33:08 - --Send Message To Machine --[STX]S 000203 0219                   7880953    E099007013097001025026028029027098003005012024006[ETX]
25-07-2026 23:33:08 - [ACK]
25-07-2026 23:46:35 - [STX]RE[ETX]
25-07-2026 23:46:37 - [STX]DE[ETX]
