22-07-2026 00:11:24 - [STX]D 001001 0182                   9285559    E20260722000629010      %?[ETX]
22-07-2026 00:11:29 - [STX]D 001002 0183                   9152221    E20260722000633014  71.1  [ETX]
22-07-2026 00:11:33 - [STX]D 001003 0184                   9145342    E20260722000638014  95.8  [ETX]
22-07-2026 00:11:38 - [STX]D 001004 0185                   9145350    E20260722000642014  76.0  [ETX]
22-07-2026 00:11:47 - [STX]D 001005 0186                   9144385    E20260722000651026 156.1  007 171.0  [ETX]
22-07-2026 00:12:55 - [STX]D 001006 0187                   8851336    E20260722000759001  3.33  009 0.335  025  6.93  002 134.5  003  17.9  028  9.45  012
22-07-2026 00:12:55 -  0.029  005  20.2  013  12.5  029   2.5  006  9.10  024 0.238  097 135.8  098 4.186  099 102.7  [ETX]
22-07-2026 00:12:56 - [STX]Rh001002 0183                   9152221[ETX]
22-07-2026 00:12:59 - [NAK]
22-07-2026 00:13:01 - [STX]Rh001003 0184                   9145342[ETX]
22-07-2026 00:13:04 - [NAK]
22-07-2026 00:13:06 - [STX]Rh001004 0185                   9145350[ETX]
22-07-2026 00:13:09 - [NAK]
22-07-2026 00:13:10 - [STX]Rh001005 0186                   9144385[ETX]
22-07-2026 00:13:13 - [NAK]
22-07-2026 00:13:15 - [STX]Rh001006 0187                   8851336[ETX]
22-07-2026 00:13:15 - --Send Message To Machine --[STX]S 001006 0187                   8851336    E001025012024[ETX]
22-07-2026 00:13:16 - [ACK]
22-07-2026 00:20:50 - [STX]R 000801N0188                   9145343[ETX]
22-07-2026 00:20:50 - --Send Message To Machine --[STX]S 000801 0188                   9145343    E099007009013017097001025026028029027002098003005012024006[ETX]
22-07-2026 00:20:50 - [ACK]
22-07-2026 00:20:54 - [STX]R 000802N0189                   9145354[ETX]
22-07-2026 00:20:54 - --Send Message To Machine --[STX]S 000802 0189                   9145354    E099007009013017097001025026028029027002098003005012024006[ETX]
22-07-2026 00:20:55 - [ACK]
22-07-2026 00:20:59 - [STX]R 000803N0190                   9145347[ETX]
22-07-2026 00:20:59 - --Send Message To Machine --[STX]S 000803 0190                   9145347    E099007009013017097001025026028029027002098003005012024006[ETX]
22-07-2026 00:21:00 - [ACK]
22-07-2026 00:21:03 - [STX]R 000804N0191                   9152228[ETX]
22-07-2026 00:21:03 - --Send Message To Machine --[STX]S 000804 0191                   9152228    E099007009013017097001025026028029027002098003005012024006[ETX]
22-07-2026 00:21:04 - [ACK]
22-07-2026 00:21:08 - [STX]R 000805N0192                   9145351[ETX]
22-07-2026 00:21:08 - --Send Message To Machine --[STX]S 000805 0192                   9145351    E099007009013017097001025026028029027002098003005012024006[ETX]
22-07-2026 00:21:09 - [ACK]
22-07-2026 00:21:12 - [STX]R 000806N0193                   9152230[ETX]
22-07-2026 00:21:12 - --Send Message To Machine --[STX]S 000806 0193                   9152230    E099007009013097001025026028029002098003005012024006[ETX]
22-07-2026 00:21:13 - [ACK]
22-07-2026 00:21:17 - [STX]R 000807N0194                   9145337[ETX]
22-07-2026 00:21:17 - --Send Message To Machine --[STX]S 000807 0194                   9145337    E099007009013017097001025026028029027002098003005012024006[ETX]
22-07-2026 00:21:18 - [ACK]
22-07-2026 00:21:21 - [STX]R 000808N0195                   8876444[ETX]
22-07-2026 00:21:22 - --Send Message To Machine --[STX]S 000808 0195                   8876444    E099007009013017097001025026028029027002098003005012024006[ETX]
22-07-2026 00:21:22 - [ACK]
22-07-2026 00:21:26 - [STX]R 000809N0196                   9152227[ETX]
22-07-2026 00:21:26 - --Send Message To Machine --[STX]S 000809 0196                   9152227    E014[ETX]
22-07-2026 00:21:27 - [ACK]
22-07-2026 00:21:31 - [STX]R 000810N0197                   9152218[ETX]
22-07-2026 00:21:31 - --Send Message To Machine --[STX]S 000810 0197                   9152218    E014[ETX]
22-07-2026 00:21:31 - [ACK]
22-07-2026 00:32:04 - [STX]D 000801 0188                   9145343    E20260722002709001  4.06  009 0.605  017 98.82  026 116.3  025  7.12  002  74.2  003
22-07-2026 00:32:04 -   41.5  027 191.8  028 20.85  012 0.100  005  48.0  013  28.6  029   4.5  006  9.52  007 189.8  024 0.453  097 138.4  098 3.967 
22-07-2026 00:32:04 -  099  99.2  [ETX]
22-07-2026 00:33:30 - [STX]D 000802 0189                   9145354    E20260722002835001  4.22  009 0.635  017 36.35  026  88.5  025  8.38  002 104.4  003
22-07-2026 00:33:30 -   19.4  027 347.4  028 25.13  012 0.079  005  23.5  013  20.4  029   4.7  006  9.46  007 112.4  024 0.435  097 137.6  098 3.695 
22-07-2026 00:33:30 -  099 102.3  [ETX]
22-07-2026 00:34:56 - [STX]D 000803 0190                   9145347    E20260722003001001  4.73  009 0.974  017217.19  026  94.8  025  7.91  002  79.8  003
22-07-2026 00:34:57 -   33.5  027 310.1  028 25.10  012 0.203  005  41.9  013  17.6  029   4.8  006  9.97  007 145.3  024 0.931  097 135.4  098 3.851 
22-07-2026 00:34:57 -  099  92.2  [ETX]
22-07-2026 00:36:22 - [STX]D 000804 0191                   9152228    E20260722003127001  4.73  009 0.703  017 60.74  026 211.1  025  7.85  002 104.2  003
22-07-2026 00:36:23 -   22.1  027 220.4  028 34.16  012 0.138  005  21.2  013   9.1  029   4.7  006  9.81  007 142.9  024 0.781  097 139.1  098 3.969 
22-07-2026 00:36:23 -  099 103.2  [ETX]
22-07-2026 00:37:48 - [STX]D 000805 0192                   9145351    E20260722003253001  4.31  009 0.538  017 67.27  026  71.1  025  7.13  002  72.4  003
22-07-2026 00:37:48 -   26.4  027 304.1  028 15.51  012 0.138  005  18.8  013  13.6  029   3.3  006  9.78  007 156.3  024 0.723  097 138.1  098 4.404 
22-07-2026 00:37:48 -  099 101.6  [ETX]
22-07-2026 00:39:05 - [STX]D 000806 0193                   9152230    E20260722003410001  4.13  009 0.590  026 124.8  025  7.53  002  83.0  003  27.3  028
22-07-2026 00:39:05 -  34.90  012 0.090  005  24.0  013  30.4  029   5.4  006 10.42  007 188.0  024 0.629  097 138.1  098 4.677  099 105.5  [ETX]
22-07-2026 00:40:31 - [STX]D 000807 0194                   9145337    E20260722003536001  4.27  009 0.613  017 87.04  026 154.2  025  7.14  002 114.2  003
22-07-2026 00:40:31 -   32.8  027 274.2  028 19.28  012 0.084  005  29.3  013  21.4  029   5.4  006  9.33  007 176.4  024 0.505  097 137.6  098 3.764 
22-07-2026 00:40:31 -  099 101.3  [ETX]
22-07-2026 00:40:45 - [STX]R 001001N0198                   9285517[ETX]
22-07-2026 00:40:45 - --Send Message To Machine --[STX]S 001001 0198                   9285517    E099007009013097001025026028029002098003005012024006[ETX]
22-07-2026 00:40:45 - [ACK]
22-07-2026 00:40:49 - [STX]R 001002N0199                   9145346[ETX]
22-07-2026 00:40:49 - --Send Message To Machine --[STX]S 001002 0199                   9145346    E014[ETX]
22-07-2026 00:40:50 - [ACK]
22-07-2026 00:40:54 - [STX]R 001003N0200                   9285559[ETX]
22-07-2026 00:40:54 - --Send Message To Machine --[STX]S 001003 0200                   9285559    E010[ETX]
22-07-2026 00:40:54 - [ACK]
22-07-2026 00:40:58 - [STX]R 001004N0201                   9144390[ETX]
22-07-2026 00:40:58 - --Send Message To Machine --[STX]S 001004 0201                   9144390    E099007009013097001025026028029002098003005012024006[ETX]
22-07-2026 00:40:59 - [ACK]
22-07-2026 00:41:03 - [STX]R 001005N0202                   9144388[ETX]
22-07-2026 00:41:03 - --Send Message To Machine --[STX]S 001005 0202                   9144388    E099007009013017097001025026028029027002098003005012024006[ETX]
22-07-2026 00:41:03 - [ACK]
22-07-2026 00:41:07 - [STX]R 001006N0203                   9144396[ETX]
22-07-2026 00:41:07 - --Send Message To Machine --[STX]S 001006 0203                   9144396    E099007010009013017097001025026028029022027002098003005012024006[ETX]
22-07-2026 00:41:08 - [ACK]
22-07-2026 00:41:57 - [STX]D 000808 0195                   8876444    E20260722003702001  4.47  009 0.410  017162.61  026 150.2  025  7.13  002 293.5  003
22-07-2026 00:41:57 -   26.9  027 258.9  028 14.64  012 0.182  005  29.1  013  16.9  029   5.8  006  9.70  007 190.2  024 0.938  097 138.2  098 3.455 
22-07-2026 00:41:57 -  099 101.7  [ETX]
22-07-2026 00:42:02 - [STX]D 000809 0196                   9152227    E20260722003706014  85.7  [ETX]
22-07-2026 00:42:06 - [STX]D 000810 0197                   9152218    E20260722003711014  87.0  [ETX]
22-07-2026 00:42:08 - [STX]Rh000801 0188                   9145343[ETX]
22-07-2026 00:42:08 - --Send Message To Machine --[STX]S 000801 0188                   9145343    E001025012024[ETX]
22-07-2026 00:42:08 - [ACK]
22-07-2026 00:42:10 - [STX]Rh000802 0189                   9145354[ETX]
22-07-2026 00:42:10 - --Send Message To Machine --[STX]S 000802 0189                   9145354    E001025012024[ETX]
22-07-2026 00:42:11 - [ACK]
22-07-2026 00:42:12 - [STX]Rh000803 0190                   9145347[ETX]
22-07-2026 00:42:12 - --Send Message To Machine --[STX]S 000803 0190                   9145347    E001025012024[ETX]
22-07-2026 00:42:13 - [ACK]
22-07-2026 00:42:14 - [STX]Rh000804 0191                   9152228[ETX]
22-07-2026 00:42:14 - --Send Message To Machine --[STX]S 000804 0191                   9152228    E001025012024[ETX]
22-07-2026 00:42:15 - [ACK]
22-07-2026 00:42:17 - [STX]Rh000805 0192                   9145351[ETX]
22-07-2026 00:42:17 - --Send Message To Machine --[STX]S 000805 0192                   9145351    E001025012024[ETX]
22-07-2026 00:42:17 - [ACK]
22-07-2026 00:42:19 - [STX]Rh000806 0193                   9152230[ETX]
22-07-2026 00:42:19 - --Send Message To Machine --[STX]S 000806 0193                   9152230    E001025012024[ETX]
22-07-2026 00:42:19 - [ACK]
22-07-2026 00:42:21 - [STX]Rh000807 0194                   9145337[ETX]
22-07-2026 00:42:21 - --Send Message To Machine --[STX]S 000807 0194                   9145337    E001025012024[ETX]
22-07-2026 00:42:22 - [ACK]
22-07-2026 00:42:23 - [STX]Rh000808 0195                   8876444[ETX]
22-07-2026 00:42:23 - --Send Message To Machine --[STX]S 000808 0195                   8876444    E001025012024[ETX]
22-07-2026 00:42:24 - [ACK]
22-07-2026 00:42:25 - [STX]Rh000809 0196                   9152227[ETX]
22-07-2026 00:42:28 - [NAK]
22-07-2026 00:42:30 - [STX]Rh000810 0197                   9152218[ETX]
22-07-2026 00:42:33 - [NAK]
22-07-2026 00:51:41 - [STX]D 001001 0198                   9285517    E20260722004646001  3.99  009 0.447  026 197.3  025  8.27  002 109.9  003  16.6  028
22-07-2026 00:51:41 -  11.97  012 0.073  005  35.6  013  29.8  029   6.4  006  9.06  007 146.6  024 0.344  097 135.4  098 4.746  099 102.4  [ETX]
22-07-2026 00:51:46 - [STX]D 001002 0199                   9145346    E20260722004650014 172.8  [ETX]
22-07-2026 00:52:04 - [STX]D 001003 0200                   9285559    E20260722004708010 65.10  [ETX]
22-07-2026 00:53:21 - [STX]D 001004 0201                   9144390    E20260722004825001  3.29  009 1.042  026 191.0  025  6.24  002 172.6  003 123.2  028
22-07-2026 00:53:21 -  54.99  012 0.753  005 149.9  013 308.2  029   4.8  006  8.52  007 230.5  024 2.030  097 132.2  098 4.804  099 100.4  [ETX]
22-07-2026 00:54:47 - [STX]D 001005 0202                   9144388    E20260722004951001  3.99  009 0.553  017 17.86  026  80.6  025  7.25  002  58.7  003
22-07-2026 00:54:47 -   10.6  027 379.5  028 17.06  012 0.084  005  16.4  013  12.4  029   3.6  006  9.43  007 147.7  024 0.406  097 136.8  098 4.611 
22-07-2026 00:54:47 -  099 102.9  [ETX]
22-07-2026 00:56:35 - [STX]D 001006 0203                   9144396    E20260722005140001  4.46  009 0.681  017137.27  026 137.7  025  7.93  010 44.85  002
22-07-2026 00:56:35 -  118.3  003  44.9  027 298.4  028 31.17  012 0.051  005  66.9  013  44.0  029   3.6  022   2.8G 006  9.65  007 193.4  024 0.166 
22-07-2026 00:56:35 -  097 144.0  09810.371  099  97.9  [ETX]
22-07-2026 00:56:37 - [STX]Rh001001 0198                   9285517[ETX]
22-07-2026 00:56:37 - --Send Message To Machine --[STX]S 001001 0198                   9285517    E001025012024[ETX]
22-07-2026 00:56:38 - [ACK]
22-07-2026 00:56:39 - [STX]Rh001002 0199                   9145346[ETX]
22-07-2026 00:56:42 - [NAK]
22-07-2026 00:56:44 - [STX]Rh001003 0200                   9285559[ETX]
22-07-2026 00:56:47 - [NAK]
22-07-2026 00:56:48 - [STX]Rh001004 0201                   9144390[ETX]
22-07-2026 00:56:48 - --Send Message To Machine --[STX]S 001004 0201                   9144390    E001025012024[ETX]
22-07-2026 00:56:49 - [ACK]
22-07-2026 00:56:51 - [STX]Rh001005 0202                   9144388[ETX]
22-07-2026 00:56:51 - --Send Message To Machine --[STX]S 001005 0202                   9144388    E001025012024[ETX]
22-07-2026 00:56:51 - [ACK]
22-07-2026 00:56:53 - [STX]Rh001006 0203                   9144396[ETX]
22-07-2026 00:56:53 - --Send Message To Machine --[STX]S 001006 0203                   9144396    E099097001025098012024[ETX]
22-07-2026 00:56:54 - [ACK]
22-07-2026 01:04:44 - [STX]R 000801N0204                   9152219[ETX]
22-07-2026 01:04:44 - --Send Message To Machine --[STX]S 000801 0204                   9152219    E099007009013017097001025026028029027002098003005012024006[ETX]
22-07-2026 01:04:45 - [ACK]
22-07-2026 01:04:48 - [STX]R 000802N0205                   9152222[ETX]
22-07-2026 01:04:49 - --Send Message To Machine --[STX]S 000802 0205                   9152222    E099007009013017097001025026028029027002098003005012024006[ETX]
22-07-2026 01:04:49 - [ACK]
22-07-2026 01:04:53 - [STX]R 000803N0206                   9144398[ETX]
22-07-2026 01:04:53 - --Send Message To Machine --[STX]S 000803 0206                   9144398    E099007009013017097001025026028029027002098003005012024006[ETX]
22-07-2026 01:04:54 - [ACK]
22-07-2026 01:04:58 - [STX]R 000804N0207                   9145339[ETX]
22-07-2026 01:04:58 - --Send Message To Machine --[STX]S 000804 0207                   9145339    E099007009013017097001025026028029027002098003005012024006[ETX]
22-07-2026 01:04:58 - [ACK]
22-07-2026 01:05:02 - [STX]R 000805N0208                   9150021[ETX]
22-07-2026 01:05:02 - --Send Message To Machine --[STX]S 000805 0208                   9150021    E099007009013017097001025026028029027002098003005012024006[ETX]
22-07-2026 01:05:03 - [ACK]
22-07-2026 01:15:54 - [STX]D 000801 0204                   9152219    E20260722011059001  4.15  009 0.455  017185.39  026  58.4  025  7.54  002  43.7  003
22-07-2026 01:15:54 -   18.1  027 258.6  028 18.24  012 0.198  005  20.5  013   9.1  029   3.8  006  9.16  007 171.6  024 0.982  097 134.0  098 3.678 
22-07-2026 01:15:54 -  099 100.1  [ETX]
22-07-2026 01:17:20 - [STX]D 000802 0205                   9152222    E20260722011225001  4.19  009 0.425  017 20.73  026 119.0  025  8.29  002  87.0  003
22-07-2026 01:17:20 -   37.8  027 351.7  028 13.82  012 0.166  005  36.5  013  43.4  029   5.1  006  9.35  007 198.9  024 0.628  097 135.4  098 5.001 
22-07-2026 01:17:20 -  099 102.4  [ETX]
22-07-2026 01:18:46 - [STX]D 000803 0206                   9144398    E20260722011351001  4.90  009 0.899  017 78.33  026 299.7  025  8.43  002 113.2  003
22-07-2026 01:18:46 -   50.6  027 328.1  028 35.51  012 0.188  005  38.6  013  32.7  029   3.4  006 10.38  007 242.9  024 1.658  097 140.7  098 5.570 
22-07-2026 01:18:46 -  099  95.6  [ETX]
22-07-2026 01:20:12 - [STX]D 000804 0207                   9145339    E20260722011517001  4.29  009 0.568  017152.42  026 130.4  025  7.35  002  76.7  003
22-07-2026 01:20:12 -    8.5  027 339.1  028 16.03  012 0.122  005  27.7  013  30.1  029   3.8  006  9.60  007 181.2  024 0.676  097 138.7  098 4.219 
22-07-2026 01:20:12 -  099 101.8  [ETX]
22-07-2026 01:21:38 - [STX]D 000805 0208                   9150021    E20260722011643001  3.97  009 0.560  017109.26  026  78.2  025  7.72  002 135.5  003
22-07-2026 01:21:38 -   37.2  027 230.1  028 14.59  012 0.150  005  56.0  013 113.5  029   4.6  006  9.75  007 155.3  024 0.585  097 142.6  098 4.020 
22-07-2026 01:21:38 -  099 103.3  [ETX]
22-07-2026 01:21:40 - [STX]Rh000801 0204                   9152219[ETX]
22-07-2026 01:21:40 - --Send Message To Machine --[STX]S 000801 0204                   9152219    E001025012024[ETX]
22-07-2026 01:21:41 - [ACK]
22-07-2026 01:21:42 - [STX]Rh000802 0205                   9152222[ETX]
22-07-2026 01:21:45 - [NAK]
22-07-2026 01:21:47 - [STX]Rh000803 0206                   9144398[ETX]
22-07-2026 01:21:47 - --Send Message To Machine --[STX]S 000803 0206                   9144398    E001025012024[ETX]
22-07-2026 01:21:47 - [ACK]
22-07-2026 01:21:49 - [STX]Rh000804 0207                   9145339[ETX]
22-07-2026 01:21:49 - --Send Message To Machine --[STX]S 000804 0207                   9145339    E001025012024[ETX]
22-07-2026 01:21:50 - [ACK]
22-07-2026 01:21:51 - [STX]Rh000805 0208                   9150021[ETX]
22-07-2026 01:21:51 - --Send Message To Machine --[STX]S 000805 0208                   9150021    E099007097001025028027098012024[ETX]
22-07-2026 01:21:52 - [ACK]
22-07-2026 01:35:19 - [STX]RE[ETX]
22-07-2026 01:35:20 - [STX]DE[ETX]
22-07-2026 05:14:01 - [STX]RB[ETX]
22-07-2026 05:14:03 - [STX]DB[ETX]
22-07-2026 05:14:12 - [STX]R 000901N0001                   8809869[ETX]
22-07-2026 05:14:12 - --Send Message To Machine --[STX]S 000901 0001                   8809869    E099009013097001025028029002098003005012024006[ETX]
22-07-2026 05:14:12 - [ACK]
22-07-2026 05:14:16 - [STX]R 000902N0002                   9151787[ETX]
22-07-2026 05:14:16 - --Send Message To Machine --[STX]S 000902 0002                   9151787    E029022[ETX]
22-07-2026 05:14:17 - [ACK]
22-07-2026 05:27:28 - [STX]D 000901 0001                   8809869    E20260722052233001  4.58  009 0.485  025  7.99  002  86.1  003  17.3  028 22.63  012
22-07-2026 05:27:28 -  0.046  005  18.5  013  12.1  029   5.9  006 10.37  024 0.347  097 138.6  098 4.628  099 104.3  [ETX]
22-07-2026 05:27:37 - [STX]D 000902 0002                   9151787    E20260722052242029   3.6  022   6.7G [ETX]
22-07-2026 05:27:39 - [STX]Rh000901 0001                   8809869[ETX]
22-07-2026 05:27:39 - --Send Message To Machine --[STX]S 000901 0001                   8809869    E099097001025028029098012024[ETX]
22-07-2026 05:27:39 - [ACK]
22-07-2026 05:27:41 - [STX]Rh000902 0002                   9151787[ETX]
22-07-2026 05:27:44 - [NAK]
22-07-2026 05:38:38 - [STX]R 001001N0003                   9152933[ETX]
22-07-2026 05:38:38 - --Send Message To Machine --[STX]S 001001 0003                   9152933    E099007009013017020097001025026028029027002098004003005012024006[ETX]
22-07-2026 05:38:39 - [ACK]
22-07-2026 05:38:42 - [STX]R 001002N0004                   9152931[ETX]
22-07-2026 05:38:42 - --Send Message To Machine --[STX]S 001002 0004                   9152931    E022[ETX]
22-07-2026 05:38:43 - [ACK]
22-07-2026 05:52:13 - [STX]D 001001 0003                   9152933    E20260722054717001  4.57  009 0.432  017137.44  026 149.3  025  7.98  002  78.9  003
22-07-2026 05:52:13 -   89.9  027 358.1  028 12.97  012 0.133  004  19.6  005  73.2  013  39.5  029   5.2  006  9.77  007 171.0  024 0.635  097 138.2 
22-07-2026 05:52:13 -  098 5.752  099  97.5  [ETX]
22-07-2026 05:52:17 - [STX]D 001002 0004                   9152931    E20260722054722022 147.4ZF[ETX]
22-07-2026 05:52:19 - [STX]Rh001001 0003                   9152933[ETX]
22-07-2026 05:52:19 - --Send Message To Machine --[STX]S 001001 0003                   9152933    E099007013020097001025026028029027098004003005012024006[ETX]
22-07-2026 05:52:19 - [ACK]
22-07-2026 05:52:21 - [STX]Rh001002 0004                   9152931[ETX]
22-07-2026 05:52:24 - [NAK]
22-07-2026 06:05:54 - [STX]RE[ETX]
22-07-2026 06:05:55 - [STX]DE[ETX]
22-07-2026 08:10:23 - [STX]RB[ETX]
22-07-2026 08:10:25 - [STX]DB[ETX]
22-07-2026 08:10:33 - [STX]R 001001N0005                   9145356[ETX]
22-07-2026 08:10:34 - --Send Message To Machine --[STX]S 001001 0005                   9145356    E099007009013017097001025026028029027002098003005012024006[ETX]
22-07-2026 08:10:35 - [ACK]
22-07-2026 08:24:08 - [STX]D 001001 0005                   9145356    E20260722081913001  3.99  009 0.470  017 41.68  026  88.3  025  7.56  002  75.9  003
22-07-2026 08:24:08 -   29.0  027 368.3  028 26.63  012 0.051  005  32.6  013  16.7  029   3.2  006  9.46  007 217.2  024 0.199  097 138.5  098 5.013 
22-07-2026 08:24:08 -  099 105.7  [ETX]
22-07-2026 08:24:10 - [STX]Rh001001 0005                   9145356[ETX]
22-07-2026 08:24:10 - --Send Message To Machine --[STX]S 001001 0005                   9145356    E099007009013017097001025026028029027002098003005012024006[ETX]
22-07-2026 08:24:11 - [ACK]
22-07-2026 08:37:40 - [STX]RE[ETX]
22-07-2026 08:37:41 - [STX]DE[ETX]
22-07-2026 09:01:29 - [STX]RB[ETX]
22-07-2026 09:01:30 - [STX]DB[ETX]
22-07-2026 09:13:55 - [STX]D     02 P001                   9140541    E20260722090900017177.36  027 276.5  [ETX]
22-07-2026 09:21:19 - [STX]DH    02 P001                   9140541P001E20260722091624024 0.628  [ETX]
22-07-2026 09:34:40 - [STX]R 000901N0006                   9141105[ETX]
22-07-2026 09:34:40 - --Send Message To Machine --[STX]S 000901 0006                   9141105    E099007009013017097001025026028029027002098003005012024006[ETX]
22-07-2026 09:34:40 - [ACK]
22-07-2026 09:34:44 - [STX]R 000902N0007                   9141100[ETX]
22-07-2026 09:34:44 - --Send Message To Machine --[STX]S 000902 0007                   9141100    E099007009013017097001025026028029027002098003005012024006[ETX]
22-07-2026 09:34:45 - [ACK]
22-07-2026 09:44:55 - [STX]R 000801N0008                   9285496[ETX]
22-07-2026 09:44:55 - --Send Message To Machine --[STX]S 000801 0008                   9285496    E099009013097001025028029002098003005012024006[ETX]
22-07-2026 09:44:56 - [ACK]
22-07-2026 09:45:00 - [STX]R 000802N0009                   9285498[ETX]
22-07-2026 09:45:00 - --Send Message To Machine --[STX]S 000802 0009                   9285498    E007026[ETX]
22-07-2026 09:45:00 - [ACK]
22-07-2026 09:45:04 - [STX]R 000803N0010                   9285507[ETX]
22-07-2026 09:45:04 - --Send Message To Machine --[STX]S 000803 0010                   9285507    E014[ETX]
22-07-2026 09:45:05 - [ACK]
22-07-2026 09:45:09 - [STX]R 000804N0011                   9285510[ETX]
22-07-2026 09:45:09 - --Send Message To Machine --[STX]S 000804 0011                   9285510    E014[ETX]
22-07-2026 09:45:10 - [ACK]
22-07-2026 09:48:10 - [STX]D 000901 0006                   9141105    E20260722094315001  4.58  009 0.365  017 26.12  026 142.7  025  8.29  002  67.5  003
22-07-2026 09:48:10 -   14.6  027 351.9  028 15.47  012 0.117  005  24.3  013  14.2  029   3.4  006  9.62  007 177.0  024 0.709  097 138.5  098 4.293 
22-07-2026 09:48:10 -  099 105.9  [ETX]
22-07-2026 09:49:36 - [STX]D 000902 0007                   9141100    E20260722094441001  3.92  009 0.703  017 63.53  026  79.5  025  7.50  002  92.7  003
22-07-2026 09:49:36 -   22.2  027 398.4  028 24.18  012 0.193  005  26.2  013  47.7  029   5.5  006  9.42  007 160.5  024 0.792  097 139.9  098 4.058 
22-07-2026 09:49:36 -  099 101.1  [ETX]
22-07-2026 09:49:38 - [STX]Rh000901 0006                   9141105[ETX]
22-07-2026 09:49:38 - --Send Message To Machine --[STX]S 000901 0006                   9141105    E001025012024[ETX]
22-07-2026 09:49:38 - [ACK]
22-07-2026 09:49:40 - [STX]Rh000902 0007                   9141100[ETX]
22-07-2026 09:49:40 - --Send Message To Machine --[STX]S 000902 0007                   9141100    E099007013097001025026028029027098003005012024006[ETX]
22-07-2026 09:49:41 - [ACK]
22-07-2026 09:52:28 - [STX]R 000701N0012                   9285504[ETX]
22-07-2026 09:52:28 - --Send Message To Machine --[STX]S 000701 0012                   9285504    E099007009013017097001025026028029027002098003005012024006[ETX]
22-07-2026 09:52:29 - [ACK]
22-07-2026 09:52:32 - [STX]R 000702N0013                   9285501[ETX]
22-07-2026 09:52:33 - --Send Message To Machine --[STX]S 000702 0013                   9285501    E099007009013017097001025026028029027002098003005012024006[ETX]
22-07-2026 09:52:33 - [ACK]
22-07-2026 09:52:37 - [STX]R 000703N0014                   9285508[ETX]
22-07-2026 09:52:37 - --Send Message To Machine --[STX]S 000703 0014                   9285508    E099007009013017097001025026028029027002098003005012024006[ETX]
22-07-2026 09:52:38 - [ACK]
22-07-2026 09:55:43 - [STX]D 000801 0008                   9285496    E20260722095048001  1.81  009 0.395  025  7.02  002 125.9  003  35.1  028 27.14  012
22-07-2026 09:55:43 -  1.373  005  87.9  013  21.0  029   3.2  006  7.96  024 2.598  097 117.5  098 5.094  099  93.7  [ETX]
22-07-2026 09:55:52 - [STX]D 000802 0009                   9285498    E20260722095057026  79.4  007 160.0  [ETX]
22-07-2026 09:55:56 - [STX]D 000803 0010                   9285507    E20260722095101014  82.9  [ETX]
22-07-2026 09:56:01 - [STX]D 000804 0011                   9285510    E20260722095106014  91.1  [ETX]
22-07-2026 09:56:02 - [STX]Rh000801 0008                   9285496[ETX]
22-07-2026 09:56:02 - --Send Message To Machine --[STX]S 000801 0008                   9285496    E001025012024[ETX]
22-07-2026 09:56:03 - [ACK]
22-07-2026 09:56:05 - [STX]Rh000802 0009                   9285498[ETX]
22-07-2026 09:56:08 - [NAK]
22-07-2026 09:56:09 - [STX]Rh000803 0010                   9285507[ETX]
22-07-2026 09:56:12 - [NAK]
22-07-2026 09:56:14 - [STX]Rh000804 0011                   9285510[ETX]
22-07-2026 09:56:17 - [NAK]
22-07-2026 10:03:33 - [STX]D 000701 0012                   9285504    E20260722095838001  4.24  009 0.395  017150.39  026 119.2  025  7.39  002  60.8  003
22-07-2026 10:03:34 -   24.3  027 265.9  028 18.59  012 0.078  005  25.1  013   9.6  029   3.3  006  9.18  007 188.1  024 0.377  097 137.9  098 4.012 
22-07-2026 10:03:34 -  099 106.2  [ETX]
22-07-2026 10:04:59 - [STX]D 000702 0013                   9285501    E20260722100004001  4.25  009 0.312  017 56.88  026 124.1  025  7.41  002  74.9  003
22-07-2026 10:05:00 -   19.4  027 303.6  028 15.43  012 0.128  005  21.2  013  11.0  029   3.4  006  9.48  007 189.1  024 0.810  097 136.7  098 4.340 
22-07-2026 10:05:00 -  099 107.7  [ETX]
22-07-2026 10:06:25 - [STX]D 000703 0014                   9285508    E20260722100130001  4.51  009 0.598  017 18.42  026 102.5  025  7.50  002  89.2  003
22-07-2026 10:06:26 -   22.8  027 250.7  028 11.28  012 0.084  005  21.0  013  16.3  029   4.5  006  8.90  007 173.0  024 0.392  097 140.6  098 4.947 
22-07-2026 10:06:26 -  099 105.0  [ETX]
22-07-2026 10:06:27 - [STX]Rh000701 0012                   9285504[ETX]
22-07-2026 10:06:27 - --Send Message To Machine --[STX]S 000701 0012                   9285504    E001025012024[ETX]
22-07-2026 10:06:28 - [ACK]
22-07-2026 10:06:29 - [STX]Rh000702 0013                   9285501[ETX]
22-07-2026 10:06:29 - --Send Message To Machine --[STX]S 000702 0013                   9285501    E001025012024[ETX]
22-07-2026 10:06:30 - [ACK]
22-07-2026 10:06:32 - [STX]Rh000703 0014                   9285508[ETX]
22-07-2026 10:06:32 - --Send Message To Machine --[STX]S 000703 0014                   9285508    E099007013097001025026028029027098003005012024006[ETX]
22-07-2026 10:06:32 - [ACK]
22-07-2026 10:20:02 - [STX]RE[ETX]
22-07-2026 10:20:04 - [STX]DE[ETX]
22-07-2026 10:51:45 - [STX]RB[ETX]
22-07-2026 10:51:46 - [STX]DB[ETX]
22-07-2026 11:04:44 - [STX]R 000901N0015                   9285512[ETX]
22-07-2026 11:04:44 - --Send Message To Machine --[STX]S 000901 0015                   9285512    E099009013097001025028029002098003005012024006[ETX]
22-07-2026 11:04:45 - [ACK]
22-07-2026 11:04:48 - [STX]R 000902N0016                   9285487[ETX]
22-07-2026 11:04:48 - --Send Message To Machine --[STX]S 000902 0016                   9285487    E099007009013017097001025026028029022027002098003005012024006[ETX]
22-07-2026 11:04:49 - [ACK]
22-07-2026 11:04:53 - [STX]R 000903N0017                   9285495[ETX]
22-07-2026 11:04:53 - --Send Message To Machine --[STX]S 000903 0017                   9285495    E014[ETX]
22-07-2026 11:04:54 - [ACK]
22-07-2026 11:04:57 - [STX]R 000904N0018                   9285492[ETX]
22-07-2026 11:04:58 - --Send Message To Machine --[STX]S 000904 0018                   9285492    E099007009013097001025026028029002098003005012024006[ETX]
22-07-2026 11:04:58 - [ACK]
22-07-2026 11:05:02 - [STX]R 000905N0019                   9285489[ETX]
22-07-2026 11:05:02 - --Send Message To Machine --[STX]S 000905 0019                   9285489    E014[ETX]
22-07-2026 11:05:03 - [ACK]
22-07-2026 11:11:50 - [STX]D     03 P002                  08804400    E20260722110654010  0.78  022   5.8G [ETX]
22-07-2026 11:15:31 - [STX]D 000901 0015                   9285512    E20260722111036001  4.40  009 0.921  025  2.10G 002 106.4  003  22.9  028 17.92  012
22-07-2026 11:15:31 -  0.079  005  19.7  013  10.7  029   3.5  006  9.65  024 0.437  097 141.1  098 4.014  099 103.9  [ETX]
22-07-2026 11:17:02 - [STX]D 000902 0016                   9285487    E20260722111207001  3.93  009 0.891  017 84.32  026 138.9  025  2.20G 002  90.2  003
22-07-2026 11:17:02 -   11.2  027 315.6  028 27.56  012 0.073  005  21.1  013   9.0  029   2.8  022  20.5  006  8.96  007 157.4  024 0.542  097 139.3 
22-07-2026 11:17:02 -  098 4.069  099 107.8  [ETX]
22-07-2026 11:17:06 - [STX]D 000903 0017                   9285495    E20260722111211014  79.0  [ETX]
22-07-2026 11:18:23 - [STX]D 000904 0018                   9285492    E20260722111328001  3.63  009 0.583  026 170.5  025  5.87  002  53.8  003  23.5  028
22-07-2026 11:18:23 -  10.58  012 0.062  005  17.9  013   9.3  029   4.0  006  8.87  007 127.9  024 0.393  097 140.3  098 4.166  099 109.3  [ETX]
22-07-2026 11:18:28 - [STX]D 000905 0019                   9285489    E20260722111333014  77.4  [ETX]
22-07-2026 11:18:29 - [STX]Rh000901 0015                   9285512[ETX]
22-07-2026 11:18:29 - --Send Message To Machine --[STX]S 000901 0015                   9285512    E001025012024[ETX]
22-07-2026 11:18:30 - [ACK]
22-07-2026 11:18:31 - [STX]Rh000902 0016                   9285487[ETX]
22-07-2026 11:18:32 - --Send Message To Machine --[STX]S 000902 0016                   9285487    E001025012024[ETX]
22-07-2026 11:18:32 - [ACK]
22-07-2026 11:18:34 - [STX]Rh000903 0017                   9285495[ETX]
22-07-2026 11:18:37 - [NAK]
22-07-2026 11:18:38 - [STX]Rh000904 0018                   9285492[ETX]
22-07-2026 11:18:38 - --Send Message To Machine --[STX]S 000904 0018                   9285492    E099001025098012024[ETX]
22-07-2026 11:18:39 - [ACK]
22-07-2026 11:18:41 - [STX]Rh000905 0019                   9285489[ETX]
22-07-2026 11:18:44 - [NAK]
22-07-2026 11:53:37 - [STX]D     01 P005                   9285487    E20260722114842025  7.49  [ETX]
22-07-2026 11:53:41 - [STX]D     02 P003                   9285512    E20260722114846025  7.33  [ETX]
22-07-2026 11:53:46 - [STX]D     04 P004                   9285492    E20260722114851025  5.91  [ETX]
22-07-2026 12:02:40 - [STX]R 000901N0020                   9285490[ETX]
22-07-2026 12:02:40 - --Send Message To Machine --[STX]S 000901 0020                   9285490    E009028[ETX]
22-07-2026 12:02:41 - [ACK]
22-07-2026 12:14:53 - [STX]D 000901 0020                   9285490    E20260722120958009 0.921  028 22.35  [ETX]
22-07-2026 12:14:55 - [STX]Rh000901 0020                   9285490[ETX]
22-07-2026 12:14:58 - [NAK]
22-07-2026 12:20:37 - [STX]R 000501N0021                   9285484[ETX]
22-07-2026 12:20:37 - --Send Message To Machine --[STX]S 000501 0021                   9285484    E099007009013097001025026028029002098003005012024006[ETX]
22-07-2026 12:20:38 - [ACK]
22-07-2026 12:20:42 - [STX]R 000502N0022                   9285488[ETX]
22-07-2026 12:20:42 - --Send Message To Machine --[STX]S 000502 0022                   9285488    E099009013097001025028029002098003005012024006[ETX]
22-07-2026 12:20:42 - [ACK]
22-07-2026 12:31:43 - [STX]D 000501 0021                   9285484    E20260722122647001  4.43  009 1.004  026 154.0  025  7.73  002  73.6  003  54.1  028
22-07-2026 12:31:43 -  18.75  012 0.165  005  35.6  013  49.2  029   7.0  006  9.43  007 161.0  024 1.211  097 136.8  098 4.230  099 103.1  [ETX]
22-07-2026 12:32:50 - [STX]D 000502 0022                   9285488    E20260722122755001  3.84  009 0.914  025  7.68  002 168.1  003      E 028 12.79  012
22-07-2026 12:32:51 -  3.958  0051526.7F 013 264.9  029   6.4  006  8.79  024 6.353  097 136.2  098 4.078  099  99.8  [ETX]
22-07-2026 12:32:52 - [STX]Rh000501 0021                   9285484[ETX]
22-07-2026 12:32:52 - --Send Message To Machine --[STX]S 000501 0021                   9285484    E001025012024[ETX]
22-07-2026 12:32:53 - [ACK]
22-07-2026 12:32:54 - [STX]Rh000502 0022                   9285488[ETX]
22-07-2026 12:32:54 - --Send Message To Machine --[STX]S 000502 0022                   9285488    E099013097001025028029098003005012024006[ETX]
22-07-2026 12:32:55 - [ACK]
22-07-2026 12:38:16 - [STX]R 001001N0023                   9285481[ETX]
22-07-2026 12:38:16 - --Send Message To Machine --[STX]S 001001 0023                   9285481    E099007009013097001025026028029002098003005012024006[ETX]
22-07-2026 12:38:17 - [ACK]
22-07-2026 12:49:22 - [STX]D 001001 0023                   9285481    E20260722124427001  4.04  009 0.876  026 135.2  025  7.42  002  91.3  003  40.0  028
22-07-2026 12:49:22 -  21.83  012 0.144  005  23.4  013  33.2  029   6.8  006  9.44  007 152.2  024 0.875  097 138.4  098 4.303  099 108.0  [ETX]
22-07-2026 12:49:23 - [STX]Rh001001 0023                   9285481[ETX]
22-07-2026 12:49:23 - --Send Message To Machine --[STX]S 001001 0023                   9285481    E099007009013097001025026028029098003005012024006[ETX]
22-07-2026 12:49:24 - [ACK]
22-07-2026 12:50:20 - [STX]D     03 P006                   9285488    E202607221245250031671.0  0051659.1  [ETX]
22-07-2026 12:52:22 - [STX]R 000501N0024                   9285478[ETX]
22-07-2026 12:52:23 - --Send Message To Machine --[STX]S 000501 0024                   9285478    E014[ETX]
22-07-2026 12:52:23 - [ACK]
22-07-2026 13:02:15 - [STX]D 000501 0024                   9285478    E20260722125721014  67.9  [ETX]
22-07-2026 13:02:17 - [STX]Rh000501 0024                   9285478[ETX]
22-07-2026 13:02:20 - [NAK]
22-07-2026 13:15:47 - [STX]RE[ETX]
22-07-2026 13:15:49 - [STX]DE[ETX]
22-07-2026 13:33:03 - [STX]RB[ETX]
22-07-2026 13:33:04 - [STX]DB[ETX]
22-07-2026 13:33:16 - [STX]R 000501N0025                   9130113[ETX]
22-07-2026 13:33:16 - --Send Message To Machine --[STX]S 000501 0025                   9130113    E014[ETX]
22-07-2026 13:33:16 - [ACK]
22-07-2026 13:33:20 - [STX]R 000502N0026                   9130098[ETX]
22-07-2026 13:33:20 - --Send Message To Machine --[STX]S 000502 0026                   9130098    E014[ETX]
22-07-2026 13:33:21 - [ACK]
22-07-2026 13:33:25 - [STX]R 000503N0027                   9130109[ETX]
22-07-2026 13:33:25 - --Send Message To Machine --[STX]S 000503 0027                   9130109    E099009013097001025028029002098003005012024006[ETX]
22-07-2026 13:33:25 - [ACK]
22-07-2026 13:45:29 - [STX]D 000501 0025                   9130113    E20260722134034014 193.2  [ETX]
22-07-2026 13:45:33 - [STX]D 000502 0026                   9130098    E20260722134038014  72.4  [ETX]
22-07-2026 13:46:42 - [STX]D 000503 0027                   9130109    E20260722134146001  4.37  009 0.703  025  7.49  002  70.2  003  36.7  028 15.15  012
22-07-2026 13:46:42 -  0.095  005  28.7  013  36.3  029   3.3  006  9.73  024 0.542  097 141.9  098 4.034  099 106.1  [ETX]
22-07-2026 13:46:43 - [STX]Rh000501 0025                   9130113[ETX]
22-07-2026 13:46:46 - [NAK]
22-07-2026 13:46:48 - [STX]Rh000502 0026                   9130098[ETX]
22-07-2026 13:46:51 - [NAK]
22-07-2026 13:46:52 - [STX]Rh000503 0027                   9130109[ETX]
22-07-2026 13:46:52 - --Send Message To Machine --[STX]S 000503 0027                   9130109    E099097001025028098012024[ETX]
22-07-2026 13:46:53 - [ACK]
22-07-2026 13:51:54 - [STX]R 001001N0028                   9130076[ETX]
22-07-2026 13:51:54 - --Send Message To Machine --[STX]S 001001 0028                   9130076    E099007009013097001025026028029002098003005012024006[ETX]
22-07-2026 13:51:54 - [ACK]
22-07-2026 13:51:58 - [STX]R 001002N0029                   9130094[ETX]
22-07-2026 13:51:58 - --Send Message To Machine --[STX]S 001002 0029                   9130094    E013001025002003005012024[ETX]
22-07-2026 13:51:59 - [ACK]
22-07-2026 13:52:03 - [STX]R 001003N0030                   9130096[ETX]
22-07-2026 13:52:03 - --Send Message To Machine --[STX]S 001003 0030                   9130096    E099007009013017097001025026028029027002098003005012024006[ETX]
22-07-2026 13:52:03 - [ACK]
22-07-2026 13:52:07 - [STX]R 001004N0031                   9130112[ETX]
22-07-2026 13:52:07 - --Send Message To Machine --[STX]S 001004 0031                   9130112    E099007009013017097001025026028029027002098003005012024006[ETX]
22-07-2026 13:52:08 - [ACK]
22-07-2026 13:52:12 - [STX]R 001005N0032                   9130127[ETX]
22-07-2026 13:52:12 - --Send Message To Machine --[STX]S 001005 0032                   9130127    E014[ETX]
22-07-2026 13:52:12 - [ACK]
22-07-2026 13:52:16 - [STX]R 001006N0033                   9130134[ETX]
22-07-2026 13:52:16 - --Send Message To Machine --[STX]S 001006 0033                   9130134    E014[ETX]
22-07-2026 13:52:17 - [ACK]
22-07-2026 13:52:21 - [STX]R 001007N0034                   9285458[ETX]
22-07-2026 13:52:21 - --Send Message To Machine --[STX]S 001007 0034                   9285458    E007026[ETX]
22-07-2026 13:52:21 - [ACK]
22-07-2026 13:52:25 - [STX]R 001008N0035                   9285457[ETX]
22-07-2026 13:52:25 - --Send Message To Machine --[STX]S 001008 0035                   9285457    E007026[ETX]
22-07-2026 13:52:26 - [ACK]
22-07-2026 13:52:30 - [STX]R 001009N0036                   9285452[ETX]
22-07-2026 13:52:30 - --Send Message To Machine --[STX]S 001009 0036                   9285452    E099007009013097001025026028029002098003005012024006[ETX]
22-07-2026 13:52:30 - [ACK]
22-07-2026 13:52:34 - [STX]R 001010N0037                   9130117[ETX]
22-07-2026 13:52:34 - --Send Message To Machine --[STX]S 001010 0037                   9130117    E099007009013097001025026028029002098003005012024006[ETX]
22-07-2026 13:52:35 - [ACK]
22-07-2026 13:54:20 - [STX]RE[ETX]
22-07-2026 13:54:21 - [STX]D 001001 0028                   9130076    E20260722134925097      ? 098      ? 099      ? [ETX]
22-07-2026 13:54:23 - [STX]DE[ETX]
22-07-2026 14:03:02 - [STX]RB[ETX]
22-07-2026 14:03:03 - [STX]DB[ETX]
22-07-2026 14:03:13 - [STX]R 001001N0038                   9130076[ETX]
22-07-2026 14:03:13 - --Send Message To Machine --[STX]S 001001 0038                   9130076    E099007009013097001025026028029002098003005012024006[ETX]
22-07-2026 14:03:13 - [ACK]
22-07-2026 14:18:09 - [STX]D 001001 0038                   9130076    E20260722141314001  4.27  009 0.786  026  52.2  025  7.24  002  51.7  003  14.2  028
22-07-2026 14:18:09 -  15.10  012 0.100  005  25.7  013   5.3  029   3.8  006  9.40  007 157.2  024 0.450  097 137.5  098 4.034  099 106.6  [ETX]
22-07-2026 14:18:54 - [STX]D 001002 0029                   9130094    E20260722141359001  3.95  025  7.10  002 471.4  003 808.1F 012 3.707  005 427.3  013
22-07-2026 14:18:54 -  241.0  024 7.183  [ETX]
22-07-2026 14:20:11 - [STX]D     01 P008                   9130034    E20260722141516001  4.20  012 0.122  006  9.19  024 0.496  097 142.3  098 4.188  099
22-07-2026 14:20:11 -  106.2  [ETX]
22-07-2026 14:20:20 - [STX]D 001003 0030                   9130096    E20260722141525001  4.11  009 0.944  017 72.85  026 179.5  025  7.24  002 117.2  003
22-07-2026 14:20:20 -   50.3  027 217.7  028 29.62  012 0.073  005  33.4  013  75.4  029   6.3  006  9.01  007 199.7  024 0.497  097 142.9  098 4.032 
22-07-2026 14:20:20 -  099 107.8  [ETX]
22-07-2026 14:22:00 - [STX]D     04 P007                 009285492    E20260722141705010  3.33  [ETX]
22-07-2026 14:22:04 - [STX]D 001004 0031                   9130112    E20260722141709001  3.47  009 1.117  017 61.45  026 127.5  025  7.85  002  73.7  003
22-07-2026 14:22:04 -   11.8  027 325.2  028 22.46  012 0.067  005  22.5  013  10.9  029   3.4  006  8.72  007 160.3  024 0.475  097 136.1  098 3.629 
22-07-2026 14:22:04 -  099 106.6  [ETX]
22-07-2026 14:22:09 - [STX]D 001005 0032                   9130127    E20260722141714014  84.3  [ETX]
22-07-2026 14:22:13 - [STX]D 001006 0033                   9130134    E20260722141718014  87.4  [ETX]
22-07-2026 14:22:22 - [STX]D 001007 0034                   9285458    E20260722141727026  98.8  007 107.2  [ETX]
22-07-2026 14:22:31 - [STX]D 001008 0035                   9285457    E20260722141736026 351.7  007 120.1  [ETX]
22-07-2026 14:23:48 - [STX]D 001009 0036                   9285452    E20260722141853001  3.97  009 0.929  026 118.6  025  7.29  002  69.5  003  29.1  028
22-07-2026 14:23:48 -  14.39  012 0.149  005  33.3  013  37.3  029   4.6  006  9.04  007 196.0  024 0.876  097 128.5  098 4.641  099  92.6  [ETX]
22-07-2026 14:25:05 - [STX]D 001010 0037                   9130117    E20260722142010001  3.69  009 0.673  026 114.2  025  7.33  002  97.9  003  18.7  028
22-07-2026 14:25:05 -  11.70  012 0.209  005  24.0  013  10.3  029   5.1  006  8.92  007 133.6  024 1.226  097 136.2  098 3.882  099 103.8  [ETX]
22-07-2026 14:25:07 - [STX]Rh001001 0038                   9130076[ETX]
22-07-2026 14:25:07 - --Send Message To Machine --[STX]S 001001 0038                   9130076    E001025012024[ETX]
22-07-2026 14:25:08 - [ACK]
22-07-2026 14:25:09 - [STX]Rh001002 0029                   9130094[ETX]
22-07-2026 14:25:09 - --Send Message To Machine --[STX]S 001002 0029                   9130094    E001025012024[ETX]
22-07-2026 14:25:10 - [ACK]
22-07-2026 14:25:11 - [STX]Rh001003 0030                   9130096[ETX]
22-07-2026 14:25:11 - --Send Message To Machine --[STX]S 001003 0030                   9130096    E001025012024[ETX]
22-07-2026 14:25:12 - [ACK]
22-07-2026 14:25:14 - [STX]Rh001004 0031                   9130112[ETX]
22-07-2026 14:25:14 - --Send Message To Machine --[STX]S 001004 0031                   9130112    E001025012024[ETX]
22-07-2026 14:25:14 - [ACK]
22-07-2026 14:25:16 - [STX]Rh001005 0032                   9130127[ETX]
22-07-2026 14:25:19 - [NAK]
22-07-2026 14:25:20 - [STX]Rh001006 0033                   9130134[ETX]
22-07-2026 14:25:23 - [NAK]
22-07-2026 14:25:25 - [STX]Rh001007 0034                   9285458[ETX]
22-07-2026 14:25:28 - [NAK]
22-07-2026 14:25:30 - [STX]Rh001008 0035                   9285457[ETX]
22-07-2026 14:25:33 - [NAK]
22-07-2026 14:25:34 - [STX]Rh001009 0036                   9285452[ETX]
22-07-2026 14:25:34 - --Send Message To Machine --[STX]S 001009 0036                   9285452    E001025012024[ETX]
22-07-2026 14:25:35 - [ACK]
22-07-2026 14:25:36 - [STX]Rh001010 0037                   9130117[ETX]
22-07-2026 14:25:36 - --Send Message To Machine --[STX]S 001010 0037                   9130117    E001025012024[ETX]
22-07-2026 14:25:37 - [ACK]
22-07-2026 14:26:31 - [STX]D     01 P008                   9130034    E20260722142136009 1.019  017 24.43  026  59.5  025  6.81  002  50.6  003  38.5  027
22-07-2026 14:26:31 -  283.7  028 16.25  005  21.9  013  16.8  029   5.1  007 152.0  [ETX]
22-07-2026 14:39:06 - [STX]RE[ETX]
22-07-2026 14:39:07 - [STX]DE[ETX]
22-07-2026 14:41:51 - [STX]RB[ETX]
22-07-2026 14:41:52 - [STX]DB[ETX]
22-07-2026 14:42:00 - [STX]R 000901N0039                   9297308[ETX]
22-07-2026 14:42:00 - --Send Message To Machine --[STX]S 000901 0039                   9297308    E014[ETX]
22-07-2026 14:42:01 - [ACK]
22-07-2026 14:42:05 - [STX]R 000902N0040                 ERRSN0001[ETX]
22-07-2026 14:42:08 - [NAK]
22-07-2026 14:42:09 - [STX]R 000903N0040                   9297311[ETX]
22-07-2026 14:42:09 - --Send Message To Machine --[STX]S 000903 0040                   9297311    E014[ETX]
22-07-2026 14:42:10 - [ACK]
22-07-2026 14:42:14 - [STX]R 000904N0041                   9150887[ETX]
22-07-2026 14:42:14 - --Send Message To Machine --[STX]S 000904 0041                   9150887    E014[ETX]
22-07-2026 14:42:14 - [ACK]
22-07-2026 14:42:18 - [STX]R 000905N0042                   8876454[ETX]
22-07-2026 14:42:18 - --Send Message To Machine --[STX]S 000905 0042                   8876454    E007026006[ETX]
22-07-2026 14:42:19 - [ACK]
22-07-2026 14:42:23 - [STX]R 000906N0043                   8876459[ETX]
22-07-2026 14:42:23 - --Send Message To Machine --[STX]S 000906 0043                   8876459    E007026[ETX]
22-07-2026 14:42:24 - [ACK]
22-07-2026 14:42:27 - [STX]R 000907N0044                   9297305[ETX]
22-07-2026 14:42:27 - --Send Message To Machine --[STX]S 000907 0044                   9297305    E013001025002003005012024[ETX]
22-07-2026 14:42:28 - [ACK]
22-07-2026 14:42:32 - [STX]R 000908N0045                   9130132[ETX]
22-07-2026 14:42:32 - --Send Message To Machine --[STX]S 000908 0045                   9130132    E099007009013017097001025026028029027002098003005012024006[ETX]
22-07-2026 14:42:33 - [ACK]
22-07-2026 14:42:36 - [STX]R 000909N0046                   9130125[ETX]
22-07-2026 14:42:37 - --Send Message To Machine --[STX]S 000909 0046                   9130125    E099007009013017097001025026028029027002098003005012024006[ETX]
22-07-2026 14:42:37 - [ACK]
22-07-2026 14:42:41 - [STX]R 000910N0047                   9130130[ETX]
22-07-2026 14:42:41 - --Send Message To Machine --[STX]S 000910 0047                   9130130    E006[ETX]
22-07-2026 14:42:42 - [ACK]
22-07-2026 14:47:08 - [STX]R 001001N0048                   8876447[ETX]
22-07-2026 14:47:08 - --Send Message To Machine --[STX]S 001001 0048                   8876447    E099007009013017097001025026028029027002098003005012024006[ETX]
22-07-2026 14:47:09 - [ACK]
22-07-2026 14:47:13 - [STX]R 001002N0049                   9150888[ETX]
22-07-2026 14:47:13 - --Send Message To Machine --[STX]S 001002 0049                   9150888    E099007009013017097001025026028029027002098003005012024006[ETX]
22-07-2026 14:47:13 - [ACK]
22-07-2026 14:47:17 - [STX]R 001003N0050                   9297302[ETX]
22-07-2026 14:47:17 - --Send Message To Machine --[STX]S 001003 0050                   9297302    E099007009013097001025026028029002098003005012024006[ETX]
22-07-2026 14:47:18 - [ACK]
22-07-2026 14:47:22 - [STX]R 001004N0051                   8876450[ETX]
22-07-2026 14:47:22 - --Send Message To Machine --[STX]S 001004 0051                   8876450    E099007009013097001025026028029002098003005012024006[ETX]
22-07-2026 14:47:22 - [ACK]
22-07-2026 14:47:26 - [STX]R 001005N0052                   8876455[ETX]
22-07-2026 14:47:26 - --Send Message To Machine --[STX]S 001005 0052                   8876455    E017027[ETX]
22-07-2026 14:47:27 - [ACK]
22-07-2026 14:47:31 - [STX]R 001006N0053                   9285466[ETX]
22-07-2026 14:47:31 - --Send Message To Machine --[STX]S 001006 0053                   9285466    E099007009013097001025026028029002098003005012024006[ETX]
22-07-2026 14:47:31 - [ACK]
22-07-2026 14:47:35 - [STX]R 001007N0054                   8876452[ETX]
22-07-2026 14:47:35 - --Send Message To Machine --[STX]S 001007 0054                   8876452    E099007009013097001025026028029002098003005012024006[ETX]
22-07-2026 14:47:36 - [ACK]
22-07-2026 14:47:40 - [STX]R 001008N0055                   9297309[ETX]
22-07-2026 14:47:40 - --Send Message To Machine --[STX]S 001008 0055                   9297309    E099007009013097001025026028029002098003005012024006[ETX]
22-07-2026 14:47:40 - [ACK]
22-07-2026 14:47:44 - [STX]R 001009N0056                   9297306[ETX]
22-07-2026 14:47:44 - --Send Message To Machine --[STX]S 001009 0056                   9297306    E099007009013097001025026028029002098003005012024006[ETX]
22-07-2026 14:47:45 - [ACK]
22-07-2026 14:54:14 - [STX]D 000901 0039                   9297308    E20260722144917014  26.3@ [ETX]
22-07-2026 14:54:23 - [STX]D 000903 0040                   9297311    E20260722144926014 102.2  [ETX]
22-07-2026 14:54:27 - [STX]D 000904 0041                   9150887    E20260722144931014      %?[ETX]
22-07-2026 14:54:41 - [STX]D 000905 0042                   8876454    E20260722144944026 192.4  006  6.25  007 165.7  [ETX]
22-07-2026 14:54:50 - [STX]D 000906 0043                   8876459    E20260722144953026 107.1  007 206.1  [ETX]
22-07-2026 14:55:35 - [STX]D 000907 0044                   9297305    E20260722145039001  4.24  025  8.53  002 224.4  003 203.1  012 1.629  005  91.7  013
22-07-2026 14:55:35 -  177.6  024 4.042  [ETX]
22-07-2026 14:57:01 - [STX]D 000908 0045                   9130132    E20260722145205001  4.56  009 1.094  017104.30  026 382.0  025  7.60  002  56.3  003
22-07-2026 14:57:01 -   36.2  027 246.5  028 22.15  012 0.144  005  26.1  013  24.0  029   7.9  006  9.84  007 247.1  024 1.301  097 139.3  098 4.089 
22-07-2026 14:57:01 -  099 102.8  [ETX]
22-07-2026 14:58:27 - [STX]D 000909 0046                   9130125    E20260722145331001  4.37  009 0.666  017  9.19G 026  33.9  025  7.78  002 209.2  003
22-07-2026 14:58:27 -   33.6  027 372.7  028 19.58  012 0.187  005  28.8  013  33.1  029   3.6  006  9.73  007 137.2  024 0.977  097 138.9  098 4.550 
22-07-2026 14:58:27 -  099 106.1  [ETX]
22-07-2026 14:58:32 - [STX]D 000910 0047                   9130130    E20260722145335006  9.55  [ETX]
22-07-2026 14:58:33 - [STX]Rh000901 0039                   9297308[ETX]
22-07-2026 14:58:36 - [NAK]
22-07-2026 14:58:38 - [STX]Rh000903 0040                   9297311[ETX]
22-07-2026 14:58:41 - [NAK]
22-07-2026 14:58:42 - [STX]Rh000905 0042                   8876454[ETX]
22-07-2026 14:58:45 - [NAK]
22-07-2026 14:58:47 - [STX]Rh000906 0043                   8876459[ETX]
22-07-2026 14:58:50 - [NAK]
22-07-2026 14:58:52 - [STX]Rh000907 0044                   9297305[ETX]
22-07-2026 14:58:55 - [NAK]
22-07-2026 14:58:56 - [STX]Rh000908 0045                   9130132[ETX]
22-07-2026 14:58:56 - --Send Message To Machine --[STX]S 000908 0045                   9130132    E001025012024[ETX]
22-07-2026 14:58:57 - [ACK]
22-07-2026 14:58:58 - [STX]Rh000909 0046                   9130125[ETX]
22-07-2026 14:58:59 - --Send Message To Machine --[STX]S 000909 0046                   9130125    E001025012024[ETX]
22-07-2026 14:58:59 - [ACK]
22-07-2026 14:59:01 - [STX]Rh000910 0047                   9130130[ETX]
22-07-2026 14:59:04 - [NAK]
22-07-2026 14:59:58 - [STX]D 001001 0048                   8876447    E20260722145501001  4.20  009 0.718  017- 3.05G 026 112.9  025  7.16  002  60.2  003
22-07-2026 14:59:58 -   25.6  027 388.1  028 12.24  012 0.143  005  18.1  013  16.5  029   4.5  006  9.35  007 108.8  024 0.724  097 139.4  098 4.051 
22-07-2026 14:59:58 -  099 109.7  [ETX]
22-07-2026 15:01:01 - [STX]R 000501N0057                   9285461[ETX]
22-07-2026 15:01:01 - --Send Message To Machine --[STX]S 000501 0057                   9285461    E099007009013017097001025026028029027002098003005012024006[ETX]
22-07-2026 15:01:02 - [ACK]
22-07-2026 15:01:05 - [STX]R 000502N0058                   9285445[ETX]
22-07-2026 15:01:05 - --Send Message To Machine --[STX]S 000502 0058                   9285445    E099007009013017097001025026028029027002098003005012024006[ETX]
22-07-2026 15:01:06 - [ACK]
22-07-2026 15:01:10 - [STX]R 000503N0059                   9285442[ETX]
22-07-2026 15:01:10 - --Send Message To Machine --[STX]S 000503 0059                   9285442    E099007009013017097001025026028029027002098003005012024006[ETX]
22-07-2026 15:01:11 - [ACK]
22-07-2026 15:01:14 - [STX]R 000504N0060                   9130119[ETX]
22-07-2026 15:01:14 - --Send Message To Machine --[STX]S 000504 0060                   9130119    E099007009013017097001025026028029027002098003005012024006[ETX]
22-07-2026 15:01:15 - [ACK]
22-07-2026 15:01:19 - [STX]R 000505N0061                   9130122[ETX]
22-07-2026 15:01:19 - --Send Message To Machine --[STX]S 000505 0061                   9130122    E099007009013017097001025026028029027002098003005012024006[ETX]
22-07-2026 15:01:20 - [ACK]
22-07-2026 15:01:23 - [STX]R 000506N0062                   9285448[ETX]
22-07-2026 15:01:24 - --Send Message To Machine --[STX]S 000506 0062                   9285448    E099007009013017097001025026028029027002098003005012024006[ETX]
22-07-2026 15:01:24 - [ACK]
22-07-2026 15:01:26 - [STX]D 001002 0049                   9150888    E20260722145627001  4.72  009 1.004  017 88.27  026 148.4  025  7.87  002  79.4  003
22-07-2026 15:01:26 -   63.0  027 307.3  028 26.68  012 0.149  005  34.0  013  31.9  029   7.3  006 10.19  007 189.6  024 0.929  097 141.4  098 4.239 
22-07-2026 15:01:26 -  099 108.6  [ETX]
22-07-2026 15:01:28 - [STX]R 000507N0063                   9297304[ETX]
22-07-2026 15:01:28 - --Send Message To Machine --[STX]S 000507 0063                   9297304    E029022[ETX]
22-07-2026 15:01:29 - [ACK]
22-07-2026 15:02:41 - [STX]D 001003 0050                   9297302    E20260722145744001  4.08  009 1.072  026 177.4  025  7.43  002 100.6  003  23.8  028
22-07-2026 15:02:41 -  23.18  012 0.144  005  19.5  013  21.9  029   6.0  006 10.04  007 158.7  024 1.109  097 140.2  098 4.532  099 105.9  [ETX]
22-07-2026 15:03:58 - [STX]D 001004 0051                   8876450    E20260722145901001  3.90  009 0.936  026  95.1  025  7.58  002 127.7  003  25.9  028
22-07-2026 15:03:58 -  24.66  012 0.252  005  38.5  013  21.2  029   6.0  006  9.05  007 126.4  024 0.938  097 142.5  098 3.853  099 108.7  [ETX]
22-07-2026 15:04:06 - [STX]D 001005 0052                   8876455    E20260722145910017 47.00  027 359.4  [ETX]
22-07-2026 15:05:05 - [STX]R 000901N0064                 ERRSN0002[ETX]
22-07-2026 15:05:05 - --Send Message To Machine --[STX]S 000901 0064                 ERRSN0002    E099097001025002098012024[ETX]
22-07-2026 15:05:06 - [ACK]
22-07-2026 15:05:24 - [STX]D 001006 0053                   9285466    E20260722150027001  4.47  009 1.094  026 143.3  025  7.50  002  72.4  003  64.7  028
22-07-2026 15:05:24 -  17.45  012 0.155  005  42.2  013  18.1  029   7.2  006  9.58  007 119.1  024 1.004  097 140.3  098 4.059  099 105.4  [ETX]
22-07-2026 15:06:40 - [STX]D 001007 0054                   8876452    E20260722150144001  4.40  009 1.049  026 163.5  025  7.90  002  70.1  003  37.5  028
22-07-2026 15:06:41 -  14.72  012 0.127  005  27.3  013  32.1  029   6.4  006  9.70  007 226.8  024 0.846  097 139.2  098 4.555  099 105.4  [ETX]
22-07-2026 15:07:57 - [STX]D 001008 0055                   9297309    E20260722150301001  4.08  009 0.801  026 282.3  025  7.60  002  80.2  003  32.8  028
22-07-2026 15:07:57 -  13.10  012 0.094  005  40.0  013  33.9  029   4.6  006  9.02  007 209.9  024 0.505  097 139.3  098 3.609  099 102.4  [ETX]
22-07-2026 15:09:14 - [STX]D 001009 0056                   9297306    E20260722150418001  4.54  009 1.057  026 222.3  025  7.66  002 135.6  003  44.2  028
22-07-2026 15:09:15 -  20.94  012 0.143  005  38.3  013  26.5  029   6.8  006  9.60  007 149.6  024 0.846  097 139.3  098 4.314  099 101.9  [ETX]
22-07-2026 15:09:16 - [STX]Rh001001 0048                   8876447[ETX]
22-07-2026 15:09:16 - --Send Message To Machine --[STX]S 001001 0048                   8876447    E001025012024[ETX]
22-07-2026 15:09:17 - [ACK]
22-07-2026 15:09:18 - [STX]Rh001002 0049                   9150888[ETX]
22-07-2026 15:09:18 - --Send Message To Machine --[STX]S 001002 0049                   9150888    E001025012024[ETX]
22-07-2026 15:09:19 - [ACK]
22-07-2026 15:09:21 - [STX]Rh001003 0050                   9297302[ETX]
22-07-2026 15:09:21 - --Send Message To Machine --[STX]S 001003 0050                   9297302    E001025012024[ETX]
22-07-2026 15:09:21 - [ACK]
22-07-2026 15:09:23 - [STX]Rh001004 0051                   8876450[ETX]
22-07-2026 15:09:23 - --Send Message To Machine --[STX]S 001004 0051                   8876450    E001025012024[ETX]
22-07-2026 15:09:23 - [ACK]
22-07-2026 15:09:25 - [STX]Rh001005 0052                   8876455[ETX]
22-07-2026 15:09:28 - [NAK]
22-07-2026 15:09:30 - [STX]Rh001006 0053                   9285466[ETX]
22-07-2026 15:09:30 - --Send Message To Machine --[STX]S 001006 0053                   9285466    E001025012024[ETX]
22-07-2026 15:09:30 - [ACK]
22-07-2026 15:09:32 - [STX]Rh001007 0054                   8876452[ETX]
22-07-2026 15:09:32 - --Send Message To Machine --[STX]S 001007 0054                   8876452    E001025012024[ETX]
22-07-2026 15:09:32 - [ACK]
22-07-2026 15:09:34 - [STX]Rh001008 0055                   9297309[ETX]
22-07-2026 15:09:34 - --Send Message To Machine --[STX]S 001008 0055                   9297309    E001025012024[ETX]
22-07-2026 15:09:35 - [ACK]
22-07-2026 15:09:36 - [STX]Rh001009 0056                   9297306[ETX]
22-07-2026 15:09:36 - --Send Message To Machine --[STX]S 001009 0056                   9297306    E001025012024[ETX]
22-07-2026 15:09:37 - [ACK]
22-07-2026 15:12:06 - [STX]D 000501 0057                   9285461    E20260722150710001  4.72  009 1.177  017197.31  026 294.2  025  7.35  002  50.5  003
22-07-2026 15:12:06 -   30.2  027 190.6  028 29.35  012 0.187  005  27.8  013  12.5  029   6.9  006  9.76  007 201.9  024 1.196  097 140.9  098 3.844 
22-07-2026 15:12:06 -  099 106.4  [ETX]
22-07-2026 15:13:32 - [STX]D 000502 0058                   9285445    E20260722150836001  4.13  009 0.793  017 50.94  026 148.5  025  7.17  002  73.1  003
22-07-2026 15:13:32 -   28.8  027 186.3  028 22.42  012 0.274  005  27.4  013  86.5  029   5.0  006  9.08  007 125.9  024 1.829  097 141.8  098 3.735 
22-07-2026 15:13:32 -  099 109.1  [ETX]
22-07-2026 15:14:58 - [STX]D 000503 0059                   9285442    E20260722151002001  4.07  009 1.026  017  4.14G 026 184.3  025  7.49  002 116.9  003
22-07-2026 15:14:58 -   49.1  027 428.6  028 20.99  012 0.106  005  34.8  013  38.1  029   5.6  006  9.35  007 179.0  024 0.549  097 140.0  098 4.782 
22-07-2026 15:14:58 -  099 107.7  [ETX]
22-07-2026 15:16:24 - [STX]D 000504 0060                   9130119    E20260722151128001  4.43  009 0.989  017191.65  026 162.6  025  7.35  002  79.0  003
22-07-2026 15:16:24 -   19.1  027 284.6  028 13.80  012 0.111  005  15.4  013  20.1  029   6.7  006  9.73  007 170.0  024 0.606  097 141.4  098 4.451 
22-07-2026 15:16:24 -  099 108.9  [ETX]
22-07-2026 15:17:50 - [STX]D 000505 0061                   9130122    E20260722151254001  4.57  009 1.026  017 49.62  026 163.5  025  7.69  002  90.0  003
22-07-2026 15:17:50 -   32.0  027 283.0  028 22.30  012 0.106  005  26.7  013  24.9  029   6.1  006 10.03  007 227.6  024 0.754  097 141.3  098 4.245 
22-07-2026 15:17:50 -  099 104.9  [ETX]
22-07-2026 15:19:16 - [STX]D 000506 0062                   9285448    E20260722151420001  4.31  009 0.763  017 60.28  026 112.2  025  7.68  002 133.4  003
22-07-2026 15:19:16 -   25.4  027 329.9  028 19.81  012 0.100  005  32.7  013  34.6  029   5.3  006  9.87  007 211.8  024 0.667  097 139.9  098 4.945 
22-07-2026 15:19:16 -  099 107.9  [ETX]
22-07-2026 15:19:25 - [STX]D 000507 0063                   9297304    E20260722151429029   5.4  022   3.3G [ETX]
22-07-2026 15:19:27 - [STX]Rh000501 0057                   9285461[ETX]
22-07-2026 15:19:30 - [NAK]
22-07-2026 15:19:31 - [STX]Rh000502 0058                   9285445[ETX]
22-07-2026 15:19:32 - --Send Message To Machine --[STX]S 000502 0058                   9285445    E001025012024[ETX]
22-07-2026 15:19:32 - [ACK]
22-07-2026 15:19:34 - [STX]Rh000503 0059                   9285442[ETX]
22-07-2026 15:19:34 - --Send Message To Machine --[STX]S 000503 0059                   9285442    E001025012024[ETX]
22-07-2026 15:19:34 - [ACK]
22-07-2026 15:19:36 - [STX]Rh000504 0060                   9130119[ETX]
22-07-2026 15:19:36 - --Send Message To Machine --[STX]S 000504 0060                   9130119    E001025012024[ETX]
22-07-2026 15:19:37 - [ACK]
22-07-2026 15:19:38 - [STX]Rh000505 0061                   9130122[ETX]
22-07-2026 15:19:38 - --Send Message To Machine --[STX]S 000505 0061                   9130122    E001025012024[ETX]
22-07-2026 15:19:39 - [ACK]
22-07-2026 15:19:40 - [STX]Rh000506 0062                   9285448[ETX]
22-07-2026 15:19:40 - --Send Message To Machine --[STX]S 000506 0062                   9285448    E001025012024[ETX]
22-07-2026 15:19:41 - [ACK]
22-07-2026 15:19:43 - [STX]Rh000507 0063                   9297304[ETX]
22-07-2026 15:19:46 - [NAK]
22-07-2026 15:20:15 - [STX]D 000901 0064                 ERRSN0002    E20260722151519001  3.98  025  7.32  002   4.0G 012 0.073  024 0.592  097 214.4  098
22-07-2026 15:20:15 -  5.148  099 102.5  [ETX]
22-07-2026 15:20:17 - [STX]Rh000901 0064                 ERRSN0002[ETX]
22-07-2026 15:20:17 - --Send Message To Machine --[STX]S 000901 0064                 ERRSN0002    E099097001025002098012024[ETX]
22-07-2026 15:20:17 - [ACK]
22-07-2026 15:27:47 - [STX]R 000501N0065                   9285475[ETX]
22-07-2026 15:27:48 - --Send Message To Machine --[STX]S 000501 0065                   9285475    E014[ETX]
22-07-2026 15:27:48 - [ACK]
22-07-2026 15:27:52 - [STX]R 000502N0066                   9130100[ETX]
22-07-2026 15:27:52 - --Send Message To Machine --[STX]S 000502 0066                   9130100    E014[ETX]
22-07-2026 15:27:53 - [ACK]
22-07-2026 15:27:57 - [STX]R 000503N0067                   9130101[ETX]
22-07-2026 15:28:00 - [NAK]
22-07-2026 15:37:36 - [STX]D 000501 0065                   9285475    E20260722153240014 111.9  [ETX]
22-07-2026 15:37:41 - [STX]D 000502 0066                   9130100    E20260722153244014  76.9  [ETX]
22-07-2026 15:37:42 - [STX]Rh000501 0065                   9285475[ETX]
22-07-2026 15:37:45 - [NAK]
22-07-2026 15:37:47 - [STX]Rh000502 0066                   9130100[ETX]
22-07-2026 15:37:50 - [NAK]
22-07-2026 15:39:20 - [STX]D     02 P009                   9285465    E20260722153424014  85.4  [ETX]
22-07-2026 15:49:36 - [STX]R 000501N0067                   9285473[ETX]
22-07-2026 15:49:36 - --Send Message To Machine --[STX]S 000501 0067                   9285473    E099007009013017097001025026028029027002098003005012024006[ETX]
22-07-2026 15:49:36 - [ACK]
22-07-2026 15:57:17 - [STX]R 000901N0068                   8408279[ETX]
22-07-2026 15:57:17 - --Send Message To Machine --[STX]S 000901 0068                   8408279    E007[ETX]
22-07-2026 15:57:18 - [ACK]
22-07-2026 15:57:22 - [STX]R 000902N0069                   8408281[ETX]
22-07-2026 15:57:22 - --Send Message To Machine --[STX]S 000902 0069                   8408281    E013001025002003005012024[ETX]
22-07-2026 15:57:22 - [ACK]
22-07-2026 15:57:26 - [STX]R 000903N0070                   8408278[ETX]
22-07-2026 15:57:26 - --Send Message To Machine --[STX]S 000903 0070                   8408278    E007[ETX]
22-07-2026 15:57:27 - [ACK]
22-07-2026 15:57:31 - [STX]R 000904N0071                   8408286[ETX]
22-07-2026 15:57:31 - --Send Message To Machine --[STX]S 000904 0071                   8408286    E014[ETX]
22-07-2026 15:57:31 - [ACK]
22-07-2026 15:57:35 - [STX]R 000905N0072                   8408277[ETX]
22-07-2026 15:57:35 - --Send Message To Machine --[STX]S 000905 0072                   8408277    E007026[ETX]
22-07-2026 15:57:36 - [ACK]
22-07-2026 15:57:40 - [STX]R 000906N0073                   8408285[ETX]
22-07-2026 15:57:40 - --Send Message To Machine --[STX]S 000906 0073                   8408285    E007026[ETX]
22-07-2026 15:57:41 - [ACK]
22-07-2026 15:57:44 - [STX]R 000907N0074                   9130140[ETX]
22-07-2026 15:57:44 - --Send Message To Machine --[STX]S 000907 0074                   9130140    E099009097028029098006[ETX]
22-07-2026 15:57:45 - [ACK]
22-07-2026 16:03:06 - [STX]D 000501 0067                   9285473    E20260722155809001  4.40  009 0.801  017218.75  026 160.3  025  7.64  002  62.6  003
22-07-2026 16:03:06 -   23.2  027 131.0  028 17.53  012 0.062  005  22.8  013  12.1  029   2.4  006  9.89  007 203.9  024 0.409  097 138.5  098 4.359 
22-07-2026 16:03:06 -  099 105.1  [ETX]
22-07-2026 16:03:08 - [STX]Rh000501 0067                   9285473[ETX]
22-07-2026 16:03:08 - --Send Message To Machine --[STX]S 000501 0067                   9285473    E099007009013017097001025026028029027002098003005012024006[ETX]
22-07-2026 16:03:08 - [ACK]
22-07-2026 16:03:15 - [STX]R 001001N0075                   8874317[ETX]
22-07-2026 16:03:15 - --Send Message To Machine --[STX]S 001001 0075                   8874317    E014[ETX]
22-07-2026 16:03:15 - [ACK]
22-07-2026 16:03:19 - [STX]R 001002N0076                 ERRSN0003[ETX]
22-07-2026 16:03:22 - [NAK]
22-07-2026 16:03:24 - [STX]R 001003N0076                   8874323[ETX]
22-07-2026 16:03:24 - --Send Message To Machine --[STX]S 001003 0076                   8874323    E014[ETX]
22-07-2026 16:03:25 - [ACK]
22-07-2026 16:07:01 - [STX]D 000901 0068                   8408279    E20260722160205007 141.5  [ETX]
22-07-2026 16:07:46 - [STX]D 000902 0069                   8408281    E20260722160250001  4.05  025  7.03  002 109.0  003  29.9  012 0.106  005  25.2  013
22-07-2026 16:07:47 -   33.0  024 0.484  [ETX]
22-07-2026 16:07:51 - [STX]D 000903 0070                   8408278    E20260722160255007 187.0  [ETX]
22-07-2026 16:07:55 - [STX]D 000904 0071                   8408286    E20260722160259014  89.8  [ETX]
22-07-2026 16:08:05 - [STX]D 000905 0072                   8408277    E20260722160308026   0.6G 007-  0.3G [ETX]
22-07-2026 16:08:14 - [STX]D 000906 0073                   8408285    E20260722160317026 225.5  007 174.1  [ETX]
22-07-2026 16:08:36 - [STX]D 000907 0074                   9130140    E20260722160340009 0.688  028 27.80  029   5.7  006  9.44  097 138.0  098 3.975  099
22-07-2026 16:08:36 -  106.8  [ETX]
22-07-2026 16:08:38 - [STX]Rh000901 0068                   8408279[ETX]
22-07-2026 16:08:41 - [NAK]
22-07-2026 16:08:42 - [STX]Rh000902 0069                   8408281[ETX]
22-07-2026 16:08:43 - --Send Message To Machine --[STX]S 000902 0069                   8408281    E001025012024[ETX]
22-07-2026 16:08:43 - [ACK]
22-07-2026 16:08:45 - [STX]Rh000903 0070                   8408278[ETX]
22-07-2026 16:08:48 - [NAK]
22-07-2026 16:08:49 - [STX]Rh000904 0071                   8408286[ETX]
22-07-2026 16:08:52 - [NAK]
22-07-2026 16:08:54 - [STX]Rh000905 0072                   8408277[ETX]
22-07-2026 16:08:57 - [NAK]
22-07-2026 16:08:58 - [STX]Rh000906 0073                   8408285[ETX]
22-07-2026 16:09:02 - [NAK]
22-07-2026 16:09:03 - [STX]Rh000907 0074                   9130140[ETX]
22-07-2026 16:09:06 - [NAK]
22-07-2026 16:12:18 - [STX]D     01 P010                   9130101    E20260722160722014 128.1  [ETX]
22-07-2026 16:12:59 - [STX]D 001001 0075                   8874317    E20260722160802014 120.0  [ETX]
22-07-2026 16:13:08 - [STX]D 001003 0076                   8874323    E20260722160811014 314.4  [ETX]
22-07-2026 16:13:09 - [STX]Rh001001 0075                   8874317[ETX]
22-07-2026 16:13:12 - [NAK]
22-07-2026 16:13:14 - [STX]Rh001003 0076                   8874323[ETX]
22-07-2026 16:13:17 - [NAK]
22-07-2026 16:23:10 - [STX]R 001001N0077                   9297325[ETX]
22-07-2026 16:23:10 - --Send Message To Machine --[STX]S 001001 0077                   9297325    E007026[ETX]
22-07-2026 16:23:10 - [ACK]
22-07-2026 16:30:56 - [STX]D     02 P011                   8874316    E20260722162600014  91.9  [ETX]
22-07-2026 16:31:09 - [STX]R 000901N0078                   9130139[ETX]
22-07-2026 16:31:09 - --Send Message To Machine --[STX]S 000901 0078                   9130139    E099007009013097001025026028029002098003005012024006[ETX]
22-07-2026 16:31:10 - [ACK]
22-07-2026 16:31:14 - [STX]R 000902N0079                   8874319[ETX]
22-07-2026 16:31:14 - --Send Message To Machine --[STX]S 000902 0079                   8874319    E099007009013097001025026028029002098003005012024006[ETX]
22-07-2026 16:31:15 - [ACK]
22-07-2026 16:31:18 - [STX]R 000903N0080                   8408283[ETX]
22-07-2026 16:31:19 - --Send Message To Machine --[STX]S 000903 0080                   8408283    E099007009013097001025026028029002098003005012024006[ETX]
22-07-2026 16:31:19 - [ACK]
22-07-2026 16:31:23 - [STX]R 000904N0081                   8874309[ETX]
22-07-2026 16:31:23 - --Send Message To Machine --[STX]S 000904 0081                   8874309    E099007009013097001025026028029002098003005012024006[ETX]
22-07-2026 16:31:24 - [ACK]
22-07-2026 16:32:58 - [STX]D 001001 0077                   9297325    E20260722162802026 236.1  007 156.2  [ETX]
22-07-2026 16:33:00 - [STX]Rh001001 0077                   9297325[ETX]
22-07-2026 16:33:03 - [NAK]
22-07-2026 16:42:06 - [STX]D 000901 0078                   9130139    E20260722163709001  4.58  009 0.846  026  64.4  025  8.41  002  73.9  003  23.0  028
22-07-2026 16:42:06 -  21.06  012 0.160  005  27.5  013  19.1  029   5.8  006 10.26  007 219.0  024 0.977  097 141.5  098 4.469  099 106.2  [ETX]
22-07-2026 16:43:23 - [STX]D 000902 0079                   8874319    E20260722163826001  4.18  009 0.808  026 175.9  025  7.22  002  81.4  003  21.7  028
22-07-2026 16:43:23 -  20.20  012 0.100  005  21.8  013  39.4  029   6.1  006  9.58  007 195.3  024 0.610  097 144.3  098 4.172  099 101.6  [ETX]
22-07-2026 16:44:40 - [STX]D 000903 0080                   8408283    E20260722163943001  3.94  009 0.876  026 165.5  025  7.01  002  60.7  003  15.0  028
22-07-2026 16:44:40 -  24.49  012 0.100  005  19.4  013  15.4  029   3.7  006  9.42  007 170.3  024 0.501  097 139.2  098 4.902  099 107.5  [ETX]
22-07-2026 16:45:57 - [STX]D 000904 0081                   8874309    E20260722164100001  4.15  009 0.643  026 112.5  025  7.58  002  78.7  003  16.4  028
22-07-2026 16:45:57 -  10.85  012 0.067  005  33.8  013  11.5  029   2.4  006  9.36  007 183.4  024 0.505  097 142.2  098 4.919  099 100.9  [ETX]
22-07-2026 16:45:58 - [STX]Rh000901 0078                   9130139[ETX]
22-07-2026 16:45:58 - --Send Message To Machine --[STX]S 000901 0078                   9130139    E001025012024[ETX]
22-07-2026 16:45:59 - [ACK]
22-07-2026 16:46:01 - [STX]Rh000902 0079                   8874319[ETX]
22-07-2026 16:46:01 - --Send Message To Machine --[STX]S 000902 0079                   8874319    E001025012024[ETX]
22-07-2026 16:46:01 - [ACK]
22-07-2026 16:46:03 - [STX]Rh000903 0080                   8408283[ETX]
22-07-2026 16:46:03 - --Send Message To Machine --[STX]S 000903 0080                   8408283    E001025012024[ETX]
22-07-2026 16:46:03 - [ACK]
22-07-2026 16:46:05 - [STX]Rh000904 0081                   8874309[ETX]
22-07-2026 16:46:05 - --Send Message To Machine --[STX]S 000904 0081                   8874309    E099007097001025026028029098003005012024[ETX]
22-07-2026 16:46:06 - [ACK]
22-07-2026 16:47:41 - [STX]D     01 P012                   9297325    E20260722164244026 240.2  007 158.3  [ETX]
22-07-2026 16:52:12 - [STX]R 000501N0082                   9297322[ETX]
22-07-2026 16:52:12 - --Send Message To Machine --[STX]S 000501 0082                   9297322    E099007009013097001025026028029002098003005012024006[ETX]
22-07-2026 16:52:13 - [ACK]
22-07-2026 17:03:18 - [STX]D 000501 0082                   9297322    E20260722165821001  4.01  009 0.808  026 128.4  025  7.31  002  44.1  003  17.1  028
22-07-2026 17:03:18 -  13.05  012 0.095  005  18.3  013  24.7  029   5.1  006  9.26  007 182.2  024 0.523  097 137.9  098 4.493  099 107.5  [ETX]
22-07-2026 17:03:19 - [STX]Rh000501 0082                   9297322[ETX]
22-07-2026 17:03:19 - --Send Message To Machine --[STX]S 000501 0082                   9297322    E099007009013097001025026028029098003005012024006[ETX]
22-07-2026 17:03:20 - [ACK]
22-07-2026 17:16:49 - [STX]RE[ETX]
22-07-2026 17:16:51 - [STX]DE[ETX]
22-07-2026 17:18:23 - [STX]RB[ETX]
22-07-2026 17:18:24 - [STX]DB[ETX]
22-07-2026 17:18:32 - [STX]R 000901N0083                   8874326[ETX]
22-07-2026 17:18:32 - --Send Message To Machine --[STX]S 000901 0083                   8874326    E099007009013017097001025026028029027002098003005012024006[ETX]
22-07-2026 17:18:33 - [ACK]
22-07-2026 17:18:36 - [STX]R 000902N0084                   9297318[ETX]
22-07-2026 17:18:36 - --Send Message To Machine --[STX]S 000902 0084                   9297318    E099007010009013017097001025026028029022027002098003005012024006[ETX]
22-07-2026 17:18:37 - [ACK]
22-07-2026 17:18:41 - [STX]R 000903N0085                   9297326[ETX]
22-07-2026 17:18:41 - --Send Message To Machine --[STX]S 000903 0085                   9297326    E099007009013017097001025026028029027002098003005012024006[ETX]
22-07-2026 17:18:41 - [ACK]
22-07-2026 17:18:45 - [STX]R 000904N0086                   9297315[ETX]
22-07-2026 17:18:45 - --Send Message To Machine --[STX]S 000904 0086                   9297315    E099007009013017097001025026028029027002098003005012024006[ETX]
22-07-2026 17:18:46 - [ACK]
22-07-2026 17:18:50 - [STX]R 000905N0087                   9130135[ETX]
22-07-2026 17:18:50 - --Send Message To Machine --[STX]S 000905 0087                   9130135    E099007009013017097001025026028029027002098003005012024006[ETX]
22-07-2026 17:18:51 - [ACK]
22-07-2026 17:18:54 - [STX]R 000906N0088                   8874318[ETX]
22-07-2026 17:18:54 - --Send Message To Machine --[STX]S 000906 0088                   8874318    E099007009013017097001025026028029027002098003005012024006[ETX]
22-07-2026 17:18:55 - [ACK]
22-07-2026 17:21:33 - [STX]R 001001N0089                   9155747[ETX]
22-07-2026 17:21:33 - --Send Message To Machine --[STX]S 001001 0089                   9155747    E014[ETX]
22-07-2026 17:21:33 - [ACK]
22-07-2026 17:21:37 - [STX]R 001002N0090                   9155751[ETX]
22-07-2026 17:21:37 - --Send Message To Machine --[STX]S 001002 0090                   9155751    E014[ETX]
22-07-2026 17:21:38 - [ACK]
22-07-2026 17:21:42 - [STX]R 001003N0091                   9140893[ETX]
22-07-2026 17:21:42 - --Send Message To Machine --[STX]S 001003 0091                   9140893    E014[ETX]
22-07-2026 17:21:42 - [ACK]
22-07-2026 17:21:46 - [STX]R 001004N0092                   9140899[ETX]
22-07-2026 17:21:46 - --Send Message To Machine --[STX]S 001004 0092                   9140899    E014[ETX]
22-07-2026 17:21:47 - [ACK]
22-07-2026 17:21:51 - [STX]R 001005N0093                   9140882[ETX]
22-07-2026 17:21:51 - --Send Message To Machine --[STX]S 001005 0093                   9140882    E014[ETX]
22-07-2026 17:21:52 - [ACK]
22-07-2026 17:22:09 - [STX]R 001006N0094                   9140890[ETX]
22-07-2026 17:22:09 - --Send Message To Machine --[STX]S 001006 0094                   9140890    E014[ETX]
22-07-2026 17:22:10 - [ACK]
22-07-2026 17:23:49 - [STX]R 001007N0095                   9140886[ETX]
22-07-2026 17:23:49 - --Send Message To Machine --[STX]S 001007 0095                   9140886    E014[ETX]
22-07-2026 17:23:49 - [ACK]
22-07-2026 17:25:24 - [STX]R 001008N0096                   9140896[ETX]
22-07-2026 17:25:24 - --Send Message To Machine --[STX]S 001008 0096                   9140896    E014[ETX]
22-07-2026 17:25:24 - [ACK]
22-07-2026 17:26:50 - [STX]R 001009N0097                   8802419[ETX]
22-07-2026 17:26:50 - --Send Message To Machine --[STX]S 001009 0097                   8802419    E014[ETX]
22-07-2026 17:26:50 - [ACK]
22-07-2026 17:28:16 - [STX]R 001010N0098                   9285440[ETX]
22-07-2026 17:28:16 - --Send Message To Machine --[STX]S 001010 0098                   9285440    E013001025002003005012024[ETX]
22-07-2026 17:28:16 - [ACK]
22-07-2026 17:32:07 - [STX]D 000901 0083                   8874326    E20260722172710001  3.22  009 1.245  017 31.52  0261457.3F 025  6.93  002 102.7  003
22-07-2026 17:32:07 -   13.0  027 312.8  028 24.94  012-0.008G 005  16.9  013  28.8  029   6.3  006  8.65  007 276.5  024 0.269  097 133.3  098 4.193 
22-07-2026 17:32:07 -  099 105.3  [ETX]
22-07-2026 17:33:19 - [STX]R 000501N0099                   9285441[ETX]
22-07-2026 17:33:19 - --Send Message To Machine --[STX]S 000501 0099                   9285441    E026003[ETX]
22-07-2026 17:33:20 - [ACK]
22-07-2026 17:33:23 - [STX]R 000502N0100                   9140903[ETX]
22-07-2026 17:33:23 - --Send Message To Machine --[STX]S 000502 0100                   9140903    E007026022[ETX]
22-07-2026 17:33:24 - [ACK]
22-07-2026 17:33:28 - [STX]R 000503N0101                   9131606[ETX]
22-07-2026 17:33:28 - --Send Message To Machine --[STX]S 000503 0101                   9131606    E007026[ETX]
22-07-2026 17:33:29 - [ACK]
22-07-2026 17:33:32 - [STX]R 000504N0102                   9140883[ETX]
22-07-2026 17:33:33 - --Send Message To Machine --[STX]S 000504 0102                   9140883    E007026[ETX]
22-07-2026 17:33:33 - [ACK]
22-07-2026 17:33:37 - [STX]R 000505N0103                   9141418[ETX]
22-07-2026 17:33:37 - --Send Message To Machine --[STX]S 000505 0103                   9141418    E099009013097001025028029002098003005012024006[ETX]
22-07-2026 17:33:38 - [ACK]
22-07-2026 17:33:41 - [STX]R 000506N0104                   9140879[ETX]
22-07-2026 17:33:42 - --Send Message To Machine --[STX]S 000506 0104                   9140879    E014[ETX]
22-07-2026 17:33:42 - [ACK]
22-07-2026 17:33:46 - [STX]R 000507N0105                   9131607[ETX]
22-07-2026 17:33:46 - --Send Message To Machine --[STX]S 000507 0105                   9131607    E007026[ETX]
22-07-2026 17:33:47 - [ACK]
22-07-2026 17:33:50 - [STX]R 000508N0106                   9141419[ETX]
22-07-2026 17:33:51 - --Send Message To Machine --[STX]S 000508 0106                   9141419    E007026[ETX]
22-07-2026 17:33:51 - [ACK]
22-07-2026 17:33:55 - [STX]D 000902 0084                   9297318    E20260722172859001  4.39  009 0.816  017-20.62G 026  58.3  025  7.36  010  0.59  002
22-07-2026 17:33:55 -   89.9  003  17.4  027 481.9  028 15.05  012 0.182  005  26.7  013  18.0  029   3.9  022   3.6G 006  9.28  007 170.3  024 1.095 
22-07-2026 17:33:55 -  097 138.5  098 4.484  099 106.6  [ETX]
22-07-2026 17:35:21 - [STX]D 000903 0085                   9297326    E20260722173025001  4.42  009 0.711  017 69.41  026  75.5  025  7.57  002  50.0  003
22-07-2026 17:35:21 -   15.8  027 482.8  028 23.50  012 0.051  005  27.5  013  14.3  029   2.4  006  9.64  007 164.2  024 0.361  097 140.2  098 4.263 
22-07-2026 17:35:21 -  099 108.8  [ETX]
22-07-2026 17:36:47 - [STX]D 000904 0086                   9297315    E20260722173151001  4.50  009 1.372  017 85.92  026 156.8  025  7.26  002  70.4  003
22-07-2026 17:36:47 -   51.2  027 232.8  028 28.75  012 0.127  005  36.6  013  14.9  029   5.4  006  9.75  007 189.1  024 0.772  097 144.7  098 3.811 
22-07-2026 17:36:47 -  099 107.1  [ETX]
22-07-2026 17:38:13 - [STX]D 000905 0087                   9130135    E20260722173317001  4.16  009 0.914  017 17.80  026 280.9  025  7.25  002 162.1  003
22-07-2026 17:38:13 -   16.5  027 360.7  028 22.99  012 0.122  005  24.8  013  19.2  029   4.1  006  9.36  007 212.5  024 0.964  097 141.3  098 4.106 
22-07-2026 17:38:13 -  099 107.4  [ETX]
22-07-2026 17:39:39 - [STX]D 000906 0088                   8874318    E20260722173443001  4.39  009 0.763  017109.22  026 230.8  025  7.40  002  99.1  003
22-07-2026 17:39:39 -   27.6  027 314.2  028 24.54  012 0.073  005  25.0  013  29.0  029   4.1  006  9.41  007 211.6  024 0.566  097 141.5  098 4.415 
22-07-2026 17:39:39 -  099 105.4  [ETX]
22-07-2026 17:39:41 - [STX]Rh000901 0083                   8874326[ETX]
22-07-2026 17:39:41 - --Send Message To Machine --[STX]S 000901 0083                   8874326    E001025012024[ETX]
22-07-2026 17:39:42 - [ACK]
22-07-2026 17:39:43 - [STX]Rh000902 0084                   9297318[ETX]
22-07-2026 17:39:43 - --Send Message To Machine --[STX]S 000902 0084                   9297318    E001025012024[ETX]
22-07-2026 17:39:44 - [ACK]
22-07-2026 17:39:45 - [STX]Rh000903 0085                   9297326[ETX]
22-07-2026 17:39:46 - --Send Message To Machine --[STX]S 000903 0085                   9297326    E001025012024[ETX]
22-07-2026 17:39:46 - [ACK]
22-07-2026 17:39:48 - [STX]Rh000904 0086                   9297315[ETX]
22-07-2026 17:39:48 - --Send Message To Machine --[STX]S 000904 0086                   9297315    E001025012024[ETX]
22-07-2026 17:39:48 - [ACK]
22-07-2026 17:39:50 - [STX]Rh000905 0087                   9130135[ETX]
22-07-2026 17:39:50 - --Send Message To Machine --[STX]S 000905 0087                   9130135    E001025012024[ETX]
22-07-2026 17:39:51 - [ACK]
22-07-2026 17:39:52 - [STX]Rh000906 0088                   8874318[ETX]
22-07-2026 17:39:52 - --Send Message To Machine --[STX]S 000906 0088                   8874318    E099007097001025028027098012024[ETX]
22-07-2026 17:39:53 - [ACK]
22-07-2026 17:40:02 - [STX]D 001001 0089                   9155747    E20260722173505014  86.5  [ETX]
22-07-2026 17:40:06 - [STX]D 001002 0090                   9155751    E20260722173510014  82.9  [ETX]
22-07-2026 17:40:11 - [STX]D 001003 0091                   9140893    E20260722173514014 237.9  [ETX]
22-07-2026 17:40:15 - [STX]D 001004 0092                   9140899    E20260722173519014  82.8  [ETX]
22-07-2026 17:40:20 - [STX]D 001005 0093                   9140882    E20260722173524014 317.9  [ETX]
22-07-2026 17:40:24 - [STX]D 001006 0094                   9140890    E20260722173528014 139.6  [ETX]
22-07-2026 17:40:29 - [STX]D 001007 0095                   9140886    E20260722173533014  75.1  [ETX]
22-07-2026 17:40:33 - [STX]D 001008 0096                   9140896    E20260722173537014  80.1  [ETX]
22-07-2026 17:40:38 - [STX]D 001009 0097                   8802419    E20260722173542014  76.5  [ETX]
22-07-2026 17:41:23 - [STX]D 001010 0098                   9285440    E20260722173627001  4.15  025  7.10  002  89.6  003  31.8  012 0.100  005  41.3  013
22-07-2026 17:41:23 -   12.9  024 0.672  [ETX]
22-07-2026 17:41:25 - [STX]Rh001001 0089                   9155747[ETX]
22-07-2026 17:41:28 - [NAK]
22-07-2026 17:41:29 - [STX]Rh001002 0090                   9155751[ETX]
22-07-2026 17:41:33 - [NAK]
22-07-2026 17:41:34 - [STX]Rh001003 0091                   9140893[ETX]
22-07-2026 17:41:37 - [NAK]
22-07-2026 17:41:39 - [STX]Rh001004 0092                   9140899[ETX]
22-07-2026 17:41:42 - [NAK]
22-07-2026 17:41:43 - [STX]Rh001005 0093                   9140882[ETX]
22-07-2026 17:41:46 - [NAK]
22-07-2026 17:41:48 - [STX]Rh001006 0094                   9140890[ETX]
22-07-2026 17:41:51 - [NAK]
22-07-2026 17:41:53 - [STX]Rh001007 0095                   9140886[ETX]
22-07-2026 17:41:56 - [NAK]
22-07-2026 17:41:57 - [STX]Rh001008 0096                   9140896[ETX]
22-07-2026 17:42:00 - [NAK]
22-07-2026 17:42:02 - [STX]Rh001009 0097                   8802419[ETX]
22-07-2026 17:42:05 - [NAK]
22-07-2026 17:42:06 - [STX]Rh001010 0098                   9285440[ETX]
22-07-2026 17:42:07 - --Send Message To Machine --[STX]S 001010 0098                   9285440    E001025012024[ETX]
22-07-2026 17:42:07 - [ACK]
22-07-2026 17:43:07 - [STX]D 000501 0099                   9285441    E20260722173811026 245.1  003  44.0  [ETX]
22-07-2026 17:43:21 - [STX]D 000502 0100                   9140903    E20260722173825026  75.6  022  38.6  007 175.6  [ETX]
22-07-2026 17:43:30 - [STX]D 000503 0101                   9131606    E20260722173834026 126.0  007 179.7  [ETX]
22-07-2026 17:43:39 - [STX]D 000504 0102                   9140883    E20260722173843026 458.2  007 213.2  [ETX]
22-07-2026 17:44:47 - [STX]D 000505 0103                   9141418    E20260722173951001  4.44  009 0.869  025  7.66  002  80.7  003  27.7  028 22.26  012
22-07-2026 17:44:47 -  0.073  005  26.0  013  26.0  029   4.8  006  9.98  024 0.536  097 139.0  098 3.552  099 102.5  [ETX]
22-07-2026 17:44:51 - [STX]D 000506 0104                   9140879    E20260722173955014  88.8  [ETX]
22-07-2026 17:45:00 - [STX]D 000507 0105                   9131607    E20260722174004026 231.0  007 211.4  [ETX]
22-07-2026 17:45:10 - [STX]D 000508 0106                   9141419    E20260722174013026 313.0  007 206.6  [ETX]
22-07-2026 17:45:11 - [STX]Rh000501 0099                   9285441[ETX]
22-07-2026 17:45:14 - [NAK]
22-07-2026 17:45:16 - [STX]Rh000502 0100                   9140903[ETX]
22-07-2026 17:45:19 - [NAK]
22-07-2026 17:45:20 - [STX]Rh000503 0101                   9131606[ETX]
22-07-2026 17:45:23 - [NAK]
22-07-2026 17:45:25 - [STX]Rh000504 0102                   9140883[ETX]
22-07-2026 17:45:28 - [NAK]
22-07-2026 17:45:30 - [STX]Rh000505 0103                   9141418[ETX]
22-07-2026 17:45:30 - --Send Message To Machine --[STX]S 000505 0103                   9141418    E001025012024[ETX]
22-07-2026 17:45:30 - [ACK]
22-07-2026 17:45:32 - [STX]Rh000506 0104                   9140879[ETX]
22-07-2026 17:45:35 - [NAK]
22-07-2026 17:45:36 - [STX]Rh000507 0105                   9131607[ETX]
22-07-2026 17:45:39 - [NAK]
22-07-2026 17:45:41 - [STX]Rh000508 0106                   9141419[ETX]
22-07-2026 17:45:44 - [NAK]
22-07-2026 17:53:36 - [STX]R 000501N0107                   9131632[ETX]
22-07-2026 17:53:37 - --Send Message To Machine --[STX]S 000501 0107                   9131632    E007026[ETX]
22-07-2026 17:53:37 - [ACK]
22-07-2026 17:53:41 - [STX]R 000502N0108                   9140891[ETX]
22-07-2026 17:53:41 - --Send Message To Machine --[STX]S 000502 0108                   9140891    E099007009013017097001025026028029027002098003005012024006[ETX]
22-07-2026 17:53:42 - [ACK]
22-07-2026 17:53:45 - [STX]R 000503N0109                   9140894[ETX]
22-07-2026 17:53:45 - --Send Message To Machine --[STX]S 000503 0109                   9140894    E099007009013017097001025026028029027002098003005012024006[ETX]
22-07-2026 17:53:46 - [ACK]
22-07-2026 17:53:50 - [STX]R 000504N0110                   9140888[ETX]
22-07-2026 17:53:50 - --Send Message To Machine --[STX]S 000504 0110                   9140888    E099007009013017097001025026028029027002098003005012024006[ETX]
22-07-2026 17:53:51 - [ACK]
22-07-2026 17:53:54 - [STX]R 000505N0111                   9141422[ETX]
22-07-2026 17:53:55 - --Send Message To Machine --[STX]S 000505 0111                   9141422    E099007009013097001025026028029002098003005012024006[ETX]
22-07-2026 17:53:55 - [ACK]
22-07-2026 17:53:59 - [STX]R 000506N0112                   9140887[ETX]
22-07-2026 17:53:59 - --Send Message To Machine --[STX]S 000506 0112                   9140887    E007026[ETX]
22-07-2026 17:54:00 - [ACK]
22-07-2026 18:03:34 - [STX]D 000501 0107                   9131632    E20260722175838026 244.3  007 212.3  [ETX]
22-07-2026 18:04:42 - [STX]R 001001N0113                   9150280[ETX]
22-07-2026 18:04:42 - --Send Message To Machine --[STX]S 001001 0113                   9150280    E022[ETX]
22-07-2026 18:04:42 - [ACK]
22-07-2026 18:05:00 - [STX]D 000502 0108                   9140891    E20260722180004001  3.92  009 0.801  017112.77  026 274.5  025  6.64  002  73.5  003
22-07-2026 18:05:00 -   20.0  027 251.7  028 16.73  012 0.089  005  22.5  013  41.5  029   6.0  006  9.27  007 163.1  024 0.527  097 140.0  098 3.938 
22-07-2026 18:05:00 -  099 102.4  [ETX]
22-07-2026 18:06:26 - [STX]D 000503 0109                   9140894    E20260722180130001  3.58  009 1.335  017135.94  026  64.3  025  7.12  002  56.5  003
22-07-2026 18:06:26 -   16.2  027 181.1  028 19.59  012 0.133  005  27.5  013  67.7  029   6.2  006  9.03  007 133.2  024 0.755  097 140.4  098 4.342 
22-07-2026 18:06:26 -  099 103.3  [ETX]
22-07-2026 18:07:52 - [STX]R 000901N0114                   9131603[ETX]
22-07-2026 18:07:52 - --Send Message To Machine --[STX]S 000901 0114                   9131603    E099007009013097001025026028029002098003005012024006[ETX]
22-07-2026 18:07:52 - [ACK]
22-07-2026 18:07:54 - [STX]D 000504 0110                   9140888    E20260722180256001  3.87  009 0.688  017 42.83  026 127.1  025  8.15  002 121.9  003
22-07-2026 18:07:54 -   42.1  027 222.7  028 22.30  012 0.161  005  39.8  013  41.4  029   4.6  006  9.66  007 101.7  024 0.929  097 137.7  098 3.582 
22-07-2026 18:07:54 -  099 102.1  [ETX]
22-07-2026 18:07:56 - [STX]R 000902N0115                   9141485[ETX]
22-07-2026 18:07:56 - --Send Message To Machine --[STX]S 000902 0115                   9141485    E099007009013097001025026028029002098003005012024006[ETX]
22-07-2026 18:07:57 - [ACK]
22-07-2026 18:08:01 - [STX]R 000903N0116                   9140880[ETX]
22-07-2026 18:08:01 - --Send Message To Machine --[STX]S 000903 0116                   9140880    E099007009013017097001025026028029027002098003005012024006[ETX]
22-07-2026 18:08:02 - [ACK]
22-07-2026 18:08:05 - [STX]R 000904N0117                   9140877[ETX]
22-07-2026 18:08:05 - --Send Message To Machine --[STX]S 000904 0117                   9140877    E099007009013017097001025026028029027002098003005012024006[ETX]
22-07-2026 18:08:06 - [ACK]
22-07-2026 18:08:10 - [STX]R 000905N0118                   9140897[ETX]
22-07-2026 18:08:10 - --Send Message To Machine --[STX]S 000905 0118                   9140897    E099007009013017097001025026028029027002098003005012024006[ETX]
22-07-2026 18:08:11 - [ACK]
22-07-2026 18:09:09 - [STX]D 000505 0111                   9141422    E20260722180412001  4.38  009 0.726  026  42.7  025  7.49  002 206.5  003  15.2  028
22-07-2026 18:09:09 -  22.84  012 0.127  005  26.5  013   9.2  029   2.5  006  9.48  007 167.9  024 0.493  097 140.8  098 3.780  099 107.6  [ETX]
22-07-2026 18:09:18 - [STX]D 000506 0112                   9140887    E20260722180422026 545.3  007 190.1  [ETX]
22-07-2026 18:09:19 - [STX]Rh000501 0107                   9131632[ETX]
22-07-2026 18:09:22 - [NAK]
22-07-2026 18:09:24 - [STX]Rh000502 0108                   9140891[ETX]
22-07-2026 18:09:24 - --Send Message To Machine --[STX]S 000502 0108                   9140891    E001025012024[ETX]
22-07-2026 18:09:25 - [ACK]
22-07-2026 18:09:26 - [STX]Rh000503 0109                   9140894[ETX]
22-07-2026 18:09:26 - --Send Message To Machine --[STX]S 000503 0109                   9140894    E001025012024[ETX]
22-07-2026 18:09:27 - [ACK]
22-07-2026 18:09:29 - [STX]Rh000504 0110                   9140888[ETX]
22-07-2026 18:09:29 - --Send Message To Machine --[STX]S 000504 0110                   9140888    E001025012024[ETX]
22-07-2026 18:09:29 - [ACK]
22-07-2026 18:09:31 - [STX]Rh000505 0111                   9141422[ETX]
22-07-2026 18:09:31 - --Send Message To Machine --[STX]S 000505 0111                   9141422    E001025012024[ETX]
22-07-2026 18:09:31 - [ACK]
22-07-2026 18:09:33 - [STX]Rh000506 0112                   9140887[ETX]
22-07-2026 18:09:36 - [NAK]
22-07-2026 18:14:26 - [STX]D 001001 0113                   9150280    E20260722180929022   6.6G [ETX]
22-07-2026 18:14:27 - [STX]Rh001001 0113                   9150280[ETX]
22-07-2026 18:14:30 - [NAK]
22-07-2026 18:18:48 - [STX]D 000901 0114                   9131603    E20260722181352001  4.17  009 0.635  026 136.3  025  7.45  002  74.2  003  44.8  028
22-07-2026 18:18:48 -  14.26  012 0.160  005  35.7  013  13.2  029   5.4  006  9.21  007 142.9  024 1.410  097 135.5  098 5.387  099 106.1  [ETX]
22-07-2026 18:20:05 - [STX]D 000902 0115                   9141485    E20260722181509001  4.06  009 0.635  026 105.8  025  7.43  002  69.7  003  45.3  028
22-07-2026 18:20:05 -  13.86  012 0.138  005  37.9  013  20.6  029   4.8  006  9.46  007 170.3  024 0.666  097 139.3  098 4.334  099 106.2  [ETX]
22-07-2026 18:21:31 - [STX]D 000903 0116                   9140880    E20260722181635001  4.10  009 0.929  017 38.27  026 390.8  025  7.60  002 134.3  003
22-07-2026 18:21:31 -   13.8  027 236.3  028 30.72  012 0.073  005  13.9  013  26.6  029   5.4  006  9.85  007 296.2  024 0.637  097 139.8  098 4.230 
22-07-2026 18:21:31 -  099 103.5  [ETX]
22-07-2026 18:22:57 - [STX]D 000904 0117                   9140877    E20260722181801001  3.93  009 0.748  017  7.37G 026 115.6  025  7.54  002 139.7  003
22-07-2026 18:22:57 -   23.5  027 296.7  028 13.39  012 0.122  005  24.4  013  19.2  029   4.4  006  9.18  007 120.9  024 0.698  097 142.1  098 4.310 
22-07-2026 18:22:57 -  099 112.6  [ETX]
22-07-2026 18:24:23 - [STX]D 000905 0118                   9140897    E20260722181927001  4.03  009 0.951  017131.48  026 158.3  025  7.34  002  75.2  003
22-07-2026 18:24:23 -   21.2  027 221.4  028 11.35  012 0.100  005  22.1  013   9.8  029   4.5  006  9.57  007 140.7  024 0.588  097 140.5  098 4.119 
22-07-2026 18:24:23 -  099 102.1  [ETX]
22-07-2026 18:24:25 - [STX]Rh000901 0114                   9131603[ETX]
22-07-2026 18:24:25 - --Send Message To Machine --[STX]S 000901 0114                   9131603    E001025012024[ETX]
22-07-2026 18:24:25 - [ACK]
22-07-2026 18:24:27 - [STX]Rh000902 0115                   9141485[ETX]
22-07-2026 18:24:27 - --Send Message To Machine --[STX]S 000902 0115                   9141485    E001025012024[ETX]
22-07-2026 18:24:28 - [ACK]
22-07-2026 18:24:29 - [STX]Rh000903 0116                   9140880[ETX]
22-07-2026 18:24:29 - --Send Message To Machine --[STX]S 000903 0116                   9140880    E001025012024[ETX]
22-07-2026 18:24:30 - [ACK]
22-07-2026 18:24:31 - [STX]Rh000904 0117                   9140877[ETX]
22-07-2026 18:24:32 - --Send Message To Machine --[STX]S 000904 0117                   9140877    E001025012024[ETX]
22-07-2026 18:24:32 - [ACK]
22-07-2026 18:24:34 - [STX]Rh000905 0118                   9140897[ETX]
22-07-2026 18:24:34 - --Send Message To Machine --[STX]S 000905 0118                   9140897    E099007097001025026028029027098012024[ETX]
22-07-2026 18:24:34 - [ACK]
22-07-2026 18:37:12 - [STX]R 000901N0119                   9155752[ETX]
22-07-2026 18:37:13 - --Send Message To Machine --[STX]S 000901 0119                   9155752    E099007009013017097001025026028029027002098003005012024006[ETX]
22-07-2026 18:37:13 - [ACK]
22-07-2026 18:37:17 - [STX]R 000902N0120                   8802404[ETX]
22-07-2026 18:37:17 - --Send Message To Machine --[STX]S 000902 0120                   8802404    E099007009013017097001025026028029027002098003005012024006[ETX]
22-07-2026 18:37:18 - [ACK]
22-07-2026 18:37:21 - [STX]R 000903N0121                   8802407[ETX]
22-07-2026 18:37:21 - --Send Message To Machine --[STX]S 000903 0121                   8802407    E099007009013017097001025026028029027002098003005012024006[ETX]
22-07-2026 18:37:22 - [ACK]
22-07-2026 18:37:26 - [STX]R 000904N0122                   9155748[ETX]
22-07-2026 18:37:26 - --Send Message To Machine --[STX]S 000904 0122                   9155748    E099007009013017097001025026028029027002098003005012024006[ETX]
22-07-2026 18:37:27 - [ACK]
22-07-2026 18:37:30 - [STX]R 000905N0123                   9141489[ETX]
22-07-2026 18:37:31 - --Send Message To Machine --[STX]S 000905 0123                   9141489    E099007009013017097001025026028029027002098003005012024006[ETX]
22-07-2026 18:37:31 - [ACK]
22-07-2026 18:37:35 - [STX]R 000906N0124                   9140884[ETX]
22-07-2026 18:37:35 - --Send Message To Machine --[STX]S 000906 0124                   9140884    E099007009013017097001025026028029027002098003005012024006[ETX]
22-07-2026 18:37:36 - [ACK]
22-07-2026 18:37:39 - [STX]R 000907N0125                   8802418[ETX]
22-07-2026 18:37:40 - --Send Message To Machine --[STX]S 000907 0125                   8802418    E099007009013017097001025026028029027002098003005012024006[ETX]
22-07-2026 18:37:40 - [ACK]
22-07-2026 18:37:44 - [STX]R 000908N0126                   9131608[ETX]
22-07-2026 18:37:44 - --Send Message To Machine --[STX]S 000908 0126                   9131608    E099007009013017097001025026028029027002098003005012024006[ETX]
22-07-2026 18:37:45 - [ACK]
22-07-2026 18:37:49 - [STX]R 000909N0127                   8877994[ETX]
22-07-2026 18:37:49 - --Send Message To Machine --[STX]S 000909 0127                   8877994    E099007009013017097001025026028029027002098003005012024006[ETX]
22-07-2026 18:37:49 - [ACK]
22-07-2026 18:37:53 - [STX]R 000910N0128                   8877996[ETX]
22-07-2026 18:37:53 - --Send Message To Machine --[STX]S 000910 0128                   8877996    E099007009013017097001025026028029027002098003005012024006[ETX]
22-07-2026 18:37:54 - [ACK]
22-07-2026 18:50:38 - [STX]D 000901 0119                   9155752    E20260722184542001  4.33  009 0.906  017 62.55  026 138.0  025  7.62  002  81.4  003
22-07-2026 18:50:38 -   14.8  027 273.7  028 20.07  012 0.084  005  24.3  013   6.3  029   3.3  006  9.61  007 284.1  024 0.549  097 140.7  098 4.644 
22-07-2026 18:50:38 -  099 107.3  [ETX]
22-07-2026 18:52:04 - [STX]D 000902 0120                   8802404    E20260722184708001  4.53  009 0.929  017138.20  026 130.9  025  7.43  002  86.9  003
22-07-2026 18:52:04 -   67.6  027 273.9  028 19.61  012 0.177  005  61.6  013  16.6  029   5.0  006  9.63  007 171.3  024 0.715  097 142.9  098 4.722 
22-07-2026 18:52:04 -  099 103.8  [ETX]
22-07-2026 18:53:30 - [STX]D 000903 0121                   8802407    E20260722184834001  4.52  009 1.026  017 20.27  026 125.7  025  8.08  002  66.9  003
22-07-2026 18:53:30 -   14.8  027 358.5  028 38.92  012 0.280  005  29.6  013  14.5  029   2.4  006  7.65  007 122.6  024 0.082  097 140.0  098 9.767 
22-07-2026 18:53:30 -  099 103.2  [ETX]
22-07-2026 18:54:56 - [STX]D 000904 0122                   9155748    E20260722185000001  4.30  009 1.177  017 57.25  026 138.5  025  7.95  002  73.5  003
22-07-2026 18:54:56 -   19.6  027 292.2  028 26.35  012 0.214  005  21.1  013  16.1  029   5.1  006  9.53  007 171.4  024 1.296  097 134.1  098 4.653 
22-07-2026 18:54:56 -  099 100.7  [ETX]
22-07-2026 18:56:22 - [STX]D 000905 0123                   9141489    E20260722185126001  4.66  009 0.628  017126.68  026  71.9  025  7.83  002  64.5  003
22-07-2026 18:56:22 -   11.7  027 345.4  028 30.27  012 0.133  005  15.6  013  11.8  029   3.6  006  9.79  007 138.8  024 0.680  097 138.9  098 4.297 
22-07-2026 18:56:22 -  099 105.3  [ETX]
22-07-2026 18:57:48 - [STX]D 000906 0124                   9140884    E20260722185252001  4.54  009 0.921  017 52.19  026 228.2  025  7.61  002  75.2  003
22-07-2026 18:57:48 -   65.4  027 207.0  028 14.97  012 0.084  005  41.2  013  20.5  029   6.9  006  9.45  007 187.5  024 0.610  097 143.9  098 3.823 
22-07-2026 18:57:48 -  099 111.8  [ETX]
22-07-2026 18:59:14 - [STX]D 000907 0125                   8802418    E20260722185418001  4.31  009 1.004  017 71.45  026 630.9  025  7.21  002  79.9  003
22-07-2026 18:59:14 -   18.9  027 265.6  028 25.52  012 0.117  005  28.1  013  43.0  029   9.0  006  8.95  007 208.1  024 0.754  097 140.6  098 5.632 
22-07-2026 18:59:14 -  099 101.8  [ETX]
22-07-2026 19:00:40 - [STX]D 000908 0126                   9131608    E20260722185544001  4.23  009 0.808  017160.43  026 177.9  025  7.70  002 106.8  003
22-07-2026 19:00:40 -   34.5  027 270.1  028 36.59  012 0.111  005  27.1  013  16.0  029   3.5  006  9.47  007 224.4  024 0.816  097 139.5  098 6.135 
22-07-2026 19:00:40 -  099 106.6  [ETX]
22-07-2026 19:02:06 - [STX]D 000909 0127                   8877994    E20260722185710001  4.36  009 1.245  017 45.69  026 100.9  025  7.79  002  50.0  003
22-07-2026 19:02:06 -   51.1  027 352.7  028 24.31  012 0.046  005  33.4  013  17.3  029   2.2  006  9.77  007 226.8  024 0.282  097 142.3  098 8.667 
22-07-2026 19:02:06 -  099 102.5  [ETX]
22-07-2026 19:03:32 - [STX]D 000910 0128                   8877996    E20260722185836001  4.57  009 1.402  017 53.18  026 108.9  025  8.26  002  80.7  003
22-07-2026 19:03:32 -   31.9  027 285.6  028 27.20  012 0.149  005  26.9  013  25.0  029   4.5  006  9.78  007 169.9  024 0.819  097 141.6  098 8.547 
22-07-2026 19:03:32 -  099 100.3  [ETX]
22-07-2026 19:03:34 - [STX]Rh000901 0119                   9155752[ETX]
22-07-2026 19:03:37 - [NAK]
22-07-2026 19:03:38 - [STX]Rh000902 0120                   8802404[ETX]
22-07-2026 19:03:41 - [NAK]
22-07-2026 19:03:43 - [STX]Rh000903 0121                   8802407[ETX]
22-07-2026 19:03:43 - --Send Message To Machine --[STX]S 000903 0121                   8802407    E099007097001025028027098012024[ETX]
22-07-2026 19:03:44 - [ACK]
22-07-2026 19:03:45 - [STX]Rh000904 0122                   9155748[ETX]
22-07-2026 19:03:48 - [NAK]
22-07-2026 19:03:50 - [STX]Rh000905 0123                   9141489[ETX]
22-07-2026 19:03:53 - [NAK]
22-07-2026 19:03:55 - [STX]Rh000906 0124                   9140884[ETX]
22-07-2026 19:03:58 - [NAK]
22-07-2026 19:03:59 - [STX]Rh000907 0125                   8802418[ETX]
22-07-2026 19:04:02 - [NAK]
22-07-2026 19:04:04 - [STX]Rh000908 0126                   9131608[ETX]
22-07-2026 19:04:07 - [NAK]
22-07-2026 19:04:08 - [STX]Rh000909 0127                   8877994[ETX]
22-07-2026 19:04:11 - [NAK]
22-07-2026 19:04:13 - [STX]Rh000910 0128                   8877996[ETX]
22-07-2026 19:04:13 - --Send Message To Machine --[STX]S 000910 0128                   8877996    E001025012024[ETX]
22-07-2026 19:04:14 - [ACK]
22-07-2026 19:17:44 - [STX]RE[ETX]
22-07-2026 19:17:46 - [STX]DE[ETX]
22-07-2026 20:51:13 - [STX]RB[ETX]
22-07-2026 20:51:15 - [STX]DB[ETX]
22-07-2026 21:03:42 - [STX]D     02 P013                   8408277    E20260722205846026 173.4  007   0.3G [ETX]
22-07-2026 21:15:07 - [STX]RE[ETX]
22-07-2026 21:15:09 - [STX]DE[ETX]
22-07-2026 21:34:07 - [STX]RB[ETX]
22-07-2026 21:34:09 - [STX]DB[ETX]
22-07-2026 21:58:02 - [STX]RE[ETX]
22-07-2026 21:58:04 - [STX]DE[ETX]
22-07-2026 22:03:34 - [STX]RB[ETX]
22-07-2026 22:03:36 - [STX]DB[ETX]
22-07-2026 22:15:53 - [STX]R 001001N0129                   9299221[ETX]
22-07-2026 22:15:53 - --Send Message To Machine --[STX]S 001001 0129                   9299221    E014[ETX]
22-07-2026 22:15:54 - [ACK]
22-07-2026 22:15:58 - [STX]R 001002N0130                   9300018[ETX]
22-07-2026 22:15:58 - --Send Message To Machine --[STX]S 001002 0130                   9300018    E014[ETX]
22-07-2026 22:15:58 - [ACK]
22-07-2026 22:16:02 - [STX]R 001003N0131                   9299242[ETX]
22-07-2026 22:16:02 - --Send Message To Machine --[STX]S 001003 0131                   9299242    E014[ETX]
22-07-2026 22:16:03 - [ACK]
22-07-2026 22:16:05 - [STX]D     03 P014                   8408277    E20260722221106026 173.9  007 213.2  [ETX]
22-07-2026 22:16:07 - [STX]R 001004N0132                   8804422[ETX]
22-07-2026 22:16:07 - --Send Message To Machine --[STX]S 001004 0132                   8804422    E014[ETX]
22-07-2026 22:16:08 - [ACK]
22-07-2026 22:16:11 - [STX]R 001005N0133                   9300002[ETX]
22-07-2026 22:16:11 - --Send Message To Machine --[STX]S 001005 0133                   9300002    E014[ETX]
22-07-2026 22:16:12 - [ACK]
22-07-2026 22:16:16 - [STX]R 001006N0134                   8804409[ETX]
22-07-2026 22:16:16 - --Send Message To Machine --[STX]S 001006 0134                   8804409    E014[ETX]
22-07-2026 22:16:17 - [ACK]
22-07-2026 22:16:20 - [STX]R 001007N0135                   9131626[ETX]
22-07-2026 22:16:21 - --Send Message To Machine --[STX]S 001007 0135                   9131626    E014[ETX]
22-07-2026 22:16:21 - [ACK]
22-07-2026 22:16:25 - [STX]R 001008N0136                   9141807[ETX]
22-07-2026 22:16:25 - --Send Message To Machine --[STX]S 001008 0136                   9141807    E014[ETX]
22-07-2026 22:16:26 - [ACK]
22-07-2026 22:16:29 - [STX]R 001009N0137                   9300013[ETX]
22-07-2026 22:16:30 - --Send Message To Machine --[STX]S 001009 0137                   9300013    E014[ETX]
22-07-2026 22:16:30 - [ACK]
22-07-2026 22:16:34 - [STX]R 001010N0138                   8804413[ETX]
22-07-2026 22:16:34 - --Send Message To Machine --[STX]S 001010 0138                   8804413    E014[ETX]
22-07-2026 22:16:35 - [ACK]
22-07-2026 22:16:39 - [STX]R 000901N0139                   9300017[ETX]
22-07-2026 22:16:39 - --Send Message To Machine --[STX]S 000901 0139                   9300017    E013001025002003005012024[ETX]
22-07-2026 22:16:39 - [ACK]
22-07-2026 22:16:43 - [STX]R 000902N0140                   9141811[ETX]
22-07-2026 22:16:43 - --Send Message To Machine --[STX]S 000902 0140                   9141811    E014[ETX]
22-07-2026 22:16:44 - [ACK]
22-07-2026 22:16:48 - [STX]R 000903N0141                   9285426[ETX]
22-07-2026 22:16:48 - --Send Message To Machine --[STX]S 000903 0141                   9285426    E014[ETX]
22-07-2026 22:16:48 - [ACK]
22-07-2026 22:16:52 - [STX]R 000904N0142                   9140916[ETX]
22-07-2026 22:16:52 - --Send Message To Machine --[STX]S 000904 0142                   9140916    E014[ETX]
22-07-2026 22:16:53 - [ACK]
22-07-2026 22:16:57 - [STX]R 000905N0143                   9300009[ETX]
22-07-2026 22:16:57 - --Send Message To Machine --[STX]S 000905 0143                   9300009    E014[ETX]
22-07-2026 22:16:57 - [ACK]
22-07-2026 22:17:06 - [STX]R 000906N0144                   9300005[ETX]
22-07-2026 22:17:06 - --Send Message To Machine --[STX]S 000906 0144                   9300005    E014[ETX]
22-07-2026 22:17:06 - [ACK]
22-07-2026 22:17:10 - [STX]R 000907N0145                   8806429[ETX]
22-07-2026 22:17:10 - --Send Message To Machine --[STX]S 000907 0145                   8806429    E014[ETX]
22-07-2026 22:17:11 - [ACK]
22-07-2026 22:17:15 - [STX]R 000908N0146                   8804432[ETX]
22-07-2026 22:17:15 - --Send Message To Machine --[STX]S 000908 0146                   8804432    E014[ETX]
22-07-2026 22:17:15 - [ACK]
22-07-2026 22:17:19 - [STX]R 000909N0147                   9140919[ETX]
22-07-2026 22:17:19 - --Send Message To Machine --[STX]S 000909 0147                   9140919    E014[ETX]
22-07-2026 22:17:20 - [ACK]
22-07-2026 22:17:24 - [STX]R 000910N0148                   9131618[ETX]
22-07-2026 22:17:24 - --Send Message To Machine --[STX]S 000910 0148                   9131618    E014[ETX]
22-07-2026 22:17:24 - [ACK]
22-07-2026 22:19:03 - [STX]R 000501N0149                   9285414[ETX]
22-07-2026 22:19:03 - --Send Message To Machine --[STX]S 000501 0149                   9285414    E099009097028029022098006[ETX]
22-07-2026 22:19:04 - [ACK]
22-07-2026 22:19:08 - [STX]R 000502N0150                   9285438[ETX]
22-07-2026 22:19:11 - [NAK]
22-07-2026 22:19:12 - [STX]R 000503N0150                   9299213[ETX]
22-07-2026 22:19:13 - --Send Message To Machine --[STX]S 000503 0150                   9299213    E099007009013097001025026028029002098003005012024006[ETX]
22-07-2026 22:19:13 - [ACK]
22-07-2026 22:19:17 - [STX]R 000504N0151                   8806427[ETX]
22-07-2026 22:19:17 - --Send Message To Machine --[STX]S 000504 0151                   8806427    E099007009013097001025026028029002098003005012024006[ETX]
22-07-2026 22:19:18 - [ACK]
22-07-2026 22:19:21 - [STX]R 000505N0152                   9299228[ETX]
22-07-2026 22:19:22 - --Send Message To Machine --[STX]S 000505 0152                   9299228    E099007009013097001025026028029002098003005012024006[ETX]
22-07-2026 22:19:22 - [ACK]
22-07-2026 22:19:26 - [STX]R 000506N0153                   9299227[ETX]
22-07-2026 22:19:26 - --Send Message To Machine --[STX]S 000506 0153                   9299227    E022[ETX]
22-07-2026 22:19:27 - [ACK]
22-07-2026 22:19:31 - [STX]R 000507N0154                   8804428[ETX]
22-07-2026 22:19:31 - --Send Message To Machine --[STX]S 000507 0154                   8804428    E014[ETX]
22-07-2026 22:19:31 - [ACK]
22-07-2026 22:19:35 - [STX]R 000508N0155                   9300003[ETX]
22-07-2026 22:19:35 - --Send Message To Machine --[STX]S 000508 0155                   9300003    E099007009013097001025026028029002098003005012024006[ETX]
22-07-2026 22:19:36 - [ACK]
22-07-2026 22:25:42 - [STX]D 001001 0129                   9299221    E20260722222046014  55.3  [ETX]
22-07-2026 22:25:46 - [STX]D 001002 0130                   9300018    E20260722222050014  90.2  [ETX]
22-07-2026 22:25:51 - [STX]D 001003 0131                   9299242    E20260722222055014  69.0  [ETX]
22-07-2026 22:25:55 - [STX]D 001004 0132                   8804422    E20260722222059014 105.6  [ETX]
22-07-2026 22:26:00 - [STX]D 001005 0133                   9300002    E20260722222104014 163.4  [ETX]
22-07-2026 22:26:05 - [STX]D 001006 0134                   8804409    E20260722222108014 112.9  [ETX]
22-07-2026 22:26:09 - [STX]D 001007 0135                   9131626    E20260722222113014 144.4  [ETX]
22-07-2026 22:26:13 - [STX]D 001008 0136                   9141807    E20260722222117014  99.3  [ETX]
22-07-2026 22:26:18 - [STX]D 001009 0137                   9300013    E20260722222122014  73.4  [ETX]
22-07-2026 22:26:22 - [STX]D 001010 0138                   8804413    E20260722222126014  79.1  [ETX]
22-07-2026 22:26:24 - [STX]Rh001001 0129                   9299221[ETX]
22-07-2026 22:26:27 - [NAK]
22-07-2026 22:26:29 - [STX]Rh001002 0130                   9300018[ETX]
22-07-2026 22:26:32 - [NAK]
22-07-2026 22:26:33 - [STX]Rh001003 0131                   9299242[ETX]
22-07-2026 22:26:36 - [NAK]
22-07-2026 22:26:38 - [STX]Rh001004 0132                   8804422[ETX]
22-07-2026 22:26:41 - [NAK]
22-07-2026 22:26:43 - [STX]Rh001005 0133                   9300002[ETX]
22-07-2026 22:26:46 - [NAK]
22-07-2026 22:26:47 - [STX]Rh001006 0134                   8804409[ETX]
22-07-2026 22:26:50 - [NAK]
22-07-2026 22:26:52 - [STX]Rh001007 0135                   9131626[ETX]
22-07-2026 22:26:55 - [NAK]
22-07-2026 22:26:56 - [STX]Rh001008 0136                   9141807[ETX]
22-07-2026 22:26:59 - [NAK]
22-07-2026 22:27:01 - [STX]Rh001009 0137                   9300013[ETX]
22-07-2026 22:27:04 - [NAK]
22-07-2026 22:27:06 - [STX]Rh001010 0138                   8804413[ETX]
22-07-2026 22:27:09 - [NAK]
22-07-2026 22:27:10 - [STX]D 000901 0139                   9300017    E20260722222212001  4.47  025  7.58  002  68.7  003  27.5  012 0.144  005  37.9  013
22-07-2026 22:27:10 -   10.2  024 0.820  [ETX]
22-07-2026 22:27:12 - [STX]D 000902 0140                   9141811    E20260722222216014  83.9  [ETX]
22-07-2026 22:27:17 - [STX]D 000903 0141                   9285426    E20260722222221014  92.6  [ETX]
22-07-2026 22:27:21 - [STX]D 000904 0142                   9140916    E20260722222225014      %?[ETX]
22-07-2026 22:27:26 - [STX]D 000905 0143                   9300009    E20260722222230014  83.8  [ETX]
22-07-2026 22:27:31 - [STX]D 000906 0144                   9300005    E20260722222234014 104.6  [ETX]
22-07-2026 22:27:35 - [STX]D 000907 0145                   8806429    E20260722222239014  74.3  [ETX]
22-07-2026 22:27:40 - [STX]D 000908 0146                   8804432    E20260722222243014  84.7  [ETX]
22-07-2026 22:27:44 - [STX]D 000909 0147                   9140919    E20260722222248014  82.9  [ETX]
22-07-2026 22:27:48 - [STX]D 000910 0148                   9131618    E20260722222252014  90.3  [ETX]
22-07-2026 22:27:50 - [STX]Rh000901 0139                   9300017[ETX]
22-07-2026 22:27:50 - --Send Message To Machine --[STX]S 000901 0139                   9300017    E001025012024[ETX]
22-07-2026 22:27:51 - [ACK]
22-07-2026 22:27:52 - [STX]Rh000902 0140                   9141811[ETX]
22-07-2026 22:27:55 - [NAK]
22-07-2026 22:27:57 - [STX]Rh000903 0141                   9285426[ETX]
22-07-2026 22:28:00 - [NAK]
22-07-2026 22:28:02 - [STX]Rh000905 0143                   9300009[ETX]
22-07-2026 22:28:05 - [NAK]
22-07-2026 22:28:06 - [STX]Rh000906 0144                   9300005[ETX]
22-07-2026 22:28:09 - [NAK]
22-07-2026 22:28:11 - [STX]Rh000907 0145                   8806429[ETX]
22-07-2026 22:28:14 - [NAK]
22-07-2026 22:28:15 - [STX]Rh000908 0146                   8804432[ETX]
22-07-2026 22:28:18 - [NAK]
22-07-2026 22:28:20 - [STX]Rh000909 0147                   9140919[ETX]
22-07-2026 22:28:23 - [NAK]
22-07-2026 22:28:25 - [STX]Rh000910 0148                   9131618[ETX]
22-07-2026 22:28:28 - [NAK]
22-07-2026 22:29:10 - [STX]D 000501 0149                   9285414    E20260722222414009 0.538  028 22.41  029   2.1  022  14.4  006  9.22  097 139.0  098
22-07-2026 22:29:10 -  3.982  099 104.1  [ETX]
22-07-2026 22:30:31 - [STX]D 000503 0150                   9299213    E20260722222535001  4.27  009 0.869  026 586.0  025  7.04  002  40.2  003  55.5  028
22-07-2026 22:30:32 -  17.10  012 0.389  005 132.1  013  32.3  029   7.3  006  9.75  007 128.1  024 3.172  097 135.5  098 3.638  099  98.7  [ETX]
22-07-2026 22:31:48 - [STX]D 000504 0151                   8806427    E20260722222652001  4.49  009 0.808  026  99.2  025  7.62  002  59.0  003  30.1  028
22-07-2026 22:31:49 -  25.65  012 0.138  005  36.0  013  10.6  029   3.6  006  9.62  007 193.7  024 1.183  097 138.7  098 4.736  099 105.2  [ETX]
22-07-2026 22:33:05 - [STX]D 000505 0152                   9299228    E20260722222809001  4.55  009 0.981  026 161.7  025  8.03  002  75.9  003  20.1  028
22-07-2026 22:33:05 -  20.45  012 0.274  005  25.4  013  26.5  029   4.6  006  9.52  007 132.4  024 1.117  097 139.6  098 4.991  099 102.1  [ETX]
22-07-2026 22:33:10 - [STX]D 000506 0153                   9299227    E20260722222814022   9.5G [ETX]
22-07-2026 22:33:14 - [STX]D 000507 0154                   8804428    E20260722222818014  84.0  [ETX]
22-07-2026 22:34:31 - [STX]D 000508 0155                   9300003    E20260722222935001  3.77  009 0.748  026 206.0  025  7.22  002  85.9  003  21.4  028
22-07-2026 22:34:32 -  15.08  012 0.204  005  94.5  013 217.3  029   6.1  006  8.91  007 142.3  024 1.091  097 137.4  098 3.263  099 105.2  [ETX]
22-07-2026 22:34:33 - [STX]Rh000501 0149                   9285414[ETX]
22-07-2026 22:34:36 - [NAK]
22-07-2026 22:34:38 - [STX]Rh000503 0150                   9299213[ETX]
22-07-2026 22:34:38 - --Send Message To Machine --[STX]S 000503 0150                   9299213    E001025012024[ETX]
22-07-2026 22:34:38 - [ACK]
22-07-2026 22:34:40 - [STX]Rh000504 0151                   8806427[ETX]
22-07-2026 22:34:40 - --Send Message To Machine --[STX]S 000504 0151                   8806427    E001025012024[ETX]
22-07-2026 22:34:41 - [ACK]
22-07-2026 22:34:42 - [STX]Rh000505 0152                   9299228[ETX]
22-07-2026 22:34:42 - --Send Message To Machine --[STX]S 000505 0152                   9299228    E001025012024[ETX]
22-07-2026 22:34:43 - [ACK]
22-07-2026 22:34:45 - [STX]Rh000506 0153                   9299227[ETX]
22-07-2026 22:34:48 - [NAK]
22-07-2026 22:34:49 - [STX]Rh000507 0154                   8804428[ETX]
22-07-2026 22:34:52 - [NAK]
22-07-2026 22:34:54 - [STX]Rh000508 0155                   9300003[ETX]
22-07-2026 22:34:54 - --Send Message To Machine --[STX]S 000508 0155                   9300003    E001025012024006[ETX]
22-07-2026 22:34:55 - [ACK]
22-07-2026 22:48:21 - [STX]RE[ETX]
22-07-2026 22:48:23 - [STX]DE[ETX]
22-07-2026 22:57:16 - [STX]RB[ETX]
22-07-2026 22:57:18 - [STX]DB[ETX]
22-07-2026 22:57:27 - [STX]R 000901N0156                   9299238[ETX]
22-07-2026 22:57:27 - --Send Message To Machine --[STX]S 000901 0156                   9299238    E099007010009013017097001025026028029022027002098003005012024006[ETX]
22-07-2026 22:57:28 - [ACK]
22-07-2026 22:57:32 - [STX]R 000902N0157                   9285430[ETX]
22-07-2026 22:57:32 - --Send Message To Machine --[STX]S 000902 0157                   9285430    E099007009013097001025026028029002098003005012024006[ETX]
22-07-2026 22:57:32 - [ACK]
22-07-2026 22:57:36 - [STX]R 000903N0158                   9131628[ETX]
22-07-2026 22:57:36 - --Send Message To Machine --[STX]S 000903 0158                   9131628    E099007009013017097001025026028029027002098003005012024006[ETX]
22-07-2026 22:57:37 - [ACK]
22-07-2026 22:57:41 - [STX]R 000904N0159                   9299219[ETX]
22-07-2026 22:57:41 - --Send Message To Machine --[STX]S 000904 0159                   9299219    E099007009013097001025026028029022002098003005012024006[ETX]
22-07-2026 22:57:41 - [ACK]
22-07-2026 22:57:45 - [STX]R 000905N0160                   9299230[ETX]
22-07-2026 22:57:45 - --Send Message To Machine --[STX]S 000905 0160                   9299230    E010[ETX]
22-07-2026 22:57:46 - [ACK]
22-07-2026 22:57:50 - [STX]R 000906N0161                   8806436[ETX]
22-07-2026 22:57:50 - --Send Message To Machine --[STX]S 000906 0161                   8806436    E099007009013097001025026028029002098003005012024006[ETX]
22-07-2026 22:57:50 - [ACK]
22-07-2026 22:57:54 - [STX]R 000907N0162                   9300010[ETX]
22-07-2026 22:57:54 - --Send Message To Machine --[STX]S 000907 0162                   9300010    E007009013017097001025026028029027002098003005012024006[ETX]
22-07-2026 22:57:55 - [ACK]
22-07-2026 22:57:59 - [STX]R 000908N0163                   9300014[ETX]
22-07-2026 22:57:59 - --Send Message To Machine --[STX]S 000908 0163                   9300014    E099007009013097001025026028029002098003005012024006[ETX]
22-07-2026 22:58:00 - [ACK]
22-07-2026 22:58:03 - [STX]R 000909N0164                   9140914[ETX]
22-07-2026 22:58:03 - --Send Message To Machine --[STX]S 000909 0164                   9140914    E099007009013097001025026028029002098003005012024006[ETX]
22-07-2026 22:58:04 - [ACK]
22-07-2026 22:58:08 - [STX]R 000910N0165                   9285433[ETX]
22-07-2026 22:58:08 - --Send Message To Machine --[STX]S 000910 0165                   9285433    E007026[ETX]
22-07-2026 22:58:09 - [ACK]
22-07-2026 22:58:12 - [STX]R 000501N0166                   9140905[ETX]
22-07-2026 22:58:13 - --Send Message To Machine --[STX]S 000501 0166                   9140905    E099007009013017097001025026028029027002098003005012024006[ETX]
22-07-2026 22:58:13 - [ACK]
22-07-2026 22:58:17 - [STX]R 000502N0167                   9140908[ETX]
22-07-2026 22:58:17 - --Send Message To Machine --[STX]S 000502 0167                   9140908    E007026[ETX]
22-07-2026 22:58:18 - [ACK]
22-07-2026 22:58:21 - [STX]R 000503N0168                   9140907[ETX]
22-07-2026 22:58:22 - --Send Message To Machine --[STX]S 000503 0168                   9140907    E014[ETX]
22-07-2026 22:58:22 - [ACK]
22-07-2026 22:58:26 - [STX]R 000504N0169                   9285403[ETX]
22-07-2026 22:58:26 - --Send Message To Machine --[STX]S 000504 0169                   9285403    E099007009013017097001025026028029027002098003005012024006[ETX]
22-07-2026 22:58:27 - [ACK]
22-07-2026 22:58:30 - [STX]R 000505N0170                   9140961[ETX]
22-07-2026 22:58:31 - --Send Message To Machine --[STX]S 000505 0170                   9140961    E099007009013017097001025026028029027002098003005012024006[ETX]
22-07-2026 22:58:31 - [ACK]
22-07-2026 23:01:18 - [STX]R 000506N0171                   9131616[ETX]
22-07-2026 23:01:18 - --Send Message To Machine --[STX]S 000506 0171                   9131616    E099007009013017097001025026028029027002098003005012024006[ETX]
22-07-2026 23:01:19 - [ACK]
22-07-2026 23:02:53 - [STX]R 000507N0172                   9299236[ETX]
22-07-2026 23:02:53 - --Send Message To Machine --[STX]S 000507 0172                   9299236    E099007009013017097001025026028029027002098003005012024006[ETX]
22-07-2026 23:02:54 - [ACK]
22-07-2026 23:04:10 - [STX]R 000508N0173                   9299211[ETX]
22-07-2026 23:04:10 - --Send Message To Machine --[STX]S 000508 0173                   9299211    E099007009013017097001025026028029027002098003005012024006[ETX]
22-07-2026 23:04:11 - [ACK]
22-07-2026 23:05:36 - [STX]R 000509N0174                   8806433[ETX]
22-07-2026 23:05:36 - --Send Message To Machine --[STX]S 000509 0174                   8806433    E099007009013017097001025026028029027002098003005012024006[ETX]
22-07-2026 23:05:37 - [ACK]
22-07-2026 23:07:11 - [STX]R 000510N0175                   9131621[ETX]
22-07-2026 23:07:11 - --Send Message To Machine --[STX]S 000510 0175                   9131621    E099007009013097001025026028029002098003005012024006[ETX]
22-07-2026 23:07:12 - [ACK]
22-07-2026 23:07:15 - [STX]R 001001N0176                   9285425[ETX]
22-07-2026 23:07:16 - --Send Message To Machine --[STX]S 001001 0176                   9285425    E099009097028029098006[ETX]
22-07-2026 23:07:16 - [ACK]
22-07-2026 23:08:32 - [STX]R 001002N0177                   9285409[ETX]
22-07-2026 23:08:33 - --Send Message To Machine --[STX]S 001002 0177                   9285409    E014[ETX]
22-07-2026 23:08:33 - [ACK]
22-07-2026 23:09:58 - [STX]R 001003N0178                   8804414[ETX]
22-07-2026 23:09:59 - --Send Message To Machine --[STX]S 001003 0178                   8804414    E099007010009013017097001025026028029022027002098003005012024006[ETX]
22-07-2026 23:09:59 - [ACK]
22-07-2026 23:11:15 - [STX]R 001004N0179                   9285407[ETX]
22-07-2026 23:11:16 - --Send Message To Machine --[STX]S 001004 0179                   9285407    E099007010009013017097001025026028029022027002098003005012024006[ETX]
22-07-2026 23:11:16 - [ACK]
22-07-2026 23:11:25 - [STX]D 000901 0156                   9299238    E20260722230628001  4.45  009 0.673  017 82.60  026 172.4  025  7.90  010  1.88  002
22-07-2026 23:11:25 -   70.3  003  15.8  027 341.1  028 23.98  012 0.078  005  17.7  013  11.1  029   3.8  022   2.6G 006  9.62  007 227.7  024 0.414 
22-07-2026 23:11:25 -  097 142.1  098 5.067  099 107.9  [ETX]
22-07-2026 23:12:32 - [STX]R 001005N0180                   9140922[ETX]
22-07-2026 23:12:32 - --Send Message To Machine --[STX]S 001005 0180                   9140922    E099007009013017097001025026028029027002098003005012024006[ETX]
22-07-2026 23:12:33 - [ACK]
22-07-2026 23:12:41 - [STX]R 001006N0181                   8804418[ETX]
22-07-2026 23:12:41 - --Send Message To Machine --[STX]S 001006 0181                   8804418    E099007010009013017097001025026028029022027002098003005012024006[ETX]
22-07-2026 23:12:42 - [ACK]
22-07-2026 23:12:44 - [STX]D 000902 0157                   9285430    E20260722230745001  3.93  009 1.297  026 153.6  025  6.37  002  36.7  003  18.9  028
22-07-2026 23:12:44 -  32.34  012 0.078  005  22.9  013  10.5  029   6.0  006  9.29  007 101.1  024 0.466  097 143.1  098 4.014  099 108.7  [ETX]
22-07-2026 23:14:07 - [STX]R 001007N0182                   9141812[ETX]
22-07-2026 23:14:07 - --Send Message To Machine --[STX]S 001007 0182                   9141812    E099007009013017097001025026028029027002098003005012024006[ETX]
22-07-2026 23:14:08 - [ACK]
22-07-2026 23:14:10 - [STX]D 000903 0158                   9131628    E20260722230911001  3.99  009 0.899  017 60.79  026 259.1  025  6.68  002  90.5  003
22-07-2026 23:14:10 -   29.4  027 221.1  028 25.49  012 0.084  005  24.5  013  24.0  029   3.9  006  9.68  007 183.2  024 0.536  097 143.3  098 4.417 
22-07-2026 23:14:10 -  099 107.8  [ETX]
22-07-2026 23:14:16 - [STX]R 001008N0183                   9299216[ETX]
22-07-2026 23:14:17 - --Send Message To Machine --[STX]S 001008 0183                   9299216    E099007009013017097001025026028029027002098003005012024006[ETX]
22-07-2026 23:14:17 - [ACK]
22-07-2026 23:14:21 - [STX]R 001009N0184                   9140917[ETX]
22-07-2026 23:14:21 - --Send Message To Machine --[STX]S 001009 0184                   9140917    E099007009013017097001025026028029027002098003005012024006[ETX]
22-07-2026 23:14:22 - [ACK]
22-07-2026 23:15:29 - [STX]D 000904 0159                   9299219    E20260722231033001  4.06  009 0.778  026 129.4  025  7.70  002 108.3  003  12.9  028
22-07-2026 23:15:29 -  31.48  012 0.127  005  24.0  013  18.4  029   5.1  022  11.9  006  9.82  007 206.1  024 0.885  097 145.9  098 4.068  099 101.5 
22-07-2026 23:15:29 -  [ETX]
22-07-2026 23:15:47 - [STX]R 001010N0185                   8804430[ETX]
22-07-2026 23:15:47 - --Send Message To Machine --[STX]S 001010 0185                   8804430    E099007009013017097001025026028029027002098003005012024006[ETX]
22-07-2026 23:15:48 - [ACK]
22-07-2026 23:15:49 - [STX]D 000905 0160                   9299230    E20260722231051010  0.95  [ETX]
22-07-2026 23:17:00 - [STX]D 000906 0161                   8806436    E20260722231203001  4.51  009      %?026      %?025      %?002  73.1  003  31.0  028
22-07-2026 23:17:00 -       %?012      %?005      %?013      %?006      %?007      %?024      %?097 142.2  098 3.587  099 100.4  [ETX]
22-07-2026 23:17:13 - [STX]R 000101N0186                   8804410[ETX]
22-07-2026 23:17:13 - --Send Message To Machine --[STX]S 000101 0186                   8804410    E099007009013017097001025026028029027002098003005012024006[ETX]
22-07-2026 23:17:14 - [ACK]
22-07-2026 23:18:30 - [STX]D 000907 0162                   9300010    E20260722231334001  4.45  009 0.831  017- 1.25G 026  72.9  025  7.59  002  36.7  003
22-07-2026 23:18:30 -   10.5  027 430.8  028 24.93  012 0.073  005  18.3  013   9.2  029   3.8  006  9.77  007 224.9  024 0.540  097 140.1  098 3.962 
22-07-2026 23:18:30 -  [ETX]
22-07-2026 23:18:39 - [STX]R 000102N0187                   9141809[ETX]
22-07-2026 23:18:39 - --Send Message To Machine --[STX]S 000102 0187                   9141809    E099007009013017097001025026028029027002098003005012024006[ETX]
22-07-2026 23:18:40 - [ACK]
22-07-2026 23:19:47 - [STX]D 000908 0163                   9300014    E20260722231451001  4.46  009 0.703  026 860.0  025  8.09  002  76.4  003  43.2  028
22-07-2026 23:19:47 -  17.54  012 0.100  005  29.6  013  22.8  029   4.0  006  9.85  007 218.0  024 0.846  097 139.0  098 4.528  099 105.6  [ETX]
22-07-2026 23:20:05 - [STX]R 000103N0188                   8806431[ETX]
22-07-2026 23:20:05 - --Send Message To Machine --[STX]S 000103 0188                   8806431    E099007009013017097001025026028029027002098003005012024006[ETX]
22-07-2026 23:20:06 - [ACK]
22-07-2026 23:21:04 - [STX]D 000909 0164                   9140914    E20260722231608001  4.22  009 0.838  026 125.3  025  7.34  002  76.4  003  35.4  028
22-07-2026 23:21:04 -  20.96  012 0.133  005  32.1  013  18.2  029   2.3  006  9.90  007 178.4  024 0.829  097 142.2  098 3.891  099 103.5  [ETX]
22-07-2026 23:21:13 - [STX]D 000910 0165                   9285433    E20260722231617026 137.6  007 179.1  [ETX]
22-07-2026 23:21:14 - [STX]Rh000901 0156                   9299238[ETX]
22-07-2026 23:21:15 - --Send Message To Machine --[STX]S 000901 0156                   9299238    E001025012024[ETX]
22-07-2026 23:21:15 - [ACK]
22-07-2026 23:21:17 - [STX]Rh000902 0157                   9285430[ETX]
22-07-2026 23:21:17 - --Send Message To Machine --[STX]S 000902 0157                   9285430    E001025012024[ETX]
22-07-2026 23:21:18 - [ACK]
22-07-2026 23:21:19 - [STX]Rh000903 0158                   9131628[ETX]
22-07-2026 23:21:19 - --Send Message To Machine --[STX]S 000903 0158                   9131628    E001025012024[ETX]
22-07-2026 23:21:20 - [ACK]
22-07-2026 23:21:21 - [STX]Rh000904 0159                   9299219[ETX]
22-07-2026 23:21:21 - --Send Message To Machine --[STX]S 000904 0159                   9299219    E001025012024[ETX]
22-07-2026 23:21:22 - [ACK]
22-07-2026 23:21:24 - [STX]Rh000905 0160                   9299230[ETX]
22-07-2026 23:21:27 - [NAK]
22-07-2026 23:21:28 - [STX]Rh000907 0162                   9300010[ETX]
22-07-2026 23:21:28 - --Send Message To Machine --[STX]S 000907 0162                   9300010    E001025012024[ETX]
22-07-2026 23:21:29 - [ACK]
22-07-2026 23:21:30 - [STX]Rh000908 0163                   9300014[ETX]
22-07-2026 23:21:31 - --Send Message To Machine --[STX]S 000908 0163                   9300014    E001025012024[ETX]
22-07-2026 23:21:31 - [ACK]
22-07-2026 23:21:33 - [STX]R 000104N0189                   8804421[ETX]
22-07-2026 23:21:33 - --Send Message To Machine --[STX]S 000104 0189                   8804421    E099007010009013017097001025026028029022027002098003005012024006[ETX]
22-07-2026 23:21:33 - [ACK]
22-07-2026 23:21:35 - [STX]Rh000909 0164                   9140914[ETX]
22-07-2026 23:21:35 - --Send Message To Machine --[STX]S 000909 0164                   9140914    E001025012024[ETX]
22-07-2026 23:21:36 - [ACK]
22-07-2026 23:21:37 - [STX]Rh000910 0165                   9285433[ETX]
22-07-2026 23:21:40 - [NAK]
22-07-2026 23:22:39 - [STX]D 000501 0166                   9140905    E20260722231743001  4.65  009 0.801  017 97.74  026  53.0  025  7.39  002  44.9  003
22-07-2026 23:22:39 -   31.7  027 313.0  028 29.35  012 0.095  005  31.0  013  10.2  029   2.6  006  9.77  007 148.3  024 0.536  097 141.2  098 4.072 
22-07-2026 23:22:39 -  099 104.2  [ETX]
22-07-2026 23:22:48 - [STX]D 000502 0167                   9140908    E20260722231752026 199.6  007 290.9  [ETX]
22-07-2026 23:22:53 - [STX]D 000503 0168                   9140907    E20260722231756014  75.2  [ETX]
22-07-2026 23:22:57 - [STX]R 000105N0190                   9131624[ETX]
22-07-2026 23:22:57 - --Send Message To Machine --[STX]S 000105 0190                   9131624    E099007009013017097001025026028029027002098003005012024006[ETX]
22-07-2026 23:22:58 - [ACK]
22-07-2026 23:24:14 - [STX]R 000106N0191                   8804426[ETX]
22-07-2026 23:24:14 - --Send Message To Machine --[STX]S 000106 0191                   8804426    E099007009013017097001025026028029027002098003005012024006[ETX]
22-07-2026 23:24:15 - [ACK]
22-07-2026 23:24:19 - [STX]D 000504 0169                   9285403    E20260722231922001  4.62  009 0.726  017 23.75  026 249.6  025  7.85  002  80.6  003
22-07-2026 23:24:19 -   33.3  027 382.9  028 19.73  012 0.089  005  28.5  013  33.9  029   4.3  006  9.59  007 146.6  024 0.518  097 141.9  098 4.106 
22-07-2026 23:24:19 -  099 105.6  [ETX]
22-07-2026 23:24:36 - [STX]R 000107N0192                   9300006[ETX]
22-07-2026 23:24:37 - --Send Message To Machine --[STX]S 000107 0192                   9300006    E007009013017097001025026028029027002098003005012024006[ETX]
22-07-2026 23:24:37 - [ACK]
22-07-2026 23:24:55 - [STX]R 000108N0193                   9300019[ETX]
22-07-2026 23:24:55 - --Send Message To Machine --[STX]S 000108 0193                   9300019    E099007010009013017097001025026028029022027002098003005012024006[ETX]
22-07-2026 23:24:55 - [ACK]
22-07-2026 23:25:45 - [STX]D 000505 0170                   9140961    E20260722232048001  4.51  009 0.936  017118.18  026 110.4  025  8.01  002 117.5  003
22-07-2026 23:25:45 -   47.3  027 183.3  028 16.61  012 0.247  005  44.9  013  30.4  029   5.8  006  9.83  007 177.0  024 1.297  097 142.1  098 4.398 
22-07-2026 23:25:45 -  099 101.2  [ETX]
22-07-2026 23:27:11 - [STX]D 000506 0171                   9131616    E20260722232214001  4.40  009 0.929  017126.73  026  89.6  025  7.05  002  88.8  003
22-07-2026 23:27:11 -   13.5  027 224.4  028 21.41  012 0.231  005  17.3  013   9.4  029   6.1  006  9.62  007 168.0  024 1.248  097 143.6  098 5.210 
22-07-2026 23:27:11 -  099 104.9  [ETX]
22-07-2026 23:28:37 - [STX]D 000507 0172                   9299236    E20260722232340001  4.73  009 0.959  017 61.10  026  89.2  025  7.64  002  97.4  003
22-07-2026 23:28:37 -   25.3  027 270.4  028 30.21  012 0.383  005  42.4  013  15.4  029   5.2  006 10.08  007 130.1  024 1.789  097 140.7  098 4.852 
22-07-2026 23:28:37 -  099 104.9  [ETX]
22-07-2026 23:30:03 - [STX]D 000508 0173                   9299211    E20260722232506001  4.33  009 1.109  017 32.57  026 123.8  025  7.74  002  87.7  003
22-07-2026 23:30:03 -   53.9  027 247.8  028 21.57  012 0.100  005  41.5  013  31.4  029   5.5  006  9.51  007 152.9  024 0.606  097 140.5  098 4.572 
22-07-2026 23:30:03 -  099 100.8  [ETX]
22-07-2026 23:31:29 - [STX]D 000509 0174                   8806433    E20260722232632001  4.72  009 0.838  017148.70  026  58.5  025  7.30  002  68.4  003
22-07-2026 23:31:29 -   41.9  027 285.2  028 11.63  012 0.160  005  34.8  013  45.5  029   5.6  006 10.02  007 146.1  024 0.973  097 144.1  098 4.283 
22-07-2026 23:31:29 -  099 105.4  [ETX]
22-07-2026 23:32:23 - [STX]R 000201N0194                   9140963[ETX]
22-07-2026 23:32:23 - --Send Message To Machine --[STX]S 000201 0194                   9140963    E014[ETX]
22-07-2026 23:32:23 - [ACK]
22-07-2026 23:32:45 - [STX]D 000510 0175                   9131621    E20260722232749001  4.40  009 0.605  026 195.0  025  7.41  002  51.2  003  15.9  028
22-07-2026 23:32:46 -  27.36  012 0.068  005  20.1  013  14.2  029   2.2  006  9.36  007 246.3  024 0.514  097 141.7  098 3.923  099 106.3  [ETX]
22-07-2026 23:32:47 - [STX]Rh000501 0166                   9140905[ETX]
22-07-2026 23:32:47 - --Send Message To Machine --[STX]S 000501 0166                   9140905    E001025012024[ETX]
22-07-2026 23:32:48 - [ACK]
22-07-2026 23:32:49 - [STX]Rh000502 0167                   9140908[ETX]
22-07-2026 23:32:52 - [NAK]
22-07-2026 23:32:54 - [STX]Rh000503 0168                   9140907[ETX]
22-07-2026 23:32:57 - [NAK]
22-07-2026 23:32:59 - [STX]Rh000504 0169                   9285403[ETX]
22-07-2026 23:32:59 - --Send Message To Machine --[STX]S 000504 0169                   9285403    E001025012024[ETX]
22-07-2026 23:32:59 - [ACK]
22-07-2026 23:33:01 - [STX]Rh000505 0170                   9140961[ETX]
22-07-2026 23:33:01 - --Send Message To Machine --[STX]S 000505 0170                   9140961    E001025012024[ETX]
22-07-2026 23:33:02 - [ACK]
22-07-2026 23:33:03 - [STX]Rh000506 0171                   9131616[ETX]
22-07-2026 23:33:03 - --Send Message To Machine --[STX]S 000506 0171                   9131616    E001025012024[ETX]
22-07-2026 23:33:04 - [ACK]
22-07-2026 23:33:05 - [STX]Rh000507 0172                   9299236[ETX]
22-07-2026 23:33:06 - --Send Message To Machine --[STX]S 000507 0172                   9299236    E001025012024[ETX]
22-07-2026 23:33:06 - [ACK]
22-07-2026 23:33:08 - [STX]Rh000508 0173                   9299211[ETX]
22-07-2026 23:33:08 - --Send Message To Machine --[STX]S 000508 0173                   9299211    E001025012024[ETX]
22-07-2026 23:33:08 - [ACK]
22-07-2026 23:33:10 - [STX]D 001001 0176                   9285425    E20260722232812009 6.057  028 98.87  029   5.4  006  9.28  097 138.5  098 7.504  099
22-07-2026 23:33:10 -   98.2  [ETX]
22-07-2026 23:33:12 - [STX]Rh000509 0174                   8806433[ETX]
22-07-2026 23:33:12 - --Send Message To Machine --[STX]S 000509 0174                   8806433    E001025012024[ETX]
22-07-2026 23:33:12 - [ACK]
22-07-2026 23:33:14 - [STX]D 001002 0177                   9285409    E20260722232816014  72.0  [ETX]
22-07-2026 23:33:16 - [STX]Rh000510 0175                   9131621[ETX]
22-07-2026 23:33:16 - --Send Message To Machine --[STX]S 000510 0175                   9131621    E001025012024[ETX]
22-07-2026 23:33:16 - [ACK]
22-07-2026 23:35:01 - [STX]D 001003 0178                   8804414    E20260722233005001  4.33  009 0.733  017 25.54  026  49.8  025  7.78  010  0.91  002
22-07-2026 23:35:01 -   57.9  003  18.2  027 295.0  028 16.07  012 0.078  005  19.9  013  10.8  029   3.4  022   1.8G 006  9.34  007 145.4  024 0.514 
22-07-2026 23:35:01 -  097 140.2  098 4.068  099 109.2  [ETX]
22-07-2026 23:36:50 - [STX]D 001004 0179                   9285407    E20260722233154001  4.35  009 0.718  017- 8.17G 026  93.0  025  7.91  010  2.30  002
22-07-2026 23:36:50 -   96.4  003  19.5  027 458.6  028 22.11  012 0.155  005  26.1  013  17.5  029   2.7  022   0.8G 006  9.69  007 161.9  024 0.837 
22-07-2026 23:36:50 -  097 140.1  098 5.010  099 106.9  [ETX]
22-07-2026 23:38:16 - [STX]D 001005 0180                   9140922    E20260722233320001  3.83  009 1.184  017105.60  026  84.3  025  7.40  002  76.4  003
22-07-2026 23:38:16 -   16.0  027 226.3  028 29.49  012 0.128  005  28.9  013  24.8  029   4.4  006  9.00  007 178.6  024 0.667  097 141.3  098 3.676 
22-07-2026 23:38:16 -  099 107.3  [ETX]
22-07-2026 23:40:04 - [STX]D 001006 0181                   8804418    E20260722233508001  4.09  009 0.673  017 12.84  026  67.6  025  7.91  010  2.68  002
22-07-2026 23:40:05 -   55.6  003  16.4  027 263.3  028 27.50  012 0.084  005  25.9  013   9.5  029   3.5  022  10.8  006  9.21  007 185.3  024 0.518 
22-07-2026 23:40:05 -  097 141.2  098 3.820  099 109.9  [ETX]
22-07-2026 23:41:30 - [STX]D 001007 0182                   9141812    E20260722233634001  4.26  009 0.801  017- 0.32G 026 216.0  025  7.51  002  47.4  003
22-07-2026 23:41:31 -   31.1  027 367.2  028 15.01  012 0.057  005  23.8  013  24.7  029   2.7  006  9.76  007 174.7  024 0.387  097 140.3  098 4.279 
22-07-2026 23:41:31 -  099 110.5  [ETX]
22-07-2026 23:42:56 - [STX]D 001008 0183                   9299216    E20260722233800001  2.79  009 0.613  017-25.95G 026 166.2  025  7.05  002  85.2  003
22-07-2026 23:42:57 -   20.3  027 180.0  028 22.84  012 0.030  005  20.4  013  12.4  029   3.2  006  8.81  007 159.5  024 0.291  097 135.7  098 4.513 
22-07-2026 23:42:57 -  099 102.0  [ETX]
22-07-2026 23:44:22 - [STX]D 001009 0184                   9140917    E20260722233926001  4.68  009 0.741  017145.35  026  77.1  025  7.47  002 110.9  003
22-07-2026 23:44:23 -   13.5  027 289.1  028 17.65  012 0.133  005  25.8  013   9.6  029   3.9  006  9.66  007 150.9  024 0.912  097 137.9  098 4.468 
22-07-2026 23:44:23 -  099 103.0  [ETX]
22-07-2026 23:45:48 - [STX]D 001010 0185                   8804430    E20260722234052001  4.57  009 0.929  017 76.16  026 308.0  025  7.50  002  60.3  003
22-07-2026 23:45:49 -   25.9  027 262.9  028 18.10  012 0.225  005  22.2  013  25.9  029   6.5  006 10.10  007 201.2  024 1.830  097 142.0  098 3.959 
22-07-2026 23:45:49 -  099 107.4  [ETX]
22-07-2026 23:45:50 - [STX]Rh001001 0176                   9285425[ETX]
22-07-2026 23:45:53 - [NAK]
22-07-2026 23:45:55 - [STX]Rh001002 0177                   9285409[ETX]
22-07-2026 23:45:58 - [NAK]
22-07-2026 23:45:59 - [STX]Rh001003 0178                   8804414[ETX]
22-07-2026 23:45:59 - --Send Message To Machine --[STX]S 001003 0178                   8804414    E001025012024[ETX]
22-07-2026 23:46:00 - [ACK]
22-07-2026 23:46:02 - [STX]Rh001004 0179                   9285407[ETX]
22-07-2026 23:46:02 - --Send Message To Machine --[STX]S 001004 0179                   9285407    E001025012024[ETX]
22-07-2026 23:46:02 - [ACK]
22-07-2026 23:46:04 - [STX]Rh001005 0180                   9140922[ETX]
22-07-2026 23:46:04 - --Send Message To Machine --[STX]S 001005 0180                   9140922    E001025012024[ETX]
22-07-2026 23:46:05 - [ACK]
22-07-2026 23:46:06 - [STX]Rh001006 0181                   8804418[ETX]
22-07-2026 23:46:06 - --Send Message To Machine --[STX]S 001006 0181                   8804418    E001025012024[ETX]
22-07-2026 23:46:07 - [ACK]
22-07-2026 23:46:08 - [STX]Rh001007 0182                   9141812[ETX]
22-07-2026 23:46:09 - --Send Message To Machine --[STX]S 001007 0182                   9141812    E001025012024[ETX]
22-07-2026 23:46:09 - [ACK]
22-07-2026 23:46:11 - [STX]Rh001008 0183                   9299216[ETX]
22-07-2026 23:46:11 - --Send Message To Machine --[STX]S 001008 0183                   9299216    E001025012024[ETX]
22-07-2026 23:46:11 - [ACK]
22-07-2026 23:46:13 - [STX]Rh001009 0184                   9140917[ETX]
22-07-2026 23:46:13 - --Send Message To Machine --[STX]S 001009 0184                   9140917    E001025012024[ETX]
22-07-2026 23:46:14 - [ACK]
22-07-2026 23:46:15 - [STX]Rh001010 0185                   8804430[ETX]
22-07-2026 23:46:15 - --Send Message To Machine --[STX]S 001010 0185                   8804430    E001025012024[ETX]
22-07-2026 23:46:16 - [ACK]
22-07-2026 23:47:14 - [STX]D 000101 0186                   8804410    E20260722234218001  4.60  009 0.793  017 87.99  026 170.1  025  7.77  002 112.6  003
22-07-2026 23:47:15 -   20.1  027 276.6  028 22.44  012 0.051  005  23.0  013  14.1  029   4.8  006 10.06  007 212.3  024 0.449  097 141.0  098 4.042 
22-07-2026 23:47:15 -  099 107.1  [ETX]
22-07-2026 23:48:40 - [STX]D 000102 0187                   9141809    E20260722234344001  4.58  009 0.838  017141.92  026 226.1  025  7.38  002  49.3  003
22-07-2026 23:48:41 -   39.0  027 280.2  028 24.29  012 0.079  005  32.0  013  14.1  029   4.0  006  9.53  007 168.4  024 0.566  097 139.2  098 4.070 
22-07-2026 23:48:41 -  099 106.2  [ETX]
22-07-2026 23:50:06 - [STX]D 000103 0188                   8806431    E20260722234510001  4.58  009 0.801  017 81.08  026 113.5  025  8.48  002  91.0  003
22-07-2026 23:50:07 -   28.5  027 196.2  028 15.92  012 0.127  005  37.3  013  14.9  029   3.6  006 10.01  007 206.4  024 0.885  097 140.9  098 4.662 
22-07-2026 23:50:07 -  099 101.2  [ETX]
22-07-2026 23:51:55 - [STX]D 000104 0189                   8804421    E20260722234659001  4.18  009 0.696  017204.00  026 189.7  025  7.76  010  0.49  002
22-07-2026 23:51:55 -   40.6  003  23.9  027 262.4  028 31.14  012 0.057  005  26.2  013  14.4  029   4.1  022  10.6  006  9.64  007 164.5  024 0.449 
22-07-2026 23:51:55 -  097 143.5  098 4.271  099 108.0  [ETX]
22-07-2026 23:53:21 - [STX]D 000105 0190                   9131624    E20260722234825001  4.41  009 0.778  017  3.53G 026 119.2  025  8.04  002  50.9  003
22-07-2026 23:53:21 -   11.9  027 323.1  028 19.02  012 0.122  005  22.6  013   7.4  029   2.8  006  9.54  007 171.1  024 0.663  097 140.7  098 3.912 
22-07-2026 23:53:21 -  099 102.1  [ETX]
22-07-2026 23:54:47 - [STX]D 000106 0191                   8804426    E20260722234951001  4.48  009 0.778  017 93.76  026 144.2  025  7.61  002  57.4  003
22-07-2026 23:54:47 -   16.1  027 419.4  028 20.06  012 0.345  005  20.5  013  11.3  029   4.4  006  9.80  007 172.7  024 2.512  097 142.5  098 4.276 
22-07-2026 23:54:47 -  099 110.4  [ETX]
22-07-2026 23:56:13 - [STX]D 000107 0192                   9300006    E20260722235117001  4.63  009 1.042  017 35.55  026 261.4  025  7.87  002  69.2  003
22-07-2026 23:56:13 -   25.7  027 308.2  028 18.98  012 0.057  005  21.5  013  17.2  029   5.2  006 10.24  007 226.1  024 0.492  097 142.9  098 4.176 
22-07-2026 23:56:13 -  [ETX]
22-07-2026 23:58:02 - [STX]D 000108 0193                   9300019    E20260722235305001  4.41  009 0.763  017111.73  026 187.6  025  8.18  010  3.45  002
22-07-2026 23:58:02 -   88.4  003  66.0  027 362.9  028 23.70  012 0.127  005  48.1  013  16.7  029   3.8  022-  2.5Gp006  9.34  007 211.0  024 0.972 
22-07-2026 23:58:02 -  097 137.8  098 4.183  099 106.9  [ETX]
22-07-2026 23:58:03 - [STX]Rh000101 0186                   8804410[ETX]
22-07-2026 23:58:04 - --Send Message To Machine --[STX]S 000101 0186                   8804410    E001025012024[ETX]
22-07-2026 23:58:04 - [ACK]
22-07-2026 23:58:06 - [STX]Rh000102 0187                   9141809[ETX]
22-07-2026 23:58:06 - --Send Message To Machine --[STX]S 000102 0187                   9141809    E001025012024[ETX]
22-07-2026 23:58:06 - [ACK]
22-07-2026 23:58:08 - [STX]Rh000103 0188                   8806431[ETX]
22-07-2026 23:58:08 - --Send Message To Machine --[STX]S 000103 0188                   8806431    E001025012024[ETX]
22-07-2026 23:58:09 - [ACK]
22-07-2026 23:58:10 - [STX]Rh000104 0189                   8804421[ETX]
22-07-2026 23:58:10 - --Send Message To Machine --[STX]S 000104 0189                   8804421    E001025012024[ETX]
22-07-2026 23:58:11 - [ACK]
22-07-2026 23:58:13 - [STX]Rh000105 0190                   9131624[ETX]
22-07-2026 23:58:13 - --Send Message To Machine --[STX]S 000105 0190                   9131624    E001025012024[ETX]
22-07-2026 23:58:13 - [ACK]
22-07-2026 23:58:15 - [STX]Rh000106 0191                   8804426[ETX]
22-07-2026 23:58:15 - --Send Message To Machine --[STX]S 000106 0191                   8804426    E001025012024[ETX]
22-07-2026 23:58:16 - [ACK]
22-07-2026 23:58:17 - [STX]D 000201 0194                   9140963    E20260722235319014  81.7  [ETX]
22-07-2026 23:58:19 - [STX]Rh000107 0192                   9300006[ETX]
22-07-2026 23:58:19 - --Send Message To Machine --[STX]S 000107 0192                   9300006    E001025012024[ETX]
22-07-2026 23:58:20 - [ACK]
22-07-2026 23:58:21 - [STX]Rh000108 0193                   9300019[ETX]
22-07-2026 23:58:21 - --Send Message To Machine --[STX]S 000108 0193                   9300019    E099001025012024[ETX]
22-07-2026 23:58:22 - [ACK]
22-07-2026 23:58:23 - [STX]Rh000201 0194                   9140963[ETX]
22-07-2026 23:58:26 - [NAK]
