24-07-2026 00:03:50 - [STX]RB[ETX]
24-07-2026 00:03:51 - [STX]DB[ETX]
24-07-2026 00:04:02 - [STX]R 000901N0156                   9152971[ETX]
24-07-2026 00:04:02 - --Send Message To Machine --[STX]S 000901 0156                   9152971    E099007009013097001025026028029002098003005012024006[ETX]
24-07-2026 00:04:03 - [ACK]
24-07-2026 00:04:07 - [STX]R 000902N0157                   9143927[ETX]
24-07-2026 00:04:07 - --Send Message To Machine --[STX]S 000902 0157                   9143927    E099007009013097001025026028029002098003005012024006[ETX]
24-07-2026 00:04:07 - [ACK]
24-07-2026 00:04:11 - [STX]R 000903N0158                   8881007[ETX]
24-07-2026 00:04:11 - --Send Message To Machine --[STX]S 000903 0158                   8881007    E099007009013097001025026028029002098003005012024006[ETX]
24-07-2026 00:04:12 - [ACK]
24-07-2026 00:04:16 - [STX]R 000904N0159                   9143924[ETX]
24-07-2026 00:04:16 - --Send Message To Machine --[STX]S 000904 0159                   9143924    E099007009013097001025026028029002098003005012024006[ETX]
24-07-2026 00:04:16 - [ACK]
24-07-2026 00:04:20 - [STX]R 000905N0160                   9152979[ETX]
24-07-2026 00:04:20 - --Send Message To Machine --[STX]S 000905 0160                   9152979    E099007009013097001025026028029002098003005012024006[ETX]
24-07-2026 00:04:21 - [ACK]
24-07-2026 00:04:25 - [STX]R 000906N0161                   9151778[ETX]
24-07-2026 00:04:25 - --Send Message To Machine --[STX]S 000906 0161                   9151778    E099007009013097001025026028029002098003005012024006[ETX]
24-07-2026 00:04:25 - [ACK]
24-07-2026 00:04:29 - [STX]R 000907N0162                   9143930[ETX]
24-07-2026 00:04:29 - --Send Message To Machine --[STX]S 000907 0162                   9143930    E099007009097026028029098006[ETX]
24-07-2026 00:04:30 - [ACK]
24-07-2026 00:04:34 - [STX]R 000908N0163                   8881006[ETX]
24-07-2026 00:04:34 - --Send Message To Machine --[STX]S 000908 0163                   8881006    E013001025002003005012024[ETX]
24-07-2026 00:04:34 - [ACK]
24-07-2026 00:04:38 - [STX]R 000909N0164                   9143931[ETX]
24-07-2026 00:04:38 - --Send Message To Machine --[STX]S 000909 0164                   9143931    E017027[ETX]
24-07-2026 00:04:39 - [ACK]
24-07-2026 00:04:43 - [STX]R 000910N0165                   9152973[ETX]
24-07-2026 00:04:43 - --Send Message To Machine --[STX]S 000910 0165                   9152973    E014[ETX]
24-07-2026 00:04:44 - [ACK]
24-07-2026 00:08:34 - [STX]R 000101N0166                   9148919[ETX]
24-07-2026 00:08:34 - --Send Message To Machine --[STX]S 000101 0166                   9148919    E014[ETX]
24-07-2026 00:08:34 - [ACK]
24-07-2026 00:08:38 - [STX]R 000102N0167                   9152260[ETX]
24-07-2026 00:08:38 - --Send Message To Machine --[STX]S 000102 0167                   9152260    E014[ETX]
24-07-2026 00:08:39 - [ACK]
24-07-2026 00:08:43 - [STX]R 000103N0168                   9155731[ETX]
24-07-2026 00:08:43 - --Send Message To Machine --[STX]S 000103 0168                   9155731    E014[ETX]
24-07-2026 00:08:43 - [ACK]
24-07-2026 00:08:47 - [STX]R 000104N0169                   9152267[ETX]
24-07-2026 00:08:47 - --Send Message To Machine --[STX]S 000104 0169                   9152267    E099007009013097001025026028029002098003005012024006[ETX]
24-07-2026 00:08:48 - [ACK]
24-07-2026 00:08:52 - [STX]R 000105N0170                   9152983[ETX]
24-07-2026 00:08:52 - --Send Message To Machine --[STX]S 000105 0170                   9152983    E099007009013097001025026028029002098003005012024006[ETX]
24-07-2026 00:08:52 - [ACK]
24-07-2026 00:08:56 - [STX]R 000106N0171                   8808036[ETX]
24-07-2026 00:08:56 - --Send Message To Machine --[STX]S 000106 0171                   8808036    E099007009013097001025026028029002098003005012024006[ETX]
24-07-2026 00:08:57 - [ACK]
24-07-2026 00:09:01 - [STX]R 000107N0172                   9152256[ETX]
24-07-2026 00:09:01 - --Send Message To Machine --[STX]S 000107 0172                   9152256    E014[ETX]
24-07-2026 00:09:01 - [ACK]
24-07-2026 00:10:13 - [STX]R 000108N0173                   9151777[ETX]
24-07-2026 00:10:13 - --Send Message To Machine --[STX]S 000108 0173                   9151777    E014[ETX]
24-07-2026 00:10:14 - [ACK]
24-07-2026 00:11:30 - [STX]R 000109N0174                   9152266[ETX]
24-07-2026 00:11:30 - --Send Message To Machine --[STX]S 000109 0174                   9152266    E014[ETX]
24-07-2026 00:11:31 - [ACK]
24-07-2026 00:12:47 - [STX]R 000110N0175                   9152981[ETX]
24-07-2026 00:12:47 - --Send Message To Machine --[STX]S 000110 0175                   9152981    E014[ETX]
24-07-2026 00:12:48 - [ACK]
24-07-2026 00:15:14 - [STX]RE[ETX]
24-07-2026 00:15:15 - [STX]D 000901 0156                   9152971    E20260724001017097 137.3  098 3.904  099  98.6  [ETX]
24-07-2026 00:15:17 - [STX]D 000902 0157                   9143927    E20260724001018097 141.3  098 4.265  099 103.5  [ETX]
24-07-2026 00:15:19 - [STX]D 000903 0158                   8881007    E20260724001018097 139.3  098 4.649  099  96.7  [ETX]
24-07-2026 00:15:20 - [STX]D 000904 0159                   9143924    E20260724001018097 135.4  098 4.525  099 105.7  [ETX]
24-07-2026 00:15:22 - [STX]D 000905 0160                   9152979    E20260724001018097 142.6  098 4.086  099 103.8  [ETX]
24-07-2026 00:15:23 - [STX]D 000906 0161                   9151778    E20260724001018097 137.8  098 3.967  099 106.0  [ETX]
24-07-2026 00:15:25 - [STX]DE[ETX]
24-07-2026 00:21:20 - [STX]RB[ETX]
24-07-2026 00:21:21 - [STX]DB[ETX]
24-07-2026 00:21:32 - [STX]R 000901N0176                   9152971[ETX]
24-07-2026 00:21:32 - --Send Message To Machine --[STX]S 000901 0176                   9152971    E007009013001025026028029002003005012024006[ETX]
24-07-2026 00:21:33 - [ACK]
24-07-2026 00:21:37 - [STX]R 000902N0177                   9143927[ETX]
24-07-2026 00:21:37 - --Send Message To Machine --[STX]S 000902 0177                   9143927    E007009013001025026028029002003005012024006[ETX]
24-07-2026 00:21:37 - [ACK]
24-07-2026 00:21:41 - [STX]R 000903N0178                   8881007[ETX]
24-07-2026 00:21:41 - --Send Message To Machine --[STX]S 000903 0178                   8881007    E007009013001025026028029002003005012024006[ETX]
24-07-2026 00:21:42 - [ACK]
24-07-2026 00:21:46 - [STX]R 000904N0179                   9143924[ETX]
24-07-2026 00:21:46 - --Send Message To Machine --[STX]S 000904 0179                   9143924    E007009013001025026028029002003005012024006[ETX]
24-07-2026 00:21:46 - [ACK]
24-07-2026 00:21:50 - [STX]R 000905N0180                   9152979[ETX]
24-07-2026 00:21:50 - --Send Message To Machine --[STX]S 000905 0180                   9152979    E007009013001025026028029002003005012024006[ETX]
24-07-2026 00:21:51 - [ACK]
24-07-2026 00:21:55 - [STX]R 000906N0181                   9151778[ETX]
24-07-2026 00:21:55 - --Send Message To Machine --[STX]S 000906 0181                   9151778    E007009013001025026028029002003005012024006[ETX]
24-07-2026 00:21:55 - [ACK]
24-07-2026 00:32:42 - [STX]R 000801N0182                   9152974[ETX]
24-07-2026 00:32:42 - --Send Message To Machine --[STX]S 000801 0182                   9152974    E099007009013097001025026028029002098003005012024006[ETX]
24-07-2026 00:32:43 - [ACK]
24-07-2026 00:33:54 - [STX]R 000802N0183                   9152982[ETX]
24-07-2026 00:33:55 - --Send Message To Machine --[STX]S 000802 0183                   9152982    E014[ETX]
24-07-2026 00:33:55 - [ACK]
24-07-2026 00:34:26 - [STX]R 000803N0184                   9152970[ETX]
24-07-2026 00:34:26 - --Send Message To Machine --[STX]S 000803 0184                   9152970    E014[ETX]
24-07-2026 00:34:27 - [ACK]
24-07-2026 00:35:11 - [STX]R 000804N0185                   9149027[ETX]
24-07-2026 00:35:11 - --Send Message To Machine --[STX]S 000804 0185                   9149027    E099007009013097001025026028029002098003005012024006[ETX]
24-07-2026 00:35:12 - [ACK]
24-07-2026 00:36:24 - [STX]D 000901 0176                   9152971    E20260724003127001  4.34  009 0.981  026 155.3  025  7.56  002  57.9  003  16.0  028
24-07-2026 00:36:24 -  33.78  012 0.128  005  21.8  013  14.3  029   5.0  006  9.81  007 194.4  024 0.929  [ETX]
24-07-2026 00:37:36 - [STX]D 000902 0177                   9143927    E20260724003239001  4.52  009 0.944  026 200.1  025  7.80  002  70.8  003  57.6  028
24-07-2026 00:37:36 -  18.77  012 0.090  005  60.3  013  53.3  029   5.3  006  9.80  007 207.3  024 0.549  [ETX]
24-07-2026 00:38:12 - [STX]R 000701N0186                   9152261[ETX]
24-07-2026 00:38:12 - --Send Message To Machine --[STX]S 000701 0186                   9152261    E099007009013017097001025026028029027002098003005012024006[ETX]
24-07-2026 00:38:13 - [ACK]
24-07-2026 00:38:49 - [STX]D 000903 0178                   8881007    E20260724003352001  4.41  009 0.854  026  66.6  025  7.89  002 108.6  003  28.7  028
24-07-2026 00:38:49 -  32.83  012 0.106  005  24.8  013  23.8  029   3.8  006 10.01  007 214.4  024 0.706  [ETX]
24-07-2026 00:39:29 - [STX]R 000702N0187                   9155732[ETX]
24-07-2026 00:39:29 - --Send Message To Machine --[STX]S 000702 0187                   9155732    E099007009013017097001025026028029027002098003005012024006[ETX]
24-07-2026 00:39:30 - [ACK]
24-07-2026 00:39:34 - [STX]R 000703N0188                   9152257[ETX]
24-07-2026 00:39:34 - --Send Message To Machine --[STX]S 000703 0188                   9152257    E099007010009013017097001025026028029022027002098003005012024006[ETX]
24-07-2026 00:39:35 - [ACK]
24-07-2026 00:39:38 - [STX]R 000704N0189                   9144069[ETX]
24-07-2026 00:39:38 - --Send Message To Machine --[STX]S 000704 0189                   9144069    E099007009013017097001025026028029027002098003005012024006[ETX]
24-07-2026 00:39:39 - [ACK]
24-07-2026 00:39:43 - [STX]R 000705N0190                   9152977[ETX]
24-07-2026 00:39:43 - --Send Message To Machine --[STX]S 000705 0190                   9152977    E099007009013017097001025026028029027002098003005012024006[ETX]
24-07-2026 00:39:44 - [ACK]
24-07-2026 00:39:47 - [STX]R 000706N0191                   9152968[ETX]
24-07-2026 00:39:47 - --Send Message To Machine --[STX]S 000706 0191                   9152968    E099007010009013017097001025026028029027002098003005012024006[ETX]
24-07-2026 00:39:48 - [ACK]
24-07-2026 00:40:01 - [STX]D 000904 0179                   9143924    E20260724003504001  4.39  009 0.891  026 250.0  025  7.46  002  72.8  003  31.4  028
24-07-2026 00:40:01 -  23.69  012 0.057  005  23.7  013  82.2  029   5.2  006  9.79  007 199.8  024 0.558  [ETX]
24-07-2026 00:41:04 - [STX]R 000707N0192                   9155760[ETX]
24-07-2026 00:41:04 - --Send Message To Machine --[STX]S 000707 0192                   9155760    E099007009013017097001025026028029027002098003005012024006[ETX]
24-07-2026 00:41:05 - [ACK]
24-07-2026 00:41:14 - [STX]D 000905 0180                   9152979    E20260724003617001  4.65  009 0.951  026 250.8  025  7.65  002 102.1  003  28.4  028
24-07-2026 00:41:14 -  30.96  012 0.144  005  31.2  013  17.6  029   4.5  006  9.59  007 198.7  024 0.610  [ETX]
24-07-2026 00:42:26 - [STX]D 000906 0181                   9151778    E20260724003729001  4.42  009 0.703  026  92.3  025  7.83  002  59.8  003  19.2  028
24-07-2026 00:42:26 -  25.54  012 0.057  005  21.1  013  26.1  029   3.3  006  9.63  007 192.4  024 0.418  [ETX]
24-07-2026 00:42:58 - [STX]D 000907 0162                   9143930    E20260724003801009 1.214  026 138.0  028 56.41  029   2.5  006  9.82  007 139.4  097
24-07-2026 00:42:58 -  140.9  098 4.558  099  95.8  [ETX]
24-07-2026 00:43:43 - [STX]D 000908 0163                   8881006    E20260724003846001  5.09  025  8.10  002 162.3  003 167.0  012 0.133  005  68.7  013
24-07-2026 00:43:43 -   61.0  024 0.829  [ETX]
24-07-2026 00:43:52 - [STX]D 000909 0164                   9143931    E20260724003855017  3.95G 027 337.2  [ETX]
24-07-2026 00:43:57 - [STX]D 000910 0165                   9152973    E20260724003900014 144.7  [ETX]
24-07-2026 00:43:58 - [STX]Rh000901 0176                   9152971[ETX]
24-07-2026 00:43:58 - --Send Message To Machine --[STX]S 000901 0176                   9152971    E001025012024[ETX]
24-07-2026 00:43:59 - [ACK]
24-07-2026 00:44:00 - [STX]Rh000902 0177                   9143927[ETX]
24-07-2026 00:44:00 - --Send Message To Machine --[STX]S 000902 0177                   9143927    E001025012024[ETX]
24-07-2026 00:44:01 - [ACK]
24-07-2026 00:44:03 - [STX]D 000101 0166                   9148919    E20260724003904014  80.8  [ETX]
24-07-2026 00:44:04 - [STX]Rh000903 0178                   8881007[ETX]
24-07-2026 00:44:04 - --Send Message To Machine --[STX]S 000903 0178                   8881007    E001025012024[ETX]
24-07-2026 00:44:05 - [ACK]
24-07-2026 00:44:06 - [STX]D 000102 0167                   9152260    E20260724003909014  68.3  [ETX]
24-07-2026 00:44:08 - [STX]Rh000904 0179                   9143924[ETX]
24-07-2026 00:44:08 - --Send Message To Machine --[STX]S 000904 0179                   9143924    E001025012024[ETX]
24-07-2026 00:44:09 - [ACK]
24-07-2026 00:44:10 - [STX]Rh000905 0180                   9152979[ETX]
24-07-2026 00:44:10 - --Send Message To Machine --[STX]S 000905 0180                   9152979    E001025012024[ETX]
24-07-2026 00:44:11 - [ACK]
24-07-2026 00:44:13 - [STX]D 000103 0168                   9155731    E20260724003913014 305.6  [ETX]
24-07-2026 00:44:14 - [STX]Rh000906 0181                   9151778[ETX]
24-07-2026 00:44:14 - --Send Message To Machine --[STX]S 000906 0181                   9151778    E001025012024[ETX]
24-07-2026 00:44:15 - [ACK]
24-07-2026 00:44:16 - [STX]Rh000907 0162                   9143930[ETX]
24-07-2026 00:44:19 - [NAK]
24-07-2026 00:44:21 - [STX]Rh000908 0163                   8881006[ETX]
24-07-2026 00:44:21 - --Send Message To Machine --[STX]S 000908 0163                   8881006    E001025012024[ETX]
24-07-2026 00:44:22 - [ACK]
24-07-2026 00:44:23 - [STX]Rh000909 0164                   9143931[ETX]
24-07-2026 00:44:26 - [NAK]
24-07-2026 00:44:28 - [STX]Rh000910 0165                   9152973[ETX]
24-07-2026 00:44:31 - [NAK]
24-07-2026 00:45:27 - [STX]D 000104 0169                   9152267    E20260724004030001  4.32  009 0.989  026  97.6  025  7.59  002  80.6  003  53.8  028
24-07-2026 00:45:27 -  21.40  012 0.100  005  38.7  013  40.9  029   8.1  006  9.77  007 178.2  024 0.575  097 142.4  098 4.600  099 106.0  [ETX]
24-07-2026 00:46:44 - [STX]D 000105 0170                   9152983    E20260724004147001  4.53  009 0.718  026  65.5  025  7.82  002  38.4  003  14.2  028
24-07-2026 00:46:44 -  16.32  012 0.078  005  21.1  013   6.4  029   3.3  006  4.93  007 130.0  024 0.540  097 139.2  098 7.091  099 105.4  [ETX]
24-07-2026 00:48:01 - [STX]D 000106 0171                   8808036    E20260724004304001  3.91  009 1.192  026  99.2  025  7.52  002  49.3  003  17.3  028
24-07-2026 00:48:01 -  43.31  012 0.089  005  27.6  013   8.8  029   4.3  006  8.88  007 127.4  024 0.558  097 125.7  098 4.104  099  93.4  [ETX]
24-07-2026 00:48:05 - [STX]D 000107 0172                   9152256    E20260724004309014  74.2  [ETX]
24-07-2026 00:48:10 - [STX]D 000108 0173                   9151777    E20260724004313014  83.7  [ETX]
24-07-2026 00:48:14 - [STX]D 000109 0174                   9152266    E20260724004318014 104.7  [ETX]
24-07-2026 00:48:19 - [STX]D 000110 0175                   9152981    E20260724004322014  95.0  [ETX]
24-07-2026 00:48:21 - [STX]Rh000101 0166                   9148919[ETX]
24-07-2026 00:48:24 - [NAK]
24-07-2026 00:48:25 - [STX]Rh000102 0167                   9152260[ETX]
24-07-2026 00:48:28 - [NAK]
24-07-2026 00:48:30 - [STX]Rh000103 0168                   9155731[ETX]
24-07-2026 00:48:33 - [NAK]
24-07-2026 00:48:34 - [STX]Rh000104 0169                   9152267[ETX]
24-07-2026 00:48:34 - --Send Message To Machine --[STX]S 000104 0169                   9152267    E001025012024[ETX]
24-07-2026 00:48:35 - [ACK]
24-07-2026 00:48:37 - [STX]Rh000105 0170                   9152983[ETX]
24-07-2026 00:48:37 - --Send Message To Machine --[STX]S 000105 0170                   9152983    E001025012024[ETX]
24-07-2026 00:48:37 - [ACK]
24-07-2026 00:48:39 - [STX]Rh000106 0171                   8808036[ETX]
24-07-2026 00:48:39 - --Send Message To Machine --[STX]S 000106 0171                   8808036    E001025012024[ETX]
24-07-2026 00:48:40 - [ACK]
24-07-2026 00:48:41 - [STX]Rh000107 0172                   9152256[ETX]
24-07-2026 00:48:44 - [NAK]
24-07-2026 00:48:46 - [STX]Rh000108 0173                   9151777[ETX]
24-07-2026 00:48:49 - [NAK]
24-07-2026 00:48:50 - [STX]Rh000109 0174                   9152266[ETX]
24-07-2026 00:48:53 - [NAK]
24-07-2026 00:48:55 - [STX]Rh000110 0175                   9152981[ETX]
24-07-2026 00:48:58 - [NAK]
24-07-2026 00:49:36 - [STX]D 000801 0182                   9152974    E20260724004439001  4.59  009 0.756  026 126.1  025  7.68  002  77.1  003  16.4  028
24-07-2026 00:49:36 -  37.49  012 0.133  005  19.7  013  16.4  029   4.4  006  9.76  007 227.6  024 0.912  097 142.4  098 4.438  099  99.3  [ETX]
24-07-2026 00:49:40 - [STX]D 000802 0183                   9152982    E20260724004444014  87.0  [ETX]
24-07-2026 00:49:45 - [STX]D 000803 0184                   9152970    E20260724004448014  87.0  [ETX]
24-07-2026 00:51:02 - [STX]D 000804 0185                   9149027    E20260724004605001  4.06  009 0.342  026  91.8  025  7.17  002 142.4  003  15.2  028
24-07-2026 00:51:02 -  18.54  012 0.046  005  36.9  013  11.5  029   3.3  006  9.69  007 129.1  024 0.309  097 139.6  098 3.877  099 106.3  [ETX]
24-07-2026 00:51:04 - [STX]Rh000801 0182                   9152974[ETX]
24-07-2026 00:51:04 - --Send Message To Machine --[STX]S 000801 0182                   9152974    E001025012024[ETX]
24-07-2026 00:51:04 - [ACK]
24-07-2026 00:51:06 - [STX]Rh000802 0183                   9152982[ETX]
24-07-2026 00:51:09 - [NAK]
24-07-2026 00:51:11 - [STX]Rh000803 0184                   9152970[ETX]
24-07-2026 00:51:14 - [NAK]
24-07-2026 00:51:15 - [STX]Rh000804 0185                   9149027[ETX]
24-07-2026 00:51:15 - --Send Message To Machine --[STX]S 000804 0185                   9149027    E099097001025028098012024[ETX]
24-07-2026 00:51:16 - [ACK]
24-07-2026 00:52:55 - [STX]D 000701 0186                   9152261    E20260724004758001  4.64  009 0.914  017150.14  026  85.7  025  7.47  002  84.4  003
24-07-2026 00:52:55 -   19.2  027 281.0  028 38.76  012 0.214  005  29.2  013   5.0  029   5.3  006  9.92  007 133.3  024 1.082  097 142.2  098 4.141 
24-07-2026 00:52:55 -  099 101.7  [ETX]
24-07-2026 00:54:21 - [STX]D 000702 0187                   9155732    E20260724004924001  3.77  009 0.801  017  5.99G 026 221.3  025  7.50  002  54.0  003
24-07-2026 00:54:21 -   28.4  027 334.5  028 56.30  012 0.040  005  25.6  013  18.9  029   4.8  006  9.32  007 185.4  024 0.352  097 137.8  098 4.453 
24-07-2026 00:54:21 -  099 105.9  [ETX]
24-07-2026 00:56:10 - [STX]D 000703 0188                   9152257    E20260724005113001  4.65  009 1.026  017147.50  026  93.6  025  7.94  010  0.43  002
24-07-2026 00:56:10 -   62.6  003  29.9  027 278.1  028 22.47  012 0.111  005  36.0  013  22.9  029   2.8  022   6.5G 006 10.14  007 186.2  024 0.706 
24-07-2026 00:56:10 -  097 140.8  098 4.617  099 101.4  [ETX]
24-07-2026 00:57:36 - [STX]D 000704 0189                   9144069    E20260724005239001  4.25  009 0.553  017- 2.53G 026 134.5  025  7.36  002 300.0  003
24-07-2026 00:57:36 -   17.4  027 346.6  028 24.15  012 0.040  005  24.3  013  15.2  029   3.3  006  9.96  007 186.8  024 0.374  097 139.5  098 4.049 
24-07-2026 00:57:36 -  099 104.7  [ETX]
24-07-2026 00:59:02 - [STX]D 000705 0190                   9152977    E20260724005405001  4.27  009 0.936  017167.73  026 175.5  025  7.27  002  90.8  003
24-07-2026 00:59:02 -   39.9  027 218.9  028 24.67  012 0.106  005  36.9  013  48.7  029   4.7  006  9.20  007 241.6  024 0.509  097 140.0  098 4.328 
24-07-2026 00:59:02 -  099 103.9  [ETX]
24-07-2026 01:00:46 - [STX]D 000706 0191                   9152968    E20260724005549001  4.62  009 0.838  017 39.67  026  95.4  025  7.81  010  1.54  002
24-07-2026 01:00:46 -   94.8  003  27.2  027 265.3  028 24.42  012 0.285  005  24.6  013  16.5  029   4.6  006  9.42  007 164.2  024 2.595  097 139.0 
24-07-2026 01:00:46 -  098 4.501  099 100.8  [ETX]
24-07-2026 01:02:12 - [STX]D 000707 0192                   9155760    E20260724005715001  3.77  009 0.808  017 78.38  026 336.2  025  7.52  002  91.7  003
24-07-2026 01:02:12 -   29.2  027 358.5  028 31.68  012 0.094  005  22.8  013  21.6  029   9.0  006  9.99  007 208.7  024 0.820  097 135.9  098 3.655 
24-07-2026 01:02:12 -  099  99.1  [ETX]
24-07-2026 01:02:14 - [STX]Rh000701 0186                   9152261[ETX]
24-07-2026 01:02:14 - --Send Message To Machine --[STX]S 000701 0186                   9152261    E001025012024[ETX]
24-07-2026 01:02:14 - [ACK]
24-07-2026 01:02:16 - [STX]Rh000702 0187                   9155732[ETX]
24-07-2026 01:02:16 - --Send Message To Machine --[STX]S 000702 0187                   9155732    E001025012024[ETX]
24-07-2026 01:02:16 - [ACK]
24-07-2026 01:02:18 - [STX]Rh000703 0188                   9152257[ETX]
24-07-2026 01:02:18 - --Send Message To Machine --[STX]S 000703 0188                   9152257    E001025012024[ETX]
24-07-2026 01:02:19 - [ACK]
24-07-2026 01:02:20 - [STX]Rh000704 0189                   9144069[ETX]
24-07-2026 01:02:20 - --Send Message To Machine --[STX]S 000704 0189                   9144069    E001025012024[ETX]
24-07-2026 01:02:21 - [ACK]
24-07-2026 01:02:22 - [STX]Rh000705 0190                   9152977[ETX]
24-07-2026 01:02:23 - --Send Message To Machine --[STX]S 000705 0190                   9152977    E001025012024[ETX]
24-07-2026 01:02:23 - [ACK]
24-07-2026 01:02:25 - [STX]Rh000706 0191                   9152968[ETX]
24-07-2026 01:02:25 - --Send Message To Machine --[STX]S 000706 0191                   9152968    E001025012024[ETX]
24-07-2026 01:02:25 - [ACK]
24-07-2026 01:02:27 - [STX]Rh000707 0192                   9155760[ETX]
24-07-2026 01:02:27 - --Send Message To Machine --[STX]S 000707 0192                   9155760    E099097001025098012024[ETX]
24-07-2026 01:02:28 - [ACK]
24-07-2026 01:15:57 - [STX]RE[ETX]
24-07-2026 01:15:59 - [STX]DE[ETX]
24-07-2026 02:24:36 - [STX]RB[ETX]
24-07-2026 02:24:37 - [STX]DB[ETX]
24-07-2026 02:37:01 - [STX]D     01 P006                   9285293    E20260724023204013      %?[ETX]
24-07-2026 02:48:26 - [STX]RE[ETX]
24-07-2026 02:48:28 - [STX]DE[ETX]
24-07-2026 05:25:09 - [STX]RB[ETX]
24-07-2026 05:25:10 - [STX]DB[ETX]
24-07-2026 05:32:33 - [STX]D     02 P007                  19802772    E20260724052736001  3.95  012 0.068  006  9.40  024 0.593  097 142.3  098 3.567  099
24-07-2026 05:32:33 -  102.3  [ETX]
24-07-2026 05:38:35 - [STX]D     02 P007                  19802772    E20260724053338009 0.613  025  6.47  002  57.7  003  30.0  028 29.17  005  20.0  013
24-07-2026 05:38:35 -   73.7  029   4.0  [ETX]
24-07-2026 05:50:00 - [STX]RE[ETX]
24-07-2026 05:50:01 - [STX]DE[ETX]
24-07-2026 08:45:47 - [STX]RB[ETX]
24-07-2026 08:45:48 - [STX]DB[ETX]
24-07-2026 08:45:58 - [STX]R 001001N0001                   9285276[ETX]
24-07-2026 08:45:58 - --Send Message To Machine --[STX]S 001001 0001                   9285276    E099009013097001025028029002098003005012024006[ETX]
24-07-2026 08:45:58 - [ACK]
24-07-2026 08:46:02 - [STX]R 001002N0002                   9285277[ETX]
24-07-2026 08:46:02 - --Send Message To Machine --[STX]S 001002 0002                   9285277    E099009013097001025028029002098003005012024006[ETX]
24-07-2026 08:46:03 - [ACK]
24-07-2026 08:59:14 - [STX]D 001001 0001                   9285276    E20260724085418001  4.15  009 0.508  025  5.94  002  64.3  003  17.2  028 43.36  012
24-07-2026 08:59:15 -  0.813  005  23.1  013   7.4  029  16.7  006  8.30  024 2.892  097 136.2  098 2.609  099 103.6  [ETX]
24-07-2026 09:00:22 - [STX]D 001002 0002                   9285277    E20260724085526001  4.18  009 0.463  025  7.10  002 111.3  003  41.4  028 10.96  012
24-07-2026 09:00:22 -  0.100  005  49.9  013 156.3  029   2.3  006  9.41  024 0.462  097 140.7  098 4.478  099 104.2  [ETX]
24-07-2026 09:00:24 - [STX]Rh001001 0001                   9285276[ETX]
24-07-2026 09:00:24 - --Send Message To Machine --[STX]S 001001 0001                   9285276    E001025012024[ETX]
24-07-2026 09:00:25 - [ACK]
24-07-2026 09:00:26 - [STX]Rh001002 0002                   9285277[ETX]
24-07-2026 09:00:26 - --Send Message To Machine --[STX]S 001002 0002                   9285277    E099013097001025028029098003005012024006[ETX]
24-07-2026 09:00:27 - [ACK]
24-07-2026 09:13:54 - [STX]RE[ETX]
24-07-2026 09:13:55 - [STX]DE[ETX]
24-07-2026 09:22:12 - [STX]RB[ETX]
24-07-2026 09:22:14 - [STX]DB[ETX]
24-07-2026 09:34:37 - [STX]D     04 P001                   9285276    E20260724092940029  16.8  [ETX]
24-07-2026 09:46:02 - [STX]RE[ETX]
24-07-2026 09:46:04 - [STX]DE[ETX]
24-07-2026 09:48:57 - [STX]RB[ETX]
24-07-2026 09:48:59 - [STX]DB[ETX]
24-07-2026 10:01:33 - [STX]D     01 P002                  09285292    E20260724095636010  0.41  [ETX]
24-07-2026 10:10:49 - [STX]R 000501N0003                   9285243[ETX]
24-07-2026 10:10:50 - --Send Message To Machine --[STX]S 000501 0003                   9285243    E014[ETX]
24-07-2026 10:10:50 - [ACK]
24-07-2026 10:10:54 - [STX]R 000502N0004                   9285246[ETX]
24-07-2026 10:10:54 - --Send Message To Machine --[STX]S 000502 0004                   9285246    E014[ETX]
24-07-2026 10:10:55 - [ACK]
24-07-2026 10:10:58 - [STX]R 000503N0005                   9285253[ETX]
24-07-2026 10:10:59 - --Send Message To Machine --[STX]S 000503 0005                   9285253    E014[ETX]
24-07-2026 10:10:59 - [ACK]
24-07-2026 10:22:58 - [STX]D 000501 0003                   9285243    E20260724101802014  89.8  [ETX]
24-07-2026 10:23:03 - [STX]D 000502 0004                   9285246    E20260724101806014  85.3  [ETX]
24-07-2026 10:23:07 - [STX]D 000503 0005                   9285253    E20260724101811014  81.8  [ETX]
24-07-2026 10:23:09 - [STX]Rh000501 0003                   9285243[ETX]
24-07-2026 10:23:12 - [NAK]
24-07-2026 10:23:13 - [STX]R 000901N0006                   9285257[ETX]
24-07-2026 10:23:14 - --Send Message To Machine --[STX]S 000901 0006                   9285257    E099007009013097001025026028029002098003005012024006[ETX]
24-07-2026 10:23:14 - [ACK]
24-07-2026 10:23:16 - [STX]Rh000502 0004                   9285246[ETX]
24-07-2026 10:23:19 - [NAK]
24-07-2026 10:23:20 - [STX]R 000902N0007                   9285242[ETX]
24-07-2026 10:23:20 - --Send Message To Machine --[STX]S 000902 0007                   9285242    E099007009013017097001025026028029027002098003005012024006[ETX]
24-07-2026 10:23:21 - [ACK]
24-07-2026 10:23:23 - [STX]Rh000503 0005                   9285253[ETX]
24-07-2026 10:23:26 - [NAK]
24-07-2026 10:23:27 - [STX]R 000903N0008                   9285250[ETX]
24-07-2026 10:23:27 - --Send Message To Machine --[STX]S 000903 0008                   9285250    E099007009013017097001025026028029027002098003005012024006[ETX]
24-07-2026 10:23:28 - [ACK]
24-07-2026 10:23:30 - [STX]R 000904N0009                   9285247[ETX]
24-07-2026 10:23:30 - --Send Message To Machine --[STX]S 000904 0009                   9285247    E099007009013017097001025026028029027002098003005012024006[ETX]
24-07-2026 10:23:30 - [ACK]
24-07-2026 10:23:32 - [STX]R 000905N0010                   9285238[ETX]
24-07-2026 10:23:32 - --Send Message To Machine --[STX]S 000905 0010                   9285238    E099007009013017097001025026028029027002098003005012024006[ETX]
24-07-2026 10:23:33 - [ACK]
24-07-2026 10:23:34 - [STX]R 000906N0011                   9285275[ETX]
24-07-2026 10:23:34 - --Send Message To Machine --[STX]S 000906 0011                   9285275    E010022[ETX]
24-07-2026 10:23:35 - [ACK]
24-07-2026 10:23:39 - [STX]R 000907N0012                   9285193[ETX]
24-07-2026 10:23:39 - --Send Message To Machine --[STX]S 000907 0012                   9285193    E014[ETX]
24-07-2026 10:23:39 - [ACK]
24-07-2026 10:24:42 - [STX]D     02 P003                   9255241    E20260724101946014  84.6  [ETX]
24-07-2026 10:34:13 - [STX]D 000901 0006                   9285257    E20260724102916001  4.15  009 0.771  026 174.6  025  7.61  002  90.1  003  28.2  028
24-07-2026 10:34:13 -  20.57  012 0.100  005  23.0  013  22.8  029   5.4  006  9.27  007 168.2  024 0.654  097 137.5  098 4.441  099 103.2  [ETX]
24-07-2026 10:35:39 - [STX]D 000902 0007                   9285242    E20260724103042001  4.24  009 0.831  017  8.21G 026 401.9  025  8.20  002  86.4  003
24-07-2026 10:35:39 -   16.1  027 373.6  028 20.80  012 0.051  005  22.0  013  16.5  029   4.2  006  9.53  007 199.6  024 0.488  097 136.6  098 4.706 
24-07-2026 10:35:39 -  099 104.0  [ETX]
24-07-2026 10:37:05 - [STX]D 000903 0008                   9285250    E20260724103208001  4.37  009 0.650  017120.72  026 125.1  025  7.10  002  53.7  003
24-07-2026 10:37:05 -   10.1  027 269.0  028 21.03  012 0.089  005  16.7  013   9.5  029   3.7  006  9.17  007 171.2  024 0.615  097 138.9  098 4.055 
24-07-2026 10:37:05 -  099 104.9  [ETX]
24-07-2026 10:38:31 - [STX]D 000904 0009                   9285247    E20260724103334001  4.06  009 0.718  017 29.38  026  91.5  025  7.24  002 112.1  003
24-07-2026 10:38:31 -   23.0  027 254.1  028 26.74  012 0.122  005  24.8  013  11.4  029   4.9  006  9.49  007 188.0  024 0.737  097 139.0  098 4.357 
24-07-2026 10:38:31 -  099 102.9  [ETX]
24-07-2026 10:39:57 - [STX]D 000905 0010                   9285238    E20260724103500001  4.37  009 0.620  017-23.21G 026 132.4  025  7.93  002  80.7  003
24-07-2026 10:39:57 -   62.4  027 485.7  028 15.40  012 0.078  005  60.4  013  19.9  029   4.0  006  9.70  007 244.5  024 0.544  097 137.2  098 4.334 
24-07-2026 10:39:57 -  099 104.0  [ETX]
24-07-2026 10:40:19 - [STX]D 000906 0011                   9285275    E20260724103523010  5.17  022  32.5  [ETX]
24-07-2026 10:40:24 - [STX]D 000907 0012                   9285193    E20260724103527014  71.2  [ETX]
24-07-2026 10:40:25 - [STX]Rh000901 0006                   9285257[ETX]
24-07-2026 10:40:25 - --Send Message To Machine --[STX]S 000901 0006                   9285257    E001025012024[ETX]
24-07-2026 10:40:26 - [ACK]
24-07-2026 10:40:27 - [STX]Rh000902 0007                   9285242[ETX]
24-07-2026 10:40:28 - --Send Message To Machine --[STX]S 000902 0007                   9285242    E001025012024[ETX]
24-07-2026 10:40:28 - [ACK]
24-07-2026 10:40:30 - [STX]Rh000903 0008                   9285250[ETX]
24-07-2026 10:40:30 - --Send Message To Machine --[STX]S 000903 0008                   9285250    E001025012024[ETX]
24-07-2026 10:40:30 - [ACK]
24-07-2026 10:40:32 - [STX]Rh000904 0009                   9285247[ETX]
24-07-2026 10:40:32 - --Send Message To Machine --[STX]S 000904 0009                   9285247    E001025012024[ETX]
24-07-2026 10:40:33 - [ACK]
24-07-2026 10:40:34 - [STX]Rh000905 0010                   9285238[ETX]
24-07-2026 10:40:34 - --Send Message To Machine --[STX]S 000905 0010                   9285238    E001025012024[ETX]
24-07-2026 10:40:35 - [ACK]
24-07-2026 10:40:36 - [STX]Rh000906 0011                   9285275[ETX]
24-07-2026 10:40:40 - [NAK]
24-07-2026 10:40:41 - [STX]Rh000907 0012                   9285193[ETX]
24-07-2026 10:40:44 - [NAK]
24-07-2026 10:54:14 - [STX]RE[ETX]
24-07-2026 10:54:15 - [STX]DE[ETX]
24-07-2026 11:22:41 - [STX]RB[ETX]
24-07-2026 11:22:43 - [STX]DB[ETX]
24-07-2026 11:22:52 - [STX]R 000501N0013                   9130201[ETX]
24-07-2026 11:22:52 - --Send Message To Machine --[STX]S 000501 0013                   9130201    E099009097028029098006[ETX]
24-07-2026 11:22:53 - [ACK]
24-07-2026 11:22:56 - [STX]R 000502N0014                   9285280[ETX]
24-07-2026 11:22:56 - --Send Message To Machine --[STX]S 000502 0014                   9285280    E013001025002003005012024[ETX]
24-07-2026 11:22:57 - [ACK]
24-07-2026 11:23:01 - [STX]R 000503N0015                   9285270[ETX]
24-07-2026 11:23:01 - --Send Message To Machine --[STX]S 000503 0015                   9285270    E014[ETX]
24-07-2026 11:23:01 - [ACK]
24-07-2026 11:23:05 - [STX]R 000504N0016                   9130189[ETX]
24-07-2026 11:23:05 - --Send Message To Machine --[STX]S 000504 0016                   9130189    E014[ETX]
24-07-2026 11:23:06 - [ACK]
24-07-2026 11:35:23 - [STX]D 000501 0013                   9130201    E20260724113027009 0.357  028 27.13  029   2.2  006 10.03  097 134.0  098 4.269  099
24-07-2026 11:35:23 -  103.1  [ETX]
24-07-2026 11:35:46 - [STX]R 001001N0017                   9130194[ETX]
24-07-2026 11:35:46 - --Send Message To Machine --[STX]S 001001 0017                   9130194    E099007009013017097001025026028029027002098003005012024006[ETX]
24-07-2026 11:35:46 - [ACK]
24-07-2026 11:35:50 - [STX]R 001002N0018                   9130187[ETX]
24-07-2026 11:35:50 - --Send Message To Machine --[STX]S 001002 0018                   9130187    E099007009013017097001025026028029027002098003005012024006[ETX]
24-07-2026 11:35:51 - [ACK]
24-07-2026 11:36:09 - [STX]D 000502 0014                   9285280    E20260724113112001  1.84  025  6.99  002  97.7  003  19.4  012 3.822  005  30.2  013
24-07-2026 11:36:09 -   30.7  024 6.674  [ETX]
24-07-2026 11:36:13 - [STX]D 000503 0015                   9285270    E20260724113116014  74.8  [ETX]
24-07-2026 11:36:17 - [STX]D 000504 0016                   9130189    E20260724113121014 239.8  [ETX]
24-07-2026 11:36:19 - [STX]Rh000501 0013                   9130201[ETX]
24-07-2026 11:36:22 - [NAK]
24-07-2026 11:36:24 - [STX]Rh000502 0014                   9285280[ETX]
24-07-2026 11:36:24 - --Send Message To Machine --[STX]S 000502 0014                   9285280    E001025012024[ETX]
24-07-2026 11:36:24 - [ACK]
24-07-2026 11:36:26 - [STX]Rh000503 0015                   9285270[ETX]
24-07-2026 11:36:29 - [NAK]
24-07-2026 11:36:31 - [STX]Rh000504 0016                   9130189[ETX]
24-07-2026 11:36:34 - [NAK]
24-07-2026 11:46:51 - [STX]D 001001 0017                   9130194    E20260724114155001  4.75  009 0.854  017 24.96  026 153.0  025  7.85  002  74.3  003
24-07-2026 11:46:51 -   17.2  027 428.6  028 17.69  012 0.149  005  20.3  013  37.9  029   4.5  006 10.15  007 157.1  024 0.868  097 135.1  098 4.588 
24-07-2026 11:46:51 -  099 106.4  [ETX]
24-07-2026 11:48:17 - [STX]D 001002 0018                   9130187    E20260724114321001  3.87  009 0.643  017106.17  026 154.8  025  7.41  002 102.7  003
24-07-2026 11:48:17 -   26.6  027 261.3  028 14.56  012 0.712  005  33.7  013   7.9* 029   4.5  006  8.70  007 169.9  024 2.525  097 140.6  098 3.600 
24-07-2026 11:48:17 -  099 105.1  [ETX]
24-07-2026 11:48:19 - [STX]Rh001001 0017                   9130194[ETX]
24-07-2026 11:48:19 - --Send Message To Machine --[STX]S 001001 0017                   9130194    E001025012024[ETX]
24-07-2026 11:48:20 - [ACK]
24-07-2026 11:48:21 - [STX]Rh001002 0018                   9130187[ETX]
24-07-2026 11:48:21 - --Send Message To Machine --[STX]S 001002 0018                   9130187    E099007013097001025026028029027098003005012024006[ETX]
24-07-2026 11:48:22 - [ACK]
24-07-2026 11:53:11 - [STX]D     03 P004                   9285238    E20260724114815017 89.31  [ETX]
24-07-2026 11:58:01 - [STX]D     04 P005                   9285280    E20260724115304001  1.88  [ETX]
24-07-2026 12:03:31 - [STX]D     04 P005                   9285280    E20260724115835025  7.00  [ETX]
24-07-2026 12:14:56 - [STX]RE[ETX]
24-07-2026 12:14:58 - [STX]DE[ETX]
24-07-2026 12:18:35 - [STX]RB[ETX]
24-07-2026 12:18:37 - [STX]DB[ETX]
24-07-2026 12:38:27 - [STX]R 001001N0019                   9285395[ETX]
24-07-2026 12:38:27 - --Send Message To Machine --[STX]S 001001 0019                   9285395    E013001025002003005012024[ETX]
24-07-2026 12:38:28 - [ACK]
24-07-2026 12:38:31 - [STX]R 001002N0020                   9285391[ETX]
24-07-2026 12:38:31 - --Send Message To Machine --[STX]S 001002 0020                   9285391    E029[ETX]
24-07-2026 12:38:32 - [ACK]
24-07-2026 12:38:36 - [STX]R 001003N0021                   9285390[ETX]
24-07-2026 12:38:36 - --Send Message To Machine --[STX]S 001003 0021                   9285390    E099009097028029098006[ETX]
24-07-2026 12:38:37 - [ACK]
24-07-2026 12:38:40 - [STX]R 001004N0022                   9285384[ETX]
24-07-2026 12:38:40 - --Send Message To Machine --[STX]S 001004 0022                   9285384    E099009013097001025028029002098003005012024006[ETX]
24-07-2026 12:38:41 - [ACK]
24-07-2026 12:38:45 - [STX]R 001005N0023                   9285387[ETX]
24-07-2026 12:38:45 - --Send Message To Machine --[STX]S 001005 0023                   9285387    E013001025002003005012024[ETX]
24-07-2026 12:38:46 - [ACK]
24-07-2026 12:39:39 - [STX]D     06 P006                   9285280    E20260724123443001  1.85  [ETX]
24-07-2026 12:45:10 - [STX]D     06 P006                   9285280    E20260724124013025  7.25  [ETX]
24-07-2026 12:48:52 - [STX]D 001001 0019                   9285395    E20260724124355001  3.74  025  6.57  002  73.1  003  19.9  012 0.535  005  42.1  013
24-07-2026 12:48:52 -    7.1  024 3.649  [ETX]
24-07-2026 12:48:56 - [STX]D 001002 0020                   9285391    E20260724124400029   8.8  [ETX]
24-07-2026 12:49:19 - [STX]D 001003 0021                   9285390    E20260724124422009 2.403  028131.67  029   6.5  006  7.90  097 137.6  098 4.090  099
24-07-2026 12:49:19 -  108.8  [ETX]
24-07-2026 12:50:27 - [STX]D 001004 0022                   9285384    E20260724124530001  3.97  009 0.778  025  7.10  002  95.3  003  46.6  028 26.79  012
24-07-2026 12:50:27 -  0.160  005  30.7  013  24.3  029   5.9  006  9.49  024 0.806  097 136.0  098 4.756  099 106.5  [ETX]
24-07-2026 12:51:12 - [STX]D 001005 0023                   9285387    E20260724124615001  4.70  025  7.87  002 222.1  003  19.5  012 0.106  005  22.2  013
24-07-2026 12:51:12 -    4.0G 024 0.645  [ETX]
24-07-2026 12:51:13 - [STX]Rh001001 0019                   9285395[ETX]
24-07-2026 12:51:16 - [NAK]
24-07-2026 12:51:18 - [STX]Rh001002 0020                   9285391[ETX]
24-07-2026 12:51:21 - [NAK]
24-07-2026 12:51:23 - [STX]Rh001003 0021                   9285390[ETX]
24-07-2026 12:51:26 - [NAK]
24-07-2026 12:51:27 - [STX]Rh001004 0022                   9285384[ETX]
24-07-2026 12:51:30 - [NAK]
24-07-2026 12:51:32 - [STX]Rh001005 0023                   9285387[ETX]
24-07-2026 12:51:32 - --Send Message To Machine --[STX]S 001005 0023                   9285387    E001025012024[ETX]
24-07-2026 12:51:33 - [ACK]
24-07-2026 12:54:48 - [STX]RE[ETX]
24-07-2026 12:54:49 - [STX]DE[ETX]
24-07-2026 13:01:30 - [STX]RB[ETX]
24-07-2026 13:01:32 - [STX]DB[ETX]
24-07-2026 13:08:37 - [STX]R 001001N0024                   9285232[ETX]
24-07-2026 13:08:37 - --Send Message To Machine --[STX]S 001001 0024                   9285232    E099007010009013097001025026028029002098003005012024006[ETX]
24-07-2026 13:08:38 - [ACK]
24-07-2026 13:08:42 - [STX]R 001002N0025                   9285237[ETX]
24-07-2026 13:08:42 - --Send Message To Machine --[STX]S 001002 0025                   9285237    E099007010009013097001025026028029002098003005012024006[ETX]
24-07-2026 13:08:42 - [ACK]
24-07-2026 13:08:46 - [STX]R 001003N0026                   9285230[ETX]
24-07-2026 13:08:46 - --Send Message To Machine --[STX]S 001003 0026                   9285230    E010013001025002003005012024[ETX]
24-07-2026 13:08:47 - [ACK]
24-07-2026 13:08:51 - [STX]R 001004N0027                   9285235[ETX]
24-07-2026 13:08:51 - --Send Message To Machine --[STX]S 001004 0027                   9285235    E099007010009013097001025026028029002098003005012024006[ETX]
24-07-2026 13:08:51 - [ACK]
24-07-2026 13:08:55 - [STX]R 001005N0028                   9285228[ETX]
24-07-2026 13:08:55 - --Send Message To Machine --[STX]S 001005 0028                   9285228    E099007010009013097001025026028029002098003005012024006[ETX]
24-07-2026 13:08:56 - [ACK]
24-07-2026 13:16:32 - [STX]R 000501N0029                   9285222[ETX]
24-07-2026 13:16:33 - --Send Message To Machine --[STX]S 000501 0029                   9285222    E099007009013017097001025026028029027002098003005012024006[ETX]
24-07-2026 13:16:33 - [ACK]
24-07-2026 13:19:52 - [STX]D 001001 0024                   9285232    E20260724131455001  3.60  009 0.884  026  77.3  025  7.52  010 91.24  002 143.8  003
24-07-2026 13:19:52 -   16.2  028 23.86  012 0.117  005  27.9  013  12.7  029   3.4  006  8.21  007 147.9  024 0.693  097 140.1  098 5.052  099  96.9 
24-07-2026 13:19:52 -  [ETX]
24-07-2026 13:21:27 - [STX]D 001002 0025                   9285237    E20260724131630001  4.15  009 0.741  026 103.5  025  7.50  010  1.08  002  64.7  003
24-07-2026 13:21:27 -   13.3  028 20.42  012 0.051  005  20.9  013  10.4  029   3.0  006  8.97  007 126.0  024 0.344  097 141.4  098 5.252  099 107.6 
24-07-2026 13:21:27 -  [ETX]
24-07-2026 13:22:30 - [STX]D 001003 0026                   9285230    E20260724131734001  4.46  025  8.10  010 48.22  002  51.9  003  13.5  012 0.290  005
24-07-2026 13:22:30 -   32.0  013   8.9  024 1.428  [ETX]
24-07-2026 13:24:05 - [STX]D 001004 0027                   9285235    E20260724131909001  3.72  009 2.139  026  43.6  025  6.36  010  1.36  002 140.1  003
24-07-2026 13:24:05 -   15.1  028 91.48  012 0.128  005  41.8  013  21.0  029   7.2  006  8.92  007 119.5  024 0.693  097 140.3  098 6.631  099 110.0 
24-07-2026 13:24:05 -  [ETX]
24-07-2026 13:25:40 - [STX]D 001005 0028                   9285228    E20260724132044001  4.77  009 0.688  026  83.9  025  8.70  010  1.42  002  80.2  003
24-07-2026 13:25:40 -   14.5  028 35.23  012 0.106  005  27.7  013  10.5  029   3.5  006  9.39  007 145.2  024 0.649  097 141.4  098 4.129  099 103.5 
24-07-2026 13:25:40 -  [ETX]
24-07-2026 13:25:42 - [STX]Rh001001 0024                   9285232[ETX]
24-07-2026 13:25:42 - --Send Message To Machine --[STX]S 001001 0024                   9285232    E001025012024[ETX]
24-07-2026 13:25:43 - [ACK]
24-07-2026 13:25:44 - [STX]Rh001002 0025                   9285237[ETX]
24-07-2026 13:25:44 - --Send Message To Machine --[STX]S 001002 0025                   9285237    E001025012024[ETX]
24-07-2026 13:25:45 - [ACK]
24-07-2026 13:25:46 - [STX]Rh001003 0026                   9285230[ETX]
24-07-2026 13:25:47 - --Send Message To Machine --[STX]S 001003 0026                   9285230    E001025012024[ETX]
24-07-2026 13:25:47 - [ACK]
24-07-2026 13:25:49 - [STX]Rh001004 0027                   9285235[ETX]
24-07-2026 13:25:49 - --Send Message To Machine --[STX]S 001004 0027                   9285235    E001025012024[ETX]
24-07-2026 13:25:49 - [ACK]
24-07-2026 13:25:51 - [STX]Rh001005 0028                   9285228[ETX]
24-07-2026 13:25:51 - --Send Message To Machine --[STX]S 001005 0028                   9285228    E099007097001025026028029098003012024[ETX]
24-07-2026 13:25:52 - [ACK]
24-07-2026 13:27:38 - [STX]D 000501 0029                   9285222    E20260724132241001  4.54  009 0.861  017      b 026 251.3  025  7.48  002  95.3  003
24-07-2026 13:27:38 -   48.7  027 272.1  028 42.70  012 0.128  005  26.0  013  28.3  029   7.3  006  9.47  007 220.9  024 1.030  097 136.0  098 4.388 
24-07-2026 13:27:38 -  099 103.5  [ETX]
24-07-2026 13:27:40 - [STX]Rh000501 0029                   9285222[ETX]
24-07-2026 13:27:40 - --Send Message To Machine --[STX]S 000501 0029                   9285222    E099007013017097001025026028029027098003005012024006[ETX]
24-07-2026 13:27:40 - [ACK]
24-07-2026 13:30:12 - [STX]R 001001N0030                   9130225[ETX]
24-07-2026 13:30:12 - --Send Message To Machine --[STX]S 001001 0030                   9130225    E007026[ETX]
24-07-2026 13:30:12 - [ACK]
24-07-2026 13:40:10 - [STX]D 001001 0030                   9130225    E20260724133513026 145.7  007 198.7  [ETX]
24-07-2026 13:40:12 - [STX]Rh001001 0030                   9130225[ETX]
24-07-2026 13:40:15 - [NAK]
24-07-2026 13:44:55 - [STX]R 000501N0031                   9130203[ETX]
24-07-2026 13:44:56 - --Send Message To Machine --[STX]S 000501 0031                   9130203    E010022[ETX]
24-07-2026 13:44:56 - [ACK]
24-07-2026 13:45:00 - [STX]R 000502N0032                   9130235[ETX]
24-07-2026 13:45:00 - --Send Message To Machine --[STX]S 000502 0032                   9130235    E099007009013097001025026028029002098003005012024006[ETX]
24-07-2026 13:45:01 - [ACK]
24-07-2026 13:45:05 - [STX]R 000503N0033                   9285196[ETX]
24-07-2026 13:45:05 - --Send Message To Machine --[STX]S 000503 0033                   9285196    E099007009013097001025026028029002098003005012024006[ETX]
24-07-2026 13:45:05 - [ACK]
24-07-2026 13:45:09 - [STX]R 000504N0034                   9130210[ETX]
24-07-2026 13:45:09 - --Send Message To Machine --[STX]S 000504 0034                   9130210    E099007009013097001025026028029002098003005012024006[ETX]
24-07-2026 13:45:10 - [ACK]
24-07-2026 13:45:14 - [STX]R 000505N0035                   9130206[ETX]
24-07-2026 13:45:14 - --Send Message To Machine --[STX]S 000505 0035                   9130206    E099007009013097001025026028029002098003005012024006[ETX]
24-07-2026 13:45:14 - [ACK]
24-07-2026 13:45:18 - [STX]R 000506N0036                   9130237[ETX]
24-07-2026 13:45:18 - --Send Message To Machine --[STX]S 000506 0036                   9130237    E014[ETX]
24-07-2026 13:45:19 - [ACK]
24-07-2026 13:45:23 - [STX]R 000507N0037                   9130229[ETX]
24-07-2026 13:45:23 - --Send Message To Machine --[STX]S 000507 0037                   9130229    E014[ETX]
24-07-2026 13:45:23 - [ACK]
24-07-2026 13:45:27 - [STX]R 000508N0038                   9130219[ETX]
24-07-2026 13:45:27 - --Send Message To Machine --[STX]S 000508 0038                   9130219    E014[ETX]
24-07-2026 13:45:28 - [ACK]
24-07-2026 13:45:32 - [STX]R 000509N0039                   9130217[ETX]
24-07-2026 13:45:32 - --Send Message To Machine --[STX]S 000509 0039                   9130217    E014[ETX]
24-07-2026 13:45:32 - [ACK]
24-07-2026 13:45:36 - [STX]R 000510N0040                   9130215[ETX]
24-07-2026 13:45:36 - --Send Message To Machine --[STX]S 000510 0040                   9130215    E014[ETX]
24-07-2026 13:45:37 - [ACK]
24-07-2026 13:55:07 - [STX]D 000501 0031                   9130203    E20260724135009010 58.50  022   2.2G [ETX]
24-07-2026 13:56:24 - [STX]D 000502 0032                   9130235    E20260724135126001  4.69  009 0.831  026  70.7  025  7.60  002  45.2  003  53.0  028
24-07-2026 13:56:24 -  22.25  012 0.427  005  37.6  013  23.5  029   7.0  006  9.67  007 192.3  024 3.474  097 138.0  098 4.435  099 102.9  [ETX]
24-07-2026 13:57:41 - [STX]D 000503 0033                   9285196    E20260724135243001  4.30  009 0.530  026  60.1  025  8.02  002  58.6  003  12.0  028
24-07-2026 13:57:41 -   7.90  012 0.089  005  19.0  013   8.5  029   3.8  006  9.68  007 157.0  024 0.536  097 136.3  098 3.632  099 103.8  [ETX]
24-07-2026 13:58:58 - [STX]D 000504 0034                   9130210    E20260724135400001  4.16  009 0.432  026 123.9  025  7.43  002 131.7  003  24.6  028
24-07-2026 13:58:58 -  26.50  012 0.051  005  37.5  013   9.8  029   2.7  006  9.58  007 126.4  024 0.356  097 134.4  098 4.845  099 103.3  [ETX]
24-07-2026 14:00:14 - [STX]D 000505 0035                   9130206    E20260724135517001  2.81  009 0.703  026  92.3  025  7.62  002  94.5  003   5.7  028
24-07-2026 14:00:15 -  14.65  012 0.285  005  20.0  013  15.4  029   5.3  006  8.51  007 113.3  024 1.152  097 136.1  098 4.316  099 100.0  [ETX]
24-07-2026 14:00:19 - [STX]D 000506 0036                   9130237    E20260724135521014  87.7  [ETX]
24-07-2026 14:00:23 - [STX]D 000507 0037                   9130229    E20260724135526014  95.9  [ETX]
24-07-2026 14:00:28 - [STX]D 000508 0038                   9130219    E20260724135530014  78.1  [ETX]
24-07-2026 14:00:33 - [STX]D 000509 0039                   9130217    E20260724135535014  85.1  [ETX]
24-07-2026 14:00:37 - [STX]D 000510 0040                   9130215    E20260724135539014  94.5  [ETX]
24-07-2026 14:00:39 - [STX]Rh000501 0031                   9130203[ETX]
24-07-2026 14:00:42 - [NAK]
24-07-2026 14:00:43 - [STX]Rh000502 0032                   9130235[ETX]
24-07-2026 14:00:43 - --Send Message To Machine --[STX]S 000502 0032                   9130235    E001025012024[ETX]
24-07-2026 14:00:44 - [ACK]
24-07-2026 14:00:45 - [STX]Rh000503 0033                   9285196[ETX]
24-07-2026 14:00:46 - --Send Message To Machine --[STX]S 000503 0033                   9285196    E001025012024[ETX]
24-07-2026 14:00:46 - [ACK]
24-07-2026 14:00:48 - [STX]Rh000504 0034                   9130210[ETX]
24-07-2026 14:00:48 - --Send Message To Machine --[STX]S 000504 0034                   9130210    E001025012024[ETX]
24-07-2026 14:00:48 - [ACK]
24-07-2026 14:00:50 - [STX]Rh000505 0035                   9130206[ETX]
24-07-2026 14:00:50 - --Send Message To Machine --[STX]S 000505 0035                   9130206    E001025012024[ETX]
24-07-2026 14:00:51 - [ACK]
24-07-2026 14:00:52 - [STX]Rh000506 0036                   9130237[ETX]
24-07-2026 14:00:55 - [NAK]
24-07-2026 14:00:57 - [STX]Rh000507 0037                   9130229[ETX]
24-07-2026 14:01:00 - [NAK]
24-07-2026 14:01:02 - [STX]Rh000508 0038                   9130219[ETX]
24-07-2026 14:01:05 - [NAK]
24-07-2026 14:01:06 - [STX]Rh000509 0039                   9130217[ETX]
24-07-2026 14:01:09 - [NAK]
24-07-2026 14:01:11 - [STX]Rh000510 0040                   9130215[ETX]
24-07-2026 14:01:14 - [NAK]
24-07-2026 14:03:49 - [STX]RE[ETX]
24-07-2026 14:03:51 - [STX]DE[ETX]
24-07-2026 14:08:20 - [STX]RB[ETX]
24-07-2026 14:08:22 - [STX]DB[ETX]
24-07-2026 14:08:32 - [STX]R 000901N0041                   9130239[ETX]
24-07-2026 14:08:32 - --Send Message To Machine --[STX]S 000901 0041                   9130239    E099007009013017097001025026028029027002098003005012024006[ETX]
24-07-2026 14:08:33 - [ACK]
24-07-2026 14:08:37 - [STX]R 000902N0042                   9130227[ETX]
24-07-2026 14:08:37 - --Send Message To Machine --[STX]S 000902 0042                   9130227    E099007009013017097001025026028029027002098003005012024006[ETX]
24-07-2026 14:08:37 - [ACK]
24-07-2026 14:08:41 - [STX]R 000903N0043                   9130233[ETX]
24-07-2026 14:08:41 - --Send Message To Machine --[STX]S 000903 0043                   9130233    E099007010009013017097001025026028029022027002098003005012024006[ETX]
24-07-2026 14:08:42 - [ACK]
24-07-2026 14:08:46 - [STX]R 000904N0044                   9130231[ETX]
24-07-2026 14:08:46 - --Send Message To Machine --[STX]S 000904 0044                   9130231    E099007009013017097001025026028029027002098003005012024006[ETX]
24-07-2026 14:08:46 - [ACK]
24-07-2026 14:08:50 - [STX]R 000905N0045                   9130222[ETX]
24-07-2026 14:08:50 - --Send Message To Machine --[STX]S 000905 0045                   9130222    E099007009013017097001025026028029027002098003005012024006[ETX]
24-07-2026 14:08:51 - [ACK]
24-07-2026 14:08:55 - [STX]R 000906N0046                   9130221[ETX]
24-07-2026 14:08:55 - --Send Message To Machine --[STX]S 000906 0046                   9130221    E099007009013017097001025026028029027002098003005012024006[ETX]
24-07-2026 14:08:56 - [ACK]
24-07-2026 14:08:59 - [STX]R 000907N0047                   9130220[ETX]
24-07-2026 14:08:59 - --Send Message To Machine --[STX]S 000907 0047                   9130220    E099007009013017097001025026028029027002098003005012024006[ETX]
24-07-2026 14:09:00 - [ACK]
24-07-2026 14:09:04 - [STX]R 000908N0048                   9285222[ETX]
24-07-2026 14:09:04 - --Send Message To Machine --[STX]S 000908 0048                   9285222    E017001025012024[ETX]
24-07-2026 14:09:05 - [ACK]
24-07-2026 14:23:38 - [STX]D 000901 0041                   9130239    E20260724141840001  4.00  009 0.635  017 51.38  026 179.9  025  7.26  002  89.3  003
24-07-2026 14:23:38 -   40.9  027 250.0  028 26.79  012 0.078  005  39.1  013 116.3  029   4.1  006  9.56  007 170.9  024 0.418  097 137.2  098 4.079 
24-07-2026 14:23:38 -  099  99.3  [ETX]
24-07-2026 14:25:04 - [STX]D 000902 0042                   9130227    E20260724142006001  4.38  009 0.854  017-13.91G 026 133.2  025  7.25  002  70.9  003
24-07-2026 14:25:04 -   23.6  027 312.9  028 24.34  012 0.138  005  29.4  013   9.0  029   5.2  006  7.74  007 146.8  024 0.693  097 138.2  098 5.476 
24-07-2026 14:25:04 -  099 104.7  [ETX]
24-07-2026 14:26:52 - [STX]D 000903 0043                   9130233    E20260724142154001  4.21  009 0.854  017 38.98  026  91.0  025  7.39  010  2.31  002
24-07-2026 14:26:52 -  100.4  003  27.7  027 287.2  028 22.53  012 0.133  005  35.2  013  13.8  029   6.7  022   5.4G 006  9.32  007 145.9  024 0.790 
24-07-2026 14:26:52 -  097 141.0  098 4.169  099 103.6  [ETX]
24-07-2026 14:28:18 - [STX]D 000904 0044                   9130231    E20260724142320001  4.22  009 0.808  017302.83  026  78.3  025  7.22  002 101.4  003
24-07-2026 14:28:18 -   44.4  027   6.7G 028 21.18  012 0.584  005  77.5  013 191.7  029   7.1  006  9.16  007 244.2  024 3.023  097 138.1  098 3.286 
24-07-2026 14:28:18 -  099  96.0  [ETX]
24-07-2026 14:29:44 - [STX]D 000905 0045                   9130222    E20260724142446001  4.21  009 0.598  017-23.47G 026 153.5  025  7.81  002  53.2  003
24-07-2026 14:29:44 -   22.3  027 446.6  028 27.65  012 0.051  005  22.1  013  14.0  029   3.7  006  9.71  007 269.0  024 0.440  097 139.4  098 4.034 
24-07-2026 14:29:44 -  099 105.5  [ETX]
24-07-2026 14:31:10 - [STX]D 000906 0046                   9130221    E20260724142612001  4.09  009 0.959  017205.80  026  92.0  025  7.29  002  80.2  003
24-07-2026 14:31:10 -   65.8  027 226.9  028 20.88  012 0.138  005  48.0  013  64.3  029   5.2  006  9.05  007 213.4  024 0.886  097 137.9  098 4.170 
24-07-2026 14:31:10 -  099 104.6  [ETX]
24-07-2026 14:32:22 - [STX]R 000501N0049                   8876475[ETX]
24-07-2026 14:32:22 - --Send Message To Machine --[STX]S 000501 0049                   8876475    E007026[ETX]
24-07-2026 14:32:23 - [ACK]
24-07-2026 14:32:27 - [STX]R 000502N0050                   9297488[ETX]
24-07-2026 14:32:27 - --Send Message To Machine --[STX]S 000502 0050                   9297488    E013001025002003005012024[ETX]
24-07-2026 14:32:28 - [ACK]
24-07-2026 14:32:31 - [STX]R 000503N0051                   8876476[ETX]
24-07-2026 14:32:32 - --Send Message To Machine --[STX]S 000503 0051                   8876476    E007026[ETX]
24-07-2026 14:32:32 - [ACK]
24-07-2026 14:32:36 - [STX]R 000504N0052                   9297484[ETX]
24-07-2026 14:32:36 - --Send Message To Machine --[STX]S 000504 0052                   9297484    E099007009013017097001025026028029027002098003005012024006[ETX]
24-07-2026 14:32:37 - [ACK]
24-07-2026 14:32:38 - [STX]D 000907 0047                   9130220    E20260724142738001  4.35  009 0.681  017 25.25  026 129.2  025  7.43  002  76.1  003
24-07-2026 14:32:38 -   40.4  027 215.8  028 41.39  012 0.155  005  31.5  013  36.5  029   7.5  006  9.67  007 162.6  024 0.942  097 139.8  098 4.408 
24-07-2026 14:32:39 -  099 105.8  [ETX]
24-07-2026 14:32:40 - [STX]R 000505N0053                   9297483[ETX]
24-07-2026 14:32:41 - --Send Message To Machine --[STX]S 000505 0053                   9297483    E022[ETX]
24-07-2026 14:32:41 - [ACK]
24-07-2026 14:32:45 - [STX]R 000506N0054                   9297486[ETX]
24-07-2026 14:32:45 - --Send Message To Machine --[STX]S 000506 0054                   9297486    E014[ETX]
24-07-2026 14:32:46 - [ACK]
24-07-2026 14:32:50 - [STX]R 000507N0055                   9285199[ETX]
24-07-2026 14:32:50 - --Send Message To Machine --[STX]S 000507 0055                   9285199    E014[ETX]
24-07-2026 14:32:50 - [ACK]
24-07-2026 14:33:08 - [STX]D 000908 0048                   9285222    E20260724142810001  4.47  017 11.90  025  7.56  012 0.149  024 1.029  [ETX]
24-07-2026 14:33:09 - [STX]Rh000901 0041                   9130239[ETX]
24-07-2026 14:33:10 - --Send Message To Machine --[STX]S 000901 0041                   9130239    E001025012024[ETX]
24-07-2026 14:33:10 - [ACK]
24-07-2026 14:33:12 - [STX]Rh000902 0042                   9130227[ETX]
24-07-2026 14:33:12 - --Send Message To Machine --[STX]S 000902 0042                   9130227    E001025012024[ETX]
24-07-2026 14:33:12 - [ACK]
24-07-2026 14:33:14 - [STX]Rh000903 0043                   9130233[ETX]
24-07-2026 14:33:14 - --Send Message To Machine --[STX]S 000903 0043                   9130233    E001025012024[ETX]
24-07-2026 14:33:15 - [ACK]
24-07-2026 14:33:16 - [STX]Rh000904 0044                   9130231[ETX]
24-07-2026 14:33:16 - --Send Message To Machine --[STX]S 000904 0044                   9130231    E001025012024[ETX]
24-07-2026 14:33:17 - [ACK]
24-07-2026 14:33:19 - [STX]Rh000905 0045                   9130222[ETX]
24-07-2026 14:33:19 - --Send Message To Machine --[STX]S 000905 0045                   9130222    E001025012024[ETX]
24-07-2026 14:33:19 - [ACK]
24-07-2026 14:33:21 - [STX]Rh000906 0046                   9130221[ETX]
24-07-2026 14:33:21 - --Send Message To Machine --[STX]S 000906 0046                   9130221    E001025012024[ETX]
24-07-2026 14:33:21 - [ACK]
24-07-2026 14:33:23 - [STX]Rh000907 0047                   9130220[ETX]
24-07-2026 14:33:23 - --Send Message To Machine --[STX]S 000907 0047                   9130220    E001025012024[ETX]
24-07-2026 14:33:24 - [ACK]
24-07-2026 14:33:25 - [STX]Rh000908 0048                   9285222[ETX]
24-07-2026 14:33:26 - --Send Message To Machine --[STX]S 000908 0048                   9285222    E001025012024[ETX]
24-07-2026 14:33:26 - [ACK]
24-07-2026 14:42:11 - [STX]D 000501 0049                   8876475    E20260724143713026  73.5  007 121.3  [ETX]
24-07-2026 14:42:56 - [STX]D 000502 0050                   9297488    E20260724143758001  4.22  025  6.93  002 203.6  003  21.1  012 0.372  005  26.8  013
24-07-2026 14:42:56 -   15.6  024 1.917  [ETX]
24-07-2026 14:43:05 - [STX]D 000503 0051                   8876476    E20260724143807026  46.0  007 168.1  [ETX]
24-07-2026 14:44:31 - [STX]D 000504 0052                   9297484    E20260724143933001  4.81  009 0.666  017 10.05G 026 109.6  025  8.26  002  94.7  003
24-07-2026 14:44:31 -   50.7  027 286.4  028 25.96  012 0.291  005  36.1  013  30.9  029   8.4  006 10.26  007 120.1  024 1.778  097 140.7  098 4.179 
24-07-2026 14:44:31 -  099 106.9  [ETX]
24-07-2026 14:44:36 - [STX]D 000505 0053                   9297483    E20260724143938022   6.5G [ETX]
24-07-2026 14:44:40 - [STX]D 000506 0054                   9297486    E20260724143942014  90.2  [ETX]
24-07-2026 14:44:46 - [STX]D 000507 0055                   9285199    E20260724143947014 117.2  [ETX]
24-07-2026 14:44:47 - [STX]Rh000501 0049                   8876475[ETX]
24-07-2026 14:44:50 - [NAK]
24-07-2026 14:44:52 - [STX]Rh000502 0050                   9297488[ETX]
24-07-2026 14:44:52 - --Send Message To Machine --[STX]S 000502 0050                   9297488    E001025012024[ETX]
24-07-2026 14:44:53 - [ACK]
24-07-2026 14:44:54 - [STX]Rh000503 0051                   8876476[ETX]
24-07-2026 14:44:57 - [NAK]
24-07-2026 14:44:59 - [STX]Rh000504 0052                   9297484[ETX]
24-07-2026 14:44:59 - --Send Message To Machine --[STX]S 000504 0052                   9297484    E001025012024[ETX]
24-07-2026 14:45:00 - [ACK]
24-07-2026 14:45:01 - [STX]R 000901N0056                   8876473[ETX]
24-07-2026 14:45:01 - --Send Message To Machine --[STX]S 000901 0056                   8876473    E099007009013017097001025026028029027002098003005012024006[ETX]
24-07-2026 14:45:02 - [ACK]
24-07-2026 14:45:04 - [STX]Rh000505 0053                   9297483[ETX]
24-07-2026 14:45:07 - [NAK]
24-07-2026 14:45:08 - [STX]R 000902N0057                   8876471[ETX]
24-07-2026 14:45:08 - --Send Message To Machine --[STX]S 000902 0057                   8876471    E099007009013017097001025026028029027002098003005012024006[ETX]
24-07-2026 14:45:09 - [ACK]
24-07-2026 14:45:10 - [STX]Rh000506 0054                   9297486[ETX]
24-07-2026 14:45:13 - [NAK]
24-07-2026 14:45:15 - [STX]R 000903N0058                   8876478[ETX]
24-07-2026 14:45:15 - --Send Message To Machine --[STX]S 000903 0058                   8876478    E007026[ETX]
24-07-2026 14:45:16 - [ACK]
24-07-2026 14:45:17 - [STX]Rh000507 0055                   9285199[ETX]
24-07-2026 14:45:20 - [NAK]
24-07-2026 14:45:22 - [STX]R 000904N0059                   9297491[ETX]
24-07-2026 14:45:22 - --Send Message To Machine --[STX]S 000904 0059                   9297491    E013001025002003005012024[ETX]
24-07-2026 14:45:23 - [ACK]
24-07-2026 14:50:06 - [STX]R 000501N0060                   9285198[ETX]
24-07-2026 14:50:06 - --Send Message To Machine --[STX]S 000501 0060                   9285198    E099007009013017097001025026028029027002098003005012024006[ETX]
24-07-2026 14:50:07 - [ACK]
24-07-2026 14:50:11 - [STX]R 000502N0061                   9297481[ETX]
24-07-2026 14:50:11 - --Send Message To Machine --[STX]S 000502 0061                   9297481    E099007009013017097001025026028029027002098003005012024006[ETX]
24-07-2026 14:50:11 - [ACK]
24-07-2026 14:56:08 - [STX]D 000901 0056                   8876473    E20260724145110001  4.50  009 0.756  017145.75  026  67.9  025  7.59  002  92.8  003
24-07-2026 14:56:08 -   40.4  027 266.2  028 42.29  012 0.160  005  35.6  013  24.2  029   4.2  006  9.66  007 171.9  024 0.903  097 141.1  098 4.152 
24-07-2026 14:56:08 -  099 105.7  [ETX]
24-07-2026 14:57:34 - [STX]D 000902 0057                   8876471    E20260724145236001  4.06  009 0.463  017 13.98  026 114.3  025  7.45  002  74.4  003
24-07-2026 14:57:34 -   50.5  027 290.8  028 27.28  012 0.122  005  34.6  013  33.9  029   4.7  006 10.69  007 105.9  024 0.706  097 138.4  098 4.367 
24-07-2026 14:57:34 -  099 106.8  [ETX]
24-07-2026 14:57:43 - [STX]D 000903 0058                   8876478    E20260724145245026 113.3  007 179.5  [ETX]
24-07-2026 14:58:29 - [STX]D 000904 0059                   9297491    E20260724145331001  3.75  025  6.94  002  44.6  003  12.3  012 0.051  005  18.8  013
24-07-2026 14:58:29 -    6.1  024 0.365  [ETX]
24-07-2026 14:58:30 - [STX]Rh000901 0056                   8876473[ETX]
24-07-2026 14:58:30 - --Send Message To Machine --[STX]S 000901 0056                   8876473    E001025012024[ETX]
24-07-2026 14:58:31 - [ACK]
24-07-2026 14:58:33 - [STX]Rh000902 0057                   8876471[ETX]
24-07-2026 14:58:33 - --Send Message To Machine --[STX]S 000902 0057                   8876471    E001025012024[ETX]
24-07-2026 14:58:33 - [ACK]
24-07-2026 14:58:35 - [STX]Rh000903 0058                   8876478[ETX]
24-07-2026 14:58:38 - [NAK]
24-07-2026 14:58:39 - [STX]Rh000904 0059                   9297491[ETX]
24-07-2026 14:58:40 - --Send Message To Machine --[STX]S 000904 0059                   9297491    E001025012024[ETX]
24-07-2026 14:58:40 - [ACK]
24-07-2026 15:01:11 - [STX]D 000501 0060                   9285198    E20260724145614001  4.12  009 0.666  017 82.30  026 213.4  025  7.14  002  87.6  003
24-07-2026 15:01:12 -   14.2  027 495.8  028 19.33  012 0.155  005  16.1  013  25.4  029   4.4  006  9.17  007 135.4  024 0.885  097 137.1  098 4.447 
24-07-2026 15:01:12 -  099 104.7  [ETX]
24-07-2026 15:02:37 - [STX]D 000502 0061                   9297481    E20260724145740001  4.59  009 0.914  017102.10  026 250.9  025  8.26  002  82.1  003
24-07-2026 15:02:38 -   60.4  027 226.3  028 28.76  012 0.177  005  42.5  013  34.3  029   4.7  006 10.14  007 273.2  024 1.843  097 138.4  098 4.009 
24-07-2026 15:02:38 -  099 102.9  [ETX]
24-07-2026 15:02:39 - [STX]Rh000501 0060                   9285198[ETX]
24-07-2026 15:02:39 - --Send Message To Machine --[STX]S 000501 0060                   9285198    E001025012024[ETX]
24-07-2026 15:02:40 - [ACK]
24-07-2026 15:02:42 - [STX]Rh000502 0061                   9297481[ETX]
24-07-2026 15:02:42 - --Send Message To Machine --[STX]S 000502 0061                   9297481    E099007013097001025026028029027098003005012024006[ETX]
24-07-2026 15:02:42 - [ACK]
24-07-2026 15:16:17 - [STX]D     01 P007                  09285222    E20260724151119026 254.9  007 222.4  [ETX]
24-07-2026 15:16:48 - [STX]R 000901N0062                   9285206[ETX]
24-07-2026 15:16:48 - --Send Message To Machine --[STX]S 000901 0062                   9285206    E014[ETX]
24-07-2026 15:16:49 - [ACK]
24-07-2026 15:16:53 - [STX]R 000902N0063                   9297479[ETX]
24-07-2026 15:16:53 - --Send Message To Machine --[STX]S 000902 0063                   9297479    E007026[ETX]
24-07-2026 15:16:54 - [ACK]
24-07-2026 15:26:37 - [STX]D 000901 0062                   9285206    E20260724152139014 116.9  [ETX]
24-07-2026 15:26:46 - [STX]D 000902 0063                   9297479    E20260724152148026 149.4  007 195.8  [ETX]
24-07-2026 15:26:47 - [STX]Rh000901 0062                   9285206[ETX]
24-07-2026 15:26:50 - [NAK]
24-07-2026 15:26:52 - [STX]Rh000902 0063                   9297479[ETX]
24-07-2026 15:26:55 - [NAK]
24-07-2026 15:40:22 - [STX]RE[ETX]
24-07-2026 15:40:24 - [STX]DE[ETX]
24-07-2026 15:59:47 - [STX]RB[ETX]
24-07-2026 15:59:49 - [STX]DB[ETX]
24-07-2026 16:06:45 - [STX]D     03 P008                   9130245    E20260724160147006 11.21  [ETX]
24-07-2026 16:23:35 - [STX]RE[ETX]
24-07-2026 16:23:37 - [STX]DE[ETX]
24-07-2026 16:27:09 - [STX]RB[ETX]
24-07-2026 16:27:11 - [STX]DB[ETX]
24-07-2026 16:27:20 - [STX]R 000901N0064                   9285214[ETX]
24-07-2026 16:27:20 - --Send Message To Machine --[STX]S 000901 0064                   9285214    E097098[ETX]
24-07-2026 16:27:21 - [ACK]
24-07-2026 16:27:25 - [STX]R 000902N0065                   9285213[ETX]
24-07-2026 16:27:25 - --Send Message To Machine --[STX]S 000902 0065                   9285213    E097098[ETX]
24-07-2026 16:27:25 - [ACK]
24-07-2026 16:31:21 - [STX]D 000901 0064                   9285214    E20260724162622097 137.9  098 4.360  [ETX]
24-07-2026 16:31:38 - [STX]D 000902 0065                   9285213    E20260724162640097 133.3  098 3.837  [ETX]
24-07-2026 16:31:40 - [STX]Rh000901 0064                   9285214[ETX]
24-07-2026 16:31:43 - [NAK]
24-07-2026 16:31:44 - [STX]Rh000902 0065                   9285213[ETX]
24-07-2026 16:31:47 - [NAK]
24-07-2026 16:40:32 - [STX]DH    03 P008                   9130245P008E20260724163535017115.65  027 371.6  [ETX]
24-07-2026 16:48:05 - [STX]R 000501N0066                   9141476[ETX]
24-07-2026 16:48:05 - --Send Message To Machine --[STX]S 000501 0066                   9141476    E014[ETX]
24-07-2026 16:48:05 - [ACK]
24-07-2026 16:48:09 - [STX]R 000502N0067                   9140687[ETX]
24-07-2026 16:48:09 - --Send Message To Machine --[STX]S 000502 0067                   9140687    E014[ETX]
24-07-2026 16:48:10 - [ACK]
24-07-2026 16:48:14 - [STX]R 000503N0068                   9140695[ETX]
24-07-2026 16:48:14 - --Send Message To Machine --[STX]S 000503 0068                   9140695    E014[ETX]
24-07-2026 16:48:14 - [ACK]
24-07-2026 16:48:18 - [STX]R 000504N0069                   9141477[ETX]
24-07-2026 16:48:18 - --Send Message To Machine --[STX]S 000504 0069                   9141477    E014[ETX]
24-07-2026 16:48:19 - [ACK]
24-07-2026 16:48:23 - [STX]R 000505N0070                   8413548[ETX]
24-07-2026 16:48:23 - --Send Message To Machine --[STX]S 000505 0070                   8413548    E014[ETX]
24-07-2026 16:48:23 - [ACK]
24-07-2026 16:48:27 - [STX]R 000506N0071                   9140705[ETX]
24-07-2026 16:48:27 - --Send Message To Machine --[STX]S 000506 0071                   9140705    E014[ETX]
24-07-2026 16:48:28 - [ACK]
24-07-2026 16:48:32 - [STX]R 000507N0072                   8408300[ETX]
24-07-2026 16:48:32 - --Send Message To Machine --[STX]S 000507 0072                   8408300    E014[ETX]
24-07-2026 16:48:33 - [ACK]
24-07-2026 16:48:36 - [STX]R 000508N0073                   8408293[ETX]
24-07-2026 16:48:36 - --Send Message To Machine --[STX]S 000508 0073                   8408293    E014[ETX]
24-07-2026 16:48:37 - [ACK]
24-07-2026 16:48:41 - [STX]R 000509N0074                   8856257[ETX]
24-07-2026 16:48:41 - --Send Message To Machine --[STX]S 000509 0074                   8856257    E014[ETX]
24-07-2026 16:48:42 - [ACK]
24-07-2026 16:48:45 - [STX]R 000510N0075                   8413552[ETX]
24-07-2026 16:48:46 - --Send Message To Machine --[STX]S 000510 0075                   8413552    E014[ETX]
24-07-2026 16:48:46 - [ACK]
24-07-2026 16:48:50 - [STX]R 001001N0076                   9154842[ETX]
24-07-2026 16:48:50 - --Send Message To Machine --[STX]S 001001 0076                   9154842    E014[ETX]
24-07-2026 16:48:51 - [ACK]
24-07-2026 16:48:54 - [STX]R 001002N0077                   9140684[ETX]
24-07-2026 16:48:55 - --Send Message To Machine --[STX]S 001002 0077                   9140684    E014[ETX]
24-07-2026 16:48:55 - [ACK]
24-07-2026 16:48:59 - [STX]R 001003N0078                   9138907[ETX]
24-07-2026 16:48:59 - --Send Message To Machine --[STX]S 001003 0078                   9138907    E014[ETX]
24-07-2026 16:49:00 - [ACK]
24-07-2026 16:49:03 - [STX]R 001004N0079                   9141482[ETX]
24-07-2026 16:49:04 - --Send Message To Machine --[STX]S 001004 0079                   9141482    E014[ETX]
24-07-2026 16:49:04 - [ACK]
24-07-2026 16:49:08 - [STX]R 001005N0080                   8413551[ETX]
24-07-2026 16:49:08 - --Send Message To Machine --[STX]S 001005 0080                   8413551    E014[ETX]
24-07-2026 16:49:09 - [ACK]
24-07-2026 16:49:22 - [STX]R 001006N0081                   9154843[ETX]
24-07-2026 16:49:22 - --Send Message To Machine --[STX]S 001006 0081                   9154843    E014[ETX]
24-07-2026 16:49:22 - [ACK]
24-07-2026 16:53:03 - [STX]R 000901N0082                   9140685[ETX]
24-07-2026 16:53:04 - --Send Message To Machine --[STX]S 000901 0082                   9140685    E099007009013017097001025026028029027002098003005012024006[ETX]
24-07-2026 16:53:04 - [ACK]
24-07-2026 16:53:08 - [STX]R 000902N0083                   9140682[ETX]
24-07-2026 16:53:08 - --Send Message To Machine --[STX]S 000902 0083                   9140682    E099007009013017097001025026028029027002098003005012024006[ETX]
24-07-2026 16:53:09 - [ACK]
24-07-2026 16:53:12 - [STX]R 000903N0084                   9141478[ETX]
24-07-2026 16:53:13 - --Send Message To Machine --[STX]S 000903 0084                   9141478    E099007009013097001025026028029002098003005012024006[ETX]
24-07-2026 16:53:13 - [ACK]
24-07-2026 16:53:17 - [STX]R 000904N0085                   9140694[ETX]
24-07-2026 16:53:17 - --Send Message To Machine --[STX]S 000904 0085                   9140694    E099007009013017097001025026028029027002098003005012024006[ETX]
24-07-2026 16:53:18 - [ACK]
24-07-2026 16:53:21 - [STX]R 000905N0086                   9140712[ETX]
24-07-2026 16:53:22 - --Send Message To Machine --[STX]S 000905 0086                   9140712    E099007009013017097001025026028029027002098003005012024006[ETX]
24-07-2026 16:53:22 - [ACK]
24-07-2026 16:53:26 - [STX]R 000906N0087                   9141484[ETX]
24-07-2026 16:53:26 - --Send Message To Machine --[STX]S 000906 0087                   9141484    E099007009013017097001025026028029027002098003005012024006[ETX]
24-07-2026 16:53:27 - [ACK]
24-07-2026 16:57:58 - [STX]D 000501 0066                   9141476    E20260724165300014 115.1  [ETX]
24-07-2026 16:58:02 - [STX]D 000502 0067                   9140687    E20260724165305014  83.5  [ETX]
24-07-2026 16:58:07 - [STX]D 000503 0068                   9140695    E20260724165309014  71.4  [ETX]
24-07-2026 16:58:11 - [STX]D 000504 0069                   9141477    E20260724165314014  75.4  [ETX]
24-07-2026 16:58:16 - [STX]D 000505 0070                   8413548    E20260724165318014  82.5  [ETX]
24-07-2026 16:58:20 - [STX]D 000506 0071                   9140705    E20260724165323014  92.6  [ETX]
24-07-2026 16:58:25 - [STX]D 000507 0072                   8408300    E20260724165327014  84.9  [ETX]
24-07-2026 16:58:29 - [STX]D 000508 0073                   8408293    E20260724165332014  80.9  [ETX]
24-07-2026 16:58:34 - [STX]D 000509 0074                   8856257    E20260724165336014  81.8  [ETX]
24-07-2026 16:58:38 - [STX]D 000510 0075                   8413552    E20260724165341014 104.7  [ETX]
24-07-2026 16:58:40 - [STX]Rh000501 0066                   9141476[ETX]
24-07-2026 16:58:43 - [NAK]
24-07-2026 16:58:45 - [STX]D 001001 0076                   9154842    E20260724165345014  98.9  [ETX]
24-07-2026 16:58:46 - [STX]Rh000502 0067                   9140687[ETX]
24-07-2026 16:58:49 - [NAK]
24-07-2026 16:58:51 - [STX]D 001002 0077                   9140684    E20260724165350014 111.2  [ETX]
24-07-2026 16:58:52 - [STX]Rh000503 0068                   9140695[ETX]
24-07-2026 16:58:55 - [NAK]
24-07-2026 16:58:57 - [STX]D 001003 0078                   9138907    E20260724165354014  81.9  [ETX]
24-07-2026 16:58:59 - [STX]Rh000504 0069                   9141477[ETX]
24-07-2026 16:59:02 - [NAK]
24-07-2026 16:59:03 - [STX]D 001004 0079                   9141482    E20260724165359014  95.1  [ETX]
24-07-2026 16:59:05 - [STX]Rh000505 0070                   8413548[ETX]
24-07-2026 16:59:08 - [NAK]
24-07-2026 16:59:09 - [STX]D 001005 0080                   8413551    E20260724165403014  91.0  [ETX]
24-07-2026 16:59:11 - [STX]Rh000506 0071                   9140705[ETX]
24-07-2026 16:59:14 - [NAK]
24-07-2026 16:59:16 - [STX]D 001006 0081                   9154843    E20260724165408014 184.4  [ETX]
24-07-2026 16:59:17 - [STX]Rh000507 0072                   8408300[ETX]
24-07-2026 16:59:20 - [NAK]
24-07-2026 16:59:22 - [STX]Rh000508 0073                   8408293[ETX]
24-07-2026 16:59:25 - [NAK]
24-07-2026 16:59:26 - [STX]Rh000509 0074                   8856257[ETX]
24-07-2026 16:59:29 - [NAK]
24-07-2026 16:59:31 - [STX]Rh000510 0075                   8413552[ETX]
24-07-2026 16:59:34 - [NAK]
24-07-2026 16:59:36 - [STX]Rh001001 0076                   9154842[ETX]
24-07-2026 16:59:39 - [NAK]
24-07-2026 16:59:40 - [STX]Rh001002 0077                   9140684[ETX]
24-07-2026 16:59:43 - [NAK]
24-07-2026 16:59:45 - [STX]Rh001003 0078                   9138907[ETX]
24-07-2026 16:59:48 - [NAK]
24-07-2026 16:59:49 - [STX]Rh001004 0079                   9141482[ETX]
24-07-2026 16:59:53 - [NAK]
24-07-2026 16:59:54 - [STX]Rh001005 0080                   8413551[ETX]
24-07-2026 16:59:57 - [NAK]
24-07-2026 16:59:59 - [STX]Rh001006 0081                   9154843[ETX]
24-07-2026 17:00:02 - [NAK]
24-07-2026 17:04:09 - [STX]D 000901 0082                   9140685    E20260724165911001  4.55  009 0.350  017 71.33  026  47.2  025  7.68  002 241.8  003
24-07-2026 17:04:09 -   42.6  027 411.2  028 25.96  012 0.062  005  35.5  013  11.5  029   3.2  006 10.32  007 127.7  024 0.382  097 139.4  098 4.403 
24-07-2026 17:04:09 -  099 108.2  [ETX]
24-07-2026 17:05:35 - [STX]D 000902 0083                   9140682    E20260724170037001  4.38  009 0.733  017 72.57  026 101.9  025  7.49  002  78.4  003
24-07-2026 17:05:35 -   24.1  027 190.9  028 28.58  012 0.095  005  20.5  013  19.0  029   4.7  006  9.57  007 190.4  024 0.593  097 137.5  098 3.955 
24-07-2026 17:05:35 -  099 108.2  [ETX]
24-07-2026 17:06:52 - [STX]D 000903 0084                   9141478    E20260724170154001  4.06  009 0.718  026 248.1  025  7.17  002  74.4  003  31.1  028
24-07-2026 17:06:52 -  17.49  012 0.117  005  25.4  013  42.1  029   5.7  006  9.65  007 267.7  024 0.824  097 139.3  098 3.986  099 100.6  [ETX]
24-07-2026 17:08:18 - [STX]D 000904 0085                   9140694    E20260724170320001  3.98  009 0.620  017 18.32  026 143.1  025  6.65  002  77.5  003
24-07-2026 17:08:18 -   31.4  027 227.4  028 14.79  012 0.106  005  25.9  013  13.7  029   5.1  006  9.53  007 182.9  024 0.737  097 138.5  098 4.405 
24-07-2026 17:08:18 -  099 104.2  [ETX]
24-07-2026 17:09:44 - [STX]D 000905 0086                   9140712    E20260724170446001  3.78  009 0.425  017- 1.88G 026  88.7  025  7.13  002  85.8  003
24-07-2026 17:09:44 -   18.6  027 307.7  028 20.20  012 0.127  005  18.0  013  27.5  029   4.5  006  9.33  007 169.5  024 0.737  097 142.7  098 3.891 
24-07-2026 17:09:44 -  099 106.4  [ETX]
24-07-2026 17:11:10 - [STX]D 000906 0087                   9141484    E20260724170612001  3.95  009 0.470  017117.13  026 121.4  025  7.00  002  57.8  003
24-07-2026 17:11:10 -   21.2  027 284.0  028 25.05  012 0.095  005  18.9  013  19.6  029   6.5  006  9.40  007 183.0  024 0.470  097 137.7  098 4.149 
24-07-2026 17:11:10 -  099 101.5  [ETX]
24-07-2026 17:11:12 - [STX]Rh000901 0082                   9140685[ETX]
24-07-2026 17:11:12 - --Send Message To Machine --[STX]S 000901 0082                   9140685    E001025012024[ETX]
24-07-2026 17:11:12 - [ACK]
24-07-2026 17:11:14 - [STX]Rh000902 0083                   9140682[ETX]
24-07-2026 17:11:14 - --Send Message To Machine --[STX]S 000902 0083                   9140682    E001025012024[ETX]
24-07-2026 17:11:15 - [ACK]
24-07-2026 17:11:16 - [STX]Rh000903 0084                   9141478[ETX]
24-07-2026 17:11:16 - --Send Message To Machine --[STX]S 000903 0084                   9141478    E001025012024[ETX]
24-07-2026 17:11:17 - [ACK]
24-07-2026 17:11:18 - [STX]Rh000904 0085                   9140694[ETX]
24-07-2026 17:11:19 - --Send Message To Machine --[STX]S 000904 0085                   9140694    E001025012024[ETX]
24-07-2026 17:11:19 - [ACK]
24-07-2026 17:11:21 - [STX]Rh000905 0086                   9140712[ETX]
24-07-2026 17:11:21 - --Send Message To Machine --[STX]S 000905 0086                   9140712    E001025012024[ETX]
24-07-2026 17:11:21 - [ACK]
24-07-2026 17:11:23 - [STX]Rh000906 0087                   9141484[ETX]
24-07-2026 17:11:23 - --Send Message To Machine --[STX]S 000906 0087                   9141484    E099007097001025028027098012024[ETX]
24-07-2026 17:11:24 - [ACK]
24-07-2026 17:16:40 - [STX]R 001001N0088                   9141432[ETX]
24-07-2026 17:16:40 - --Send Message To Machine --[STX]S 001001 0088                   9141432    E099007009013097001025026028029002098003005012024006[ETX]
24-07-2026 17:16:41 - [ACK]
24-07-2026 17:16:45 - [STX]R 001002N0089                   9140697[ETX]
24-07-2026 17:16:45 - --Send Message To Machine --[STX]S 001002 0089                   9140697    E099007009013017097001025026028029027002098003005012024006[ETX]
24-07-2026 17:16:45 - [ACK]
24-07-2026 17:16:49 - [STX]R 001003N0090                   9140707[ETX]
24-07-2026 17:16:49 - --Send Message To Machine --[STX]S 001003 0090                   9140707    E099007009013097001025026028029002098003005012024006[ETX]
24-07-2026 17:16:50 - [ACK]
24-07-2026 17:16:54 - [STX]R 001004N0091                   8408312[ETX]
24-07-2026 17:16:54 - --Send Message To Machine --[STX]S 001004 0091                   8408312    E099007009013097001025026028029002098003005012024006[ETX]
24-07-2026 17:16:54 - [ACK]
24-07-2026 17:16:58 - [STX]R 001005N0092                   9141442[ETX]
24-07-2026 17:16:58 - --Send Message To Machine --[STX]S 001005 0092                   9141442    E099007009013097001025026028029002098003005012024006[ETX]
24-07-2026 17:16:59 - [ACK]
24-07-2026 17:17:03 - [STX]R 001006N0093                   9297548[ETX]
24-07-2026 17:17:03 - --Send Message To Machine --[STX]S 001006 0093                   9297548    E014[ETX]
24-07-2026 17:17:03 - [ACK]
24-07-2026 17:17:07 - [STX]R 001007N0094                   9140699[ETX]
24-07-2026 17:17:07 - --Send Message To Machine --[STX]S 001007 0094                   9140699    E014[ETX]
24-07-2026 17:17:08 - [ACK]
24-07-2026 17:17:12 - [STX]R 001008N0095                   9141479[ETX]
24-07-2026 17:17:12 - --Send Message To Machine --[STX]S 001008 0095                   9141479    E099007009013017097001025026028029027002098003005012024006[ETX]
24-07-2026 17:17:12 - [ACK]
24-07-2026 17:22:06 - [STX]R 000901N0096                   9141429[ETX]
24-07-2026 17:22:06 - --Send Message To Machine --[STX]S 000901 0096                   9141429    E007026[ETX]
24-07-2026 17:22:07 - [ACK]
24-07-2026 17:22:10 - [STX]R 000902N0097                   9141440[ETX]
24-07-2026 17:22:11 - --Send Message To Machine --[STX]S 000902 0097                   9141440    E099007009013097001025026028029002098003005012024006[ETX]
24-07-2026 17:22:11 - [ACK]
24-07-2026 17:22:15 - [STX]R 000903N0098                   9141799[ETX]
24-07-2026 17:22:15 - --Send Message To Machine --[STX]S 000903 0098                   9141799    E007026[ETX]
24-07-2026 17:22:16 - [ACK]
24-07-2026 17:22:19 - [STX]R 000904N0099                   9141434[ETX]
24-07-2026 17:22:20 - --Send Message To Machine --[STX]S 000904 0099                   9141434    E007026[ETX]
24-07-2026 17:22:20 - [ACK]
24-07-2026 17:22:24 - [STX]R 000905N0100                   9141433[ETX]
24-07-2026 17:22:24 - --Send Message To Machine --[STX]S 000905 0100                   9141433    E099009097028029098006[ETX]
24-07-2026 17:22:25 - [ACK]
24-07-2026 17:22:29 - [STX]R 000906N0101                   9140702[ETX]
24-07-2026 17:22:29 - --Send Message To Machine --[STX]S 000906 0101                   9140702    E014[ETX]
24-07-2026 17:22:29 - [ACK]
24-07-2026 17:22:33 - [STX]R 000907N0102                   9141424[ETX]
24-07-2026 17:22:33 - --Send Message To Machine --[STX]S 000907 0102                   9141424    E007026029[ETX]
24-07-2026 17:22:34 - [ACK]
24-07-2026 17:22:38 - [STX]R 000908N0103                   9141436[ETX]
24-07-2026 17:22:38 - --Send Message To Machine --[STX]S 000908 0103                   9141436    E007026[ETX]
24-07-2026 17:22:38 - [ACK]
24-07-2026 17:22:42 - [STX]R 000909N0104                   8407207[ETX]
24-07-2026 17:22:42 - --Send Message To Machine --[STX]S 000909 0104                   8407207    E028[ETX]
24-07-2026 17:22:43 - [ACK]
24-07-2026 17:23:14 - [STX]R 000910N0105                   9141427[ETX]
24-07-2026 17:23:14 - --Send Message To Machine --[STX]S 000910 0105                   9141427    E007026[ETX]
24-07-2026 17:23:14 - [ACK]
24-07-2026 17:27:45 - [STX]D 001001 0088                   9141432    E20260724172248001  4.48  009 0.718  026  97.0  025  7.96  002  90.9  003  15.6  028
24-07-2026 17:27:46 -  29.54  012 0.127  005  18.4  013  17.2  029   4.7  006  9.74  007 194.6  024 0.763  097 140.5  098 4.059  099 103.0  [ETX]
24-07-2026 17:29:12 - [STX]D 001002 0089                   9140697    E20260724172414001  4.34  009 0.703  017 24.86  026  72.5  025  7.46  002  58.9  003
24-07-2026 17:29:12 -   24.7  027 264.3  028 33.39  012 0.040  005  28.9  013  15.9  029   2.9  006  9.44  007 217.6  024 0.422  097 138.9  098 4.165 
24-07-2026 17:29:12 -  099 107.0  [ETX]
24-07-2026 17:30:29 - [STX]D 001003 0090                   9140707    E20260724172531001  4.27  009 0.515  026 135.9  025  8.31  002 134.6  003  23.9  028
24-07-2026 17:30:29 -  14.88  012 0.285  005  35.3  013 443.4  029   2.4  006  9.57  007 193.6  024 1.165  097 132.0  098 3.821  099  94.7  [ETX]
24-07-2026 17:31:45 - [STX]D 001004 0091                   8408312    E20260724172648001  3.98  009 0.553  026 153.4  025  7.48  002  81.9  003  65.8  028
24-07-2026 17:31:46 -  19.07  012 0.078  005  27.9  013  31.1  029   3.6  006  9.14  007 263.6  024 0.404  097 137.5  098 4.163  099 100.7  [ETX]
24-07-2026 17:32:49 - [STX]R 000501N0106                   9141798[ETX]
24-07-2026 17:32:49 - --Send Message To Machine --[STX]S 000501 0106                   9141798    E014[ETX]
24-07-2026 17:32:49 - [ACK]
24-07-2026 17:32:53 - [STX]R 000502N0107                   9141444[ETX]
24-07-2026 17:32:53 - --Send Message To Machine --[STX]S 000502 0107                   9141444    E007026[ETX]
24-07-2026 17:32:54 - [ACK]
24-07-2026 17:32:58 - [STX]R 000503N0108                   9141430[ETX]
24-07-2026 17:32:58 - --Send Message To Machine --[STX]S 000503 0108                   9141430    E010[ETX]
24-07-2026 17:32:58 - [ACK]
24-07-2026 17:33:02 - [STX]R 000504N0109                   9140703[ETX]
24-07-2026 17:33:02 - --Send Message To Machine --[STX]S 000504 0109                   9140703    E099007009013017097001025026028029027002098003005012024006[ETX]
24-07-2026 17:33:03 - [ACK]
24-07-2026 17:33:05 - [STX]D 001005 0092                   9141442    E20260724172805001  4.21  009 0.613  026 152.9  025  6.97  002  66.8  003  32.1  028
24-07-2026 17:33:05 -  15.52  012 0.100  005  31.6  013  12.6  029   2.1  006  9.93  007 291.8  024 0.750  097 140.7  098 5.130  099 105.7  [ETX]
24-07-2026 17:33:07 - [STX]R 000505N0110                   9297495[ETX]
24-07-2026 17:33:07 - --Send Message To Machine --[STX]S 000505 0110                   9297495    E099007009013097001025026028029002098003005012024006[ETX]
24-07-2026 17:33:07 - [ACK]
24-07-2026 17:33:09 - [STX]D 001006 0093                   9297548    E20260724172809014  88.1  [ETX]
24-07-2026 17:33:11 - [STX]R 000506N0111                   8856260[ETX]
24-07-2026 17:33:11 - --Send Message To Machine --[STX]S 000506 0111                   8856260    E099007009013017097001025026028029027002098003005012024006[ETX]
24-07-2026 17:33:12 - [ACK]
24-07-2026 17:33:14 - [STX]D 001007 0094                   9140699    E20260724172814014  94.0  [ETX]
24-07-2026 17:33:16 - [STX]R 000507N0112                   9141426[ETX]
24-07-2026 17:33:16 - --Send Message To Machine --[STX]S 000507 0112                   9141426    E099007009013017097001025026028029027002098003005012024006[ETX]
24-07-2026 17:33:16 - [ACK]
24-07-2026 17:33:20 - [STX]R 000508N0113                   8408295[ETX]
24-07-2026 17:33:21 - --Send Message To Machine --[STX]S 000508 0113                   8408295    E099007010009013017097001025026028029022027002098003005012024006[ETX]
24-07-2026 17:33:21 - [ACK]
24-07-2026 17:33:25 - [STX]R 000509N0114                   9138910[ETX]
24-07-2026 17:33:25 - --Send Message To Machine --[STX]S 000509 0114                   9138910    E099007009013017097001025026028029027002098003005012024006[ETX]
24-07-2026 17:33:26 - [ACK]
24-07-2026 17:33:29 - [STX]R 000510N0115                   9285194[ETX]
24-07-2026 17:33:29 - --Send Message To Machine --[STX]S 000510 0115                   9285194    E099007009013017097001025026028029027002098003005012024006[ETX]
24-07-2026 17:33:30 - [ACK]
24-07-2026 17:33:34 - [STX]R 000701N0116                   9141797[ETX]
24-07-2026 17:33:34 - --Send Message To Machine --[STX]S 000701 0116                   9141797    E099007009013017097001025026028029027002098003005012024006[ETX]
24-07-2026 17:33:35 - [ACK]
24-07-2026 17:33:38 - [STX]R 000702N0117                   9297546[ETX]
24-07-2026 17:33:39 - --Send Message To Machine --[STX]S 000702 0117                   9297546    E099007009013017097001025026028029027002098003005012024006[ETX]
24-07-2026 17:33:39 - [ACK]
24-07-2026 17:33:43 - [STX]R 000703N0118                   9297498[ETX]
24-07-2026 17:33:43 - --Send Message To Machine --[STX]S 000703 0118                   9297498    E006[ETX]
24-07-2026 17:33:44 - [ACK]
24-07-2026 17:33:47 - [STX]R 000704N0119                   9297550[ETX]
24-07-2026 17:33:48 - --Send Message To Machine --[STX]S 000704 0119                   9297550    E099007009013017097001025026028029027002098003005012024006[ETX]
24-07-2026 17:33:48 - [ACK]
24-07-2026 17:33:52 - [STX]R 000705N0120                   8413549[ETX]
24-07-2026 17:33:52 - --Send Message To Machine --[STX]S 000705 0120                   8413549    E099007009013017097001025026028029002098003005012024006[ETX]
24-07-2026 17:33:53 - [ACK]
24-07-2026 17:33:56 - [STX]R 000706N0121                   9285189[ETX]
24-07-2026 17:33:57 - --Send Message To Machine --[STX]S 000706 0121                   9285189    E099007009013017097001025026028029027002098003005012024006[ETX]
24-07-2026 17:33:57 - [ACK]
24-07-2026 17:34:01 - [STX]R 000707N0122                   9140700[ETX]
24-07-2026 17:34:01 - --Send Message To Machine --[STX]S 000707 0122                   9140700    E099007009013017097001025026028029027002098003005012024006[ETX]
24-07-2026 17:34:02 - [ACK]
24-07-2026 17:34:24 - [STX]R 000708N0123                   8408297[ETX]
24-07-2026 17:34:24 - --Send Message To Machine --[STX]S 000708 0123                   8408297    E099007009013017097001025026028029027002098003005012024006[ETX]
24-07-2026 17:34:24 - [ACK]
24-07-2026 17:34:37 - [STX]D 001008 0095                   9141479    E20260724172940001  4.17  009 0.650  017  5.06G 026 123.6  025  7.13  002 126.1  003
24-07-2026 17:34:38 -   23.3  027 265.1  028 33.30  012 0.068  005  19.9  013  16.3  029   4.6  006  9.60  007 203.8  024 0.505  097 140.8  098 4.141 
24-07-2026 17:34:38 -  099 105.3  [ETX]
24-07-2026 17:34:39 - [STX]Rh001001 0088                   9141432[ETX]
24-07-2026 17:34:39 - --Send Message To Machine --[STX]S 001001 0088                   9141432    E001025012024[ETX]
24-07-2026 17:34:40 - [ACK]
24-07-2026 17:34:41 - [STX]Rh001002 0089                   9140697[ETX]
24-07-2026 17:34:42 - --Send Message To Machine --[STX]S 001002 0089                   9140697    E001025012024[ETX]
24-07-2026 17:34:42 - [ACK]
24-07-2026 17:34:44 - [STX]Rh001003 0090                   9140707[ETX]
24-07-2026 17:34:44 - --Send Message To Machine --[STX]S 001003 0090                   9140707    E001025012024[ETX]
24-07-2026 17:34:44 - [ACK]
24-07-2026 17:34:46 - [STX]Rh001004 0091                   8408312[ETX]
24-07-2026 17:34:46 - --Send Message To Machine --[STX]S 001004 0091                   8408312    E001025012024[ETX]
24-07-2026 17:34:47 - [ACK]
24-07-2026 17:34:48 - [STX]Rh001005 0092                   9141442[ETX]
24-07-2026 17:34:48 - --Send Message To Machine --[STX]S 001005 0092                   9141442    E001025012024[ETX]
24-07-2026 17:34:49 - [ACK]
24-07-2026 17:34:51 - [STX]Rh001006 0093                   9297548[ETX]
24-07-2026 17:34:54 - [NAK]
24-07-2026 17:34:55 - [STX]Rh001007 0094                   9140699[ETX]
24-07-2026 17:34:58 - [NAK]
24-07-2026 17:35:00 - [STX]D 000901 0096                   9141429    E20260724172958026 177.5  007 221.3  [ETX]
24-07-2026 17:35:01 - [STX]Rh001008 0095                   9141479[ETX]
24-07-2026 17:35:02 - --Send Message To Machine --[STX]S 001008 0095                   9141479    E001025012024[ETX]
24-07-2026 17:35:02 - [ACK]
24-07-2026 17:36:12 - [STX]D 000902 0097                   9141440    E20260724173115001  4.71  009 0.884  026 343.1  025  8.42  002  59.6  003  25.9  028
24-07-2026 17:36:13 -  17.51  012 0.106  005  24.6  013  17.0  029   6.0  006 10.01  007 188.2  024 0.820  097 138.4  098 5.060  099 106.5  [ETX]
24-07-2026 17:36:21 - [STX]D 000903 0098                   9141799    E20260724173124026  62.0  007  86.8  [ETX]
24-07-2026 17:36:30 - [STX]D 000904 0099                   9141434    E20260724173133026  53.5  007 146.1  [ETX]
24-07-2026 17:36:53 - [STX]D 000905 0100                   9141433    E20260724173155009 0.711  028 25.45  029   2.6  006  9.62  097 141.0  098 4.710  099
24-07-2026 17:36:53 -  100.5  [ETX]
24-07-2026 17:36:58 - [STX]D 000906 0101                   9140702    E20260724173200014 229.2  [ETX]
24-07-2026 17:37:11 - [STX]D 000907 0102                   9141424    E20260724173214026 241.7  029  10.0  007 152.4  [ETX]
24-07-2026 17:37:20 - [STX]D 000908 0103                   9141436    E20260724173223026 101.1  007 200.6  [ETX]
24-07-2026 17:37:25 - [STX]D 000909 0104                   8407207    E20260724173227028 48.48  [ETX]
24-07-2026 17:37:34 - [STX]D 000910 0105                   9141427    E20260724173236026 124.7  007 178.4  [ETX]
24-07-2026 17:37:36 - [STX]Rh000901 0096                   9141429[ETX]
24-07-2026 17:37:39 - [NAK]
24-07-2026 17:37:40 - [STX]Rh000902 0097                   9141440[ETX]
24-07-2026 17:37:40 - --Send Message To Machine --[STX]S 000902 0097                   9141440    E001025012024[ETX]
24-07-2026 17:37:41 - [ACK]
24-07-2026 17:37:42 - [STX]Rh000903 0098                   9141799[ETX]
24-07-2026 17:37:45 - [NAK]
24-07-2026 17:37:47 - [STX]Rh000904 0099                   9141434[ETX]
24-07-2026 17:37:50 - [NAK]
24-07-2026 17:37:52 - [STX]Rh000905 0100                   9141433[ETX]
24-07-2026 17:37:55 - [NAK]
24-07-2026 17:37:56 - [STX]Rh000906 0101                   9140702[ETX]
24-07-2026 17:37:59 - [NAK]
24-07-2026 17:38:01 - [STX]Rh000907 0102                   9141424[ETX]
24-07-2026 17:38:04 - [NAK]
24-07-2026 17:38:05 - [STX]Rh000908 0103                   9141436[ETX]
24-07-2026 17:38:08 - [NAK]
24-07-2026 17:38:10 - [STX]Rh000909 0104                   8407207[ETX]
24-07-2026 17:38:13 - [NAK]
24-07-2026 17:38:15 - [STX]Rh000910 0105                   9141427[ETX]
24-07-2026 17:38:18 - [NAK]
24-07-2026 17:42:33 - [STX]D 000501 0106                   9141798    E20260724173735014  76.0  [ETX]
24-07-2026 17:42:42 - [STX]D 000502 0107                   9141444    E20260724173744026 676.4  007 275.9  [ETX]
24-07-2026 17:43:00 - [STX]D 000503 0108                   9141430    E20260724173802010 14.35  [ETX]
24-07-2026 17:44:26 - [STX]D 000504 0109                   9140703    E20260724173928001  4.41  009 0.733  017-23.88G 026 141.0  025  8.25  002 170.0  003
24-07-2026 17:44:26 -   19.6  027 447.3  028 27.22  012 0.062  005  30.8  013  31.8  029   4.2  006  9.31  007 187.4  024 0.501  097 137.7  098 4.279 
24-07-2026 17:44:26 -  099 100.7  [ETX]
24-07-2026 17:45:43 - [STX]D 000505 0110                   9297495    E20260724174045001  4.24  009 0.530  026 101.4  025  7.67  002  80.0  003  28.5  028
24-07-2026 17:45:43 -  24.57  012 0.166  005  27.4  013  17.8  029   3.8  006  8.92  007 140.4  024 0.982  097 132.7  09810.120  099  99.1  [ETX]
24-07-2026 17:47:09 - [STX]D 000506 0111                   8856260    E20260724174211001  4.14  009 0.711  017-20.24G 026 113.3  025  7.95  002 105.7  003
24-07-2026 17:47:09 -   20.9  027 413.4  028 27.51  012 0.051  005  26.8  013  13.0  029   4.3  006  9.58  007 148.2  024 0.400  097 140.8  098 3.957 
24-07-2026 17:47:09 -  099 104.4  [ETX]
24-07-2026 17:48:35 - [STX]D 000507 0112                   9141426    E20260724174337001  4.35  009 0.771  017166.16  026 531.0  025  7.59  002  98.1  003
24-07-2026 17:48:35 -   33.6  027 322.5  028 16.65  012 0.073  005  23.9  013  47.7  029   6.3  006  9.88  007 237.6  024 0.405  097 138.5  098 3.869 
24-07-2026 17:48:35 -  099  98.9  [ETX]
24-07-2026 17:50:23 - [STX]D 000508 0113                   8408295    E20260724174526001  4.16  009 0.778  017-47.05G 026 154.3  025  7.73  010 15.04  002
24-07-2026 17:50:23 -  111.0  003  15.4  027 266.3  028 26.43  012 0.122  005  20.0  013  17.0  029   4.8  022   3.9G 006  8.51  007 200.7  024 0.557 
24-07-2026 17:50:23 -  097 142.6  098 4.584  099  99.1  [ETX]
24-07-2026 17:51:49 - [STX]D 000509 0114                   9138910    E20260724174652001  4.31  009 0.673  017 71.23  026  97.6  025  7.24  002  70.9  003
24-07-2026 17:51:49 -   22.3  027 208.5  028 31.77  012 0.100  005  19.5  013  11.5  029   5.0  006  9.38  007 184.8  024 0.610  097 141.5  098 4.239 
24-07-2026 17:51:50 -  099 104.1  [ETX]
24-07-2026 17:53:15 - [STX]D 000510 0115                   9285194    E20260724174818001  4.56  009 0.793  017124.76  026 118.9  025  7.77  002  64.7  003
24-07-2026 17:53:15 -   36.1  027 219.5  028 20.14  012 0.302  005  29.9  013  23.5  029   6.0  006  9.86  007 174.7  024 2.936  097 140.6  098 3.357 
24-07-2026 17:53:15 -  099 100.8  [ETX]
24-07-2026 17:53:17 - [STX]Rh000501 0106                   9141798[ETX]
24-07-2026 17:53:20 - [NAK]
24-07-2026 17:53:22 - [STX]Rh000502 0107                   9141444[ETX]
24-07-2026 17:53:25 - [NAK]
24-07-2026 17:53:26 - [STX]Rh000503 0108                   9141430[ETX]
24-07-2026 17:53:29 - [NAK]
24-07-2026 17:53:31 - [STX]Rh000504 0109                   9140703[ETX]
24-07-2026 17:53:31 - --Send Message To Machine --[STX]S 000504 0109                   9140703    E001025012024[ETX]
24-07-2026 17:53:32 - [ACK]
24-07-2026 17:53:33 - [STX]Rh000505 0110                   9297495[ETX]
24-07-2026 17:53:33 - --Send Message To Machine --[STX]S 000505 0110                   9297495    E001025029012024[ETX]
24-07-2026 17:53:34 - [ACK]
24-07-2026 17:53:36 - [STX]Rh000506 0111                   8856260[ETX]
24-07-2026 17:53:36 - --Send Message To Machine --[STX]S 000506 0111                   8856260    E001025012024[ETX]
24-07-2026 17:53:36 - [ACK]
24-07-2026 17:53:38 - [STX]Rh000507 0112                   9141426[ETX]
24-07-2026 17:53:38 - --Send Message To Machine --[STX]S 000507 0112                   9141426    E001025012024[ETX]
24-07-2026 17:53:39 - [ACK]
24-07-2026 17:53:40 - [STX]Rh000508 0113                   8408295[ETX]
24-07-2026 17:53:40 - --Send Message To Machine --[STX]S 000508 0113                   8408295    E001025012024[ETX]
24-07-2026 17:53:41 - [ACK]
24-07-2026 17:53:43 - [STX]Rh000509 0114                   9138910[ETX]
24-07-2026 17:53:43 - --Send Message To Machine --[STX]S 000509 0114                   9138910    E001025012024[ETX]
24-07-2026 17:53:43 - [ACK]
24-07-2026 17:53:45 - [STX]Rh000510 0115                   9285194[ETX]
24-07-2026 17:53:45 - --Send Message To Machine --[STX]S 000510 0115                   9285194    E001025012024[ETX]
24-07-2026 17:53:46 - [ACK]
24-07-2026 17:54:41 - [STX]D 000701 0116                   9141797    E20260724174944001  4.29  009 0.703  017142.02  026 170.8  025  7.54  002  99.3  003
24-07-2026 17:54:41 -  157.3  027 295.9  028 13.73  012 0.165  005 104.1  013  38.8  029   5.8  006  9.37  007 235.4  024 1.528  097 138.3  098 4.353 
24-07-2026 17:54:41 -  099 105.6  [ETX]
24-07-2026 17:56:07 - [STX]D 000702 0117                   9297546    E20260724175110001  4.20  009 0.605  017 19.83  026  74.6  025  7.51  002  57.3  003
24-07-2026 17:56:07 -   13.4  027 289.9  028 15.47  012 0.073  005  16.0  013  10.7  029   4.4  006  9.04  007 156.8  024 0.418  097 141.0  098 4.388 
24-07-2026 17:56:07 -  099 107.7  [ETX]
24-07-2026 17:56:12 - [STX]D 000703 0118                   9297498    E20260724175114006  9.06  [ETX]
24-07-2026 17:57:38 - [STX]D 000704 0119                   9297550    E20260724175240001  4.58  009 0.417  017170.39  026  63.7  025  7.50  002 180.5  003
24-07-2026 17:57:38 -   12.3  027 341.6  028 25.33  012 0.176  005  24.5  013  10.3  029   3.5  006 10.24  007 145.5  024 1.030  097 138.9  098 4.331 
24-07-2026 17:57:38 -  099 106.0  [ETX]
24-07-2026 17:58:59 - [STX]D 000705 0120                   8413549    E20260724175402001  4.43  009 0.921  017 34.20  026 126.1  025  7.59  002  71.0  003
24-07-2026 17:58:59 -   58.8  028 24.71  012 0.117  005  29.6  013  36.2  029   6.4  006  9.81  007 166.1  024 0.580  097 142.7  098 3.837  099 102.5 
24-07-2026 17:58:59 -  [ETX]
24-07-2026 18:00:25 - [STX]D 000706 0121                   9285189    E20260724175528001  3.79  009 0.718  017  9.43G 026  77.7  025  7.44  002  83.1  003
24-07-2026 18:00:26 -   34.0  027 256.3  028 17.65  012 0.171  005  18.7  013  32.7  029   6.8  006  9.19  007 211.5  024 1.064  097 138.4  098 4.469 
24-07-2026 18:00:26 -  099 104.0  [ETX]
24-07-2026 18:01:51 - [STX]D 000707 0122                   9140700    E20260724175654001  4.37  009 0.748  017 50.92  026 439.7  025  7.26  002  81.2  003
24-07-2026 18:01:51 -   24.2  027 253.1  028 23.78  012 0.089  005  24.6  013  71.2  029   3.4  006  9.86  007 243.6  024 0.758  097 137.9  098 3.337 
24-07-2026 18:01:51 -  099  97.9  [ETX]
24-07-2026 18:03:17 - [STX]D 000708 0123                   8408297    E20260724175820001  4.62  009 0.650  017242.39  026 132.4  025  7.87  002  99.5  003
24-07-2026 18:03:17 -   15.8  027 287.0  028 23.48  012 0.345  005  23.7  013  10.6  029   3.2  006  9.79  007 193.0  024 1.603  097 139.3  098 4.434 
24-07-2026 18:03:17 -  099 102.0  [ETX]
24-07-2026 18:03:19 - [STX]Rh000701 0116                   9141797[ETX]
24-07-2026 18:03:19 - --Send Message To Machine --[STX]S 000701 0116                   9141797    E001025012024[ETX]
24-07-2026 18:03:20 - [ACK]
24-07-2026 18:03:21 - [STX]Rh000702 0117                   9297546[ETX]
24-07-2026 18:03:21 - --Send Message To Machine --[STX]S 000702 0117                   9297546    E001025012024[ETX]
24-07-2026 18:03:22 - [ACK]
24-07-2026 18:03:24 - [STX]Rh000703 0118                   9297498[ETX]
24-07-2026 18:03:27 - [NAK]
24-07-2026 18:03:28 - [STX]Rh000704 0119                   9297550[ETX]
24-07-2026 18:03:28 - --Send Message To Machine --[STX]S 000704 0119                   9297550    E001025012024[ETX]
24-07-2026 18:03:29 - [ACK]
24-07-2026 18:03:31 - [STX]Rh000705 0120                   8413549[ETX]
24-07-2026 18:03:31 - --Send Message To Machine --[STX]S 000705 0120                   8413549    E001025012024[ETX]
24-07-2026 18:03:31 - [ACK]
24-07-2026 18:03:33 - [STX]Rh000706 0121                   9285189[ETX]
24-07-2026 18:03:33 - --Send Message To Machine --[STX]S 000706 0121                   9285189    E001025012024[ETX]
24-07-2026 18:03:34 - [ACK]
24-07-2026 18:03:35 - [STX]Rh000707 0122                   9140700[ETX]
24-07-2026 18:03:35 - --Send Message To Machine --[STX]S 000707 0122                   9140700    E001025012024[ETX]
24-07-2026 18:03:36 - [ACK]
24-07-2026 18:03:38 - [STX]Rh000708 0123                   8408297[ETX]
24-07-2026 18:03:38 - --Send Message To Machine --[STX]S 000708 0123                   8408297    E001025012024[ETX]
24-07-2026 18:03:38 - [ACK]
24-07-2026 18:17:07 - [STX]RE[ETX]
24-07-2026 18:17:09 - [STX]DE[ETX]
24-07-2026 18:49:37 - [STX]RB[ETX]
24-07-2026 18:49:39 - [STX]DB[ETX]
24-07-2026 18:49:50 - [STX]R 000701N0124                   9285182[ETX]
24-07-2026 18:49:50 - --Send Message To Machine --[STX]S 000701 0124                   9285182    E010022[ETX]
24-07-2026 18:49:51 - [ACK]
24-07-2026 19:02:21 - [STX]D 000701 0124                   9285182    E20260724185724010  2.29  022  12.5  [ETX]
24-07-2026 19:02:23 - [STX]Rh000701 0124                   9285182[ETX]
24-07-2026 19:02:26 - [NAK]
24-07-2026 19:15:53 - [STX]RE[ETX]
24-07-2026 19:15:55 - [STX]DE[ETX]
24-07-2026 19:50:23 - [STX]RB[ETX]
24-07-2026 19:50:24 - [STX]DB[ETX]
24-07-2026 19:50:33 - [STX]R 001001N0125                   9285180[ETX]
24-07-2026 19:50:33 - --Send Message To Machine --[STX]S 001001 0125                   9285180    E099009013097001025028029002098003005012024006[ETX]
24-07-2026 19:50:34 - [ACK]
24-07-2026 19:50:38 - [STX]R 001002N0126                   9285178[ETX]
24-07-2026 19:50:38 - --Send Message To Machine --[STX]S 001002 0126                   9285178    E014[ETX]
24-07-2026 19:50:38 - [ACK]
24-07-2026 20:03:50 - [STX]D 001001 0125                   9285180    E20260724195852001  1.71  009 1.057  025  6.34  002 205.1  003  52.3  028 40.57  012
24-07-2026 20:03:50 -  0.068  005  52.4  013   4.1G 029   0.5G 006  4.67  024 0.400  097 139.5  098 6.647  099 110.2  [ETX]
24-07-2026 20:03:54 - [STX]D 001002 0126                   9285178    E20260724195857014  80.7  [ETX]
24-07-2026 20:03:56 - [STX]Rh001001 0125                   9285180[ETX]
24-07-2026 20:03:56 - --Send Message To Machine --[STX]S 001001 0125                   9285180    E099013097001025028029098003005012024006[ETX]
24-07-2026 20:03:57 - [ACK]
24-07-2026 20:03:58 - [STX]Rh001002 0126                   9285178[ETX]
24-07-2026 20:04:02 - [NAK]
24-07-2026 20:10:42 - [STX]R 000801N0127                   9285175[ETX]
24-07-2026 20:10:42 - --Send Message To Machine --[STX]S 000801 0127                   9285175    E099007009013017097001025026028029027002098003005012024006[ETX]
24-07-2026 20:10:42 - [ACK]
24-07-2026 20:10:46 - [STX]R 000802N0128                   9285179[ETX]
24-07-2026 20:10:46 - --Send Message To Machine --[STX]S 000802 0128                   9285179    E099007009013017097001025026028029027002098003005012024006[ETX]
24-07-2026 20:10:47 - [ACK]
24-07-2026 20:21:47 - [STX]D 000801 0127                   9285175    E20260724201649001  4.18  009 0.643  017-24.83G 026 114.8  025  6.95  002  92.0  003
24-07-2026 20:21:47 -   61.5  028 27.48  012 0.149  005  35.0  013  26.2  029   5.8  006  8.86  007 154.0  024 0.754  097 139.5  098 3.703  099 106.4 
24-07-2026 20:21:47 -  [ETX]
24-07-2026 20:23:09 - [STX]D 000802 0128                   9285179    E20260724201811001  4.34  009 0.560  017- 6.86G 026 101.1  025  7.89  002  78.1  003
24-07-2026 20:23:09 -   31.6  028 19.68  012      %?005  25.4  013  14.3  029      %?006  9.78  007 134.1  024 0.387  097 138.9  098 4.405  099 105.3 
24-07-2026 20:23:09 -  [ETX]
24-07-2026 20:23:10 - [STX]Rh000801 0127                   9285175[ETX]
24-07-2026 20:23:10 - --Send Message To Machine --[STX]S 000801 0127                   9285175    E001025027012024[ETX]
24-07-2026 20:23:11 - [ACK]
24-07-2026 20:36:40 - [STX]RE[ETX]
24-07-2026 20:36:42 - [STX]DE[ETX]
24-07-2026 20:42:58 - [STX]RB[ETX]
24-07-2026 20:43:00 - [STX]DB[ETX]
24-07-2026 20:50:23 - [STX]D     04 P009                   9285180    E20260724204525001  1.73  012 0.095  006  4.64  024 0.405  097 139.0  098 6.620  099
24-07-2026 20:50:23 -  110.0  [ETX]
24-07-2026 20:56:25 - [STX]D     04 P009                   9285180    E20260724205127009 1.019  025  6.37  002 202.9  003  53.3  028 39.09  005  54.0  013
24-07-2026 20:56:25 -    3.8G 029   0.5G [ETX]
24-07-2026 21:07:50 - [STX]RE[ETX]
24-07-2026 21:07:51 - [STX]DE[ETX]
24-07-2026 21:41:59 - [STX]RB[ETX]
24-07-2026 21:42:00 - [STX]DB[ETX]
24-07-2026 21:49:26 - [STX]R 000101N0129                   9140753[ETX]
24-07-2026 21:49:27 - --Send Message To Machine --[STX]S 000101 0129                   9140753    E014[ETX]
24-07-2026 21:49:27 - [ACK]
24-07-2026 21:49:31 - [STX]R 000102N0130                   9299272[ETX]
24-07-2026 21:49:31 - --Send Message To Machine --[STX]S 000102 0130                   9299272    E014[ETX]
24-07-2026 21:49:31 - [ACK]
24-07-2026 21:49:35 - [STX]R 000103N0131                   9140721[ETX]
24-07-2026 21:49:35 - --Send Message To Machine --[STX]S 000103 0131                   9140721    E014[ETX]
24-07-2026 21:49:36 - [ACK]
24-07-2026 21:49:40 - [STX]R 000104N0132                   8804452[ETX]
24-07-2026 21:49:40 - --Send Message To Machine --[STX]S 000104 0132                   8804452    E014[ETX]
24-07-2026 21:49:41 - [ACK]
24-07-2026 21:49:44 - [STX]R 000105N0133                   8804461[ETX]
24-07-2026 21:49:44 - --Send Message To Machine --[STX]S 000105 0133                   8804461    E014[ETX]
24-07-2026 21:49:45 - [ACK]
24-07-2026 21:49:49 - [STX]R 000106N0134                   9140756[ETX]
24-07-2026 21:49:49 - --Send Message To Machine --[STX]S 000106 0134                   9140756    E014[ETX]
24-07-2026 21:49:50 - [ACK]
24-07-2026 21:49:53 - [STX]R 000107N0135                   9140750[ETX]
24-07-2026 21:49:54 - --Send Message To Machine --[STX]S 000107 0135                   9140750    E014[ETX]
24-07-2026 21:49:54 - [ACK]
24-07-2026 21:49:58 - [STX]R 000108N0136                   8804465[ETX]
24-07-2026 21:49:58 - --Send Message To Machine --[STX]S 000108 0136                   8804465    E014[ETX]
24-07-2026 21:49:59 - [ACK]
24-07-2026 21:50:02 - [STX]R 000109N0137                   9300033[ETX]
24-07-2026 21:50:03 - --Send Message To Machine --[STX]S 000109 0137                   9300033    E014[ETX]
24-07-2026 21:50:03 - [ACK]
24-07-2026 21:50:07 - [STX]R 000110N0138                   9140740[ETX]
24-07-2026 21:50:07 - --Send Message To Machine --[STX]S 000110 0138                   9140740    E013001025002003005012024[ETX]
24-07-2026 21:50:08 - [ACK]
24-07-2026 21:50:11 - [STX]R 001001N0139                   9140723[ETX]
24-07-2026 21:50:12 - --Send Message To Machine --[STX]S 001001 0139                   9140723    E007026[ETX]
24-07-2026 21:50:12 - [ACK]
24-07-2026 21:50:16 - [STX]R 001002N0140                   8804456[ETX]
24-07-2026 21:50:16 - --Send Message To Machine --[STX]S 001002 0140                   8804456    E099007009013097001025026028029002098003005012024006[ETX]
24-07-2026 21:50:17 - [ACK]
24-07-2026 21:50:20 - [STX]R 001003N0141                   9140754[ETX]
24-07-2026 21:50:21 - --Send Message To Machine --[STX]S 001003 0141                   9140754    E099007009013017097001025026028029027002098003005012024006[ETX]
24-07-2026 21:50:21 - [ACK]
24-07-2026 21:50:25 - [STX]R 001004N0142                   9140748[ETX]
24-07-2026 21:50:25 - --Send Message To Machine --[STX]S 001004 0142                   9140748    E099007009013017097001025026028029027002098003005012024006[ETX]
24-07-2026 21:50:26 - [ACK]
24-07-2026 21:50:29 - [STX]R 001005N0143                   9140751[ETX]
24-07-2026 21:50:30 - --Send Message To Machine --[STX]S 001005 0143                   9140751    E099007009013017097001025026028029027002098003005012024006[ETX]
24-07-2026 21:50:30 - [ACK]
24-07-2026 21:50:34 - [STX]R 001006N0144                   9140743[ETX]
24-07-2026 21:50:34 - --Send Message To Machine --[STX]S 001006 0144                   9140743    E099007009013017097001025026028029027002098003005012024006[ETX]
24-07-2026 21:50:35 - [ACK]
24-07-2026 21:50:39 - [STX]R 001007N0145                   9140719[ETX]
24-07-2026 21:50:39 - --Send Message To Machine --[STX]S 001007 0145                   9140719    E099007009013017097001025026028029027002098003005012024006[ETX]
24-07-2026 21:50:39 - [ACK]
24-07-2026 21:50:43 - [STX]R 001008N0146                   9300037[ETX]
24-07-2026 21:50:43 - --Send Message To Machine --[STX]S 001008 0146                   9300037    E013001025002003005012024[ETX]
24-07-2026 21:50:44 - [ACK]
24-07-2026 21:50:48 - [STX]R 001009N0147                   9140716[ETX]
24-07-2026 21:50:48 - --Send Message To Machine --[STX]S 001009 0147                   9140716    E099007009013017097001025026028029027002098003005012024006[ETX]
24-07-2026 21:50:48 - [ACK]
24-07-2026 21:50:52 - [STX]R 001010N0148                   9300034[ETX]
24-07-2026 21:50:52 - --Send Message To Machine --[STX]S 001010 0148                   9300034    E099007010009013017097001025026028029022027002098003005012024006[ETX]
24-07-2026 21:50:53 - [ACK]
24-07-2026 21:53:40 - [STX]R 000901N0149                   8804459[ETX]
24-07-2026 21:53:40 - --Send Message To Machine --[STX]S 000901 0149                   8804459    E099007009013017097001025026028029027002098003005012024006[ETX]
24-07-2026 21:53:40 - [ACK]
24-07-2026 21:53:44 - [STX]R 000902N0150                   8804463[ETX]
24-07-2026 21:53:44 - --Send Message To Machine --[STX]S 000902 0150                   8804463    E099007009013017097001025026028029027002098003005012024006[ETX]
24-07-2026 21:53:45 - [ACK]
24-07-2026 21:53:49 - [STX]R 000903N0151                   9140736[ETX]
24-07-2026 21:53:49 - --Send Message To Machine --[STX]S 000903 0151                   9140736    E099007009013017097001025026028029027002098003005012024006[ETX]
24-07-2026 21:53:49 - [ACK]
24-07-2026 21:53:53 - [STX]R 000904N0152                   8804453[ETX]
24-07-2026 21:53:53 - --Send Message To Machine --[STX]S 000904 0152                   8804453    E099007010009013017097001025026028029022027002098003005012024006[ETX]
24-07-2026 21:53:54 - [ACK]
24-07-2026 21:53:58 - [STX]R 000905N0153                   9285133[ETX]
24-07-2026 21:53:58 - --Send Message To Machine --[STX]S 000905 0153                   9285133    E099007009013017097001025026028029027002098003005012024006[ETX]
24-07-2026 21:53:59 - [ACK]
24-07-2026 21:54:02 - [STX]R 000906N0154                   9140726[ETX]
24-07-2026 21:54:02 - --Send Message To Machine --[STX]S 000906 0154                   9140726    E099007009013017097001025026028029027002098003005012024006[ETX]
24-07-2026 21:54:03 - [ACK]
24-07-2026 21:54:07 - [STX]R 000907N0155                   8859610[ETX]
24-07-2026 21:54:07 - --Send Message To Machine --[STX]S 000907 0155                   8859610    E099007009013017097001025026028029027002098003005012024006[ETX]
24-07-2026 21:54:08 - [ACK]
24-07-2026 21:54:11 - [STX]R 000908N0156                   8806406[ETX]
24-07-2026 21:54:12 - --Send Message To Machine --[STX]S 000908 0156                   8806406    E099007009013097001025026028029002098003005012024006[ETX]
24-07-2026 21:54:12 - [ACK]
24-07-2026 21:54:25 - [STX]D     02 P010                      7896    E20260724214927022  13.9  [ETX]
24-07-2026 21:54:52 - [STX]R 000909N0157                   9285132[ETX]
24-07-2026 21:54:52 - --Send Message To Machine --[STX]S 000909 0157                   9285132    E013001025002003005012024[ETX]
24-07-2026 21:54:53 - [ACK]
24-07-2026 21:56:18 - [STX]R 000910N0158                   8859607[ETX]
24-07-2026 21:56:18 - --Send Message To Machine --[STX]S 000910 0158                   8859607    E013001025002003005012024[ETX]
24-07-2026 21:56:19 - [ACK]
24-07-2026 21:57:44 - [STX]R 000501N0159                   9300038[ETX]
24-07-2026 21:57:44 - --Send Message To Machine --[STX]S 000501 0159                   9300038    E099007010009013017097001025026028029022027002098003005012024006[ETX]
24-07-2026 21:57:45 - [ACK]
24-07-2026 21:59:10 - [STX]R 000502N0160                   8806410[ETX]
24-07-2026 21:59:10 - --Send Message To Machine --[STX]S 000502 0160                   8806410    E099007009013017097001025026028029027002098003005012024006[ETX]
24-07-2026 21:59:11 - [ACK]
24-07-2026 21:59:12 - [STX]D 000101 0129                   9140753    E20260724215413014  70.4  [ETX]
24-07-2026 21:59:15 - [STX]D 000102 0130                   9299272    E20260724215417014 128.6  [ETX]
24-07-2026 21:59:19 - [STX]D 000103 0131                   9140721    E20260724215422014  78.7  [ETX]
24-07-2026 21:59:24 - [STX]D 000104 0132                   8804452    E20260724215426014  84.0  [ETX]
24-07-2026 21:59:28 - [STX]D 000105 0133                   8804461    E20260724215431014  91.7  [ETX]
24-07-2026 21:59:33 - [STX]D 000106 0134                   9140756    E20260724215435014  76.0  [ETX]
24-07-2026 21:59:37 - [STX]D 000107 0135                   9140750    E20260724215440014  76.9  [ETX]
24-07-2026 21:59:42 - [STX]D 000108 0136                   8804465    E20260724215444014  79.8  [ETX]
24-07-2026 21:59:46 - [STX]D 000109 0137                   9300033    E20260724215449014  78.1  [ETX]
24-07-2026 22:00:32 - [STX]D 000110 0138                   9140740    E20260724215534001  2.99  025  0.80G 002 107.8  003  58.7  012 3.256  005 258.9  013
24-07-2026 22:00:32 -  111.3  024 7.487  [ETX]
24-07-2026 22:00:33 - [STX]Rh000101 0129                   9140753[ETX]
24-07-2026 22:00:36 - [NAK]
24-07-2026 22:00:38 - [STX]R 000503N0161                   9140733[ETX]
24-07-2026 22:00:38 - --Send Message To Machine --[STX]S 000503 0161                   9140733    E099007009013017097001025026028029027002098003005012024006[ETX]
24-07-2026 22:00:39 - [ACK]
24-07-2026 22:00:40 - [STX]Rh000102 0130                   9299272[ETX]
24-07-2026 22:00:43 - [NAK]
24-07-2026 22:00:45 - [STX]D 001001 0139                   9140723    E20260724215543026 180.9  007 178.0  [ETX]
24-07-2026 22:00:46 - [STX]Rh000103 0131                   9140721[ETX]
24-07-2026 22:00:49 - [NAK]
24-07-2026 22:00:51 - [STX]Rh000104 0132                   8804452[ETX]
24-07-2026 22:00:54 - [NAK]
24-07-2026 22:00:56 - [STX]Rh000105 0133                   8804461[ETX]
24-07-2026 22:00:59 - [NAK]
24-07-2026 22:01:00 - [STX]Rh000106 0134                   9140756[ETX]
24-07-2026 22:01:03 - [NAK]
24-07-2026 22:01:05 - [STX]Rh000107 0135                   9140750[ETX]
24-07-2026 22:01:08 - [NAK]
24-07-2026 22:01:09 - [STX]Rh000108 0136                   8804465[ETX]
24-07-2026 22:01:13 - [NAK]
24-07-2026 22:01:14 - [STX]Rh000109 0137                   9300033[ETX]
24-07-2026 22:01:17 - [NAK]
24-07-2026 22:01:19 - [STX]Rh000110 0138                   9140740[ETX]
24-07-2026 22:01:19 - --Send Message To Machine --[STX]S 000110 0138                   9140740    E001025012024[ETX]
24-07-2026 22:01:20 - [ACK]
24-07-2026 22:01:21 - [STX]R 000504N0162                   8859602[ETX]
24-07-2026 22:01:21 - --Send Message To Machine --[STX]S 000504 0162                   8859602    E099007009013097001025026028029002098004003005012024006[ETX]
24-07-2026 22:01:22 - [ACK]
24-07-2026 22:01:58 - [STX]D 001002 0140                   8804456    E20260724215700001  4.40  009 0.673  026 130.8  025  7.96  002  88.1  003 162.0  028
24-07-2026 22:01:58 -  14.70  012 0.220  005 219.1  013 167.9  029   7.5  006  9.85  007 172.7  024 1.493  097 138.7  098 3.555  099  96.9  [ETX]
24-07-2026 22:03:24 - [STX]D 001003 0141                   9140754    E20260724215826001  4.64  009 0.568  017- 3.76G 026 245.2  025  7.77  002  66.5  003
24-07-2026 22:03:24 -   33.5  027 303.6  028 15.34  012 0.073  005  29.7  013  52.7  029   3.8  006 10.51  007 208.8  024 0.474  097 139.2  098 4.492 
24-07-2026 22:03:24 -  099 104.1  [ETX]
24-07-2026 22:04:50 - [STX]D 001004 0142                   9140748    E20260724215952001  4.32  009 1.169  017-14.79G 026 148.8  025  7.25  002  84.1  003
24-07-2026 22:04:50 -   42.8  027 302.0  028 22.20  012 0.089  005  45.4  013  37.8  029   6.0  006  9.24  007 176.9  024 0.514  097 140.9  098 3.801 
24-07-2026 22:04:50 -  099 103.8  [ETX]
24-07-2026 22:06:16 - [STX]D 001005 0143                   9140751    E20260724220118001  4.53  009 0.515  017 71.87  026  67.4  025  7.74  002  98.5  003
24-07-2026 22:06:16 -   19.0  027 382.7  028 11.02  012 0.057  005  28.0  013  10.0  029   3.2  006  9.72  007 159.9  024 0.439  097 137.5  098 3.930 
24-07-2026 22:06:16 -  099 105.2  [ETX]
24-07-2026 22:07:42 - [STX]D 001006 0144                   9140743    E20260724220244001  4.22  009 0.575  017 44.89  026 201.3  025  7.57  002  56.3  003
24-07-2026 22:07:42 -    6.4  027 346.8  028 16.81  012 0.068  005  14.4  013   9.6  029   2.4  006  9.67  007 277.3  024 0.619  097 139.4  098 4.160 
24-07-2026 22:07:42 -  099 102.1  [ETX]
24-07-2026 22:09:08 - [STX]D 001007 0145                   9140719    E20260724220410001  4.44  009 0.748  017-13.10G 026  78.1  025  8.03  002  55.5  003
24-07-2026 22:09:08 -   12.2  027 428.3  028 21.67  012 0.160  005  23.7  013   9.1  029   3.5  006  9.41  007 146.9  024 0.995  097 137.4  098 4.501 
24-07-2026 22:09:08 -  099 103.9  [ETX]
24-07-2026 22:09:53 - [STX]D 001008 0146                   9300037    E20260724220455001  4.30  025  7.42  002  46.5  003 291.2  012 0.128  005 746.0  013
24-07-2026 22:09:53 -   29.9  024 0.745  [ETX]
24-07-2026 22:11:19 - [STX]D 001009 0147                   9140716    E20260724220621001  4.45  009 0.771  017-24.34G 026 151.7  025  7.82  002  84.3  003
24-07-2026 22:11:19 -   15.4  027 344.6  028 20.43  012 0.052  005  16.7  013  13.4  029   4.5  006  9.91  007 264.7  024 0.414  097 140.9  098 4.440 
24-07-2026 22:11:19 -  099 104.1  [ETX]
24-07-2026 22:13:07 - [STX]D 001010 0148                   9300034    E20260724220810001  4.82  009 1.230  017151.02  026 260.5  025  8.90  010  2.32  002
24-07-2026 22:13:08 -  107.6  003  24.8  027 256.1  028 17.23  012 0.111  005  32.2  013  16.8  029   4.4  022 114.4  006 10.46  007 234.0  024 0.798 
24-07-2026 22:13:08 -  097 140.1  098 4.372  099 104.3  [ETX]
24-07-2026 22:13:09 - [STX]Rh001001 0139                   9140723[ETX]
24-07-2026 22:13:12 - [NAK]
24-07-2026 22:13:14 - [STX]Rh001002 0140                   8804456[ETX]
24-07-2026 22:13:14 - --Send Message To Machine --[STX]S 001002 0140                   8804456    E001025012024[ETX]
24-07-2026 22:13:15 - [ACK]
24-07-2026 22:13:16 - [STX]Rh001003 0141                   9140754[ETX]
24-07-2026 22:13:16 - --Send Message To Machine --[STX]S 001003 0141                   9140754    E001025012024[ETX]
24-07-2026 22:13:17 - [ACK]
24-07-2026 22:13:18 - [STX]Rh001004 0142                   9140748[ETX]
24-07-2026 22:13:19 - --Send Message To Machine --[STX]S 001004 0142                   9140748    E001025012024[ETX]
24-07-2026 22:13:19 - [ACK]
24-07-2026 22:13:21 - [STX]Rh001005 0143                   9140751[ETX]
24-07-2026 22:13:21 - --Send Message To Machine --[STX]S 001005 0143                   9140751    E001025012024[ETX]
24-07-2026 22:13:22 - [ACK]
24-07-2026 22:13:23 - [STX]Rh001006 0144                   9140743[ETX]
24-07-2026 22:13:23 - --Send Message To Machine --[STX]S 001006 0144                   9140743    E001025012024[ETX]
24-07-2026 22:13:24 - [ACK]
24-07-2026 22:13:25 - [STX]Rh001007 0145                   9140719[ETX]
24-07-2026 22:13:26 - --Send Message To Machine --[STX]S 001007 0145                   9140719    E001025012024[ETX]
24-07-2026 22:13:26 - [ACK]
24-07-2026 22:13:28 - [STX]Rh001008 0146                   9300037[ETX]
24-07-2026 22:13:28 - --Send Message To Machine --[STX]S 001008 0146                   9300037    E001025012024[ETX]
24-07-2026 22:13:29 - [ACK]
24-07-2026 22:13:30 - [STX]Rh001009 0147                   9140716[ETX]
24-07-2026 22:13:30 - --Send Message To Machine --[STX]S 001009 0147                   9140716    E001025012024[ETX]
24-07-2026 22:13:31 - [ACK]
24-07-2026 22:13:32 - [STX]Rh001010 0148                   9300034[ETX]
24-07-2026 22:13:33 - --Send Message To Machine --[STX]S 001010 0148                   9300034    E001025012024[ETX]
24-07-2026 22:13:33 - [ACK]
24-07-2026 22:14:34 - [STX]D 000901 0149                   8804459    E20260724220936001  4.32  009 0.974  017- 8.23G 026  43.7  025  7.23  002 127.8  003
24-07-2026 22:14:34 -   22.6  027 318.4  028 23.38  012 0.100  005  26.2  013  22.0  029   6.0  006 10.14  007 157.2  024 0.592  097 139.2  098 4.704 
24-07-2026 22:14:34 -  099 106.4  [ETX]
24-07-2026 22:16:00 - [STX]D 000902 0150                   8804463    E20260724221102001  4.61  009 0.951  017153.89  026 133.1  025  7.39  002  76.6  003
24-07-2026 22:16:00 -   41.0  027 253.3  028 38.29  012 0.242  005  28.3  013  25.0  029   6.0  006  9.53  007 173.7  024 1.720  097 139.2  098 4.212 
24-07-2026 22:16:00 -  099 104.8  [ETX]
24-07-2026 22:17:25 - [STX]D 000903 0151                   9140736    E20260724221228001  4.61  009 0.974  017  9.46G 026 188.6  025  8.60  002  98.5  003
24-07-2026 22:17:26 -   20.0  027 362.1  028 26.03  012 0.030  005  51.6  013  45.5  029   4.2  006  9.79  007 206.0  024 0.055  097 140.2  098 4.876 
24-07-2026 22:17:26 -  099  99.9  [ETX]
24-07-2026 22:19:14 - [STX]D 000904 0152                   8804453    E20260724221417001  5.15  009 1.794  017193.69  026 216.2  025  8.54  010  1.52  002
24-07-2026 22:19:14 -   41.5  003  57.4  027 233.6  028 19.63  012 0.079  005  52.5  013  54.4  029   9.8  022   1.4G 006 10.02  007 243.6  024 0.584 
24-07-2026 22:19:14 -  097 140.0  098 3.484  099 101.4  [ETX]
24-07-2026 22:20:40 - [STX]D 000905 0153                   9285133    E20260724221543001  4.41  009 0.620  017 23.38  026 409.1  025  7.90  002  78.1  003
24-07-2026 22:20:40 -   40.5  027 306.4  028 18.34  012 0.078  005  32.4  013  28.1  029   4.2  006  9.71  007 187.2  024 0.505  097 138.3  098 4.325 
24-07-2026 22:20:40 -  099 102.6  [ETX]
24-07-2026 22:22:06 - [STX]D 000906 0154                   9140726    E20260724221708001  4.20  009 0.673  017118.60  026 302.2  025  7.84  002  71.9  003
24-07-2026 22:22:06 -   32.6  027 331.7  028 36.78  012 0.079  005  18.3  013  54.4  029   3.6  006  9.48  007 183.0  024 0.614  097 136.7  098 3.828 
24-07-2026 22:22:06 -  099 101.5  [ETX]
24-07-2026 22:23:32 - [STX]D 000907 0155                   8859610    E20260724221834001  4.41  009 1.508  017-27.22G 026 164.5  025  7.38  002  63.4  003
24-07-2026 22:23:32 -   18.7  027 333.1  028 34.16  012 0.068  005  20.5  013  37.3  029   6.1  006  9.73  007 237.8  024 0.465  097 138.7  098 4.625 
24-07-2026 22:23:32 -  099 105.2  [ETX]
24-07-2026 22:24:49 - [STX]D     01 P011                   9140740    E20260724221951025  8.13  [ETX]
24-07-2026 22:24:54 - [STX]D 000908 0156                   8806406    E20260724221956001  4.23  009 0.891  026  79.2  025  7.83  002  85.8  003  21.6  028
24-07-2026 22:24:54 -  28.68  012 0.133  005  21.8  013  32.2  029   4.3  006  9.45  007 166.1  024 0.794  097 136.0  098 3.841  099  99.2  [ETX]
24-07-2026 22:25:39 - [STX]D 000909 0157                   9285132    E20260724222041001  4.60  025  7.42  002  55.6  003  11.4  012 0.258  005  22.2  013
24-07-2026 22:25:39 -    6.4  024 1.533  [ETX]
24-07-2026 22:26:24 - [STX]D 000910 0158                   8859607    E20260724222126001  4.25  025  7.28  002 176.0  003  19.3  012 0.111  005  35.3  013
24-07-2026 22:26:24 -    8.6  024 0.645  [ETX]
24-07-2026 22:26:26 - [STX]Rh000901 0149                   8804459[ETX]
24-07-2026 22:26:26 - --Send Message To Machine --[STX]S 000901 0149                   8804459    E001025012024[ETX]
24-07-2026 22:26:26 - [ACK]
24-07-2026 22:26:28 - [STX]Rh000902 0150                   8804463[ETX]
24-07-2026 22:26:28 - --Send Message To Machine --[STX]S 000902 0150                   8804463    E001025012024[ETX]
24-07-2026 22:26:29 - [ACK]
24-07-2026 22:26:30 - [STX]Rh000903 0151                   9140736[ETX]
24-07-2026 22:26:31 - --Send Message To Machine --[STX]S 000903 0151                   9140736    E001025012024[ETX]
24-07-2026 22:26:31 - [ACK]
24-07-2026 22:26:33 - [STX]Rh000904 0152                   8804453[ETX]
24-07-2026 22:26:33 - --Send Message To Machine --[STX]S 000904 0152                   8804453    E001025012024[ETX]
24-07-2026 22:26:33 - [ACK]
24-07-2026 22:26:35 - [STX]Rh000905 0153                   9285133[ETX]
24-07-2026 22:26:35 - --Send Message To Machine --[STX]S 000905 0153                   9285133    E001025012024[ETX]
24-07-2026 22:26:36 - [ACK]
24-07-2026 22:26:37 - [STX]Rh000906 0154                   9140726[ETX]
24-07-2026 22:26:38 - --Send Message To Machine --[STX]S 000906 0154                   9140726    E001025012024[ETX]
24-07-2026 22:26:38 - [ACK]
24-07-2026 22:26:40 - [STX]Rh000907 0155                   8859610[ETX]
24-07-2026 22:26:40 - --Send Message To Machine --[STX]S 000907 0155                   8859610    E001025012024[ETX]
24-07-2026 22:26:40 - [ACK]
24-07-2026 22:26:42 - [STX]Rh000908 0156                   8806406[ETX]
24-07-2026 22:26:42 - --Send Message To Machine --[STX]S 000908 0156                   8806406    E001025012024[ETX]
24-07-2026 22:26:43 - [ACK]
24-07-2026 22:26:44 - [STX]Rh000909 0157                   9285132[ETX]
24-07-2026 22:26:45 - --Send Message To Machine --[STX]S 000909 0157                   9285132    E001025012024[ETX]
24-07-2026 22:26:45 - [ACK]
24-07-2026 22:26:47 - [STX]Rh000910 0158                   8859607[ETX]
24-07-2026 22:26:47 - --Send Message To Machine --[STX]S 000910 0158                   8859607    E001025012024[ETX]
24-07-2026 22:26:47 - [ACK]
24-07-2026 22:28:13 - [STX]D 000501 0159                   9300038    E20260724222315001  4.23  009 0.741  017 84.69  026  93.3  025  7.97  010  3.67  002
24-07-2026 22:28:13 -   98.7  003  32.9  027 282.8  028 36.62  012 0.089  005  37.8  013  36.0  029   4.5  022   6.0G 006  9.74  007 204.2  024 0.527 
24-07-2026 22:28:13 -  097 140.3  098 4.866  099 103.0  [ETX]
24-07-2026 22:29:39 - [STX]D 000502 0160                   8806410    E20260724222441001  4.82  009 0.959  017 62.36  026 136.0  025  7.97  002  59.8  003
24-07-2026 22:29:39 -   33.2  027 226.2  028 25.58  012 0.079  005  36.5  013   8.3  029   4.2  006  9.81  007 208.1  024 0.632  097 141.1  098 5.257 
24-07-2026 22:29:39 -  099  98.5  [ETX]
24-07-2026 22:31:05 - [STX]D 000503 0161                   9140733    E20260724222607001  4.74  009 0.613  017 24.72  026 180.9  025  8.32  002 127.5  003
24-07-2026 22:31:05 -   32.6  027 323.3  028 21.35  012 0.073  005  33.0  013  13.0  029   4.0  006  9.53  007 168.3  024 0.523  097 138.5  098 4.555 
24-07-2026 22:31:05 -  099 102.6  [ETX]
24-07-2026 22:32:22 - [STX]D 000504 0162                   8859602    E20260724222724001  3.95  009 0.959  026  91.4  025  7.80  002  74.6  003  58.4  028
24-07-2026 22:32:22 -  14.97  012 0.438  005  57.7  013  41.8  029   3.6  006  9.35  007 136.0  024 2.490  097 140.5  098 4.289  099 102.7  [ETX]
24-07-2026 22:32:23 - [STX]Rh000501 0159                   9300038[ETX]
24-07-2026 22:32:24 - --Send Message To Machine --[STX]S 000501 0159                   9300038    E001025012024[ETX]
24-07-2026 22:32:24 - [ACK]
24-07-2026 22:32:26 - [STX]Rh000502 0160                   8806410[ETX]
24-07-2026 22:32:26 - --Send Message To Machine --[STX]S 000502 0160                   8806410    E001025012024[ETX]
24-07-2026 22:32:26 - [ACK]
24-07-2026 22:32:28 - [STX]Rh000503 0161                   9140733[ETX]
24-07-2026 22:32:28 - --Send Message To Machine --[STX]S 000503 0161                   9140733    E001025012024[ETX]
24-07-2026 22:32:29 - [ACK]
24-07-2026 22:32:30 - [STX]Rh000504 0162                   8859602[ETX]
24-07-2026 22:32:30 - --Send Message To Machine --[STX]S 000504 0162                   8859602    E099007097001025026028029098004003012024[ETX]
24-07-2026 22:32:31 - [ACK]
24-07-2026 22:36:21 - [STX]R 000801N0163                   9285179[ETX]
24-07-2026 22:36:21 - --Send Message To Machine --[STX]S 000801 0163                   9285179    E001025029027012024[ETX]
24-07-2026 22:36:22 - [ACK]
24-07-2026 22:45:56 - [STX]D     02 P012                   9285175    E20260724224059017- 6.06G 027 263.8  [ETX]
24-07-2026 22:46:01 - [STX]D     04 P013                   9140754    E20260724224103017137.97  [ETX]
24-07-2026 22:46:05 - [STX]D     05 P014                   9140748    E20260724224108017-11.06G [ETX]
24-07-2026 22:46:10 - [STX]D     06 P015                   9140719    E20260724224112017- 9.32G [ETX]
24-07-2026 22:46:14 - [STX]D     07 P016                   9140716    E20260724224117017115.41  [ETX]
24-07-2026 22:46:19 - [STX]D     08 P017                   8804459    E20260724224121017- 9.98G [ETX]
24-07-2026 22:46:23 - [STX]D     09 P018                   9140736    E20260724224126017- 4.73G [ETX]
24-07-2026 22:46:28 - [STX]D     10 P019                   8859610    E20260724224130017 68.24  [ETX]
24-07-2026 22:47:04 - [STX]D 000801 0163                   9285179    E20260724224207001  4.35  025  7.85  027 334.6  012 0.072  029   4.8  024 0.400  [ETX]
24-07-2026 22:47:06 - [STX]Rh000801 0163                   9285179[ETX]
24-07-2026 22:47:06 - --Send Message To Machine --[STX]S 000801 0163                   9285179    E001025029027012024[ETX]
24-07-2026 22:47:06 - [ACK]
24-07-2026 23:00:36 - [STX]RE[ETX]
24-07-2026 23:00:37 - [STX]DE[ETX]
24-07-2026 23:32:15 - [STX]RB[ETX]
24-07-2026 23:32:17 - [STX]DB[ETX]
24-07-2026 23:44:38 - [STX]DH    02 P012                   9285175P012E20260724233940017100.91  [ETX]
24-07-2026 23:44:42 - [STX]DH    05 P014                   9140748P014E20260724233945017-17.60G [ETX]
24-07-2026 23:44:46 - [STX]DH    06 P015                   9140719P015E20260724233949017 11.79  [ETX]
24-07-2026 23:44:51 - [STX]DH    08 P017                   8804459P017E20260724233954017 90.66  [ETX]
24-07-2026 23:44:56 - [STX]DH    09 P018                   9140736P018E20260724233958017  8.07G [ETX]
24-07-2026 23:56:20 - [STX]RE[ETX]
24-07-2026 23:56:22 - [STX]DE[ETX]
